{
"type": "FeatureCollection",
"name": "buildings_aixm",
"crs": { "type": "name", "properties": { "name": "urn:ogc:def:crs:EPSG::32632" } },
"features": [
{ "type": "Feature", "properties": { "name": "24e77037-de29-7d8a-e053-84002d0a9694" }, "geometry": { "type": "Polygon", "coordinates": [ [ [ 470395.069672824232839, 5544892.019084946252406 ], [ 470374.042154700146057, 5544901.498679907992482 ], [ 470367.242621466284618, 5544886.456948652863503 ], [ 470363.124613875930663, 5544877.34673335403204 ], [ 470361.663530738209374, 5544874.115905499085784 ], [ 470369.029696144396439, 5544870.739444200880826 ], [ 470368.983321728708688, 5544870.638519486412406 ], [ 470386.774613022920676, 5544862.727899380028248 ], [ 470393.261401570634916, 5544877.0141915185377 ], [ 470389.11182930204086, 5544878.878440351225436 ], [ 470394.984885727637447, 5544891.832757406868041 ], [ 470395.069672824232839, 5544892.019084946252406 ] ] ] } },
{ "type": "Feature", "properties": { "name": "24e77037-f111-7d8a-e053-84002d0a9694" }, "geometry": { "type": "Polygon", "coordinates": [ [ [ 469238.43424895091448, 5544277.37914393749088 ], [ 469245.487027317576576, 5544258.068494618870318 ], [ 469283.354672947374638, 5544271.845180253498256 ], [ 469479.986144605325535, 5544343.380651106126606 ], [ 469472.905525297159329, 5544362.832355217076838 ], [ 469275.04853977978928, 5544290.723780644126236 ], [ 469238.43424895091448, 5544277.37914393749088 ] ] ] } },
{ "type": "Feature", "properties": { "name": "2e21d951-a31c-4c0c-b995-8b5c94b66275" }, "geometry": { "type": "Polygon", "coordinates": [ [ [ 469868.290985496714711, 5542301.783830574713647 ], [ 469869.297486768336967, 5542299.024034696631134 ], [ 469869.559433551679831, 5542299.118182411417365 ], [ 469869.626176703895908, 5542299.142268214374781 ], [ 469869.634639565134421, 5542299.118871065787971 ], [ 469870.875425390549935, 5542295.737326946109533 ], [ 469870.795765780145302, 5542295.708866286091506 ], [ 469870.532386475999374, 5542295.614726569503546 ], [ 469871.538852567668073, 5542292.848260065540671 ], [ 469876.059585565817542, 5542294.503988408483565 ], [ 469875.985561807698105, 5542294.713438692502677 ], [ 469887.939301670587156, 5542299.073709676973522 ], [ 469887.004853953782003, 5542301.657419364899397 ], [ 469887.189295674033929, 5542301.724206807091832 ], [ 469886.25629993568873, 5542304.311244126409292 ], [ 469900.100202760659158, 5542309.329152227379382 ], [ 469898.875761592877097, 5542312.690583737567067 ], [ 469872.894989663909655, 5542303.220046828500926 ], [ 469872.813169424014632, 5542303.443995498120785 ], [ 469868.290985496714711, 5542301.783830574713647 ] ] ] } },
{ "type": "Feature", "properties": { "name": "469f1d05-5f53-4d74-86b2-4d75f2deb4b4" }, "geometry": { "type": "Polygon", "coordinates": [ [ [ 470018.400846067641396, 5543934.911139289848506 ], [ 470019.047510332602542, 5543933.144067458808422 ], [ 470020.361869772430509, 5543933.619261706247926 ], [ 470019.702417354856152, 5543935.404195171780884 ], [ 470018.400846067641396, 5543934.911139289848506 ] ] ] } },
{ "type": "Feature", "properties": { "name": "51d223d4-f4e1-b6d4-e053-b3472c0a178f" }, "geometry": { "type": "Polygon", "coordinates": [ [ [ 465741.771356627403293, 5542803.917806697078049 ], [ 465740.320948368287645, 5542807.803142869845033 ], [ 465738.927580370276701, 5542811.536897159181535 ], [ 465736.622429136477876, 5542817.712642168626189 ], [ 465724.687303789542057, 5542813.275878600776196 ], [ 465729.866834723157808, 5542799.455262039788067 ], [ 465741.771356627403293, 5542803.917806697078049 ] ] ] } },
{ "type": "Feature", "properties": { "name": "24e77037-f12a-7d8a-e053-84002d0a9694" }, "geometry": { "type": "Polygon", "coordinates": [ [ [ 468179.561815148685127, 5541901.48525052703917 ], [ 468119.446563187695574, 5541879.531740206293762 ], [ 468137.529551528510638, 5541830.421128659509122 ], [ 468140.976457277080044, 5541821.060789106413722 ], [ 468198.511782160960138, 5541841.971351815387607 ], [ 468177.443496778258123, 5541900.226954763755202 ], [ 468178.907245149428491, 5541900.778646004386246 ], [ 468179.027780074102338, 5541900.451035617850721 ], [ 468179.824672329006717, 5541900.759851579554379 ], [ 468179.561815148685127, 5541901.48525052703917 ] ] ] } },
{ "type": "Feature", "properties": { "name": "24e77037-f021-7d8a-e053-84002d0a9694" }, "geometry": { "type": "Polygon", "coordinates": [ [ [ 468623.870759260898922, 5544295.196449267677963 ], [ 468630.228168275498319, 5544277.700309456326067 ], [ 468667.036090102221351, 5544291.075245999731123 ], [ 468660.679293681925628, 5544308.571337822824717 ], [ 468655.959043465438299, 5544306.855546660721302 ], [ 468655.708214083744679, 5544307.546386518515646 ], [ 468624.154286105826031, 5544296.05316417850554 ], [ 468624.395948442048393, 5544295.386838110163808 ], [ 468623.870759260898922, 5544295.196449267677963 ] ] ] } },
{ "type": "Feature", "properties": { "name": "24e77037-f21a-7d8a-e053-84002d0a9694" }, "geometry": { "type": "Polygon", "coordinates": [ [ [ 469608.204081865143962, 5541453.086862782016397 ], [ 469607.368291238439269, 5541455.260885650292039 ], [ 469605.211745716747828, 5541454.431430602446198 ], [ 469606.047535605961457, 5541452.257407399825752 ], [ 469608.204081865143962, 5541453.086862782016397 ] ] ] } },
{ "type": "Feature", "properties": { "name": "888553b5-af69-4a24-ae7f-f538edd8e534" }, "geometry": { "type": "Polygon", "coordinates": [ [ [ 467033.603097396495286, 5543198.607254768721759 ], [ 467045.581588332192041, 5543202.966595482081175 ], [ 467040.54142258700449, 5543216.759484156966209 ], [ 467028.567322999821045, 5543212.411246746778488 ], [ 467033.603097396495286, 5543198.607254768721759 ] ] ] } },
{ "type": "Feature", "properties": { "name": "24e77037-ea4a-7d8a-e053-84002d0a9694" }, "geometry": { "type": "Polygon", "coordinates": [ [ [ 468672.595804369426332, 5544341.276674333959818 ], [ 468671.195982001139782, 5544345.895869629457593 ], [ 468670.774262301390991, 5544345.768248011358082 ], [ 468670.895778444362804, 5544345.368368733674288 ], [ 468660.431653049949091, 5544342.198502753861248 ], [ 468660.310137610766105, 5544342.59838227275759 ], [ 468659.866184930724557, 5544342.464220407418907 ], [ 468661.265991981024854, 5544337.843910287134349 ], [ 468661.709945006063208, 5544337.978072267957032 ], [ 468661.595458288968075, 5544338.355672824196517 ], [ 468672.059596959908959, 5544341.526652939617634 ], [ 468672.174084341910202, 5544341.149052607826889 ], [ 468672.595804369426332, 5544341.276674333959818 ] ] ] } },
{ "type": "Feature", "properties": { "name": "24e77037-d9b5-7d8a-e053-84002d0a9694" }, "geometry": { "type": "Polygon", "coordinates": [ [ [ 465601.148850649420638, 5543153.911469540558755 ], [ 465603.316590580681805, 5543148.018963368609548 ], [ 465615.149970246013254, 5543152.322678167372942 ], [ 465612.982219166995492, 5543158.215179534628987 ], [ 465601.148850649420638, 5543153.911469540558755 ] ] ] } },
{ "type": "Feature", "properties": { "name": "24e77037-f59e-7d8a-e053-84002d0a9694" }, "geometry": { "type": "Polygon", "coordinates": [ [ [ 470649.535858339222614, 5541478.474684652872384 ], [ 470659.362048335780855, 5541449.659869059920311 ], [ 470671.429555912618525, 5541453.775546399876475 ], [ 470661.604025376436766, 5541482.590335890650749 ], [ 470649.535858339222614, 5541478.474684652872384 ] ] ] } },
{ "type": "Feature", "properties": { "name": "24e77037-f8e6-7d8a-e053-84002d0a9694" }, "geometry": { "type": "Polygon", "coordinates": [ [ [ 469695.486811620299704, 5541299.657517491839826 ], [ 469688.750708397710696, 5541317.449033605866134 ], [ 469688.392484651005361, 5541317.313187819905579 ], [ 469686.410334603104275, 5541322.496874975971878 ], [ 469686.768564349680673, 5541322.633832477033138 ], [ 469665.477303932188079, 5541378.508527749218047 ], [ 469665.097543916665018, 5541378.363910475745797 ], [ 469663.330143774452154, 5541383.007128575816751 ], [ 469663.709903511859011, 5541383.151745724491775 ], [ 469642.401126776647288, 5541439.135606203228235 ], [ 469642.024964517215267, 5541438.993193954229355 ], [ 469640.274544267624151, 5541443.591849003918469 ], [ 469640.643530621251557, 5541443.73207804095 ], [ 469633.692219526448753, 5541462.035244252532721 ], [ 469620.609761589847039, 5541457.067059048451483 ], [ 469620.659868424118031, 5541456.934460980817676 ], [ 469589.326765733305365, 5541445.010577840730548 ], [ 469557.592433921643533, 5541450.361118054017425 ], [ 469563.458932977635413, 5541434.948235541582108 ], [ 469568.056239160825498, 5541436.698896097019315 ], [ 469574.917246595607139, 5541418.673014969564974 ], [ 469575.222346211667173, 5541418.789141088724136 ], [ 469577.000250985496677, 5541414.119147987104952 ], [ 469576.695151144638658, 5541414.003021765500307 ], [ 469597.966648406931199, 5541358.115841689519584 ], [ 469598.306926070363261, 5541358.245112019591033 ], [ 469600.06844705704134, 5541353.584115454927087 ], [ 469599.71022340626223, 5541353.448275592178106 ], [ 469620.771328174974769, 5541298.143903847783804 ], [ 469621.121003235282842, 5541298.287576792761683 ], [ 469623.100875006639399, 5541293.090535501949489 ], [ 469622.761310164583847, 5541292.961259531788528 ], [ 469629.751178695296403, 5541274.602273072116077 ], [ 469642.748948123014998, 5541279.592089140787721 ], [ 469642.708710010745563, 5541279.696833989582956 ], [ 469682.416228284651879, 5541294.821425923146307 ], [ 469682.46352957712952, 5541294.698851300403476 ], [ 469695.486811620299704, 5541299.657517491839826 ] ] ] } },
{ "type": "Feature", "properties": { "name": "4bf11b24-81d6-62c6-e053-b3472c0afd68" }, "geometry": { "type": "Polygon", "coordinates": [ [ [ 466486.777190187596716, 5543209.736292749643326 ], [ 466490.21787295123795, 5543200.216981615871191 ], [ 466496.915648563357536, 5543202.637891815975308 ], [ 466493.474955564248376, 5543212.157198637723923 ], [ 466486.777190187596716, 5543209.736292749643326 ] ] ] } },
{ "type": "Feature", "properties": { "name": "f5480d9b-9b1e-4961-9035-8a9ebce1083f" }, "geometry": { "type": "Polygon", "coordinates": [ [ [ 468970.618208391417284, 5543734.949412093497813 ], [ 468970.318894389783964, 5543735.44037751108408 ], [ 468969.987947665678803, 5543735.909288635477424 ], [ 468969.62607777264202, 5543736.355029473081231 ], [ 468969.235419808828738, 5543736.775363876484334 ], [ 468968.817399320367258, 5543737.16917169559747 ], [ 468968.374151401862036, 5543737.53421679046005 ], [ 468967.90781759226229, 5543737.869374859146774 ], [ 468967.41981053823838, 5543738.171302058734 ], [ 468966.912284669815563, 5543738.441097786650062 ], [ 468966.388084622682072, 5543738.675409896299243 ], [ 468965.850080819975119, 5543738.875333631411195 ], [ 468965.298969905707054, 5543739.037529297173023 ], [ 468964.739054293080699, 5543739.163083835504949 ], [ 468964.171765962906647, 5543739.251988939940929 ], [ 468963.599239996052347, 5543739.302008460275829 ], [ 468963.025056359532755, 5543739.313121635466814 ], [ 468962.452085473574698, 5543739.286423706449568 ], [ 468961.88104332156945, 5543739.221910519525409 ], [ 468961.316219419299159, 5543739.118445308879018 ], [ 468960.759774640318938, 5543738.97823931183666 ], [ 468960.213140965614002, 5543738.801284218207002 ], [ 468959.67989836569177, 5543738.587559264153242 ], [ 468959.162923713796772, 5543738.33927152864635 ], [ 468958.662932998035103, 5543738.05641685705632 ], [ 468958.182803095201962, 5543737.741202325560153 ], [ 468957.72468843794195, 5543737.394727320410311 ], [ 468957.291459457483143, 5543737.018087074160576 ], [ 468956.883845046861097, 5543736.613501122221351 ], [ 468956.504715641203802, 5543736.182064694352448 ], [ 468956.154806587146595, 5543735.727109181694686 ], [ 468955.835556330217514, 5543735.249738116748631 ], [ 468955.549841760715935, 5543734.75215857848525 ], [ 468955.297669334860984, 5543734.235482411459088 ], [ 468955.080496852460783, 5543733.704148699529469 ], [ 468954.899046769249253, 5543733.159265133552253 ], [ 468954.754770438128617, 5543732.604158947244287 ], [ 468954.647674320091028, 5543732.03994199167937 ], [ 468954.57849377306411, 5543731.469945652410388 ], [ 468954.547957706090529, 5543730.896389475092292 ], [ 468954.555363034363836, 5543730.321501311846077 ], [ 468954.600735569896642, 5543729.749728554859757 ], [ 468954.684791322040837, 5543729.181067050434649 ], [ 468954.806840105098672, 5543728.619968354701996 ], [ 468954.965462835330982, 5543728.068664472550154 ], [ 468955.161381970508955, 5543727.528263101354241 ], [ 468955.392475326545537, 5543727.003224100917578 ], [ 468955.658026914403308, 5543726.493551633320749 ], [ 468955.957346542039886, 5543726.003697245381773 ], [ 468956.288292671553791, 5543725.534785258583724 ], [ 468956.650162208476104, 5543725.089043526910245 ], [ 468957.040813611238264, 5543724.667596363462508 ], [ 468957.458834232878871, 5543724.273787630721927 ], [ 468957.902082528278697, 5543723.908741640858352 ], [ 468958.369139397284016, 5543723.574690405279398 ], [ 468958.857140843698289, 5543723.271650543436408 ], [ 468959.363958214933518, 5543723.002970061264932 ], [ 468959.888153058360331, 5543722.767545427195728 ], [ 468960.426880719780456, 5543722.568728799931705 ], [ 468960.977270748233423, 5543722.405424946919084 ], [ 468961.537188036076259, 5543722.279870026744902 ], [ 468962.105200574849732, 5543722.192072345875204 ], [ 468962.677012364030816, 5543722.142056827433407 ], [ 468963.25119139481103, 5543722.129831773228943 ], [ 468963.824880109517835, 5543722.156525641679764 ], [ 468964.39521450328175, 5543722.222155041992664 ], [ 468964.960033673036378, 5543722.324508734047413 ], [ 468965.517202508228365, 5543722.465822868980467 ], [ 468966.063121663813945, 5543722.642782655544579 ], [ 468966.596365581150167, 5543722.85650824662298 ], [ 468967.114057363534812, 5543723.104792546480894 ], [ 468967.61333301110426, 5543723.387652156874537 ], [ 468968.093463624478318, 5543723.702867531217635 ], [ 468968.551578759739641, 5543724.049343414604664 ], [ 468968.984807974193245, 5543724.425984568893909 ], [ 468969.392422374687158, 5543724.83057143446058 ], [ 468969.772261073172558, 5543725.260892768390477 ], [ 468970.122169631184079, 5543725.715849161148071 ], [ 468970.440709609654732, 5543726.194337069056928 ], [ 468970.726423231244553, 5543726.691917392425239 ], [ 468970.979304055450484, 5543727.20747827552259 ], [ 468971.196475206525065, 5543727.738812621682882 ], [ 468971.377207802783232, 5543728.283700882457197 ], [ 468971.521488961239811, 5543728.83991935197264 ], [ 468971.628583355864976, 5543729.404136636294425 ], [ 468971.697762108175084, 5543729.974133186973631 ], [ 468971.729012337105814, 5543730.547685303725302 ], [ 468971.720882721652742, 5543731.121465739794075 ], [ 468971.675514818925876, 5543731.694350195117295 ], [ 468971.591450861364137, 5543732.261899575591087 ], [ 468971.469400411529932, 5543732.82299788761884 ], [ 468971.310782581218518, 5543733.375413127243519 ], [ 468971.114855598192662, 5543733.914702055975795 ], [ 468970.883767462219112, 5543734.440852228552103 ], [ 468970.618208391417284, 5543734.949412093497813 ] ] ] } },
{ "type": "Feature", "properties": { "name": "24e77037-f599-7d8a-e053-84002d0a9694" }, "geometry": { "type": "Polygon", "coordinates": [ [ [ 468638.949609754490666, 5541733.541378515772521 ], [ 468581.764187384105753, 5541712.826402997598052 ], [ 468585.050347753392998, 5541704.003230473957956 ], [ 468581.073245727573521, 5541702.618918574415147 ], [ 468584.95755700400332, 5541691.970971667207778 ], [ 468583.765933080692776, 5541691.532097021117806 ], [ 468585.432830996229313, 5541686.905778089538217 ], [ 468585.958270788367372, 5541685.874203536659479 ], [ 468586.563451664987952, 5541684.882189077325165 ], [ 468587.240644680452533, 5541683.955353397876024 ], [ 468588.053265374735929, 5541683.036618485115469 ], [ 468588.855977050377987, 5541682.260262903757393 ], [ 468589.789722076966427, 5541681.597662874497473 ], [ 468590.817652118625119, 5541681.116859474219382 ], [ 468591.93922689120518, 5541680.847876783460379 ], [ 468593.48855485371314, 5541680.844349554739892 ], [ 468593.8745284047327, 5541680.947714855894446 ], [ 468594.305857459956314, 5541679.746574918739498 ], [ 468601.107225852669217, 5541682.21287721209228 ], [ 468600.668615427159239, 5541683.394045387394726 ], [ 468628.950021312746685, 5541693.647753676399589 ], [ 468628.477018499688711, 5541694.950316310860217 ], [ 468650.092631096078549, 5541702.78147963155061 ], [ 468646.109939620015211, 5541713.774638133123517 ], [ 468648.930180681520142, 5541714.787730424664915 ], [ 468646.544122198363766, 5541721.378490352071822 ], [ 468643.707650883530732, 5541720.406634059734643 ], [ 468638.949609754490666, 5541733.541378515772521 ] ] ] } },
{ "type": "Feature", "properties": { "name": "24e77037-f2bf-7d8a-e053-84002d0a9694" }, "geometry": { "type": "Polygon", "coordinates": [ [ [ 470092.487277657026425, 5541611.652081910520792 ], [ 470092.49292096629506, 5541611.636484072543681 ], [ 470063.595019611879252, 5541600.980464579537511 ], [ 470063.576688414497767, 5541601.03282542899251 ], [ 470063.151203662040643, 5541602.186000098474324 ], [ 470060.277912625286262, 5541601.125762890093029 ], [ 470060.704106914578006, 5541599.971472144126892 ], [ 470060.723883082624525, 5541599.921326966024935 ], [ 470051.290046364534646, 5541596.442744283936918 ], [ 470086.174310974369291, 5541501.845806854777038 ], [ 470133.901807889807969, 5541519.445116764865816 ], [ 470101.238113159546629, 5541608.018516131676733 ], [ 470101.291945930221118, 5541608.038229424506426 ], [ 470106.896369027264882, 5541610.103948699310422 ], [ 470106.308452540659346, 5541611.673869797028601 ], [ 470110.957534437358845, 5541613.392460165545344 ], [ 470111.538258259068243, 5541611.817020325921476 ], [ 470135.089907262881752, 5541620.485046796500683 ], [ 470129.92228211829206, 5541634.570258157327771 ], [ 470106.343523421150167, 5541625.912412982434034 ], [ 470107.392192169616465, 5541623.090166470967233 ], [ 470106.170510531926993, 5541622.63555565290153 ], [ 470106.079097443143837, 5541622.812854906544089 ], [ 470105.832822938333265, 5541623.093311615288258 ], [ 470105.533695329679176, 5541623.272882274352014 ], [ 470105.259066467871889, 5541623.35002320073545 ], [ 470104.9044900284498, 5541623.348666941747069 ], [ 470104.540660320490133, 5541623.229503049515188 ], [ 470104.296175994095393, 5541623.060750199481845 ], [ 470104.078376436489634, 5541622.796226684935391 ], [ 470103.94334861158859, 5541622.474535202607512 ], [ 470103.9124815754476, 5541622.077766252681613 ], [ 470103.968319016625173, 5541621.815050786361098 ], [ 470102.753811992995907, 5541621.362624452449381 ], [ 470101.720797924383078, 5541624.165882517583668 ], [ 470089.552357751061209, 5541619.690689870156348 ], [ 470092.487277657026425, 5541611.652081910520792 ] ] ] } },
{ "type": "Feature", "properties": { "name": "24e77037-fe4f-7d8a-e053-84002d0a9694" }, "geometry": { "type": "Polygon", "coordinates": [ [ [ 467720.567380135064013, 5541335.609958337619901 ], [ 467720.627905655943323, 5541334.47991872113198 ], [ 467721.895407656847965, 5541310.874751723371446 ], [ 467741.766162294894457, 5541311.943636220879853 ], [ 467740.451599872438237, 5541336.669860831461847 ], [ 467721.868683074368164, 5541335.679947350174189 ], [ 467720.567380135064013, 5541335.609958337619901 ] ] ] } },
{ "type": "Feature", "properties": { "name": "24e77037-ebf3-7d8a-e053-84002d0a9694" }, "geometry": { "type": "Polygon", "coordinates": [ [ [ 471235.303870233299676, 5544911.26512049511075 ], [ 471221.541351684951223, 5544760.731150289997458 ], [ 471372.809195455396548, 5544746.381286442279816 ], [ 471376.614334011101164, 5544789.375245078466833 ], [ 471457.439355008071288, 5544781.710614238865674 ], [ 471460.282858271617442, 5544812.449022352695465 ], [ 471467.433570978057105, 5544889.736804305575788 ], [ 471235.303870233299676, 5544911.26512049511075 ] ] ] } },
{ "type": "Feature", "properties": { "name": "24e77037-ee37-7d8a-e053-84002d0a9694" }, "geometry": { "type": "Polygon", "coordinates": [ [ [ 471031.243557642505039, 5544256.303727930411696 ], [ 471031.601343967427965, 5544241.193523617461324 ], [ 471030.342496202327311, 5544241.154751813970506 ], [ 471030.685265960753895, 5544226.31259289663285 ], [ 471044.661688395251986, 5544226.641667830757797 ], [ 471044.645023914228659, 5544227.663578501902521 ], [ 471054.628793286683504, 5544227.898651014082134 ], [ 471053.943377412215341, 5544256.835778940469027 ], [ 471031.243557642505039, 5544256.303727930411696 ] ] ] } },
{ "type": "Feature", "properties": { "name": "24e77037-eff9-7d8a-e053-84002d0a9694" }, "geometry": { "type": "Polygon", "coordinates": [ [ [ 469156.071399359032512, 5544568.069156737998128 ], [ 469157.85267261241097, 5544561.87568262591958 ], [ 469252.461190943722613, 5544588.845893547870219 ], [ 469259.494317691249307, 5544590.851351050660014 ], [ 469257.777174920309335, 5544597.011065443977714 ], [ 469156.071399359032512, 5544568.069156737998128 ] ] ] } },
{ "type": "Feature", "properties": { "name": "3feb9801-4fb6-030b-e053-b4472c0aa7e0" }, "geometry": { "type": "Polygon", "coordinates": [ [ [ 468884.654293614556082, 5544376.108919130638242 ], [ 468873.406479554483667, 5544372.4584128735587 ], [ 468872.663519635330886, 5544374.458573248237371 ], [ 468869.37541577842785, 5544373.26018625497818 ], [ 468869.270472233358305, 5544373.557670822367072 ], [ 468867.713587418140378, 5544372.98965972289443 ], [ 468866.958089628547896, 5544372.71163621544838 ], [ 468866.106439674040303, 5544372.396368128247559 ], [ 468865.373167316894978, 5544372.123774956911802 ], [ 468864.728133144206367, 5544371.881801269948483 ], [ 468864.292610892327502, 5544371.71866437792778 ], [ 468863.732957718311809, 5544371.508438705466688 ], [ 468863.308902928896714, 5544371.347458937205374 ], [ 468862.902791193220764, 5544371.194157996214926 ], [ 468862.269933761039283, 5544370.95322563033551 ], [ 468861.822189096594229, 5544370.781264966353774 ], [ 468861.258923814049922, 5544370.565501132979989 ], [ 468860.843472754699178, 5544370.406695263460279 ], [ 468860.766682562010828, 5544370.374897428788245 ], [ 468860.68342328077415, 5544370.338689694181085 ], [ 468860.415702343801968, 5544370.222387707792222 ], [ 468859.541457134881057, 5544369.83831512928009 ], [ 468858.604733343294356, 5544369.42124970536679 ], [ 468857.715350181853864, 5544369.019475330598652 ], [ 468857.024056860944256, 5544368.702163458801806 ], [ 468856.001086714561097, 5544368.227782330475748 ], [ 468855.138172482373193, 5544367.822518649511039 ], [ 468853.920555570453871, 5544367.240305949933827 ], [ 468852.845038497413043, 5544366.717308250255883 ], [ 468852.269207088276744, 5544366.433793364092708 ], [ 468851.899424944189377, 5544366.24914891179651 ], [ 468851.098110892111436, 5544365.849086713045835 ], [ 468850.462638500786852, 5544365.528115049935877 ], [ 468849.968608554161619, 5544365.276368923485279 ], [ 468849.440098253311589, 5544365.00480961240828 ], [ 468848.899365602643229, 5544364.724426405504346 ], [ 468848.702551816415507, 5544364.613271618261933 ], [ 468847.949738066818099, 5544364.181794661097229 ], [ 468846.525254321459215, 5544363.360620332881808 ], [ 468844.919699795427732, 5544362.427088178694248 ], [ 468843.811942637024913, 5544361.777524817734957 ], [ 468842.717097538057715, 5544361.132334047928452 ], [ 468841.893793139606714, 5544360.64456214569509 ], [ 468841.382992022437975, 5544360.340655753389001 ], [ 468839.792359784070868, 5544359.388136135414243 ], [ 468838.078104246291332, 5544358.352945399470627 ], [ 468836.603772574977484, 5544357.455343762412667 ], [ 468835.538942272192799, 5544356.801084529608488 ], [ 468834.602713559521362, 5544356.223908574320376 ], [ 468833.950287290615961, 5544355.819646037183702 ], [ 468832.263852956297342, 5544354.767616778612137 ], [ 468831.173783249047119, 5544354.082372578792274 ], [ 468830.739739120239392, 5544353.804705362766981 ], [ 468830.293427254480775, 5544353.510431331582367 ], [ 468829.890186762728263, 5544353.235920401290059 ], [ 468829.584660295571666, 5544353.020882185548544 ], [ 468829.424344331433531, 5544352.907291703857481 ], [ 468829.119494876882527, 5544352.685578246600926 ], [ 468828.588089619181119, 5544352.286170763894916 ], [ 468828.140744195901789, 5544351.937420438043773 ], [ 468827.848703355994076, 5544351.702289779670537 ], [ 468827.560951497696806, 5544351.466022261418402 ], [ 468827.311298529675696, 5544351.25621809437871 ], [ 468827.122789746732451, 5544351.096092650666833 ], [ 468826.952237107907422, 5544350.945869591087103 ], [ 468826.794642171182204, 5544350.807801804505289 ], [ 468826.674261812120676, 5544350.667293430306017 ], [ 468826.576171956432518, 5544350.543333504348993 ], [ 468826.509789615985937, 5544350.454769250936806 ], [ 468826.443368406151421, 5544350.359533895738423 ], [ 468826.366072444187012, 5544350.241012261249125 ], [ 468826.295232663280331, 5544350.12467679195106 ], [ 468826.221451487275772, 5544349.995015807449818 ], [ 468826.151946360012516, 5544349.861994245089591 ], [ 468826.0787320988602, 5544349.706756544299424 ], [ 468826.010503322642762, 5544349.547042245976627 ], [ 468825.979259068670217, 5544349.468280261382461 ], [ 468825.934875713603105, 5544349.346231215633452 ], [ 468825.873624689877033, 5544349.155343410558999 ], [ 468825.827530947513878, 5544348.985493160784245 ], [ 468825.782726515666582, 5544348.791173871606588 ], [ 468825.761297761288006, 5544348.676774297840893 ], [ 468825.737494532659184, 5544348.523472491651773 ], [ 468825.712528405361809, 5544348.29345721565187 ], [ 468825.699765214580111, 5544348.06893027946353 ], [ 468825.699004143360071, 5544347.815424336120486 ], [ 468825.708615689945873, 5544347.621899890713394 ], [ 468825.726824691693764, 5544347.429437240585685 ], [ 468825.740540531580336, 5544347.325951780192554 ], [ 468825.759183561138343, 5544347.207983070984483 ], [ 468825.793942819174845, 5544347.029878533445299 ], [ 468825.819067951757461, 5544346.918543384410441 ], [ 468825.84987505764002, 5544346.799391918815672 ], [ 468825.875826232833788, 5544346.706954048015177 ], [ 468825.910974175960291, 5544346.595560504123569 ], [ 468825.956034802715294, 5544346.465207116678357 ], [ 468826.010331067256629, 5544346.322569156065583 ], [ 468826.083085650810972, 5544346.153138352558017 ], [ 468826.158768677560147, 5544345.994809362106025 ], [ 468826.226745070307516, 5544345.865434351377189 ], [ 468826.294070330099203, 5544345.747182013466954 ], [ 468826.377048553607892, 5544345.612160163931549 ], [ 468826.47286142752273, 5544345.468168435618281 ], [ 468826.562354150577448, 5544345.345339397899806 ], [ 468826.615646148624364, 5544345.276091879233718 ], [ 468826.668964059266727, 5544345.2112917592749 ], [ 468826.909994457149878, 5544344.924132371321321 ], [ 468827.468875383259729, 5544344.26375072542578 ], [ 468828.251786395499948, 5544343.347441707737744 ], [ 468828.627979371580295, 5544342.91161391325295 ], [ 468829.080992515198886, 5544342.389723267406225 ], [ 468829.558933243853971, 5544341.845449693500996 ], [ 468829.99990554805845, 5544341.345867026597261 ], [ 468830.674911501526367, 5544340.586963130161166 ], [ 468831.140121517353691, 5544340.069449166767299 ], [ 468831.651594122755341, 5544339.504966473206878 ], [ 468832.104756815650035, 5544339.008648636750877 ], [ 468832.424898233963177, 5544338.65987485460937 ], [ 468833.123556005419232, 5544337.905281058512628 ], [ 468833.478596102620941, 5544337.525171208195388 ], [ 468833.88914741249755, 5544337.088031775318086 ], [ 468834.374429602583405, 5544336.57484873291105 ], [ 468834.841943502542563, 5544336.084006981924176 ], [ 468835.231908315676264, 5544335.677008528262377 ], [ 468835.521550679230131, 5544335.377335633151233 ], [ 468836.067401136388071, 5544334.814876919612288 ], [ 468836.634632066532504, 5544334.235615422017872 ], [ 468839.107435060897842, 5544331.767277880571783 ], [ 468841.926809916039929, 5544329.062315047718585 ], [ 468845.888669678592123, 5544325.468974656425416 ], [ 468850.230305380246136, 5544321.807824954390526 ], [ 468853.250548098701984, 5544319.416363013908267 ], [ 468856.463265641184989, 5544317.004880420863628 ], [ 468861.04302170308074, 5544313.783773030154407 ], [ 468864.112672488787211, 5544311.761176449246705 ], [ 468866.769142957404256, 5544310.093454094603658 ], [ 468869.168500591709744, 5544308.65627780649811 ], [ 468871.237205635989085, 5544307.484543582424521 ], [ 468874.167105761996936, 5544305.928646737709641 ], [ 468877.001296078669839, 5544304.534531907178462 ], [ 468879.713261326134671, 5544303.297905602492392 ], [ 468882.170775699894875, 5544302.25734078604728 ], [ 468884.521698175405618, 5544301.354159120470285 ], [ 468886.306887448590714, 5544300.796729483641684 ], [ 468889.099544308846816, 5544300.138932105153799 ], [ 468891.626965192670468, 5544299.669475331902504 ], [ 468894.089678768999875, 5544299.399423769675195 ], [ 468895.783643476373982, 5544299.282835050486028 ], [ 468897.506500093848445, 5544299.456281530670822 ], [ 468899.235629684699234, 5544299.969929644837976 ], [ 468901.125507886114065, 5544300.671664870344102 ], [ 468905.322846155031584, 5544302.230598581023514 ], [ 468909.326457027753349, 5544303.717276671901345 ], [ 468909.891842775279656, 5544303.927473834715784 ], [ 468909.993266814271919, 5544304.132583671249449 ], [ 468908.870701534906402, 5544307.219034482724965 ], [ 468909.626902820018586, 5544307.493724197149277 ], [ 468884.654293614556082, 5544376.108919130638242 ] ] ] } },
{ "type": "Feature", "properties": { "name": "3f366887-5822-a92a-e053-b4472c0a365b" }, "geometry": { "type": "Polygon", "coordinates": [ [ [ 470121.704658672853839, 5544610.312666754238307 ], [ 470121.789924071519636, 5544614.171545067802072 ], [ 470114.744901970552746, 5544614.327641150914133 ], [ 470114.658921822439879, 5544610.469878777861595 ], [ 470121.704658672853839, 5544610.312666754238307 ] ] ] } },
{ "type": "Feature", "properties": { "name": "1dc12748-0278-44a9-9846-0b9c29b47e7a" }, "geometry": { "type": "Polygon", "coordinates": [ [ [ 463382.85882266308181, 5542193.314517893828452 ], [ 463364.981400284857955, 5542170.063642740249634 ], [ 463375.272603081597481, 5542162.138805565424263 ], [ 463377.181667828233913, 5542164.587485151365399 ], [ 463375.936966604611371, 5542165.54889371804893 ], [ 463376.241937370621599, 5542165.945978349074721 ], [ 463377.63672449416481, 5542167.764395096339285 ], [ 463379.942825219361112, 5542170.771867486648262 ], [ 463381.307979142933618, 5542172.551571488380432 ], [ 463381.706176492094528, 5542173.070327397435904 ], [ 463383.006292600475717, 5542174.765972526744008 ], [ 463391.898198193579447, 5542186.358951478265226 ], [ 463382.85882266308181, 5542193.314517893828452 ] ] ] } },
{ "type": "Feature", "properties": { "name": "24e77037-f4e0-7d8a-e053-84002d0a9694" }, "geometry": { "type": "Polygon", "coordinates": [ [ [ 468854.610857949825004, 5544268.25272614043206 ], [ 468851.11382617574418, 5544267.580376874655485 ], [ 468851.830301495094318, 5544263.85805446933955 ], [ 468855.327335599809885, 5544264.530404208227992 ], [ 468854.610857949825004, 5544268.25272614043206 ] ] ] } },
{ "type": "Feature", "properties": { "name": "3f366887-571e-a92a-e053-b4472c0a365b" }, "geometry": { "type": "Polygon", "coordinates": [ [ [ 470228.378536391246598, 5541217.882113710977137 ], [ 470228.358062344777863, 5541218.580487750470638 ], [ 470228.298893994477112, 5541219.276853120885789 ], [ 470228.198869997810107, 5541219.968998077325523 ], [ 470228.060127006145194, 5541220.654686988331378 ], [ 470227.882646491983905, 5541221.33058432303369 ], [ 470227.666422288981266, 5541221.995578235946596 ], [ 470227.412868532293942, 5541222.64632523804903 ], [ 470227.121985233039595, 5541223.282825330272317 ], [ 470226.795896674797405, 5541223.900619194842875 ], [ 470226.435319198062643, 5541224.499702856875956 ], [ 470226.040234267886262, 5541225.07674078643322 ], [ 470225.613501035375521, 5541225.63060521800071 ], [ 470225.155823474400677, 5541226.159068486653268 ], [ 470224.667905556445476, 5541226.659902928397059 ], [ 470224.153328938758932, 5541227.133088639006019 ], [ 470223.612075076729525, 5541227.575290092267096 ], [ 470223.046286778990179, 5541227.985383500345051 ], [ 470222.45811303507071, 5541228.3633569246158 ], [ 470221.848980318696704, 5541228.708090565167367 ], [ 470221.221735401952174, 5541229.016232958063483 ], [ 470220.577810936840251, 5541229.287776145152748 ], [ 470219.919355905789416, 5541229.522708185948431 ], [ 470219.248513107653707, 5541229.719905290752649 ], [ 470218.567425340064801, 5541229.878243667073548 ], [ 470217.878951730555855, 5541229.996595539152622 ], [ 470217.183820960461162, 5541230.077180623076856 ], [ 470216.486312452354468, 5541230.116639483720064 ], [ 470215.78714870440308, 5541230.116079976782203 ], [ 470215.089201207796577, 5541230.076598023995757 ], [ 470214.394606573681813, 5541229.995957975275815 ], [ 470213.705532329564448, 5541229.877483416348696 ], [ 470213.024831418180838, 5541229.718934717588127 ], [ 470212.353942670742981, 5541229.52141575422138 ], [ 470211.695737582223956, 5541229.286022434011102 ], [ 470211.051654986280482, 5541229.013858624733984 ], [ 470210.424566380970646, 5541228.706020229496062 ], [ 470209.815898234723136, 5541228.361387429758906 ], [ 470209.227818085695617, 5541227.983283803798258 ], [ 470208.662481105537154, 5541227.572809231467545 ], [ 470208.121319952479098, 5541227.12995573785156 ], [ 470207.606495986226946, 5541226.656935055740178 ], [ 470207.118737906392198, 5541226.155966879799962 ], [ 470206.661627370864153, 5541225.627031277865171 ], [ 470206.234466605237685, 5541225.073467765003443 ], [ 470205.840127124858554, 5541224.496372235938907 ], [ 470205.479331452166662, 5541223.896852548234165 ], [ 470205.153536998550408, 5541223.279348097741604 ], [ 470204.862737587827723, 5541222.642747043631971 ], [ 470204.609823298989795, 5541221.991480813361704 ], [ 470204.394090182206128, 5541221.327777076512575 ], [ 470204.216254582221154, 5541220.651631845161319 ], [ 470204.07777391851414, 5541219.967484526336193 ], [ 470203.978654391132295, 5541219.276446960866451 ], [ 470203.918902200181037, 5541218.579630992375314 ], [ 470203.899258435412776, 5541217.881480013951659 ], [ 470203.919012965168804, 5541217.183109853416681 ], [ 470203.978894508560188, 5541216.486740221269429 ], [ 470204.078199118608609, 5541215.794598788954318 ], [ 470204.216945366933942, 5541215.110021094791591 ], [ 470204.394416934694164, 5541214.433011126704514 ], [ 470204.610644762113225, 5541213.769128118641675 ], [ 470204.8641900101793, 5541213.117268190719187 ], [ 470205.155077431292739, 5541212.48187873698771 ], [ 470205.481158035923727, 5541211.862971713766456 ], [ 470205.841740239353385, 5541211.264998490922153 ], [ 470206.236824048915878, 5541210.687959080561996 ], [ 470206.663556506216992, 5541210.13409311324358 ], [ 470207.121233650832437, 5541209.605628276243806 ], [ 470207.608429002691992, 5541209.103684387169778 ], [ 470208.12301211419981, 5541208.631608949042857 ], [ 470208.664266650332138, 5541208.189405946061015 ], [ 470209.230049790872727, 5541207.778199189342558 ], [ 470209.818224897666369, 5541207.400224328972399 ], [ 470210.426649146305863, 5541207.056605166755617 ], [ 470211.053896044613793, 5541206.748461528681219 ], [ 470211.69781658082502, 5541206.475805369205773 ], [ 470212.356274109391961, 5541206.240872334688902 ], [ 470213.027119615580887, 5541206.043674386106431 ], [ 470213.708210267359391, 5541205.885335323400795 ], [ 470214.396686897031032, 5541205.766982927918434 ], [ 470215.091104454884771, 5541205.686401481740177 ], [ 470215.789332472661044, 5541205.646938472054899 ], [ 470216.487776897614822, 5541205.646390127949417 ], [ 470217.185733745456673, 5541205.686984120868146 ], [ 470217.880325298407115, 5541205.766512694768608 ], [ 470218.569408721115906, 5541205.886099644936621 ], [ 470219.25010629784083, 5541206.043537207879126 ], [ 470219.920997710083611, 5541206.2410570345819 ], [ 470220.579199062369298, 5541206.475339524447918 ], [ 470221.223283856059425, 5541206.747504477389157 ], [ 470221.850380562245846, 5541207.056455979123712 ], [ 470222.459044140065089, 5541207.39997829683125 ], [ 470223.047125579265412, 5541207.778083369135857 ], [ 470223.612463508849032, 5541208.188559451140463 ], [ 470224.153625256498344, 5541208.631414496339858 ], [ 470224.66916578868404, 5541209.104432775638998 ], [ 470225.156207406893373, 5541209.605406519025564 ], [ 470225.614027597068343, 5541210.133227858692408 ], [ 470226.040471179992892, 5541210.686796883121133 ], [ 470226.43552579759853, 5541211.263889901340008 ], [ 470226.796319940884132, 5541211.863410982303321 ], [ 470227.122828894702252, 5541212.480912745930254 ], [ 470227.412909848499112, 5541213.11751897726208 ], [ 470227.666538090619724, 5541213.768782283179462 ], [ 470227.882274785544723, 5541214.433598782867193 ], [ 470228.06010758515913, 5541215.109744783490896 ], [ 470228.199307809351012, 5541215.795000568963587 ], [ 470228.298424265347421, 5541216.486038568429649 ], [ 470228.358173301268835, 5541217.182854793034494 ], [ 470228.378536391246598, 5541217.882113710977137 ] ] ] } },
{ "type": "Feature", "properties": { "name": "24e77037-f9db-7d8a-e053-84002d0a9694" }, "geometry": { "type": "Polygon", "coordinates": [ [ [ 467031.97458552045282, 5543449.119344755075872 ], [ 467065.061966779700015, 5543357.463820541277528 ], [ 467167.98640902119223, 5543395.068235722370446 ], [ 467170.193267664348241, 5543395.874161196872592 ], [ 467147.216224335250445, 5543459.019258284009993 ], [ 467111.023954038508236, 5543445.791009997017682 ], [ 467107.247671484248713, 5543456.082517859525979 ], [ 467104.16298589593498, 5543464.488460474647582 ], [ 467100.601525180216413, 5543474.193799233995378 ], [ 467031.97458552045282, 5543449.119344755075872 ] ] ] } },
{ "type": "Feature", "properties": { "name": "24e77037-eaa4-7d8a-e053-84002d0a9694" }, "geometry": { "type": "Polygon", "coordinates": [ [ [ 469386.801107134844642, 5544000.623698094859719 ], [ 469387.375917931611184, 5544001.853491160087287 ], [ 469422.909715114976279, 5544014.673848416656256 ], [ 469423.528011519811116, 5544012.990255961194634 ], [ 469428.669349183968734, 5544010.585892771370709 ], [ 469435.11012017459143, 5544012.930759710259736 ], [ 469436.518189030408394, 5544015.766921109519899 ], [ 469439.36944770894479, 5544016.808040090836585 ], [ 469442.248986387508921, 5544015.529605333693326 ], [ 469447.630033851484768, 5544017.488043220713735 ], [ 469448.955677173275035, 5544020.310223935171962 ], [ 469451.905233009019867, 5544021.388592469505966 ], [ 469454.7681718186941, 5544020.086909605190158 ], [ 469460.069573713873979, 5544022.016905529424548 ], [ 469460.801398104697, 5544023.663879280909896 ], [ 469461.132170516473707, 5544022.909244895912707 ], [ 469466.429354943509679, 5544024.979368750937283 ], [ 469467.208415429748129, 5544024.615784393623471 ], [ 469472.65114995703334, 5544026.597244913689792 ], [ 469474.92137784458464, 5544031.466584416106343 ], [ 469479.789979324152227, 5544029.196140532381833 ], [ 469485.204725064453669, 5544031.167766408994794 ], [ 469487.474933263554703, 5544036.035999367944896 ], [ 469492.343542109709233, 5544033.766678743064404 ], [ 469498.767751701117959, 5544036.105044946074486 ], [ 469501.153417331515811, 5544041.259492013603449 ], [ 469500.557896489975974, 5544042.922931615263224 ], [ 469536.176898822363, 5544055.967039903625846 ], [ 469536.803509168967139, 5544056.115800972096622 ], [ 469539.714251914876513, 5544062.331350344233215 ], [ 469545.949793670326471, 5544075.182613886892796 ], [ 469546.446123650996014, 5544076.217178521677852 ], [ 469553.875122649944387, 5544091.704611530527472 ], [ 469553.625192273641005, 5544091.820557811297476 ], [ 469558.203906324575655, 5544101.650262490846217 ], [ 469556.953184913727455, 5544105.061972017399967 ], [ 469535.390313655429054, 5544115.121614621952176 ], [ 469537.814855648437515, 5544120.325891517102718 ], [ 469532.722114771429915, 5544122.704300729557872 ], [ 469531.68864301830763, 5544120.508651331067085 ], [ 469527.69125104410341, 5544122.36936110816896 ], [ 469524.121588137699291, 5544114.727685496211052 ], [ 469518.774623741162941, 5544117.222080115228891 ], [ 469515.235400850942824, 5544109.648061973042786 ], [ 469492.396591324533802, 5544120.304447570815682 ], [ 469484.170353109948337, 5544124.237395484000444 ], [ 469484.390200914640445, 5544124.747609237208962 ], [ 469483.677598339912947, 5544126.718599282205105 ], [ 469485.570886244357098, 5544127.39383586589247 ], [ 469480.903257963305805, 5544140.281639936380088 ], [ 469478.230754828895442, 5544139.311752299778163 ], [ 469476.539023653953336, 5544143.972421078942716 ], [ 469473.532904584833886, 5544142.88101951777935 ], [ 469458.585457468871027, 5544183.981565070338547 ], [ 469456.70196204649983, 5544189.158138543367386 ], [ 469453.907060412864666, 5544196.843883021734655 ], [ 469453.786877327947877, 5544196.735604270361364 ], [ 469447.711915696389042, 5544213.527523200027645 ], [ 469447.783630988793448, 5544213.673882684670389 ], [ 469445.13822818727931, 5544220.955164005048573 ], [ 469439.690014932188205, 5544235.90779020357877 ], [ 469444.175170212227385, 5544240.872320797294378 ], [ 469442.887879298301414, 5544244.381001672707498 ], [ 469447.301969934604131, 5544246.054757598787546 ], [ 469449.433077980589587, 5544248.26302614249289 ], [ 469448.041943767631892, 5544252.268199948593974 ], [ 469446.508100404345896, 5544252.971887052990496 ], [ 469440.517740143812262, 5544250.840141856111586 ], [ 469437.621699031558819, 5544258.733284590765834 ], [ 469437.448280232201796, 5544259.206826772540808 ], [ 469434.279397209349554, 5544258.063006760552526 ], [ 469421.426642585720401, 5544253.42315686494112 ], [ 469402.845033896621317, 5544246.691279168240726 ], [ 469391.338648665812798, 5544242.503011390566826 ], [ 469392.681453518336639, 5544238.817210328765213 ], [ 469397.612461608427111, 5544240.612499875947833 ], [ 469423.640511077595875, 5544169.128422237932682 ], [ 469400.689160259847995, 5544160.780377751216292 ], [ 469374.601044945709873, 5544232.231555866077542 ], [ 469379.532065298233647, 5544234.026828779838979 ], [ 469378.188577740162145, 5544237.717084639705718 ], [ 469332.137950040749274, 5544220.630949769169092 ], [ 469338.769685359089635, 5544202.486987301148474 ], [ 469345.451334871759173, 5544201.545852743089199 ], [ 469354.695712834363803, 5544176.157459912821651 ], [ 469356.854780388006475, 5544170.23430781904608 ], [ 469366.751082041766495, 5544143.019823362119496 ], [ 469361.283402102184482, 5544145.546200329437852 ], [ 469360.481659424782265, 5544145.695336266420782 ], [ 469359.688656788028311, 5544145.495290013961494 ], [ 469358.998020341445226, 5544145.042259536683559 ], [ 469358.55129348684568, 5544144.423273270949721 ], [ 469358.340237996540964, 5544143.575000815093517 ], [ 469358.432318694482092, 5544142.776139250025153 ], [ 469358.768077844870277, 5544142.146000881679356 ], [ 469359.421031192119699, 5544141.51960563659668 ], [ 469360.397893185378052, 5544141.069257542490959 ], [ 469368.939428639598191, 5544137.078718911856413 ], [ 469373.463471757248044, 5544124.544104378670454 ], [ 469368.082157047640067, 5544127.02772812359035 ], [ 469367.178349687950686, 5544127.233041607774794 ], [ 469366.403850918461103, 5544127.013986350037158 ], [ 469365.726802892459091, 5544126.558653434738517 ], [ 469365.25698687043041, 5544125.908665990456939 ], [ 469365.067006049794145, 5544125.114755066111684 ], [ 469365.158346705138683, 5544124.311450345441699 ], [ 469365.535104280686937, 5544123.588791168294847 ], [ 469366.018095741281286, 5544123.163509319536388 ], [ 469366.551814446516801, 5544122.844678178429604 ], [ 469375.636070137610659, 5544118.600869349204004 ], [ 469376.182254541781731, 5544117.082242740318179 ], [ 469380.127517022017855, 5544106.119818198494613 ], [ 469379.584125873458106, 5544106.375325797125697 ], [ 469378.795098128030077, 5544106.745651488192379 ], [ 469377.966795235406607, 5544107.133992231450975 ], [ 469376.800037373730447, 5544107.682157858274877 ], [ 469375.909606510598678, 5544108.098651630803943 ], [ 469374.757104359508958, 5544108.635617264546454 ], [ 469373.955919000378344, 5544108.758062657900155 ], [ 469373.153674133354798, 5544108.57029801979661 ], [ 469372.479488166514784, 5544108.114947865717113 ], [ 469371.998190786107443, 5544107.460578014142811 ], [ 469371.786092379188631, 5544106.680136105045676 ], [ 469371.895269427099265, 5544105.865610579960048 ], [ 469372.264179286139552, 5544105.147444383241236 ], [ 469372.873930576664861, 5544104.602465838193893 ], [ 469374.232750278257299, 5544103.960913570597768 ], [ 469382.160530124558136, 5544100.304139891639352 ], [ 469381.215207209053915, 5544099.511214814148843 ], [ 469372.572465719014872, 5544080.953262903727591 ], [ 469378.839068950910587, 5544078.020935692824423 ], [ 469374.205391682335176, 5544068.031584448181093 ], [ 469372.867172663100064, 5544068.646333425305784 ], [ 469372.198006208811421, 5544067.19248091429472 ], [ 469373.526221282139886, 5544066.581124687567353 ], [ 469361.984965313749854, 5544041.743169794790447 ], [ 469358.310324030870106, 5544043.452053339220583 ], [ 469346.776700813788921, 5544018.71749266795814 ], [ 469350.394161696371157, 5544017.02338342461735 ], [ 469348.181139097956475, 5544012.287194343283772 ], [ 469364.323733072669711, 5544004.791816202923656 ], [ 469376.408931660524104, 5543999.181002266705036 ], [ 469381.406824511534069, 5543996.859694105572999 ], [ 469384.842128851509187, 5543995.234475769102573 ], [ 469387.2852309832233, 5544000.394103807397187 ], [ 469386.801107134844642, 5544000.623698094859719 ] ] ] } },
{ "type": "Feature", "properties": { "name": "24e77037-f125-7d8a-e053-84002d0a9694" }, "geometry": { "type": "Polygon", "coordinates": [ [ [ 468068.472409800277092, 5541860.547598095610738 ], [ 468072.652314193721395, 5541849.090274563059211 ], [ 468112.13134926604107, 5541863.544142649509013 ], [ 468125.934066251909826, 5541826.14377920050174 ], [ 468137.529551528510638, 5541830.421128659509122 ], [ 468119.545242217951454, 5541879.263188473880291 ], [ 468068.472409800277092, 5541860.547598095610738 ] ] ] } },
{ "type": "Feature", "properties": { "name": "24e77037-ef3b-7d8a-e053-84002d0a9694" }, "geometry": { "type": "Polygon", "coordinates": [ [ [ 467953.709094873745926, 5541359.261729470454156 ], [ 467956.040194117231295, 5541352.817755223251879 ], [ 467966.627005039423238, 5541356.650465301238 ], [ 467964.295888198190369, 5541363.093323085457087 ], [ 467953.709094873745926, 5541359.261729470454156 ] ] ] } },
{ "type": "Feature", "properties": { "name": "24e77037-feb3-7d8a-e053-84002d0a9694" }, "geometry": { "type": "Polygon", "coordinates": [ [ [ 470266.17724234535126, 5541361.668303054757416 ], [ 470388.181039170653094, 5541408.128247733227909 ], [ 470390.528631717374083, 5541401.942113882862031 ], [ 470390.92056566424435, 5541402.090050728060305 ], [ 470390.89535639656242, 5541402.194706762209535 ], [ 470393.344641726871487, 5541403.129599230363965 ], [ 470393.382842920313124, 5541403.042661460116506 ], [ 470393.794778005103581, 5541403.180481028743088 ], [ 470391.445780384296086, 5541409.372180594131351 ], [ 470396.136141298047733, 5541411.157503305003047 ], [ 470378.232950047357008, 5541458.171136811375618 ], [ 470373.228924003604334, 5541456.265258423984051 ], [ 470372.194662656111177, 5541459.003979849629104 ], [ 470365.398310595774092, 5541456.435337494127452 ], [ 470365.587725941208191, 5541455.972859381698072 ], [ 470365.703981981147081, 5541456.011131866835058 ], [ 470365.784778936358634, 5541455.855021656490862 ], [ 470365.88391143589979, 5541455.905619574710727 ], [ 470366.638950646854937, 5541453.970107024535537 ], [ 470366.529876035638154, 5541453.935130420140922 ], [ 470366.595390794216655, 5541453.735741481184959 ], [ 470248.274811960873194, 5541408.645680235698819 ], [ 470266.17724234535126, 5541361.668303054757416 ] ] ] } },
{ "type": "Feature", "properties": { "name": "3f366887-5949-a92a-e053-b4472c0a365b" }, "geometry": { "type": "Polygon", "coordinates": [ [ [ 470107.361731231387239, 5544314.335549402981997 ], [ 470100.776352975284681, 5544332.244783945381641 ], [ 470095.33846182981506, 5544330.262661742046475 ], [ 470102.102467219810933, 5544312.420247276313603 ], [ 470100.514136552868877, 5544311.840935495682061 ], [ 470095.045390455343295, 5544309.850090796127915 ], [ 470041.107491282164119, 5544290.232402039691806 ], [ 470050.283025761833414, 5544265.033531580120325 ], [ 470051.932975097442977, 5544260.501148344948888 ], [ 470000.410228671913501, 5544241.684247989207506 ], [ 469938.231193855870515, 5544270.841056271456182 ], [ 469941.132601793739013, 5544277.027963924221694 ], [ 469927.844431234349031, 5544283.232453459873796 ], [ 469919.161399507138412, 5544265.267607665620744 ], [ 469918.721658546768595, 5544265.495792540721595 ], [ 469907.01897064037621, 5544240.197269936092198 ], [ 469901.038643181032967, 5544242.999501246027648 ], [ 469897.33634269842878, 5544235.088139105588198 ], [ 469903.288755912450142, 5544232.286060767248273 ], [ 469894.612719371740241, 5544212.666730105876923 ], [ 469907.233294641249813, 5544206.761675979942083 ], [ 469906.762204160506371, 5544205.744726667180657 ], [ 469904.554575595946517, 5544200.974924698472023 ], [ 469902.928208121738862, 5544197.461620080284774 ], [ 469900.044161684869323, 5544198.83100713789463 ], [ 469898.950594877474941, 5544196.486633573658764 ], [ 469896.304729483963456, 5544190.815337623469532 ], [ 469894.247304865391925, 5544186.403833745978773 ], [ 469891.294156390998978, 5544180.073809360153973 ], [ 469888.959894568019081, 5544175.070118560455739 ], [ 469891.43063084204914, 5544173.917645126581192 ], [ 469895.421269378333818, 5544176.822785541415215 ], [ 469900.171059772605076, 5544180.279601031914353 ], [ 469901.950291521206964, 5544184.111155980266631 ], [ 469904.108563900575973, 5544188.760038956068456 ], [ 469908.194913268263917, 5544186.790145928040147 ], [ 469909.344311475229915, 5544189.259850381873548 ], [ 469911.322031899064314, 5544193.505025369115174 ], [ 469909.83755519380793, 5544194.216084452345967 ], [ 469910.258446291845758, 5544195.090995008125901 ], [ 469914.468693479720969, 5544193.128193201497197 ], [ 469920.494137871894054, 5544190.316829015500844 ], [ 469922.819895081687719, 5544189.2285624910146 ], [ 469927.0118032246246, 5544190.752745483070612 ], [ 469927.264246220991481, 5544190.064181697554886 ], [ 469926.129268432559911, 5544189.649156130850315 ], [ 469927.53108948020963, 5544185.823064039461315 ], [ 469928.710779333254322, 5544182.600862435996532 ], [ 469932.593641455576289, 5544184.041171481832862 ], [ 469933.574170837528072, 5544181.305983898229897 ], [ 469933.853207342210226, 5544181.400038121268153 ], [ 469934.233703062287532, 5544180.310476536862552 ], [ 469934.641100884589832, 5544180.56836855225265 ], [ 469934.77373779885238, 5544180.346358162350953 ], [ 469935.320583247579634, 5544180.702424484305084 ], [ 469936.746246975613758, 5544176.021161356009543 ], [ 469939.041286820138339, 5544176.727657086215913 ], [ 469938.144135897513479, 5544179.649171879515052 ], [ 469937.392529923818074, 5544182.097317971289158 ], [ 469940.024954345659353, 5544183.853761887177825 ], [ 469941.072421741788276, 5544181.308332019485533 ], [ 469943.31051089608809, 5544182.200834294781089 ], [ 469942.07815308024874, 5544185.225412908010185 ], [ 469944.734306459897198, 5544187.000627875328064 ], [ 469945.326465376070701, 5544186.246779374778271 ], [ 469947.22764216188807, 5544187.703789496794343 ], [ 469946.744378044910263, 5544188.342502009123564 ], [ 469948.416685224103276, 5544189.459449287503958 ], [ 469949.664991513360292, 5544190.294135671108961 ], [ 469951.048398943501525, 5544191.218126341700554 ], [ 469953.043382776086219, 5544192.551192470826209 ], [ 469954.489312593592331, 5544193.517084571532905 ], [ 469953.945630494330544, 5544194.998944578692317 ], [ 469953.473152989288792, 5544196.283601152710617 ], [ 469952.944275071029551, 5544197.724238394759595 ], [ 469952.400575112667866, 5544199.202763024717569 ], [ 469952.344688562094234, 5544199.195293658412993 ], [ 469952.095822467817925, 5544199.883836159482598 ], [ 469954.192842312040739, 5544200.645932664163411 ], [ 469958.302231491717976, 5544202.140582488849759 ], [ 469965.480024600692559, 5544204.751022327691317 ], [ 469973.762630698503926, 5544207.76222188025713 ], [ 469980.83064011571696, 5544210.332158493809402 ], [ 469989.636950398387853, 5544213.535024298354983 ], [ 470008.205844503303524, 5544220.286794695071876 ], [ 470008.433506844274234, 5544219.646184745244682 ], [ 470007.282044176594354, 5544219.225675040856004 ], [ 470007.516149835893884, 5544218.585028935223818 ], [ 470007.977998960064724, 5544217.318226927891374 ], [ 470008.47934220940806, 5544215.944462634623051 ], [ 470008.967282435740344, 5544214.606353840790689 ], [ 470009.413624795153737, 5544213.383002398535609 ], [ 470009.865607576153707, 5544212.144052995368838 ], [ 470011.907462506205775, 5544212.902033654972911 ], [ 470013.748425976780709, 5544213.5844208272174 ], [ 470013.942982552398462, 5544213.040730650536716 ], [ 470014.373700287775137, 5544211.839704898186028 ], [ 470014.845997781609185, 5544210.520586369559169 ], [ 470015.145189558097627, 5544210.634545793756843 ], [ 470015.405194147955626, 5544209.888125849887729 ], [ 470015.765938013966661, 5544210.126271502114832 ], [ 470015.925670809287112, 5544209.884097374044359 ], [ 470016.427285673213191, 5544210.219299560412765 ], [ 470016.650846437318251, 5544209.485314629971981 ], [ 470017.078993090894073, 5544208.080828566104174 ], [ 470017.443852351629175, 5544206.881284000352025 ], [ 470017.841756320907734, 5544205.573701461777091 ], [ 470020.136772511294112, 5544206.280231915414333 ], [ 470019.883652776537929, 5544207.105556876398623 ], [ 470019.40974839637056, 5544208.649284706450999 ], [ 470018.980150626681279, 5544210.050443053245544 ], [ 470018.5027294177562, 5544211.605309529229999 ], [ 470019.531109505333006, 5544212.292251788079739 ], [ 470021.138001112092752, 5544213.366224626079202 ], [ 470021.612653918040451, 5544212.211652488447726 ], [ 470022.168542821367737, 5544210.860933515243232 ], [ 470024.406605840602424, 5544211.753469649702311 ], [ 470023.823243594088126, 5544213.184398015029728 ], [ 470023.190445388841908, 5544214.736798868514597 ], [ 470024.006827138306107, 5544215.282608382403851 ], [ 470025.857333319494501, 5544216.51866495795548 ], [ 470026.422487920790445, 5544215.799445184879005 ], [ 470027.183232038863935, 5544216.382259049452841 ], [ 470028.323631973878946, 5544217.256484059616923 ], [ 470027.86665736453142, 5544217.860573519952595 ], [ 470029.156624231487513, 5544218.722842069342732 ], [ 470030.693082941579632, 5544219.749401206150651 ], [ 470032.338773554074578, 5544220.848733425140381 ], [ 470033.905412216437981, 5544221.895138376392424 ], [ 470035.648119502991904, 5544223.0595294944942 ], [ 470035.06284446734935, 5544224.660585758276284 ], [ 470034.442314990214072, 5544226.358573511242867 ], [ 470033.864100362581667, 5544227.941800219938159 ], [ 470033.565826193196699, 5544228.758482350967824 ], [ 470033.517086917883717, 5544228.74874834343791 ], [ 470033.265285859641153, 5544229.426184603013098 ], [ 470089.372596599452663, 5544249.841123315505683 ], [ 470089.568609958107118, 5544249.300763428211212 ], [ 470089.385016810672823, 5544249.117216813378036 ], [ 470088.457408640941139, 5544248.779941658489406 ], [ 470089.120915522391442, 5544246.954965118318796 ], [ 470090.407762921182439, 5544243.419760979712009 ], [ 470091.031090953736566, 5544241.707309671677649 ], [ 470094.913871829106938, 5544243.148848148994148 ], [ 470096.029108426475432, 5544240.036008921451867 ], [ 470096.313206370628905, 5544240.140050245448947 ], [ 470096.571913165971637, 5544239.41587925888598 ], [ 470096.934792968793772, 5544239.652906518429518 ], [ 470097.075353784312028, 5544239.438639091327786 ], [ 470097.633736566640437, 5544239.812447552569211 ], [ 470097.945879999373574, 5544238.785545321181417 ], [ 470099.053884890687186, 5544235.146825642324984 ], [ 470101.348877402138896, 5544235.853390871547163 ], [ 470100.725884172541555, 5544237.882726243697107 ], [ 470099.707024684001226, 5544241.202948362566531 ], [ 470102.337984129379038, 5544242.968374772928655 ], [ 470103.379857339547016, 5544240.435239055193961 ], [ 470105.618610123521648, 5544241.327805097214878 ], [ 470104.388995277811773, 5544244.344547348096967 ], [ 470107.04294827132253, 5544246.125413972884417 ], [ 470107.634413495426998, 5544245.372699278406799 ], [ 470109.535530987253878, 5544246.830878797918558 ], [ 470109.050117724807933, 5544247.471812355332077 ], [ 470111.533740763901733, 5544249.136884794570506 ], [ 470116.771923555352259, 5544252.651204716414213 ], [ 470115.584485307103023, 5544255.91343541815877 ], [ 470114.270847778476309, 5544259.525503129698336 ], [ 470113.824000079825055, 5544259.380118262022734 ], [ 470113.3139312271378, 5544260.73390736989677 ], [ 470142.587788716540672, 5544271.543668760918081 ], [ 470141.96799646015279, 5544273.25053486879915 ], [ 470144.320443016767967, 5544274.121356710791588 ], [ 470144.961028730962425, 5544272.419934284873307 ], [ 470163.56525592750404, 5544279.289903267286718 ], [ 470163.504616524558514, 5544279.457024125382304 ], [ 470163.663904836401343, 5544279.519513339735568 ], [ 470158.676021560037043, 5544293.274659046903253 ], [ 470158.059053289180156, 5544294.974836265668273 ], [ 470157.858807467564475, 5544295.527447974309325 ], [ 470159.917143644648604, 5544296.297623521648347 ], [ 470160.061780594580341, 5544295.915440398268402 ], [ 470160.250470820290502, 5544295.986660616472363 ], [ 470160.313201884389855, 5544295.809521084651351 ], [ 470180.960831839183811, 5544303.358635012060404 ], [ 470180.900210767867975, 5544303.529091229662299 ], [ 470181.083889003610238, 5544303.600340110249817 ], [ 470180.947773651452735, 5544303.970244434662163 ], [ 470182.862628049624618, 5544304.688969793729484 ], [ 470182.812702357070521, 5544304.851583195850253 ], [ 470182.988493013719562, 5544304.920652326196432 ], [ 470172.803351586626377, 5544332.891289132647216 ], [ 470172.601763943384867, 5544332.817916607484221 ], [ 470172.543229252041783, 5544332.977242453955114 ], [ 470170.627044643624686, 5544332.275206526741385 ], [ 470170.47396573756123, 5544332.68412169162184 ], [ 470170.301039485959336, 5544332.615037005394697 ], [ 470170.234037841088139, 5544332.79664777778089 ], [ 470149.565127059409861, 5544325.265484708361328 ], [ 470149.631455606315285, 5544325.091660622507334 ], [ 470149.459263361059129, 5544325.025908166542649 ], [ 470149.591517272579949, 5544324.605989722535014 ], [ 470147.510262440773658, 5544323.832610416226089 ], [ 470145.916570735222194, 5544328.193419873714447 ], [ 470145.755160716478713, 5544328.135390570387244 ], [ 470145.69377550954232, 5544328.296956390142441 ], [ 470118.626342371746432, 5544318.437749883159995 ], [ 470111.104410167201422, 5544315.698938133195043 ], [ 470107.361731231387239, 5544314.335549402981997 ] ] ] } },
{ "type": "Feature", "properties": { "name": "24e77037-fdb9-7d8a-e053-84002d0a9694" }, "geometry": { "type": "Polygon", "coordinates": [ [ [ 468585.190145943604875, 5544160.781568324193358 ], [ 468618.713888897560537, 5544173.013538738712668 ], [ 468612.983089783345349, 5544188.719209229573607 ], [ 468579.459437717683613, 5544176.488386615179479 ], [ 468585.190145943604875, 5544160.781568324193358 ] ] ] } },
{ "type": "Feature", "properties": { "name": "5d15782b-051b-0374-e053-b3472c0a2d69" }, "geometry": { "type": "Polygon", "coordinates": [ [ [ 466883.37997194606578, 5541300.069519127719104 ], [ 466894.334900148620363, 5541305.016399952583015 ], [ 466891.650885441282298, 5541310.950450763106346 ], [ 466880.712442167918198, 5541306.003473543561995 ], [ 466883.37997194606578, 5541300.069519127719104 ] ] ] } },
{ "type": "Feature", "properties": { "name": "9408aef2-a086-47d3-b716-73a25e0fe6f1" }, "geometry": { "type": "Polygon", "coordinates": [ [ [ 470184.188210074382368, 5544569.023357772268355 ], [ 470164.825415432278533, 5544566.258186805993319 ], [ 470165.674708096776158, 5544560.264836591668427 ], [ 470185.043461656430736, 5544563.067781699821353 ], [ 470184.188210074382368, 5544569.023357772268355 ] ] ] } },
{ "type": "Feature", "properties": { "name": "24e77037-f8fa-7d8a-e053-84002d0a9694" }, "geometry": { "type": "Polygon", "coordinates": [ [ [ 470862.847481445700396, 5544473.292634743265808 ], [ 470863.286061249265913, 5544454.705109016038477 ], [ 470866.456444553565234, 5544454.757893647998571 ], [ 470866.707907078380231, 5544444.271460702642798 ], [ 470869.877665357955266, 5544444.339817194268107 ], [ 470870.159688659769017, 5544432.364405977539718 ], [ 470889.541410574514885, 5544432.803742527961731 ], [ 470889.012495633447543, 5544455.332271971739829 ], [ 470891.943124543176964, 5544455.399718791246414 ], [ 470891.672063133737538, 5544464.924477487802505 ], [ 470888.788737090537325, 5544464.865668562240899 ], [ 470888.57720641134074, 5544473.88308471813798 ], [ 470862.847481445700396, 5544473.292634743265808 ] ] ] } },
{ "type": "Feature", "properties": { "name": "661e4af6-1a3a-bde8-e053-b4472c0a3fef" }, "geometry": { "type": "Polygon", "coordinates": [ [ [ 466524.692527105566114, 5543008.922907391563058 ], [ 466523.849740812147502, 5543011.22756689041853 ], [ 466518.111217403085902, 5543009.129740658216178 ], [ 466518.980559698597062, 5543006.834921149536967 ], [ 466524.692527105566114, 5543008.922907391563058 ] ] ] } },
{ "type": "Feature", "properties": { "name": "24e77037-fdc8-7d8a-e053-84002d0a9694" }, "geometry": { "type": "Polygon", "coordinates": [ [ [ 469920.378844118444249, 5544352.691643789410591 ], [ 469891.842974208295345, 5544364.25341531727463 ], [ 469889.491411676979624, 5544358.451487185433507 ], [ 469894.979431982443202, 5544356.227967795915902 ], [ 469894.616420741775073, 5544355.331606830470264 ], [ 469911.555524730007164, 5544348.468277876265347 ], [ 469913.046756379306316, 5544352.149128154851496 ], [ 469919.156243792385794, 5544349.674188746139407 ], [ 469920.378844118444249, 5544352.691643789410591 ] ] ] } },
{ "type": "Feature", "properties": { "name": "3f366887-5746-a92a-e053-b4472c0a365b" }, "geometry": { "type": "Polygon", "coordinates": [ [ [ 470268.853657369676512, 5541198.848730544559658 ], [ 470271.186841064423788, 5541198.850233861245215 ], [ 470273.302998390980065, 5541199.244324222207069 ], [ 470275.214591023279354, 5541199.95310066267848 ], [ 470277.49028803629335, 5541201.342551034875214 ], [ 470279.388714218395762, 5541203.164393119513988 ], [ 470280.564173405640759, 5541204.827913111075759 ], [ 470281.395284930535126, 5541206.53114792983979 ], [ 470282.057152528082952, 5541208.846855514682829 ], [ 470282.25410752609605, 5541211.033941015601158 ], [ 470281.984512141905725, 5541213.442655431106687 ], [ 470281.52502441755496, 5541215.195302897132933 ], [ 470280.583431425853632, 5541217.206357765942812 ], [ 470279.568677110481076, 5541218.684116750955582 ], [ 470278.378070883103646, 5541219.970496678724885 ], [ 470277.096584773564246, 5541221.016103421337903 ], [ 470274.98642591497628, 5541222.21752508264035 ], [ 470273.058860506745987, 5541222.888679602183402 ], [ 470271.066413099586498, 5541223.227743055671453 ], [ 470269.05493474425748, 5541223.235572868958116 ], [ 470266.859372457547579, 5541222.859715138562024 ], [ 470265.599178899079561, 5541222.449756476096809 ], [ 470264.215226923348382, 5541221.81254995521158 ], [ 470262.837894936499652, 5541220.948483658954501 ], [ 470261.450991314020939, 5541219.779815935529768 ], [ 470260.124376845546067, 5541218.245005515404046 ], [ 470259.121025401516818, 5541216.61500250082463 ], [ 470258.282739174086601, 5541214.523765032179654 ], [ 470257.805416863237042, 5541211.902380540966988 ], [ 470257.857174163043965, 5541209.612733693793416 ], [ 470258.410260631062556, 5541207.043445003218949 ], [ 470259.227686417812947, 5541205.2487802663818 ], [ 470260.595393864670768, 5541203.217565497383475 ], [ 470262.471440313907806, 5541201.394785706885159 ], [ 470264.478026530414354, 5541200.117214556783438 ], [ 470266.438612601545174, 5541199.328014527447522 ], [ 470268.853657369676512, 5541198.848730544559658 ] ] ] } },
{ "type": "Feature", "properties": { "name": "9e92f633-6b6c-4832-ba84-b5b66d64e3ab" }, "geometry": { "type": "Polygon", "coordinates": [ [ [ 467254.758374031283893, 5542891.732746879570186 ], [ 467257.587619182595517, 5542892.751720836386085 ], [ 467260.397535073221661, 5542893.771926389075816 ], [ 467258.32485557871405, 5542899.479695689864457 ], [ 467255.516306467121467, 5542898.448363997042179 ], [ 467252.701420102559496, 5542897.434862753376365 ], [ 467254.758374031283893, 5542891.732746879570186 ] ] ] } },
{ "type": "Feature", "properties": { "name": "3feb9801-4fca-030b-e053-b4472c0aa7e0" }, "geometry": { "type": "Polygon", "coordinates": [ [ [ 469248.012954141711816, 5544500.855588409118354 ], [ 469231.515799990680534, 5544494.83394362218678 ], [ 469237.936668041627854, 5544477.241438468918204 ], [ 469253.241909775941167, 5544435.307597623206675 ], [ 469253.85602588445181, 5544435.530893513001502 ], [ 469255.91201227955753, 5544429.897379121743143 ], [ 469255.298611519741826, 5544429.674078879877925 ], [ 469262.578128573775757, 5544409.729479633271694 ], [ 469263.191531295015011, 5544409.952780708670616 ], [ 469265.638728402205743, 5544403.248499873094261 ], [ 469265.02531863481272, 5544403.024086666293442 ], [ 469265.255089401209261, 5544402.393438852392137 ], [ 469265.76375326566631, 5544402.579537726938725 ], [ 469281.752487948164344, 5544408.415187790989876 ], [ 469281.525528071506415, 5544409.036923653446138 ], [ 469280.912126031413209, 5544408.813620476983488 ], [ 469278.464912509836722, 5544415.517894317395985 ], [ 469279.078313890669961, 5544415.74119721353054 ], [ 469274.325853480724618, 5544428.809807322919369 ], [ 469271.800156731158495, 5544435.68243021145463 ], [ 469271.186757311457768, 5544435.459128154441714 ], [ 469269.13075712043792, 5544441.09263666998595 ], [ 469269.744155986001715, 5544441.315938490442932 ], [ 469254.2844499287894, 5544483.673136114142835 ], [ 469248.012954141711816, 5544500.855588409118354 ] ] ] } },
{ "type": "Feature", "properties": { "name": "24e77037-f855-7d8a-e053-84002d0a9694" }, "geometry": { "type": "Polygon", "coordinates": [ [ [ 468725.096861353667919, 5544143.041310787200928 ], [ 468722.160108772455715, 5544141.963267026469111 ], [ 468728.814331078901887, 5544123.836190310306847 ], [ 468730.537436109501868, 5544119.140627137385309 ], [ 468733.741951247910038, 5544110.41248788125813 ], [ 468786.742779386637267, 5544129.869082983583212 ], [ 468779.321582234522793, 5544150.084237855859101 ], [ 468782.398954344564117, 5544151.214863047003746 ], [ 468781.279156461067032, 5544154.27797451429069 ], [ 468783.710745906864759, 5544155.16664104629308 ], [ 468780.837864526896738, 5544162.946599397808313 ], [ 468775.347512783715501, 5544160.924978955648839 ], [ 468775.165687562839594, 5544161.420829870738089 ], [ 468736.742691101157106, 5544147.31628882419318 ], [ 468735.669364975881763, 5544150.241264505311847 ], [ 468733.5003453316167, 5544149.444484001025558 ], [ 468734.574392880371306, 5544146.520615551620722 ], [ 468725.096861353667919, 5544143.041310787200928 ] ] ] } },
{ "type": "Feature", "properties": { "name": "24e77037-ec0c-7d8a-e053-84002d0a9694" }, "geometry": { "type": "Polygon", "coordinates": [ [ [ 469096.307212783023715, 5541682.685690738260746 ], [ 469094.649369240563828, 5541676.917917144484818 ], [ 469102.235652676958125, 5541674.682620672509074 ], [ 469103.936253273917828, 5541680.413457717746496 ], [ 469096.307212783023715, 5541682.685690738260746 ] ] ] } },
{ "type": "Feature", "properties": { "name": "571ce7f3-73fe-475c-8da6-4d6d6fca3426" }, "geometry": { "type": "Polygon", "coordinates": [ [ [ 469390.778584498388227, 5543698.096901106648147 ], [ 469390.77141176717123, 5543698.094718361273408 ], [ 469358.365203945490066, 5543686.276250460185111 ], [ 469365.115006224194076, 5543667.732500305399299 ], [ 469367.396911343152169, 5543661.463971686549485 ], [ 469376.492133397085126, 5543636.474556741304696 ], [ 469408.907901701168157, 5543648.291969476267695 ], [ 469399.379820776346605, 5543674.490199076011777 ], [ 469390.778584498388227, 5543698.096901106648147 ] ] ] } },
{ "type": "Feature", "properties": { "name": "3f366887-591c-a92a-e053-b4472c0a365b" }, "geometry": { "type": "Polygon", "coordinates": [ [ [ 470286.659538326377515, 5544323.838613759726286 ], [ 470347.711317845794838, 5544346.072294632904232 ], [ 470345.101355792197865, 5544353.238400974310935 ], [ 470343.67473128932761, 5544357.155694282613695 ], [ 470318.499580644536763, 5544347.987704291939735 ], [ 470316.740559276542626, 5544352.768559443764389 ], [ 470306.166334896697663, 5544348.92340524494648 ], [ 470307.91096817899961, 5544344.131507564336061 ], [ 470282.623060325044207, 5544334.922059508040547 ], [ 470284.026379375252873, 5544331.069368436932564 ], [ 470286.659538326377515, 5544323.838613759726286 ] ] ] } },
{ "type": "Feature", "properties": { "name": "24e77037-eb17-7d8a-e053-84002d0a9694" }, "geometry": { "type": "Polygon", "coordinates": [ [ [ 465659.210296812991146, 5542181.305160031653941 ], [ 465659.183704519411549, 5542178.722408584319055 ], [ 465656.784742323332466, 5542178.454263222403824 ], [ 465656.606259618303739, 5542165.814323208294809 ], [ 465668.177508088410832, 5542165.992515113204718 ], [ 465668.088671415578574, 5542178.276140488684177 ], [ 465670.132087558333296, 5542178.275269220583141 ], [ 465670.128372585226316, 5542166.971812963485718 ], [ 465703.56266103987582, 5542166.797577102668583 ], [ 465703.070630479429383, 5542192.071777431294322 ], [ 465670.136314801697154, 5542192.339546889066696 ], [ 465670.133029916498344, 5542180.768121981993318 ], [ 465667.911781668255571, 5542180.736776810139418 ], [ 465668.088872270076536, 5542193.052054054103792 ], [ 465657.318282009277027, 5542192.962126245722175 ], [ 465656.784384826780297, 5542181.301817512139678 ], [ 465659.210296812991146, 5542181.305160031653941 ] ] ] } },
{ "type": "Feature", "properties": { "name": "24e77037-ecb1-7d8a-e053-84002d0a9694" }, "geometry": { "type": "Polygon", "coordinates": [ [ [ 470591.252231420599855, 5544561.692367246374488 ], [ 470573.51447353605181, 5544555.232001690194011 ], [ 470573.669638556428254, 5544554.807520285248756 ], [ 470562.106749884202145, 5544550.595932868309319 ], [ 470553.016536025155801, 5544547.284729548729956 ], [ 470544.777079515799414, 5544544.282409199513495 ], [ 470536.425714739016257, 5544541.240689895115793 ], [ 470529.783064783550799, 5544538.821121784858406 ], [ 470529.627205235243309, 5544539.248943959362805 ], [ 470511.884995571395848, 5544532.787694184109569 ], [ 470512.045087956648786, 5544532.348729309625924 ], [ 470503.281197092903312, 5544529.154783139936626 ], [ 470495.624170128430706, 5544526.363920801319182 ], [ 470487.449923353793565, 5544523.384678205475211 ], [ 470479.51168005168438, 5544520.491984740830958 ], [ 470472.734824205341283, 5544518.022080847993493 ], [ 470468.285779412370175, 5544516.399935004301369 ], [ 470468.121456131862942, 5544516.850043404847383 ], [ 470428.366250594204757, 5544502.371623061597347 ], [ 470463.39618707774207, 5544406.184685405343771 ], [ 470495.100280228361953, 5544417.730134683661163 ], [ 470498.946084517869167, 5544419.131028690375388 ], [ 470506.47666836384451, 5544398.696441097185016 ], [ 470502.613876865128987, 5544397.203348851762712 ], [ 470500.907745484088082, 5544401.864879230968654 ], [ 470488.05105183867272, 5544397.182472290471196 ], [ 470489.742929044296034, 5544392.534358985722065 ], [ 470489.47607170738047, 5544392.437984995543957 ], [ 470489.636864142725244, 5544391.995680057443678 ], [ 470491.548062320915051, 5544386.742604539729655 ], [ 470493.278734879859257, 5544387.570308963768184 ], [ 470494.987085683387704, 5544382.922106612473726 ], [ 470496.967805936757941, 5544383.653923203237355 ], [ 470496.226030381978489, 5544385.718335132114589 ], [ 470495.225477763917297, 5544388.502451463602483 ], [ 470499.807307328388561, 5544390.687613548710942 ], [ 470500.51484385621734, 5544388.775719031691551 ], [ 470501.880795796925668, 5544389.287438162602484 ], [ 470502.507817433273885, 5544389.523036475293338 ], [ 470501.76754596963292, 5544391.60078196413815 ], [ 470503.783215304836631, 5544392.569239735603333 ], [ 470503.965095097199082, 5544392.185748857446015 ], [ 470505.736660048016347, 5544393.419069640338421 ], [ 470505.702700995490886, 5544393.492641204036772 ], [ 470506.326491777203046, 5544393.79163517896086 ], [ 470512.305260820197873, 5544396.657364105805755 ], [ 470513.80479823355563, 5544397.376272414810956 ], [ 470517.090284531645011, 5544398.951497596688569 ], [ 470518.839617854217067, 5544399.789114363491535 ], [ 470518.29663414764218, 5544401.292038187384605 ], [ 470517.774093458254356, 5544402.737031443975866 ], [ 470516.864437139418442, 5544402.399583528749645 ], [ 470515.665663827152457, 5544401.953652411699295 ], [ 470515.640980844211299, 5544402.02161337248981 ], [ 470516.083595791715197, 5544402.182621320709586 ], [ 470513.423269991471898, 5544409.469005377031863 ], [ 470508.599679700681008, 5544422.646958855912089 ], [ 470537.211743503634352, 5544433.066683053970337 ], [ 470547.688098160026129, 5544436.881697212345898 ], [ 470575.97576083894819, 5544447.18332973215729 ], [ 470579.346964724361897, 5544438.056235145777464 ], [ 470583.505880856362637, 5544426.748854574747384 ], [ 470578.375421252450906, 5544424.900203416123986 ], [ 470580.49739913380472, 5544419.036688484251499 ], [ 470582.474573697079904, 5544420.169946240261197 ], [ 470584.244009254558478, 5544415.291276885196567 ], [ 470586.294153930270113, 5544416.023856557905674 ], [ 470584.388546160189435, 5544421.266860013827682 ], [ 470588.805436533759348, 5544423.804360035806894 ], [ 470589.778617812087759, 5544421.112698288634419 ], [ 470591.809540090442169, 5544421.865399631671607 ], [ 470590.702824494685046, 5544424.88024141266942 ], [ 470592.384278707671911, 5544425.876142739318311 ], [ 470593.302889677404892, 5544424.58797946665436 ], [ 470595.060937080706935, 5544425.842529688961804 ], [ 470594.248886432440486, 5544426.980002637021244 ], [ 470595.837266818445642, 5544427.845214229077101 ], [ 470594.796579237736296, 5544430.759622734971344 ], [ 470593.124773168528918, 5544430.216204519383609 ], [ 470589.155911176581867, 5544441.066660246811807 ], [ 470585.629253768071067, 5544450.699398640543222 ], [ 470614.226666015922092, 5544461.114053446799517 ], [ 470624.703631735639647, 5544464.930326066911221 ], [ 470626.410929995065089, 5544465.551391090266407 ], [ 470605.748340959195048, 5544522.28757781535387 ], [ 470602.728368578304071, 5544530.579925768077374 ], [ 470602.384761188703123, 5544530.455058922991157 ], [ 470599.706854031421244, 5544537.808210710063577 ], [ 470597.257455659564584, 5544544.5330053800717 ], [ 470594.339075471274555, 5544552.547941060736775 ], [ 470594.682681642589159, 5544552.672807387076318 ], [ 470591.527335489809047, 5544561.337275816127658 ], [ 470591.400361027335748, 5544561.290162725374103 ], [ 470591.252231420599855, 5544561.692367246374488 ] ] ] } },
{ "type": "Feature", "properties": { "name": "24e77037-ed4c-7d8a-e053-84002d0a9694" }, "geometry": { "type": "Polygon", "coordinates": [ [ [ 469637.800325117423199, 5543971.653371814638376 ], [ 469640.844447518640663, 5543978.170650713145733 ], [ 469644.227916335454211, 5543976.605935689993203 ], [ 469645.908456222969107, 5543980.161107095889747 ], [ 469645.097360804269556, 5543980.560427284799516 ], [ 469645.307664320163894, 5543981.030673711560667 ], [ 469647.065565248427447, 5543981.18414946179837 ], [ 469672.489295429142658, 5543983.418324884958565 ], [ 469678.51289189356612, 5543974.827121163718402 ], [ 469685.448365809803363, 5543979.70458384975791 ], [ 469680.959630137309432, 5543986.111123825423419 ], [ 469683.890991158317775, 5543988.15372749697417 ], [ 469681.741894518549088, 5543991.238042172044516 ], [ 469680.980818283336703, 5543990.735334577038884 ], [ 469680.76418228156399, 5543991.042330455034971 ], [ 469681.883234135049861, 5543993.43766232766211 ], [ 469689.582135160570033, 5544009.982264657504857 ], [ 469692.412383506540209, 5544016.044910946860909 ], [ 469693.728989111434203, 5544016.15642590355128 ], [ 469693.88723984058015, 5544014.389855826273561 ], [ 469696.798489287903067, 5544014.654675806872547 ], [ 469696.641449151968118, 5544016.382322949357331 ], [ 469702.370035113708582, 5544016.891373371705413 ], [ 469701.76260593481129, 5544023.79739639442414 ], [ 469701.62458517390769, 5544025.343698415905237 ], [ 469697.454768824100029, 5544024.973702345974743 ], [ 469694.463419648644049, 5544024.723790203221142 ], [ 469694.131553589191753, 5544028.451597342267632 ], [ 469690.166063913842663, 5544028.129372731782496 ], [ 469690.266313871077728, 5544026.7411720296368 ], [ 469690.105870199331548, 5544026.729850073345006 ], [ 469688.445289191207848, 5544029.092005526646972 ], [ 469675.764718898222782, 5544047.185287746600807 ], [ 469675.905606725951657, 5544047.283447145484388 ], [ 469674.196964789414778, 5544049.753732457756996 ], [ 469678.323927294346504, 5544058.610974190756679 ], [ 469670.614145481493324, 5544062.247168681584299 ], [ 469667.604213103069924, 5544055.684091693721712 ], [ 469664.218176260823384, 5544057.293282519094646 ], [ 469662.53591863886686, 5544053.681408868171275 ], [ 469663.335498482629191, 5544053.273261384107172 ], [ 469663.083358816686086, 5544052.747657149098814 ], [ 469645.434402205690276, 5544051.209936222061515 ], [ 469640.131401131511666, 5544050.747455372475088 ], [ 469635.413876101607457, 5544050.377279620617628 ], [ 469636.677474136464298, 5544053.135368665680289 ], [ 469625.146139031334314, 5544058.465590388514102 ], [ 469606.955856802756898, 5544066.876885359175503 ], [ 469600.931865661288612, 5544069.688594027422369 ], [ 469609.032757503329776, 5544087.148105723783374 ], [ 469603.939960145158693, 5544089.527558633126318 ], [ 469602.894930043723434, 5544087.309723759070039 ], [ 469598.854087594954763, 5544089.218437710776925 ], [ 469591.783061140333302, 5544073.957957725040615 ], [ 469575.615604274964426, 5544081.505049480125308 ], [ 469553.875122649944387, 5544091.704611530527472 ], [ 469539.714251914876513, 5544062.331350344233215 ], [ 469536.803509168967139, 5544056.115800972096622 ], [ 469536.176898822363, 5544055.967039903625846 ], [ 469538.210623488295823, 5544055.022590181790292 ], [ 469537.989561367430724, 5544054.550185318104923 ], [ 469543.25658796960488, 5544052.087398612871766 ], [ 469543.48419455770636, 5544052.577556609176099 ], [ 469558.994033802358899, 5544045.338766158558428 ], [ 469557.246111647284124, 5544041.776221468113363 ], [ 469550.560459737433121, 5544040.92252844478935 ], [ 469542.204081957403105, 5544038.247077411040664 ], [ 469544.578632765391376, 5544035.795197161845863 ], [ 469549.440125391294714, 5544037.429799583740532 ], [ 469554.083079585630912, 5544035.260777279734612 ], [ 469554.062210432719439, 5544035.116350889205933 ], [ 469561.825739328749478, 5544031.49524892680347 ], [ 469562.004040225292556, 5544031.876723359338939 ], [ 469585.276934605499264, 5544021.039160459302366 ], [ 469600.122911246260628, 5544014.126711064018309 ], [ 469599.060050630185287, 5544011.797789792530239 ], [ 469617.904879593232181, 5544003.001377368345857 ], [ 469619.22007186996052, 5544005.763616886921227 ], [ 469634.293869162676856, 5543984.224229838699102 ], [ 469630.122428998060059, 5543975.248302532359958 ], [ 469637.800325117423199, 5543971.653371814638376 ] ] ] } },
{ "type": "Feature", "properties": { "name": "3f366887-5872-a92a-e053-b4472c0a365b" }, "geometry": { "type": "Polygon", "coordinates": [ [ [ 470160.976809601765126, 5544370.256522088311613 ], [ 470166.803982401266694, 5544372.345504687167704 ], [ 470165.535736864025239, 5544375.881699143908918 ], [ 470168.333464845665731, 5544376.884586441330612 ], [ 470164.541452659817878, 5544387.463077963329852 ], [ 470161.744445358228404, 5544386.46018865890801 ], [ 470161.035956951905973, 5544388.436623736284673 ], [ 470158.01154755812604, 5544387.352725077420473 ], [ 470158.719331494066864, 5544385.37851729337126 ], [ 470155.91728581872303, 5544384.37121157720685 ], [ 470160.976809601765126, 5544370.256522088311613 ] ] ] } },
{ "type": "Feature", "properties": { "name": "24e77037-eedc-7d8a-e053-84002d0a9694" }, "geometry": { "type": "Polygon", "coordinates": [ [ [ 470491.51043367094826, 5544837.330772106535733 ], [ 470493.843723247409798, 5544837.119986951351166 ], [ 470494.051048112101853, 5544839.405991204082966 ], [ 470491.717765659326687, 5544839.61788812559098 ], [ 470491.51043367094826, 5544837.330772106535733 ] ] ] } },
{ "type": "Feature", "properties": { "name": "24e77037-de2e-7d8a-e053-84002d0a9694" }, "geometry": { "type": "Polygon", "coordinates": [ [ [ 470478.924809070536867, 5542211.32742331828922 ], [ 470488.95658862387063, 5542206.718970509245992 ], [ 470494.068462325318251, 5542218.062000243924558 ], [ 470469.500069809495471, 5542229.510833279229701 ], [ 470464.080711725517176, 5542218.394122495315969 ], [ 470467.46313511277549, 5542216.654273587279022 ], [ 470454.562515136785805, 5542188.998478674329817 ], [ 470436.112664570624474, 5542171.373606155626476 ], [ 470444.838077953550965, 5542162.222469309344888 ], [ 470464.959477473516017, 5542181.642733031883836 ], [ 470478.924809070536867, 5542211.32742331828922 ] ] ] } },
{ "type": "Feature", "properties": { "name": "47f753aa-1966-44c7-9eea-342c9221e34e" }, "geometry": { "type": "Polygon", "coordinates": [ [ [ 467068.41527497721836, 5542996.519478351809084 ], [ 467068.327712847909424, 5542996.487772262655199 ], [ 467066.288046156812925, 5543002.05087071005255 ], [ 467054.893893804401159, 5542997.87468144390732 ], [ 467056.93354352156166, 5542992.310466802679002 ], [ 467017.15824830107158, 5542977.729472785256803 ], [ 467019.284286263224203, 5542971.778885854408145 ], [ 467070.606348902510945, 5542990.539602924138308 ], [ 467068.41527497721836, 5542996.519478351809084 ] ] ] } },
{ "type": "Feature", "properties": { "name": "24e77037-fb0c-7d8a-e053-84002d0a9694" }, "geometry": { "type": "Polygon", "coordinates": [ [ [ 468974.125665944127832, 5544180.575463512912393 ], [ 468976.237956059107091, 5544174.806977199390531 ], [ 468981.286108988395426, 5544176.643457387574017 ], [ 468979.276117178378627, 5544182.027747600339353 ], [ 468979.141455249628052, 5544182.387667785398662 ], [ 468974.125665944127832, 5544180.575463512912393 ] ] ] } },
{ "type": "Feature", "properties": { "name": "85d0f2e3-3f2f-40c1-98c6-5b3b4e1d5102" }, "geometry": { "type": "Polygon", "coordinates": [ [ [ 467083.019501967122778, 5543113.604965925216675 ], [ 467085.853300738381222, 5543114.562666690908372 ], [ 467081.981657017953694, 5543126.031150215305388 ], [ 467079.150018645334058, 5543125.074550137855113 ], [ 467081.088365937233903, 5543119.344183018431067 ], [ 467083.019501967122778, 5543113.604965925216675 ] ] ] } },
{ "type": "Feature", "properties": { "name": "76b513eb-8c39-4ca9-8978-e389bb96a015" }, "geometry": { "type": "Polygon", "coordinates": [ [ [ 468717.530888483452145, 5544008.874060860835016 ], [ 468716.522111183148809, 5544011.698592375963926 ], [ 468713.129089636844583, 5544010.47867513448 ], [ 468714.137871893355623, 5544007.655254828743637 ], [ 468717.530888483452145, 5544008.874060860835016 ] ] ] } },
{ "type": "Feature", "properties": { "name": "f5079f02-393f-4db4-ae1a-63b366515343" }, "geometry": { "type": "Polygon", "coordinates": [ [ [ 471145.493463506165426, 5544202.110327513888478 ], [ 471147.544658740400337, 5544196.398643803782761 ], [ 471153.162122470443137, 5544198.406437713652849 ], [ 471151.133199895964935, 5544204.133565519936383 ], [ 471145.493463506165426, 5544202.110327513888478 ] ] ] } },
{ "type": "Feature", "properties": { "name": "24e77037-f472-7d8a-e053-84002d0a9694" }, "geometry": { "type": "Polygon", "coordinates": [ [ [ 470869.362975391210057, 5544876.258448157459497 ], [ 470868.025129875924904, 5544860.502547144889832 ], [ 470901.641102913883515, 5544857.273032879456878 ], [ 470901.134224587469362, 5544851.473977220244706 ], [ 470908.582809179439209, 5544850.813035683706403 ], [ 470909.163794871536084, 5544856.550535344518721 ], [ 470949.643543613725342, 5544852.661348371766508 ], [ 470951.232606343517546, 5544868.84731440525502 ], [ 470869.362975391210057, 5544876.258448157459497 ] ] ] } },
{ "type": "Feature", "properties": { "name": "24e77037-f16b-7d8a-e053-84002d0a9694" }, "geometry": { "type": "Polygon", "coordinates": [ [ [ 469290.191218723950442, 5543641.535588375292718 ], [ 469300.079386797151528, 5543645.11361035425216 ], [ 469291.670705863798503, 5543668.393587343394756 ], [ 469255.823924176977016, 5543655.391308017075062 ], [ 469260.094017118273769, 5543643.618597046472132 ], [ 469276.585654482245445, 5543649.602574704214931 ], [ 469277.253879201656673, 5543647.760791908949614 ], [ 469280.040061132458504, 5543648.776627828367054 ], [ 469279.373242076195311, 5543650.613954656757414 ], [ 469286.021832750586327, 5543653.026389648206532 ], [ 469290.191218723950442, 5543641.535588375292718 ] ] ] } },
{ "type": "Feature", "properties": { "name": "24e77037-eec8-7d8a-e053-84002d0a9694" }, "geometry": { "type": "Polygon", "coordinates": [ [ [ 469001.359512357681524, 5543574.188227809034288 ], [ 468971.049313245166559, 5543563.172740430571139 ], [ 468988.116428212146275, 5543516.499141679145396 ], [ 469018.412062113988213, 5543527.557063127867877 ], [ 469003.51291497121565, 5543568.299438583664596 ], [ 469004.721847164793871, 5543568.713841747492552 ], [ 469011.521976367221214, 5543571.288507245481014 ], [ 469010.470836985157803, 5543574.01093085296452 ], [ 469002.50352705642581, 5543571.059426088817418 ], [ 469001.359512357681524, 5543574.188227809034288 ] ] ] } },
{ "type": "Feature", "properties": { "name": "24e77037-edf1-7d8a-e053-84002d0a9694" }, "geometry": { "type": "Polygon", "coordinates": [ [ [ 467881.588616643042769, 5543463.657095364294946 ], [ 467881.533309740771074, 5543464.702602026984096 ], [ 467881.36980178556405, 5543465.735415366478264 ], [ 467881.098755492188502, 5543466.746636305935681 ], [ 467880.813922006869689, 5543467.488863092847168 ], [ 467880.723671012616251, 5543467.722901203669608 ], [ 467880.248791212332435, 5543468.655289515852928 ], [ 467879.679061632428784, 5543469.532652704976499 ], [ 467879.020873211498838, 5543470.346057343296707 ], [ 467878.280610200657975, 5543471.085458152927458 ], [ 467877.467540984333027, 5543471.744128213264048 ], [ 467876.590211225848179, 5543472.314233048819005 ], [ 467875.829932514228858, 5543472.701285825110972 ], [ 467875.657889279013034, 5543472.789045730605721 ], [ 467874.680572863726411, 5543473.16405872348696 ], [ 467873.862004075373989, 5543473.383566562086344 ], [ 467873.670407784869894, 5543473.434751596301794 ], [ 467872.929279234434944, 5543473.552612921223044 ], [ 467872.636689057399053, 5543473.598844791762531 ], [ 467871.873605709290132, 5543473.637893998995423 ], [ 467870.547227201866917, 5543473.598045126534998 ], [ 467869.735161820659414, 5543473.469493587501347 ], [ 467868.503136224695481, 5543473.163337536156178 ], [ 467867.526333478221204, 5543472.78893618658185 ], [ 467866.594039838993922, 5543472.314197855070233 ], [ 467865.71630642330274, 5543471.743509730324149 ], [ 467864.903211062774062, 5543471.085706371814013 ], [ 467864.163372837239876, 5543470.345183555036783 ], [ 467863.505444220034406, 5543469.531896286644042 ], [ 467862.935206895053852, 5543468.65470492746681 ], [ 467862.460590657428838, 5543467.722456937655807 ], [ 467862.085242472647224, 5543466.746249274350703 ], [ 467861.814944063080475, 5543465.734942302107811 ], [ 467861.651207667484414, 5543464.701869586482644 ], [ 467861.596241534105502, 5543463.657024846412241 ], [ 467861.640573746757582, 5543462.811723695136607 ], [ 467861.815048820397351, 5543461.578704013489187 ], [ 467862.085375724302139, 5543460.567486388608813 ], [ 467862.386428765603341, 5543459.784021337516606 ], [ 467862.856776411877945, 5543458.812742562033236 ], [ 467863.403604678984266, 5543457.937738868407905 ], [ 467864.163966621039435, 5543456.968054501339793 ], [ 467864.742651176580694, 5543456.389733789488673 ], [ 467865.540577674983069, 5543455.71336252707988 ], [ 467866.374230913992506, 5543455.143518140539527 ], [ 467867.345629998482764, 5543454.617322419770062 ], [ 467868.014899063564371, 5543454.337556107901037 ], [ 467869.199881913606077, 5543453.963519010692835 ], [ 467870.317100080021191, 5543453.752224632538855 ], [ 467871.407173878571484, 5543453.671184336766601 ], [ 467872.376905244658701, 5543453.702055459842086 ], [ 467873.671178628283087, 5543453.879971663467586 ], [ 467874.504579149535857, 5543454.102906247600913 ], [ 467875.658538986346684, 5543454.525168630294502 ], [ 467876.590841551369522, 5543455.001020383089781 ], [ 467877.467853798065335, 5543455.570602736435831 ], [ 467878.130564689869061, 5543456.107002873905003 ], [ 467879.020788092864677, 5543456.968932744115591 ], [ 467879.581323898339178, 5543457.661610594950616 ], [ 467880.248951538291294, 5543458.659415022470057 ], [ 467880.724281473492738, 5543459.591660269536078 ], [ 467881.039984483853914, 5543460.413674701936543 ], [ 467881.36992172698956, 5543461.57917713932693 ], [ 467881.533654396305792, 5543462.612250439822674 ], [ 467881.588616643042769, 5543463.657095364294946 ] ] ] } },
{ "type": "Feature", "properties": { "name": "24e77037-f23d-7d8a-e053-84002d0a9694" }, "geometry": { "type": "Polygon", "coordinates": [ [ [ 468600.299316172662657, 5541733.044031826779246 ], [ 468601.765243503265083, 5541729.325081160292029 ], [ 468604.079195780097507, 5541730.23771323915571 ], [ 468602.613267108798027, 5541733.956663271412253 ], [ 468600.299316172662657, 5541733.044031826779246 ] ] ] } },
{ "type": "Feature", "properties": { "name": "24e77037-ec1b-7d8a-e053-84002d0a9694" }, "geometry": { "type": "Polygon", "coordinates": [ [ [ 466812.140273351280484, 5543296.911506900563836 ], [ 466820.746802525070962, 5543300.017027962952852 ], [ 466820.658061325666495, 5543300.256634426303208 ], [ 466841.793573687318712, 5543308.051209197379649 ], [ 466839.167732678877655, 5543315.222489334642887 ], [ 466817.914840697834734, 5543307.664373492822051 ], [ 466817.546499411459081, 5543308.659574866294861 ], [ 466812.037377522327006, 5543306.647854270413518 ], [ 466812.201102220977191, 5543306.144264767877758 ], [ 466809.13424185407348, 5543305.009140075184405 ], [ 466812.140273351280484, 5543296.911506900563836 ] ] ] } },
{ "type": "Feature", "properties": { "name": "3f366887-5854-a92a-e053-b4472c0a365b" }, "geometry": { "type": "Polygon", "coordinates": [ [ [ 466097.522100987436716, 5542997.525914694182575 ], [ 466108.696399471664336, 5543001.578046250157058 ], [ 466098.243767607142217, 5543030.399964845739305 ], [ 466086.975494210491888, 5543026.313982238993049 ], [ 466097.522100987436716, 5542997.525914694182575 ] ] ] } },
{ "type": "Feature", "properties": { "name": "24e77037-ed51-7d8a-e053-84002d0a9694" }, "geometry": { "type": "Polygon", "coordinates": [ [ [ 468566.431041213974822, 5541800.772981657646596 ], [ 468564.644130332395434, 5541805.689102131873369 ], [ 468584.945363782462664, 5541813.089634244330227 ], [ 468581.457511763263028, 5541814.749013762921095 ], [ 468589.875306137138978, 5541832.593175505287945 ], [ 468607.812101928459015, 5541824.131075858138502 ], [ 468596.160346941556782, 5541807.873607120476663 ], [ 468596.802507175889332, 5541806.105281851254404 ], [ 468586.727323895785958, 5541797.070279352366924 ], [ 468582.744712017884012, 5541798.886000226251781 ], [ 468568.941191848134622, 5541793.869016197510064 ], [ 468568.00085964956088, 5541796.456329545937479 ], [ 468560.779774277703837, 5541793.850213202647865 ], [ 468577.217979234876111, 5541748.731336412020028 ], [ 468584.20957380940672, 5541751.28100364562124 ], [ 468582.810258912562858, 5541755.118540162220597 ], [ 468599.742931132088415, 5541761.291360131464899 ], [ 468586.727323895785958, 5541797.070279352366924 ], [ 468596.802507175889332, 5541806.105281851254404 ], [ 468598.478639349690638, 5541806.722555045038462 ], [ 468596.160346941556782, 5541807.873607120476663 ], [ 468607.812101928459015, 5541824.131075858138502 ], [ 468599.835327184002381, 5541807.220506587997079 ], [ 468608.003513110277709, 5541810.230296205729246 ], [ 468612.938913347956259, 5541796.706434301100671 ], [ 468614.623628574074246, 5541797.321438473649323 ], [ 468623.059511387255043, 5541774.259348057210445 ], [ 468615.695379905810114, 5541771.567268974147737 ], [ 468625.541588410385884, 5541744.57752918638289 ], [ 468591.214611120929476, 5541732.065480463206768 ], [ 468585.934579650987871, 5541746.550938188098371 ], [ 468578.94026477704756, 5541744.026857950724661 ], [ 468580.589821999892592, 5541739.500708196312189 ], [ 468567.785992234945297, 5541734.833663470111787 ], [ 468544.595954957534559, 5541798.45616634003818 ], [ 468557.39965426112758, 5541803.123155540786684 ], [ 468559.206379564711824, 5541798.166888459585607 ], [ 468566.431041213974822, 5541800.772981657646596 ] ] ] } },
{ "type": "Feature", "properties": { "name": "24e77037-f25b-7d8a-e053-84002d0a9694" }, "geometry": { "type": "Polygon", "coordinates": [ [ [ 463295.201322573528159, 5542475.841618802398443 ], [ 463288.132353921653703, 5542466.642442309297621 ], [ 463301.698115400620736, 5542456.216581364162266 ], [ 463297.115327186940704, 5542450.396084363572299 ], [ 463298.995822751137894, 5542448.89547536149621 ], [ 463303.61817485128995, 5542454.741276392713189 ], [ 463342.304533460352104, 5542425.010992995463312 ], [ 463349.381309307180345, 5542434.205738930031657 ], [ 463295.201322573528159, 5542475.841618802398443 ] ] ] } },
{ "type": "Feature", "properties": { "name": "efd63ef1-43c5-4d36-908b-99e62fbde8e4" }, "geometry": { "type": "Polygon", "coordinates": [ [ [ 468346.168306388601195, 5543281.20279145706445 ], [ 468348.9841258249362, 5543282.202404079958797 ], [ 468344.872464088140987, 5543293.59798558242619 ], [ 468342.086027850862592, 5543292.601537024602294 ], [ 468344.131096638506278, 5543286.901028675958514 ], [ 468346.168306388601195, 5543281.20279145706445 ] ] ] } },
{ "type": "Feature", "properties": { "name": "3f366887-5764-a92a-e053-b4472c0a365b" }, "geometry": { "type": "Polygon", "coordinates": [ [ [ 470173.9310971769155, 5541318.313132731243968 ], [ 470185.374646413023584, 5541322.430083342827857 ], [ 470185.007671104045585, 5541323.550677147693932 ], [ 470186.176053364004474, 5541323.942225879058242 ], [ 470185.53977703244891, 5541325.842634512111545 ], [ 470184.370678818959277, 5541325.45108990650624 ], [ 470184.319023440533783, 5541325.436923038214445 ], [ 470184.284474731888622, 5541325.536072659306228 ], [ 470183.933998250227887, 5541326.532044181600213 ], [ 470172.476768013555557, 5541322.529696489684284 ], [ 470173.9310971769155, 5541318.313132731243968 ] ] ] } },
{ "type": "Feature", "properties": { "name": "886aaea5-ef80-474e-9e0f-55e40c003687" }, "geometry": { "type": "Polygon", "coordinates": [ [ [ 467589.295435448817443, 5541753.236328872852027 ], [ 467569.98249837680487, 5541746.198268871754408 ], [ 467571.512576418346725, 5541741.953830307349563 ], [ 467583.246930027788039, 5541746.228032598271966 ], [ 467587.66040983441053, 5541747.835789255797863 ], [ 467590.87863103376003, 5541749.008252725936472 ], [ 467589.295435448817443, 5541753.236328872852027 ] ] ] } },
{ "type": "Feature", "properties": { "name": "661e4af6-1a67-bde8-e053-b4472c0a3fef" }, "geometry": { "type": "Polygon", "coordinates": [ [ [ 467133.347816847148351, 5543010.78065450489521 ], [ 467130.68540879705688, 5543017.566181772388518 ], [ 467119.375383478938602, 5543013.431591228581965 ], [ 467121.859068814606871, 5543006.58155454415828 ], [ 467133.347816847148351, 5543010.78065450489521 ] ] ] } },
{ "type": "Feature", "properties": { "name": "661e4af6-1cb0-bde8-e053-b4472c0a3fef" }, "geometry": { "type": "Polygon", "coordinates": [ [ [ 470574.116124345338903, 5541615.892088192515075 ], [ 470550.559271360514686, 5541607.05871996562928 ], [ 470551.702776126854587, 5541604.114846400916576 ], [ 470575.217698747001123, 5541612.876177951693535 ], [ 470574.116124345338903, 5541615.892088192515075 ] ] ] } },
{ "type": "Feature", "properties": { "name": "3f366887-56f6-a92a-e053-b4472c0a365b" }, "geometry": { "type": "Polygon", "coordinates": [ [ [ 471096.369417550507933, 5544220.211169363930821 ], [ 471107.343455581692979, 5544220.464340791106224 ], [ 471107.239612919045612, 5544224.966915328986943 ], [ 471096.264868181664497, 5544224.713748019188643 ], [ 471096.369417550507933, 5544220.211169363930821 ] ] ] } },
{ "type": "Feature", "properties": { "name": "d66f1db0-fbc8-4093-ad97-c827c9ddb71c" }, "geometry": { "type": "Polygon", "coordinates": [ [ [ 470288.784120484837331, 5544046.170378455892205 ], [ 470290.567593874351587, 5544046.810928497463465 ], [ 470290.101786807470489, 5544048.153335105627775 ], [ 470288.298143623047508, 5544047.49065953027457 ], [ 470288.784120484837331, 5544046.170378455892205 ] ] ] } },
{ "type": "Feature", "properties": { "name": "3f366887-58ea-a92a-e053-b4472c0a365b" }, "geometry": { "type": "Polygon", "coordinates": [ [ [ 470671.731284937122837, 5544464.076366125606 ], [ 470732.78338683914626, 5544486.309966264292598 ], [ 470730.516482810839079, 5544492.534463388845325 ], [ 470728.746831439784728, 5544497.393071226775646 ], [ 470703.460399159579538, 5544488.183861317113042 ], [ 470702.259955446294043, 5544491.479387906379998 ], [ 470701.714751959138084, 5544492.976745676249266 ], [ 470702.327428522636183, 5544493.211333916522563 ], [ 470691.238613087567501, 5544489.160318586044014 ], [ 470692.983542426780332, 5544484.368546579964459 ], [ 470667.695554006728344, 5544475.159513257443905 ], [ 470668.474200830154587, 5544473.020426934584975 ], [ 470671.731284937122837, 5544464.076366125606 ] ] ] } },
{ "type": "Feature", "properties": { "name": "96ac709e-62b7-4863-bb6a-9479ee9bac7c" }, "geometry": { "type": "Polygon", "coordinates": [ [ [ 466065.471534380922094, 5542891.393298620358109 ], [ 466062.648295581748243, 5542890.342669355683029 ], [ 466059.817418118240312, 5542889.329894296824932 ], [ 466061.885389216127805, 5542883.64391528442502 ], [ 466064.705541681847535, 5542884.658983232453465 ], [ 466067.527160528290551, 5542885.679602812044322 ], [ 466065.471534380922094, 5542891.393298620358109 ] ] ] } },
{ "type": "Feature", "properties": { "name": "a1839c2e-2070-4ee9-b4f4-07d2e3cd5409" }, "geometry": { "type": "Polygon", "coordinates": [ [ [ 470293.056694220576901, 5542008.772306399419904 ], [ 470295.197237874206621, 5542006.389901745133102 ], [ 470299.22041015943978, 5542010.005657756701112 ], [ 470297.07698896038346, 5542012.385853013955057 ], [ 470295.2752322438173, 5542010.765831093303859 ], [ 470293.056694220576901, 5542008.772306399419904 ] ] ] } },
{ "type": "Feature", "properties": { "name": "f58c1868-ad5d-4713-a2e7-310c797a936d" }, "geometry": { "type": "Polygon", "coordinates": [ [ [ 465830.343608682916965, 5538556.755889653228223 ], [ 465843.974204564932734, 5538556.645670832134783 ], [ 465843.986648336518556, 5538564.447681019082665 ], [ 465830.322239908855408, 5538564.422465714626014 ], [ 465830.343608682916965, 5538556.755889653228223 ] ] ] } },
{ "type": "Feature", "properties": { "name": "b0f2fb30-d88b-4607-81a7-8531ec300723" }, "geometry": { "type": "Polygon", "coordinates": [ [ [ 467906.14296118618222, 5543097.735447165556252 ], [ 467906.62274037784664, 5543096.419431565329432 ], [ 467908.401841986866202, 5543097.064778414554894 ], [ 467907.919987499481067, 5543098.393037055619061 ], [ 467906.14296118618222, 5543097.735447165556252 ] ] ] } },
{ "type": "Feature", "properties": { "name": "24e77037-f274-7d8a-e053-84002d0a9694" }, "geometry": { "type": "Polygon", "coordinates": [ [ [ 464224.88579408620717, 5543089.328855299390852 ], [ 464221.019272722885944, 5543087.905898704193532 ], [ 464221.908323242969345, 5543085.493814169429243 ], [ 464225.77987355721416, 5543086.918961600400507 ], [ 464224.88579408620717, 5543089.328855299390852 ] ] ] } },
{ "type": "Feature", "properties": { "name": "24e77037-f46d-7d8a-e053-84002d0a9694" }, "geometry": { "type": "Polygon", "coordinates": [ [ [ 470355.755154273938388, 5541240.174807076342404 ], [ 470373.708413144224323, 5541192.91622915957123 ], [ 470377.62290642951848, 5541194.397838143631816 ], [ 470378.743534425448161, 5541191.462951047345996 ], [ 470387.130426394229289, 5541194.661036645062268 ], [ 470385.571700493630487, 5541198.819187451153994 ], [ 470392.760426797380205, 5541201.555805800482631 ], [ 470396.602588279987685, 5541191.37866538669914 ], [ 470511.119256851496175, 5541234.911872115917504 ], [ 470497.12611294654198, 5541271.857726986519992 ], [ 470506.340352347411681, 5541275.346088286489248 ], [ 470505.073451120406389, 5541278.655345432460308 ], [ 470506.699348282651044, 5541279.267932035960257 ], [ 470505.659730334358755, 5541281.963292189873755 ], [ 470504.045937892049551, 5541281.337296697311103 ], [ 470498.985382569720969, 5541294.549829508177936 ], [ 470355.755154273938388, 5541240.174807076342404 ] ] ] } },
{ "type": "Feature", "properties": { "name": "24e77037-f5f8-7d8a-e053-84002d0a9694" }, "geometry": { "type": "Polygon", "coordinates": [ [ [ 467818.407083146856166, 5543936.01331849489361 ], [ 467816.482253116788343, 5543941.212968501262367 ], [ 467808.264375089143869, 5543938.171347021125257 ], [ 467810.189198307343759, 5543932.971694054082036 ], [ 467818.407083146856166, 5543936.01331849489361 ] ] ] } },
{ "type": "Feature", "properties": { "name": "3f366887-58fe-a92a-e053-b4472c0a365b" }, "geometry": { "type": "Polygon", "coordinates": [ [ [ 470594.720299618376885, 5544436.029261372052133 ], [ 470655.771628403570503, 5544458.264215792529285 ], [ 470652.738146444316953, 5544466.594411783851683 ], [ 470651.735209957987536, 5544469.347378899343312 ], [ 470626.448503813531715, 5544460.137420492246747 ], [ 470624.703631735639647, 5544464.930326066911221 ], [ 470614.226666015922092, 5544461.114053446799517 ], [ 470615.972252041858155, 5544456.322252374142408 ], [ 470590.683989739860408, 5544447.112470572814345 ], [ 470594.720299618376885, 5544436.029261372052133 ] ] ] } },
{ "type": "Feature", "properties": { "name": "3f25fa33-9a91-9eb7-e053-b4472c0a31f2" }, "geometry": { "type": "Polygon", "coordinates": [ [ [ 468197.030599320598412, 5541673.372885772958398 ], [ 468175.716162075696047, 5541665.612914394587278 ], [ 468178.814947098027915, 5541656.94626416452229 ], [ 468179.549407169804908, 5541654.939396395348012 ], [ 468182.911587921727914, 5541645.754157550632954 ], [ 468204.261342350160703, 5541653.539521659724414 ], [ 468197.030599320598412, 5541673.372885772958398 ] ] ] } },
{ "type": "Feature", "properties": { "name": "661e4af6-1c92-bde8-e053-b4472c0a3fef" }, "geometry": { "type": "Polygon", "coordinates": [ [ [ 470554.197153014305513, 5541651.311531057581306 ], [ 470551.261775950843003, 5541650.270274848677218 ], [ 470559.204280300997198, 5541627.507571445778012 ], [ 470562.129628080874681, 5541628.546663444489241 ], [ 470554.197153014305513, 5541651.311531057581306 ] ] ] } },
{ "type": "Feature", "properties": { "name": "555d9942-8793-6d73-e053-b4472c0ae53c" }, "geometry": { "type": "Polygon", "coordinates": [ [ [ 470022.071087016258389, 5543161.394145923666656 ], [ 470025.935319930198602, 5543162.833519643172622 ], [ 470024.999979169224389, 5543165.241537011228502 ], [ 470021.156675733800512, 5543163.830955716781318 ], [ 470022.071087016258389, 5543161.394145923666656 ] ] ] } },
{ "type": "Feature", "properties": { "name": "24e77037-f341-7d8a-e053-84002d0a9694" }, "geometry": { "type": "Polygon", "coordinates": [ [ [ 470817.504029854550026, 5542871.289302093908191 ], [ 470819.367808227310888, 5542865.845379163511097 ], [ 470823.510485746024642, 5542867.262684354558587 ], [ 470821.646715809765738, 5542872.708829541690648 ], [ 470817.504029854550026, 5542871.289302093908191 ] ] ] } },
{ "type": "Feature", "properties": { "name": "24e77037-ef27-7d8a-e053-84002d0a9694" }, "geometry": { "type": "Polygon", "coordinates": [ [ [ 471270.943144917779136, 5544280.437902106903493 ], [ 471270.379630614828784, 5544292.425911298021674 ], [ 471273.356584727298468, 5544292.572262706235051 ], [ 471273.306470244657248, 5544294.572808735072613 ], [ 471276.263472795137204, 5544294.737058985978365 ], [ 471276.463924551557284, 5544294.734871032647789 ], [ 471276.338210148504004, 5544297.72317470330745 ], [ 471276.119818721665069, 5544297.717675791122019 ], [ 471263.267380599514581, 5544297.208507714793086 ], [ 471264.346531085087918, 5544269.255540456622839 ], [ 471274.177741928433534, 5544269.629714569076896 ], [ 471273.909075778676197, 5544276.796128807589412 ], [ 471272.635096836427692, 5544276.737367438152432 ], [ 471272.466317706275731, 5544280.505332096479833 ], [ 471270.943144917779136, 5544280.437902106903493 ] ] ] } },
{ "type": "Feature", "properties": { "name": "24e77037-fcc4-7d8a-e053-84002d0a9694" }, "geometry": { "type": "Polygon", "coordinates": [ [ [ 467503.618899599183351, 5544199.817981609143317 ], [ 467443.06341005169088, 5544180.374425471760333 ], [ 467444.312578628654592, 5544176.69536364916712 ], [ 467425.510294093983248, 5544170.407528944313526 ], [ 467425.669779976946302, 5544169.908431218005717 ], [ 467404.226674869947601, 5544163.103040544316173 ], [ 467408.238846374035347, 5544150.272961226291955 ], [ 467448.954998389526736, 5544163.177668521180749 ], [ 467449.496754932159092, 5544161.492083048447967 ], [ 467481.689748336619232, 5544172.1383848907426 ], [ 467477.930936474411283, 5544183.44802607037127 ], [ 467484.098707411671057, 5544185.408609108999372 ], [ 467493.205847370496485, 5544188.133000339381397 ], [ 467494.193116774375085, 5544184.9436612771824 ], [ 467502.989495115412865, 5544187.663285615853965 ], [ 467505.677759097015951, 5544193.410998188890517 ], [ 467503.618899599183351, 5544199.817981609143317 ] ] ] } },
{ "type": "Feature", "properties": { "name": "661e4af6-1c47-bde8-e053-b4472c0a3fef" }, "geometry": { "type": "Polygon", "coordinates": [ [ [ 470518.353706038149539, 5541580.531912175007164 ], [ 470519.259489918127656, 5541578.127490017563105 ], [ 470522.147282748424914, 5541579.234591801650822 ], [ 470521.256539730762597, 5541581.638930670917034 ], [ 470518.353706038149539, 5541580.531912175007164 ] ] ] } },
{ "type": "Feature", "properties": { "name": "24e77037-f454-7d8a-e053-84002d0a9694" }, "geometry": { "type": "Polygon", "coordinates": [ [ [ 471233.921466726402286, 5544732.717375239357352 ], [ 471232.096689900557976, 5544713.814048455096781 ], [ 471230.88957074919017, 5544713.921720938757062 ], [ 471229.633826230769046, 5544700.860506989061832 ], [ 471257.395705315750092, 5544698.156176954507828 ], [ 471258.69490187295014, 5544711.322792246006429 ], [ 471257.223061075084843, 5544711.459678020328283 ], [ 471259.041640554030892, 5544730.29188524838537 ], [ 471233.921466726402286, 5544732.717375239357352 ] ] ] } },
{ "type": "Feature", "properties": { "name": "24e77037-eef5-7d8a-e053-84002d0a9694" }, "geometry": { "type": "Polygon", "coordinates": [ [ [ 470596.661632094241213, 5541366.817408656701446 ], [ 470591.800779558194336, 5541363.199358599260449 ], [ 470597.610383616120089, 5541355.394315745681524 ], [ 470598.315270656719804, 5541355.918588464148343 ], [ 470598.761262176732998, 5541355.344634333625436 ], [ 470613.506487630307674, 5541335.532305781729519 ], [ 470628.350077891140245, 5541346.567444547079504 ], [ 470613.599857417400926, 5541366.38754291087389 ], [ 470602.884140091249719, 5541358.413025677204132 ], [ 470602.471239183214493, 5541359.012371042743325 ], [ 470596.661632094241213, 5541366.817408656701446 ] ] ] } },
{ "type": "Feature", "properties": { "name": "24e77037-f931-7d8a-e053-84002d0a9694" }, "geometry": { "type": "Polygon", "coordinates": [ [ [ 469589.323319048329722, 5541258.575976489111781 ], [ 469591.509523223852739, 5541259.441949339583516 ], [ 469590.67935647018021, 5541261.60148754529655 ], [ 469588.495125243382063, 5541260.704371177591383 ], [ 469589.323319048329722, 5541258.575976489111781 ] ] ] } },
{ "type": "Feature", "properties": { "name": "24e77037-ebbc-7d8a-e053-84002d0a9694" }, "geometry": { "type": "Polygon", "coordinates": [ [ [ 470436.401282080681995, 5544376.61866257339716 ], [ 470437.527072853758, 5544373.571438343264163 ], [ 470440.574568275536876, 5544374.696506691165268 ], [ 470439.448782162391581, 5544377.744842127896845 ], [ 470436.401282080681995, 5544376.61866257339716 ] ] ] } },
{ "type": "Feature", "properties": { "name": "24e77037-f012-7d8a-e053-84002d0a9694" }, "geometry": { "type": "Polygon", "coordinates": [ [ [ 468325.041309544350952, 5543826.78186743054539 ], [ 468343.141729764291085, 5543776.498608488589525 ], [ 468349.980592471372802, 5543778.952121859416366 ], [ 468352.952736192732118, 5543770.712136141955853 ], [ 468350.292780077375937, 5543769.75162941031158 ], [ 468354.16717071342282, 5543758.615400981158018 ], [ 468353.706369872787036, 5543758.063293983228505 ], [ 468353.292675172386225, 5543756.638076720759273 ], [ 468352.879689676512498, 5543755.211743410676718 ], [ 468353.164995732309762, 5543753.814637347124517 ], [ 468353.451017937273718, 5543752.417527070268989 ], [ 468354.206588856934104, 5543751.114374412223697 ], [ 468354.962160148716066, 5543749.811221867799759 ], [ 468355.681587927625515, 5543749.297723309136927 ], [ 468357.481947965803556, 5543748.013966761529446 ], [ 468358.222975530079566, 5543747.762746296823025 ], [ 468359.469186207745224, 5543744.307414893992245 ], [ 468368.625242346141022, 5543747.62897957675159 ], [ 468367.498767529730685, 5543750.748922928236425 ], [ 468377.352120618976187, 5543754.29765344504267 ], [ 468373.057793057290837, 5543766.23134582862258 ], [ 468368.618844007141888, 5543764.596421125344932 ], [ 468341.558154168713372, 5543839.72101457696408 ], [ 468329.64353054924868, 5543835.44403194449842 ], [ 468331.879394335730467, 5543829.234250017441809 ], [ 468325.041309544350952, 5543826.78186743054539 ] ] ] } },
{ "type": "Feature", "properties": { "name": "24e77037-f1d4-7d8a-e053-84002d0a9694" }, "geometry": { "type": "Polygon", "coordinates": [ [ [ 467886.51701084303204, 5541584.555084316059947 ], [ 467887.124145659909118, 5541580.444141356274486 ], [ 467899.760311599937268, 5541582.309734716080129 ], [ 467900.156797235365957, 5541579.622156561352313 ], [ 467909.707946764770895, 5541581.032603046856821 ], [ 467908.703588765929453, 5541587.831125169992447 ], [ 467886.51701084303204, 5541584.555084316059947 ] ] ] } },
{ "type": "Feature", "properties": { "name": "4392b5cb-e39a-48b0-9201-0e16094df1c5" }, "geometry": { "type": "Polygon", "coordinates": [ [ [ 471231.308980307367165, 5543582.11423050519079 ], [ 471229.914729807525873, 5543580.092541577294469 ], [ 471234.902070136449765, 5543576.65559287648648 ], [ 471236.296993803756777, 5543578.669496297836304 ], [ 471231.308980307367165, 5543582.11423050519079 ] ] ] } },
{ "type": "Feature", "properties": { "name": "59c45dc7-fc22-3292-e053-b4472c0a9ab1" }, "geometry": { "type": "Polygon", "coordinates": [ [ [ 465717.999988690949976, 5541764.397688955999911 ], [ 465718.009993397514336, 5541767.638783685863018 ], [ 465712.97471706266515, 5541767.677692600525916 ], [ 465712.956873139599338, 5541764.443319376558065 ], [ 465717.999988690949976, 5541764.397688955999911 ] ] ] } },
{ "type": "Feature", "properties": { "name": "f17ff88b-5151-4fca-8c50-1b179b746522" }, "geometry": { "type": "Polygon", "coordinates": [ [ [ 468092.738673794548959, 5543464.018597834743559 ], [ 468093.588588872400578, 5543461.728602006100118 ], [ 468099.264780443161726, 5543463.889632621780038 ], [ 468098.386944644502364, 5543466.180905845947564 ], [ 468092.738673794548959, 5543464.018597834743559 ] ] ] } },
{ "type": "Feature", "properties": { "name": "83e536c3-55f4-4aaf-8f17-6a8e0fa228ed" }, "geometry": { "type": "Polygon", "coordinates": [ [ [ 467938.828180749260355, 5543315.299398737959564 ], [ 467966.570714727451559, 5543325.383781631477177 ], [ 467965.471727642579935, 5543328.406910259276628 ], [ 467964.498838675499428, 5543331.082375454716384 ], [ 467964.372741824714467, 5543331.430039132013917 ], [ 467936.630228080437519, 5543321.344555802643299 ], [ 467938.828180749260355, 5543315.299398737959564 ] ] ] } },
{ "type": "Feature", "properties": { "name": "661e4af6-1e18-bde8-e053-b4472c0a3fef" }, "geometry": { "type": "Polygon", "coordinates": [ [ [ 467937.954970991413575, 5543125.169643310829997 ], [ 467935.120165959058795, 5543124.135890763252974 ], [ 467938.244079065334518, 5543115.572323975153267 ], [ 467941.078894644859247, 5543116.607190028764307 ], [ 467937.954970991413575, 5543125.169643310829997 ] ] ] } },
{ "type": "Feature", "properties": { "name": "c854fca1-b92b-4f9e-a5f1-0dc05ff743c4" }, "geometry": { "type": "Polygon", "coordinates": [ [ [ 470354.408557945571374, 5541649.121532785706222 ], [ 470348.692325149080716, 5541647.018370825797319 ], [ 470349.512443902087398, 5541644.682217881083488 ], [ 470355.273841112037189, 5541646.79180199559778 ], [ 470354.408557945571374, 5541649.121532785706222 ] ] ] } },
{ "type": "Feature", "properties": { "name": "24e77037-f4d1-7d8a-e053-84002d0a9694" }, "geometry": { "type": "Polygon", "coordinates": [ [ [ 469037.95103362633381, 5544293.346939198672771 ], [ 469039.479430106875952, 5544289.361987043172121 ], [ 469042.927207716042176, 5544290.685197964310646 ], [ 469041.39809314935701, 5544294.670153274200857 ], [ 469037.95103362633381, 5544293.346939198672771 ] ] ] } },
{ "type": "Feature", "properties": { "name": "24e77037-e61c-7d8a-e053-84002d0a9694" }, "geometry": { "type": "Polygon", "coordinates": [ [ [ 467767.688374167948496, 5541393.078562156297266 ], [ 467794.471385060460307, 5541319.68205042462796 ], [ 467796.303505897638388, 5541320.34817136451602 ], [ 467854.979476353735663, 5541341.723011425696313 ], [ 467855.126984495611396, 5541341.355204230174422 ], [ 467858.115699693153147, 5541342.451375020667911 ], [ 467859.055553249781951, 5541339.827246914617717 ], [ 467867.050719553080853, 5541342.702415962703526 ], [ 467865.948457952064928, 5541345.718900386244059 ], [ 467893.939059609605465, 5541355.914904707111418 ], [ 467867.190065763192251, 5541429.325161579996347 ], [ 467825.124564392084721, 5541414.00132399238646 ], [ 467823.781205519742798, 5541417.658599911257625 ], [ 467815.852562762040179, 5541414.753075362183154 ], [ 467817.180948026827537, 5541411.108118133619428 ], [ 467767.688374167948496, 5541393.078562156297266 ] ] ] } },
{ "type": "Feature", "properties": { "name": "24e77037-ed97-7d8a-e053-84002d0a9694" }, "geometry": { "type": "Polygon", "coordinates": [ [ [ 470891.91320268122945, 5544995.547655296511948 ], [ 470822.990548201312777, 5545001.963997830636799 ], [ 470829.176885279244743, 5544988.439762068912387 ], [ 470819.608698450028896, 5544989.331419048830867 ], [ 470813.421664629539009, 5545002.854558041319251 ], [ 470787.28504505159799, 5545005.286593697965145 ], [ 470783.208517413411755, 5544965.08864638581872 ], [ 470888.289459919498768, 5544955.010271007195115 ], [ 470891.91320268122945, 5544995.547655296511948 ] ] ] } },
{ "type": "Feature", "properties": { "name": "24e77037-fdaf-7d8a-e053-84002d0a9694" }, "geometry": { "type": "Polygon", "coordinates": [ [ [ 468051.680044689041097, 5543509.751970822922885 ], [ 468051.575895488495007, 5543511.737312194891274 ], [ 468051.264681928034406, 5543513.701651884242892 ], [ 468050.749844981066417, 5543515.621619744226336 ], [ 468050.037709614087362, 5543517.477164098061621 ], [ 468049.134600760997273, 5543519.248233284801245 ], [ 468048.05186213424895, 5543520.915857587009668 ], [ 468046.80083739629481, 5543522.461067293770611 ], [ 468045.39502487052232, 5543523.865991728380322 ], [ 468043.850097453920171, 5543525.11719477456063 ], [ 468042.183153399790172, 5543526.200119911693037 ], [ 468040.41130418528337, 5543527.102434306405485 ], [ 468038.555977306561545, 5543527.815115000121295 ], [ 468036.63573611836182, 5543528.329156101681292 ], [ 468034.672034601622727, 5543528.639981995336711 ], [ 468032.68633335607592, 5543528.744128879159689 ], [ 468030.701538300840184, 5543528.640348058193922 ], [ 468028.737704538856633, 5543528.329631618224084 ], [ 468026.817764567094855, 5543527.815178193151951 ], [ 468024.961800090037286, 5543527.102427199482918 ], [ 468023.190628798911348, 5543526.200149291194975 ], [ 468021.523636377009097, 5543525.117123656906188 ], [ 468019.978080409404356, 5543523.865477844141424 ], [ 468018.572663873375859, 5543522.459554526023567 ], [ 468017.321800294390414, 5543520.91483389493078 ], [ 468016.239193871908356, 5543519.24791225977242 ], [ 468015.336407424823847, 5543517.476510628126562 ], [ 468014.624301083793398, 5543515.620577988214791 ], [ 468014.109438863582909, 5543513.700089014135301 ], [ 468013.799107483006082, 5543511.736125977709889 ], [ 468013.694872114399914, 5543509.7509172456339 ], [ 468013.799007322464604, 5543507.765575083903968 ], [ 468014.110214180487674, 5543505.802345026284456 ], [ 468014.624322994088288, 5543503.882377901114523 ], [ 468015.337164045602549, 5543502.02682455163449 ], [ 468016.239548743062187, 5543500.255753953009844 ], [ 468017.322281807370018, 5543498.58812324795872 ], [ 468018.573303796816617, 5543497.042906695976853 ], [ 468019.979116512928158, 5543495.637975274585187 ], [ 468021.524047040089499, 5543494.386765408329666 ], [ 468023.191713021311443, 5543493.303829633630812 ], [ 468024.962854642129969, 5543492.401513895951211 ], [ 468026.818908140412532, 5543491.68882429599762 ], [ 468028.739161623874679, 5543491.17477975320071 ], [ 468030.70287659834139, 5543490.863951756618917 ], [ 468032.687875848030671, 5543490.759808478876948 ], [ 468034.673400921979919, 5543490.863585810177028 ], [ 468036.636531998694409, 5543491.174308744259179 ], [ 468038.556484077125788, 5543491.688765711151063 ], [ 468040.412458898848854, 5543492.401521424762905 ], [ 468042.183638320770115, 5543493.303805018775165 ], [ 468043.851352329947986, 5543494.386832781136036 ], [ 468045.396195016102865, 5543495.638489719480276 ], [ 468046.801611363247503, 5543497.04442002158612 ], [ 468048.052471830917057, 5543498.589147476479411 ], [ 468049.135788382962346, 5543500.256071194075048 ], [ 468050.037850370223168, 5543502.027482718229294 ], [ 468050.750662143924274, 5543503.883415713906288 ], [ 468051.264796040719375, 5543505.803912405855954 ], [ 468051.575823351042345, 5543507.766761417500675 ], [ 468051.680044689041097, 5543509.751970822922885 ] ] ] } },
{ "type": "Feature", "properties": { "name": "b9d383f5-0202-456f-8c72-08b6d7c5248a" }, "geometry": { "type": "Polygon", "coordinates": [ [ [ 470252.332421446917579, 5542382.783883480355144 ], [ 470251.30758942529792, 5542380.601395318284631 ], [ 470250.011193672136869, 5542377.881153885275126 ], [ 470255.541520982806105, 5542375.273085739463568 ], [ 470256.806415072933305, 5542377.995727244764566 ], [ 470257.845655339362565, 5542380.193702732212842 ], [ 470252.332421446917579, 5542382.783883480355144 ] ] ] } },
{ "type": "Feature", "properties": { "name": "24e77037-ec70-7d8a-e053-84002d0a9694" }, "geometry": { "type": "Polygon", "coordinates": [ [ [ 470727.981576505932026, 5542783.12001381162554 ], [ 470735.879810921149328, 5542759.385981438681483 ], [ 470788.957896951411385, 5542777.121903731487691 ], [ 470788.676064493367448, 5542777.969583035446703 ], [ 470781.077777057944331, 5542800.801275476813316 ], [ 470727.981576505932026, 5542783.12001381162554 ] ] ] } },
{ "type": "Feature", "properties": { "name": "661e4af6-1a76-bde8-e053-b4472c0a3fef" }, "geometry": { "type": "Polygon", "coordinates": [ [ [ 467132.301198985194787, 5543021.334458610974252 ], [ 467131.302199203986675, 5543024.131433865986764 ], [ 467121.820852215343621, 5543020.879568413831294 ], [ 467122.878791773458943, 5543018.002173352055252 ], [ 467132.301198985194787, 5543021.334458610974252 ] ] ] } },
{ "type": "Feature", "properties": { "name": "51d223d4-f4dc-b6d4-e053-b3472c0a178f" }, "geometry": { "type": "Polygon", "coordinates": [ [ [ 465726.454201135842595, 5542802.561497278511524 ], [ 465726.185140997869894, 5542802.706653934903443 ], [ 465725.900821611983702, 5542802.817439659498632 ], [ 465725.604823589383159, 5542802.893831535242498 ], [ 465725.302131311676931, 5542802.931350083090365 ], [ 465724.997055748419371, 5542802.932191483676434 ], [ 465724.693893632211257, 5542802.896328227594495 ], [ 465724.397650699596852, 5542802.822616373188794 ], [ 465724.111921798379626, 5542802.713256683200598 ], [ 465723.84244302805746, 5542802.569324321113527 ], [ 465723.592816357733682, 5542802.394131895154715 ], [ 465723.366629520140123, 5542802.18876832164824 ], [ 465723.167491607484408, 5542801.957658056169748 ], [ 465722.998281351756305, 5542801.703006447292864 ], [ 465722.857552269939333, 5542801.422598969191313 ], [ 465722.753961918351706, 5542801.12638720870018 ], [ 465722.688978145190049, 5542800.819921226240695 ], [ 465722.662629434082191, 5542800.507648398168385 ], [ 465722.675660392094869, 5542800.194011528976262 ], [ 465722.728829865227453, 5542799.885677103884518 ], [ 465722.820010847586673, 5542799.585994426161051 ], [ 465722.948515697789844, 5542799.299415460787714 ], [ 465723.112231646140572, 5542799.031513195484877 ], [ 465723.308322678029072, 5542798.786753362976015 ], [ 465723.533952776691876, 5542798.569601694121957 ], [ 465723.784832318895496, 5542798.381197543814778 ], [ 465724.05741627945099, 5542798.227123073302209 ], [ 465724.347407912253402, 5542798.107405802235007 ], [ 465724.650538945803419, 5542798.026520621962845 ], [ 465724.961073264770675, 5542797.983392374590039 ], [ 465725.274728357791901, 5542797.980272259563208 ], [ 465725.586491351597942, 5542798.017192373983562 ], [ 465725.890626130218152, 5542798.093077552504838 ], [ 465726.182821708265692, 5542798.205731609836221 ], [ 465726.458781338064, 5542798.355182059109211 ], [ 465726.713470793969464, 5542798.538125445134938 ], [ 465726.942579095077235, 5542798.752365587279201 ], [ 465727.143206154112704, 5542798.992361589334905 ], [ 465727.312480359396432, 5542799.25701994355768 ], [ 465727.446069380850531, 5542799.540808922611177 ], [ 465727.543228625843767, 5542799.839285725727677 ], [ 465727.602490261662751, 5542800.14690029155463 ], [ 465727.621677451417781, 5542800.459218986332417 ], [ 465727.601484970888123, 5542800.772901691496372 ], [ 465727.541862998856232, 5542801.080165482126176 ], [ 465727.444229551940225, 5542801.37877749837935 ], [ 465727.309974172792863, 5542801.662057499401271 ], [ 465727.140500639157835, 5542801.925548928789794 ], [ 465726.939368215098511, 5542802.165893329307437 ], [ 465726.708696797955781, 5542802.378629569895566 ], [ 465726.454201135842595, 5542802.561497278511524 ] ] ] } },
{ "type": "Feature", "properties": { "name": "661e4af6-1b84-bde8-e053-b4472c0a3fef" }, "geometry": { "type": "Polygon", "coordinates": [ [ [ 468549.394491731305607, 5544012.115633976645768 ], [ 468550.429190860071685, 5544009.33094568643719 ], [ 468556.132770816795528, 5544011.410014369525015 ], [ 468555.085995843401179, 5544014.211450813338161 ], [ 468549.394491731305607, 5544012.115633976645768 ] ] ] } },
{ "type": "Feature", "properties": { "name": "24e77037-fafd-7d8a-e053-84002d0a9694" }, "geometry": { "type": "Polygon", "coordinates": [ [ [ 469942.975571064394899, 5544284.952024064958096 ], [ 469958.892761287395842, 5544277.481940274126828 ], [ 469958.544866917829495, 5544276.726699681952596 ], [ 469957.760102047584951, 5544277.093580369837582 ], [ 469955.949283607071266, 5544273.234387209638953 ], [ 469968.834702974068932, 5544267.205682642757893 ], [ 469970.651894973183516, 5544271.053725436329842 ], [ 469969.865702843584586, 5544271.42172422632575 ], [ 469970.208534552541096, 5544272.168098867870867 ], [ 469972.027985846856609, 5544271.316190797835588 ], [ 469998.117371995118447, 5544259.109224086627364 ], [ 470004.260404624801595, 5544261.315231732092798 ], [ 470004.536777929053642, 5544260.552041124552488 ], [ 470003.723963680269662, 5544260.258612506091595 ], [ 470005.173481561825611, 5544256.24992414098233 ], [ 470018.532959349569865, 5544261.082911795936525 ], [ 470017.089110417116899, 5544265.082669644616544 ], [ 470016.297103000280913, 5544264.796905728988349 ], [ 470016.012280454568099, 5544265.585716424509883 ], [ 470021.358367114793509, 5544267.521573893725872 ], [ 470026.207280292757787, 5544269.275648813694715 ], [ 470021.033040985930711, 5544283.57123407535255 ], [ 469998.867590942652896, 5544275.564252990297973 ], [ 469949.430519934743643, 5544298.717599553056061 ], [ 469942.975571064394899, 5544284.952024064958096 ] ] ] } },
{ "type": "Feature", "properties": { "name": "24e77037-f837-7d8a-e053-84002d0a9694" }, "geometry": { "type": "Polygon", "coordinates": [ [ [ 470075.489397739002015, 5544509.148102102801204 ], [ 470073.137164043262601, 5544508.811014868319035 ], [ 470068.051621855178382, 5544512.578733791597188 ], [ 470067.693204916082323, 5544514.927929043769836 ], [ 470062.301759383117314, 5544514.178662584163249 ], [ 470061.43174621212529, 5544519.776314530521631 ], [ 470060.20194242335856, 5544520.696054215542972 ], [ 470061.191822545428295, 5544521.934714820235968 ], [ 470060.371762446069624, 5544527.503178481012583 ], [ 470074.680049406655598, 5544529.562397396191955 ], [ 470074.732411026023328, 5544529.196294221095741 ], [ 470076.067942538007628, 5544529.38785195350647 ], [ 470075.815727439709008, 5544531.141594017855823 ], [ 470082.423292622610461, 5544532.112010025419295 ], [ 470082.67826769920066, 5544530.339350804686546 ], [ 470084.013804840273224, 5544530.532022371888161 ], [ 470088.499223104561679, 5544513.541796906851232 ], [ 470090.679058590962086, 5544498.407969944179058 ], [ 470095.616993088682648, 5544494.740055698901415 ], [ 470109.118548226193525, 5544496.677121471613646 ], [ 470110.741396048106253, 5544496.909334402531385 ], [ 470114.439483481924981, 5544501.847684967331588 ], [ 470112.250275846396107, 5544516.981554063037038 ], [ 470107.311802683805581, 5544520.679477088153362 ], [ 470092.188013365492225, 5544518.480184284970164 ], [ 470088.499223104561679, 5544513.541796906851232 ], [ 470084.013804840273224, 5544530.532022371888161 ], [ 470083.961442601459567, 5544530.898125452920794 ], [ 470111.671610464400146, 5544534.886140673421323 ], [ 470111.723974553635344, 5544534.520037870854139 ], [ 470113.059503327705897, 5544534.71160482801497 ], [ 470112.801088048785459, 5544536.510966983623803 ], [ 470119.538271188735962, 5544537.490711615420878 ], [ 470119.798786668339744, 5544535.682442989200354 ], [ 470121.134314844675828, 5544535.874011962674558 ], [ 470121.081234238401521, 5544536.240118672139943 ], [ 470135.05201023403788, 5544538.251348638907075 ], [ 470136.911811942409258, 5544525.016203803941607 ], [ 470129.244958342111204, 5544523.83592870645225 ], [ 470125.576424923201557, 5544518.928535779006779 ], [ 470127.765725188190117, 5544503.804678889922798 ], [ 470132.684344413573854, 5544500.135794973000884 ], [ 470140.361075950087979, 5544501.155908664688468 ], [ 470142.270968080614693, 5544487.911592074669898 ], [ 470134.643604507320561, 5544486.761109349317849 ], [ 470130.955548181314953, 5544481.822689013555646 ], [ 470132.043735588958953, 5544473.869970507919788 ], [ 470126.487347525777295, 5544473.075972598977387 ], [ 470125.535933562379796, 5544471.80150496121496 ], [ 470124.314760594279505, 5544472.732300292700529 ], [ 470118.767246536910534, 5544471.989407549612224 ], [ 470117.682719990785699, 5544479.953227322548628 ], [ 470112.684327958442736, 5544483.69706676248461 ], [ 470097.457372515171301, 5544481.502782057970762 ], [ 470093.721008469234221, 5544476.510174676775932 ], [ 470094.944315987464506, 5544468.533343326300383 ], [ 470089.357929614372551, 5544467.754006054252386 ], [ 470088.379843544214964, 5544466.448561259545386 ], [ 470087.223386264406145, 5544467.429038139991462 ], [ 470081.629004532762337, 5544466.628627796657383 ], [ 470080.567540166142862, 5544474.610116745345294 ], [ 470075.553300849394873, 5544478.332953836768866 ], [ 470067.615583039470948, 5544477.123148526996374 ], [ 470066.840442181681283, 5544482.661338477395475 ], [ 470065.561225816607475, 5544483.580241345800459 ], [ 470066.53107256727526, 5544484.820126886479557 ], [ 470065.701139852695633, 5544490.417553556151688 ], [ 470073.637774288712535, 5544491.565096349455416 ], [ 470077.305776314635295, 5544496.493582877330482 ], [ 470075.489397739002015, 5544509.148102102801204 ] ] ] } },
{ "type": "Feature", "properties": { "name": "3feb9801-4ff2-030b-e053-b4472c0aa7e0" }, "geometry": { "type": "Polygon", "coordinates": [ [ [ 469325.751511492300779, 5544500.470490160398185 ], [ 469330.70141589245759, 5544486.86597550008446 ], [ 469336.425307181372773, 5544471.146668954752386 ], [ 469339.612721524259541, 5544462.424552774056792 ], [ 469366.169386140652932, 5544472.093731295317411 ], [ 469352.315907995449379, 5544510.142890245653689 ], [ 469344.107272770954296, 5544507.154466233216226 ], [ 469343.328442857600749, 5544509.293751520104706 ], [ 469342.255908753315452, 5544508.902953522279859 ], [ 469337.200720284832641, 5544511.133458560332656 ], [ 469334.699994658643845, 5544506.256600582040846 ], [ 469333.627459301671479, 5544505.865804309956729 ], [ 469334.440132576739416, 5544503.636260777711868 ], [ 469325.751511492300779, 5544500.470490160398185 ] ] ] } },
{ "type": "Feature", "properties": { "name": "48a0ca35-6342-3345-e053-b4472c0a7470" }, "geometry": { "type": "Polygon", "coordinates": [ [ [ 471013.388077732233796, 5544226.213912540115416 ], [ 471013.514976189704612, 5544220.166804973036051 ], [ 471016.520146272669081, 5544220.226134177297354 ], [ 471016.391836652939674, 5544226.277696820907295 ], [ 471013.388077732233796, 5544226.213912540115416 ] ] ] } },
{ "type": "Feature", "properties": { "name": "24e77037-f81e-7d8a-e053-84002d0a9694" }, "geometry": { "type": "Polygon", "coordinates": [ [ [ 470619.094698829459958, 5541359.699465156532824 ], [ 470633.817248804785777, 5541369.837996571324766 ], [ 470636.672034226940013, 5541365.692826027981937 ], [ 470636.954624041973148, 5541365.888079238124192 ], [ 470636.117452457896434, 5541367.10461710114032 ], [ 470638.757080652983859, 5541368.922521548345685 ], [ 470638.881441729026847, 5541368.740603520534933 ], [ 470639.161870175914373, 5541368.933644939213991 ], [ 470637.020604549383279, 5541372.043078624643385 ], [ 470652.751908354810439, 5541382.876614772714674 ], [ 470586.42778346769046, 5541479.191173700615764 ], [ 470548.642121470416896, 5541453.170717772096395 ], [ 470553.741025476483628, 5541445.76647393964231 ], [ 470552.829060449672397, 5541440.670186913572252 ], [ 470557.804523719358258, 5541439.865628381259739 ], [ 470559.355878413887694, 5541437.613327994942665 ], [ 470558.446022421005182, 5541432.639335219748318 ], [ 470563.421519700437784, 5541431.709139470942318 ], [ 470564.979981087904889, 5541429.445682935416698 ], [ 470564.069327192788478, 5541424.456127380952239 ], [ 470569.025026997143868, 5541423.571632786653936 ], [ 470570.558624094934203, 5541421.345006592571735 ], [ 470569.667969606351107, 5541416.344221497885883 ], [ 470574.640630910405889, 5541415.416275697760284 ], [ 470587.427536234376021, 5541396.847704839892685 ], [ 470586.534291125601158, 5541391.894742263481021 ], [ 470591.486848045373335, 5541390.953580246306956 ], [ 470593.032543545239605, 5541388.709104279987514 ], [ 470592.11042408348294, 5541383.715159895829856 ], [ 470597.096122919290792, 5541382.807177542708814 ], [ 470598.639692536031362, 5541380.566050576046109 ], [ 470597.746363762300462, 5541375.596408602781594 ], [ 470602.704000671976246, 5541374.66412428021431 ], [ 470609.350889099994674, 5541365.011003094725311 ], [ 470613.478967982868198, 5541367.854774444364011 ], [ 470619.094698829459958, 5541359.699465156532824 ] ] ] } },
{ "type": "Feature", "properties": { "name": "24e77037-f9e0-7d8a-e053-84002d0a9694" }, "geometry": { "type": "Polygon", "coordinates": [ [ [ 468738.166321632103063, 5544231.432269382290542 ], [ 468737.433324155572336, 5544229.863231005147099 ], [ 468744.804266234918032, 5544209.916271297261119 ], [ 468743.599960819003172, 5544209.537481038831174 ], [ 468741.267278822953813, 5544208.663821456953883 ], [ 468738.862846817588434, 5544207.763896768912673 ], [ 468734.199639725324232, 5544206.018793889321387 ], [ 468733.500905090186279, 5544204.432877549901605 ], [ 468731.157512666541152, 5544203.564844367094338 ], [ 468729.544584234070498, 5544204.321458576247096 ], [ 468727.194656722538639, 5544203.437898887321353 ], [ 468726.461398874875158, 5544201.825499918311834 ], [ 468724.118004143587314, 5544200.957469810731709 ], [ 468722.50507589353947, 5544201.714086141437292 ], [ 468711.950466964219231, 5544197.805241308175027 ], [ 468711.215752383053768, 5544196.189517241902649 ], [ 468709.637345388706308, 5544196.97262089047581 ], [ 468699.0417530957493, 5544193.037355717271566 ], [ 468698.286239313776605, 5544191.416195626370609 ], [ 468700.736765779089183, 5544184.893982860259712 ], [ 468697.299448636651505, 5544183.672111704945564 ], [ 468695.303321023005992, 5544189.051982832141221 ], [ 468678.794653386750724, 5544182.927579388953745 ], [ 468677.725551541487221, 5544182.531334141269326 ], [ 468676.915911502728704, 5544180.838221157900989 ], [ 468678.550357938511297, 5544176.296599674038589 ], [ 468680.290998149255756, 5544175.463614255189896 ], [ 468681.132747499970719, 5544173.101485664956272 ], [ 468680.430322124331724, 5544171.500031312927604 ], [ 468684.794966037734412, 5544159.778540590777993 ], [ 468686.379374815674964, 5544159.040982001461089 ], [ 468691.080394755292218, 5544160.753577653318644 ], [ 468694.610591579694301, 5544162.061628766357899 ], [ 468707.11899255705066, 5544166.678404808975756 ], [ 468708.863998681365047, 5544167.32532556168735 ], [ 468719.216404596809298, 5544171.171969207003713 ], [ 468719.925222801277414, 5544172.766719836741686 ], [ 468721.559097173041664, 5544172.040001367218792 ], [ 468735.590139712090604, 5544177.241691151633859 ], [ 468736.336981367843691, 5544178.850676285102963 ], [ 468742.185452866659034, 5544181.019157633185387 ], [ 468743.819327656296082, 5544180.29244595579803 ], [ 468755.5069298534072, 5544184.626150158233941 ], [ 468769.727328069857322, 5544189.897984020411968 ], [ 468770.337370712601114, 5544191.377681411802769 ], [ 468769.790322878398001, 5544192.595055328682065 ], [ 468768.287198516132776, 5544193.275408548302948 ], [ 468766.084669970208779, 5544199.122338257730007 ], [ 468766.812891662120819, 5544200.732548154890537 ], [ 468766.372240738361143, 5544201.901490254327655 ], [ 468764.762724338739645, 5544202.630276691168547 ], [ 468765.474029655451886, 5544204.286172550171614 ], [ 468763.731183576688636, 5544208.911791400052607 ], [ 468762.085702300071716, 5544209.734187176451087 ], [ 468761.217102799273562, 5544212.039753361605108 ], [ 468765.952449059986975, 5544213.757773265242577 ], [ 468770.745183641789481, 5544215.495476371608675 ], [ 468771.460430638922844, 5544217.091308096423745 ], [ 468769.283740787883289, 5544222.948092956095934 ], [ 468767.677133039978798, 5544223.683532947674394 ], [ 468764.629918887862004, 5544231.882588722743094 ], [ 468765.348360329633579, 5544233.535107283852994 ], [ 468763.17521183664212, 5544239.382979140616953 ], [ 468761.572931418835651, 5544240.122843327000737 ], [ 468748.687886219646316, 5544235.336910731159151 ], [ 468747.958101855358109, 5544233.704474579542875 ], [ 468745.594021060853265, 5544232.846563004888594 ], [ 468743.974271454615518, 5544233.659919077530503 ], [ 468738.166321632103063, 5544231.432269382290542 ] ] ] } },
{ "type": "Feature", "properties": { "name": "3f366887-5728-a92a-e053-b4472c0a365b" }, "geometry": { "type": "Polygon", "coordinates": [ [ [ 470175.16502211545594, 5541244.029370717704296 ], [ 470195.484849870379549, 5541278.493484134785831 ], [ 470184.551455724984407, 5541284.96432401239872 ], [ 470164.280704303761013, 5541250.445495803840458 ], [ 470175.16502211545594, 5541244.029370717704296 ] ] ] } },
{ "type": "Feature", "properties": { "name": "24e77037-eb2b-7d8a-e053-84002d0a9694" }, "geometry": { "type": "Polygon", "coordinates": [ [ [ 471087.105122374487109, 5544323.446188144385815 ], [ 471183.443052531336434, 5544325.696179286576807 ], [ 471182.295234709919896, 5544374.847588399425149 ], [ 471085.957454553630669, 5544372.594289381057024 ], [ 471087.105122374487109, 5544323.446188144385815 ] ] ] } },
{ "type": "Feature", "properties": { "name": "b7ee3e82-278b-4a3d-a8ad-19f5b5f1333e" }, "geometry": { "type": "Polygon", "coordinates": [ [ [ 470805.209350901539437, 5544238.768099781125784 ], [ 470807.309167420025915, 5544239.543856710195541 ], [ 470806.730768867651932, 5544241.134782000444829 ], [ 470804.623126209131442, 5544240.367963068187237 ], [ 470805.209350901539437, 5544238.768099781125784 ] ] ] } },
{ "type": "Feature", "properties": { "name": "24e77037-ba1b-7d8a-e053-84002d0a9694" }, "geometry": { "type": "Polygon", "coordinates": [ [ [ 467049.63684406405082, 5543586.917172633111477 ], [ 467051.303423867037054, 5543584.181669662706554 ], [ 467055.585644401959144, 5543586.784927978180349 ], [ 467053.934966212254949, 5543589.544793300330639 ], [ 467049.63684406405082, 5543586.917172633111477 ] ] ] } },
{ "type": "Feature", "properties": { "name": "24e77037-f32d-7d8a-e053-84002d0a9694" }, "geometry": { "type": "Polygon", "coordinates": [ [ [ 467631.286782698414754, 5543692.68527318816632 ], [ 467633.528762692178134, 5543686.780925763770938 ], [ 467636.455109207017813, 5543679.073404460214078 ], [ 467662.476883126364555, 5543688.635126900859177 ], [ 467657.62516792526003, 5543702.277301482856274 ], [ 467654.756891758879647, 5543701.232782440260053 ], [ 467654.245548423263244, 5543702.637964943423867 ], [ 467650.614548915880732, 5543701.331204740330577 ], [ 467651.131538800022099, 5543699.912645087577403 ], [ 467642.949372487550136, 5543696.933323769830167 ], [ 467642.437315808667336, 5543698.338511731475592 ], [ 467638.802622852439526, 5543697.013991598039865 ], [ 467639.314678713097237, 5543695.608803290873766 ], [ 467631.286782698414754, 5543692.68527318816632 ] ] ] } },
{ "type": "Feature", "properties": { "name": "3feb9801-4f9d-030b-e053-b4472c0aa7e0" }, "geometry": { "type": "Polygon", "coordinates": [ [ [ 470359.058376035129186, 5541555.485524866729975 ], [ 470375.57890950125875, 5541561.235927591100335 ], [ 470354.248375226627104, 5541622.515135181136429 ], [ 470337.72728999517858, 5541616.764802322722971 ], [ 470359.058376035129186, 5541555.485524866729975 ] ] ] } },
{ "type": "Feature", "properties": { "name": "24e77037-d11d-7d8a-e053-84002d0a9694" }, "geometry": { "type": "Polygon", "coordinates": [ [ [ 471168.072120302938856, 5544307.405118278227746 ], [ 471193.199171715066768, 5544308.018077558837831 ], [ 471193.053675462550018, 5544314.770213738083839 ], [ 471167.905304001644254, 5544314.180719849653542 ], [ 471168.072120302938856, 5544307.405118278227746 ] ] ] } },
{ "type": "Feature", "properties": { "name": "24e77037-f9d6-7d8a-e053-84002d0a9694" }, "geometry": { "type": "Polygon", "coordinates": [ [ [ 468015.443442604679149, 5543606.796052351593971 ], [ 467949.342814466624986, 5543582.623221202753484 ], [ 467966.53573179745581, 5543535.608618434518576 ], [ 467970.853648498014081, 5543537.18723026663065 ], [ 467971.034639042045455, 5543536.680238088592887 ], [ 467972.722765960381366, 5543532.080262173898518 ], [ 467984.153107406455092, 5543536.275963292457163 ], [ 467992.856314683740493, 5543534.65725711081177 ], [ 468004.207705697917845, 5543538.825675819069147 ], [ 468007.876723528257571, 5543540.2603156613186 ], [ 468012.477514494967181, 5543541.967360891401768 ], [ 468009.315561219467781, 5543550.492202708497643 ], [ 468009.078998736862559, 5543551.166308935731649 ], [ 468032.636134635831695, 5543559.780554692260921 ], [ 468032.51918788254261, 5543560.101476934738457 ], [ 468032.606734972679988, 5543560.133198758587241 ], [ 468037.724740815814584, 5543562.002847454510629 ], [ 468036.794494907255284, 5543564.503479483537376 ], [ 468031.651662849180866, 5543562.672896063886583 ], [ 468031.587081569537986, 5543562.649932177737355 ], [ 468029.164883616904262, 5543569.273462865501642 ], [ 467972.810553539427929, 5543548.664658009074628 ], [ 467967.89302717737155, 5543562.112352409400046 ], [ 468024.247229325876106, 5543582.719993553124368 ], [ 468015.443442604679149, 5543606.796052351593971 ] ] ] } },
{ "type": "Feature", "properties": { "name": "24e77037-f486-7d8a-e053-84002d0a9694" }, "geometry": { "type": "Polygon", "coordinates": [ [ [ 469687.440065595146734, 5541472.280283086933196 ], [ 469744.378708072239533, 5541323.484441237524152 ], [ 469759.265667317667976, 5541329.184364730492234 ], [ 469760.607059987436514, 5541325.703276256099343 ], [ 469764.228789034532383, 5541327.082686071284115 ], [ 469762.90113623754587, 5541330.587045541964471 ], [ 469781.266133281344082, 5541337.600539471022785 ], [ 469776.96548849233659, 5541348.816995561122894 ], [ 469779.050051149562933, 5541353.517381872050464 ], [ 469774.378947411489207, 5541355.571811906993389 ], [ 469773.554000447504222, 5541357.777991049923003 ], [ 469775.610092168732081, 5541362.510781300254166 ], [ 469770.93894741270924, 5541364.556319638155401 ], [ 469769.981835113547277, 5541367.079019442200661 ], [ 469772.084839195827954, 5541371.747054534964263 ], [ 469767.412993830163032, 5541373.793711906298995 ], [ 469766.469501100538764, 5541376.317447401583195 ], [ 469768.542451071320102, 5541380.991210230626166 ], [ 469763.870684194902424, 5541383.050101053901017 ], [ 469762.908652360260021, 5541385.588396357372403 ], [ 469765.015834211546462, 5541390.235279484651983 ], [ 469760.343360469152685, 5541392.294177495874465 ], [ 469759.38205461477628, 5541394.8335812818259 ], [ 469761.472698151716031, 5541399.469437654130161 ], [ 469756.811757570074406, 5541401.539392554201186 ], [ 469748.777001294540241, 5541422.522595186717808 ], [ 469750.85917354922276, 5541427.180733066052198 ], [ 469746.168974423431791, 5541429.265317292883992 ], [ 469745.233318375889212, 5541431.777893861755729 ], [ 469747.317695687932428, 5541436.446024896577001 ], [ 469742.643120275461115, 5541438.504950819537044 ], [ 469741.707467556465417, 5541441.017528053373098 ], [ 469743.770342848321889, 5541445.683555494993925 ], [ 469739.111642333155032, 5541447.761296905577183 ], [ 469738.181616559042595, 5541450.254941056482494 ], [ 469740.228726593777537, 5541454.919944399036467 ], [ 469735.577311616681982, 5541457.017661695368588 ], [ 469734.624951889214572, 5541459.488083247095346 ], [ 469736.690723124309443, 5541464.15965112298727 ], [ 469732.040027598850429, 5541466.256255664862692 ], [ 469731.081312488298863, 5541468.742280162870884 ], [ 469733.172801013861317, 5541473.401470704004169 ], [ 469728.487676031712908, 5541475.488266106694937 ], [ 469724.327335913607385, 5541486.394873077981174 ], [ 469705.89375346241286, 5541479.337489652447402 ], [ 469704.554057511559222, 5541482.851940206252038 ], [ 469700.962489340337925, 5541481.470176870003343 ], [ 469702.302949921460822, 5541477.964616131037474 ], [ 469687.440065595146734, 5541472.280283086933196 ] ] ] } },
{ "type": "Feature", "properties": { "name": "24e77037-f57b-7d8a-e053-84002d0a9694" }, "geometry": { "type": "Polygon", "coordinates": [ [ [ 465602.112961705541238, 5541710.368022493086755 ], [ 465602.106634605268482, 5541710.498154263012111 ], [ 465602.089563465851825, 5541710.628355044871569 ], [ 465602.061734004528262, 5541710.756401150487363 ], [ 465602.022422810900025, 5541710.881185340695083 ], [ 465601.972339013009332, 5541711.001591166481376 ], [ 465601.912198880803771, 5541711.117614028044045 ], [ 465601.841279003536329, 5541711.228146686218679 ], [ 465601.761721047398169, 5541711.332063488662243 ], [ 465601.673517870891374, 5541711.428252600133419 ], [ 465601.57738574303221, 5541711.516709410585463 ], [ 465601.473317521857098, 5541711.596322082914412 ], [ 465601.363454872684088, 5541711.665964968502522 ], [ 465601.247088668111246, 5541711.726754510775208 ], [ 465601.12635343108559, 5541711.77645322214812 ], [ 465601.001256302697584, 5541711.816172943450511 ], [ 465600.873938948207069, 5541711.844788032583892 ], [ 465600.744394224311691, 5541711.861186641268432 ], [ 465600.613352683722042, 5541711.867587859742343 ], [ 465600.4829488490941, 5541711.861754193902016 ], [ 465600.35318986105267, 5541711.844797490164638 ], [ 465600.225501115201041, 5541711.815596698783338 ], [ 465600.100613164482638, 5541711.776370912790298 ], [ 465599.979958546347916, 5541711.727110921405256 ], [ 465599.864246387209278, 5541711.666700287722051 ], [ 465599.753483828739263, 5541711.596250846982002 ], [ 465599.649826820474118, 5541711.516860647127032 ], [ 465599.553268219984602, 5541711.427417838945985 ], [ 465599.465261992416345, 5541711.331248753704131 ], [ 465599.385800995572936, 5541711.227241544052958 ], [ 465599.315615783736575, 5541711.117615302093327 ], [ 465599.254699214594439, 5541711.001258176751435 ], [ 465599.205214381567203, 5541710.880380056798458 ], [ 465599.16573588893516, 5541710.756101988255978 ], [ 465599.136980006587692, 5541710.62841936852783 ], [ 465599.120386416441761, 5541710.498434834182262 ], [ 465599.114536865614355, 5541710.368381286039948 ], [ 465599.120140481507406, 5541710.23714227322489 ], [ 465599.13721869274741, 5541710.10805332660675 ], [ 465599.16576435737079, 5541709.980002601630986 ], [ 465599.20507549168542, 5541709.855218392796814 ], [ 465599.255159238819033, 5541709.73481254093349 ], [ 465599.31529932981357, 5541709.618789645843208 ], [ 465599.385502907680348, 5541709.508261557668447 ], [ 465599.465060845774133, 5541709.404344717040658 ], [ 465599.553264017042238, 5541709.308155573904514 ], [ 465599.650112421717495, 5541709.219694123603404 ], [ 465599.753464393375907, 5541709.140086018480361 ], [ 465599.864036201674026, 5541709.069326655939221 ], [ 465599.979693321802188, 5541709.009653530083597 ], [ 465600.101137738674879, 5541708.958838348276913 ], [ 465600.225525800313335, 5541708.920235049910843 ], [ 465600.353559490933549, 5541708.891615345142782 ], [ 465600.483097143413033, 5541708.874104882590473 ], [ 465600.613429629825987, 5541708.868820108473301 ], [ 465600.744549806753639, 5541708.8746491773054 ], [ 465600.87359259580262, 5541708.891610491089523 ], [ 465601.001274265174288, 5541708.91969945281744 ], [ 465601.126162275439128, 5541708.958925261162221 ], [ 465601.246824086469132, 5541709.009297121316195 ], [ 465601.363252556184307, 5541709.069703184999526 ], [ 465601.473298875207547, 5541709.140157259069383 ], [ 465601.576955901458859, 5541709.219547493383288 ], [ 465601.673507364990655, 5541709.307878493331373 ], [ 465601.762229854706675, 5541709.404043014161289 ], [ 465601.841690831468441, 5541709.508050256408751 ], [ 465601.911883153486997, 5541709.618788378313184 ], [ 465601.972076268517412, 5541709.734038289636374 ], [ 465602.02227731840685, 5541709.854911831207573 ], [ 465602.061762892641127, 5541709.980301767587662 ], [ 465602.089802438858896, 5541710.10798900295049 ], [ 465602.107105085335206, 5541710.236857096664608 ], [ 465602.112961705541238, 5541710.368022493086755 ] ] ] } },
{ "type": "Feature", "properties": { "name": "d5d527cf-799b-46a5-acb4-a3bc3d4e7110" }, "geometry": { "type": "Polygon", "coordinates": [ [ [ 469932.200360223010648, 5542324.826319085434079 ], [ 469931.782660315046087, 5542324.671889528632164 ], [ 469932.998656113981269, 5542321.333862596191466 ], [ 469933.399117851513438, 5542321.479493998922408 ], [ 469958.990546995366458, 5542330.77905388828367 ], [ 469959.068901764869224, 5542330.575139873661101 ], [ 469963.596612399909645, 5542332.208664872683585 ], [ 469962.58305706619285, 5542334.995167505927384 ], [ 469962.569661667163018, 5542335.033046638593078 ], [ 469962.269648313638754, 5542334.91909409314394 ], [ 469962.247396728140302, 5542334.910323875956237 ], [ 469961.039295172842685, 5542338.253859208896756 ], [ 469961.022368783364072, 5542338.300653213635087 ], [ 469961.079788174130954, 5542338.322568695992231 ], [ 469961.334582036186475, 5542338.418984768912196 ], [ 469960.344482213491574, 5542341.173111703246832 ], [ 469959.482594059722032, 5542340.865508764982224 ], [ 469959.56020131992409, 5542340.656039538793266 ], [ 469952.575113886618055, 5542338.114558511413634 ], [ 469943.925608128774911, 5542334.944209726527333 ], [ 469944.862256920430809, 5542332.366057095117867 ], [ 469944.880596831848379, 5542332.315919461660087 ], [ 469944.724860418587923, 5542332.258975842036307 ], [ 469945.643438529456034, 5542329.778770408593118 ], [ 469932.200360223010648, 5542324.826319085434079 ] ] ] } },
{ "type": "Feature", "properties": { "name": "7a2709fe-710e-75fc-e053-b4472c0a20d9" }, "geometry": { "type": "Polygon", "coordinates": [ [ [ 469762.682863253518008, 5544255.340951159596443 ], [ 469755.675693607016001, 5544237.957306864671409 ], [ 469756.80932752013905, 5544237.500585664063692 ], [ 469756.449877508217469, 5544236.606437582522631 ], [ 469757.563693844247609, 5544236.696876243688166 ], [ 469758.304985151975416, 5544235.859884269535542 ], [ 469758.66371268813964, 5544236.752924671396613 ], [ 469758.843724625709001, 5544236.680746613070369 ], [ 469759.017231656936929, 5544236.977751326747239 ], [ 469759.598690817074385, 5544236.743192931637168 ], [ 469759.536986437567975, 5544237.859874740242958 ], [ 469760.393032361404039, 5544238.578874257393181 ], [ 469759.764422612031922, 5544238.831489210948348 ], [ 469763.992485248774756, 5544249.412759995087981 ], [ 469777.1362320088665, 5544244.021466952748597 ], [ 469779.141312355175614, 5544248.785690260119736 ], [ 469791.559337573300581, 5544243.563090755604208 ], [ 469790.165784214739688, 5544240.717860270291567 ], [ 469794.877844065485988, 5544242.307940061204135 ], [ 469793.338702074950561, 5544239.16443342808634 ], [ 469798.682694927847479, 5544240.709809393621981 ], [ 469814.298508273728658, 5544234.146071147173643 ], [ 469812.577699141053017, 5544230.018453477881849 ], [ 469825.766287877573632, 5544224.563650522381067 ], [ 469820.606253322563134, 5544211.841649933718145 ], [ 469821.503432538767811, 5544211.476338924840093 ], [ 469821.189741342095658, 5544210.69645273219794 ], [ 469822.083595004514791, 5544210.757012673653662 ], [ 469822.883486209495459, 5544210.025328423827887 ], [ 469823.193541099899448, 5544210.795228253118694 ], [ 469824.496163044124842, 5544210.594414008781314 ], [ 469824.365038059069775, 5544211.591402765363455 ], [ 469825.161580559157301, 5544212.424160444177687 ], [ 469824.645837482064962, 5544212.63276769220829 ], [ 469830.840417108731344, 5544228.021911405958235 ], [ 469841.548974361794535, 5544223.711918617598712 ], [ 469843.439588791748974, 5544228.881536822766066 ], [ 469727.823882561468054, 5544275.314052786678076 ], [ 469720.578042855195235, 5544282.444434919394553 ], [ 469724.649046224658377, 5544292.084797360002995 ], [ 469724.58327967277728, 5544293.747438611462712 ], [ 469710.70781001530122, 5544299.102977069094777 ], [ 469704.076768174942117, 5544283.049308002926409 ], [ 469719.0040202056407, 5544276.432481472380459 ], [ 469724.477797836938407, 5544270.8031624276191 ], [ 469762.682863253518008, 5544255.340951159596443 ] ] ] } },
{ "type": "Feature", "properties": { "name": "024fcad5-eb34-4687-bfa4-cb9735c5d9df" }, "geometry": { "type": "Polygon", "coordinates": [ [ [ 470156.221929227467626, 5542202.223304693587124 ], [ 470156.881150805449579, 5542199.320956033654511 ], [ 470159.265544268069789, 5542199.850264618173242 ], [ 470158.601475377043243, 5542202.782660784199834 ], [ 470156.221929227467626, 5542202.223304693587124 ] ] ] } },
{ "type": "Feature", "properties": { "name": "1cc193d7-d9d7-4098-b8ac-6a5060c8fd40" }, "geometry": { "type": "Polygon", "coordinates": [ [ [ 466627.847123057639692, 5542995.934600679203868 ], [ 466629.948585536214523, 5542990.24752545915544 ], [ 466635.56954006140586, 5542992.329525717534125 ], [ 466633.474399538594298, 5542997.997657161206007 ], [ 466627.847123057639692, 5542995.934600679203868 ] ] ] } },
{ "type": "Feature", "properties": { "name": "24e77037-f256-7d8a-e053-84002d0a9694" }, "geometry": { "type": "Polygon", "coordinates": [ [ [ 463492.478300181857776, 5542215.440998921170831 ], [ 463576.094913513865322, 5542151.053162321448326 ], [ 463583.782897969416808, 5542161.030165882781148 ], [ 463536.874324998818338, 5542197.158006952144206 ], [ 463563.215370061690919, 5542218.198101847432554 ], [ 463603.785690626828, 5542186.98923281300813 ], [ 463611.469961419468746, 5542196.96185315772891 ], [ 463527.812931432272308, 5542261.363875342532992 ], [ 463520.130003323312849, 5542251.388028469868004 ], [ 463540.991803360870108, 5542235.313576814718544 ], [ 463532.224143968778662, 5542223.920760945416987 ], [ 463530.692238886083942, 5542225.095349810086191 ], [ 463528.257664248754736, 5542221.927463749423623 ], [ 463529.785981139459182, 5542220.751786740496755 ], [ 463521.031279719551094, 5542209.375579080544412 ], [ 463500.153588815010153, 5542225.436872948892415 ], [ 463492.478300181857776, 5542215.440998921170831 ] ] ] } },
{ "type": "Feature", "properties": { "name": "24e77037-ed56-7d8a-e053-84002d0a9694" }, "geometry": { "type": "Polygon", "coordinates": [ [ [ 466772.66745595872635, 5543291.585837123915553 ], [ 466768.755446029710583, 5543290.080163253471255 ], [ 466760.604027175053488, 5543286.930759073235095 ], [ 466752.870162914157845, 5543308.234797976911068 ], [ 466688.771049471339211, 5543284.926730995997787 ], [ 466706.184410328278318, 5543236.854777133092284 ], [ 466770.408733134448994, 5543259.951019687578082 ], [ 466762.599998612131458, 5543281.43452194146812 ], [ 466770.869841540581547, 5543284.51092114392668 ], [ 466774.713373883918393, 5543285.943636912852526 ], [ 466785.689373639703263, 5543255.684363270178437 ], [ 466798.243964554974809, 5543260.319773035123944 ], [ 466766.284428082581144, 5543348.696566103026271 ], [ 466753.649810168542899, 5543344.060617748647928 ], [ 466759.416274770104792, 5543328.131442897953093 ], [ 466762.784258349274751, 5543318.832915269769728 ], [ 466772.66745595872635, 5543291.585837123915553 ] ] ] } },
{ "type": "Feature", "properties": { "name": "3f366887-5723-a92a-e053-b4472c0a365b" }, "geometry": { "type": "Polygon", "coordinates": [ [ [ 470211.103414431912825, 5541196.203122325241566 ], [ 470211.083658847084735, 5541196.901492430828512 ], [ 470211.023776123649441, 5541197.597861958667636 ], [ 470210.924470244208351, 5541198.290003241039813 ], [ 470210.785728856048081, 5541198.975692580454051 ], [ 470210.607533421891276, 5541199.651594455353916 ], [ 470210.391310441307724, 5541200.316589049063623 ], [ 470210.137763893580996, 5541200.96844869479537 ], [ 470209.847591572790407, 5541201.60383387748152 ], [ 470209.521503639523871, 5541202.221628776751459 ], [ 470209.160210253379773, 5541202.820717566646636 ], [ 470208.765841872256715, 5541203.397752768360078 ], [ 470208.33839231764432, 5541203.951622542925179 ], [ 470207.880714562314097, 5541204.480087269097567 ], [ 470207.393512573617045, 5541204.980919281952083 ], [ 470206.878219020494726, 5541205.454110617749393 ], [ 470206.336964350310154, 5541205.896313796751201 ], [ 470205.771181227988563, 5541206.307520859874785 ], [ 470205.183006281382404, 5541206.685496161691844 ], [ 470204.574582320929039, 5541207.02911592181772 ], [ 470203.947335821285378, 5541207.337260320782661 ], [ 470203.303409589570947, 5541207.608805571682751 ], [ 470202.644952616537921, 5541207.843739719130099 ], [ 470201.974107706686482, 5541208.040938971564174 ], [ 470201.293017662595958, 5541208.199279529042542 ], [ 470200.603831472282764, 5541208.318749442696571 ], [ 470199.909408270090353, 5541208.398220926523209 ], [ 470199.211180708603933, 5541208.437686005607247 ], [ 470198.512014107720461, 5541208.437128748744726 ], [ 470197.814063639962114, 5541208.397649033926427 ], [ 470197.11947210499784, 5541208.31812306214124 ], [ 470196.431104823073838, 5541208.198534885421395 ], [ 470195.749684300331865, 5541208.039992363192141 ], [ 470195.079508526134305, 5541207.842471570707858 ], [ 470194.420589861925691, 5541207.608196197077632 ], [ 470193.777220112795476, 5541207.336030474863946 ], [ 470193.149405454634689, 5541207.027086240239441 ], [ 470192.540733735600952, 5541206.682455401867628 ], [ 470191.952649992017541, 5541206.304353672079742 ], [ 470191.387309407698922, 5541205.89388092327863 ], [ 470190.846144646580797, 5541205.451029176823795 ], [ 470190.331317084201146, 5541204.97801015432924 ], [ 470189.844271764683072, 5541204.477039569057524 ], [ 470189.386441357026342, 5541203.948109433054924 ], [ 470188.959993432566989, 5541203.394543313421309 ], [ 470188.565650518168695, 5541202.817449063062668 ], [ 470188.204857665870804, 5541202.219042389653623 ], [ 470187.878337406669743, 5541201.600431144237518 ], [ 470187.588251130771823, 5541200.963827050291002 ], [ 470187.335339938639663, 5541200.313673487864435 ], [ 470187.119597653392702, 5541199.648858613334596 ], [ 470186.94175918889232, 5541198.972713968716562 ], [ 470186.803275796002708, 5541198.28856710717082 ], [ 470186.704153677914292, 5541197.59752987511456 ], [ 470186.644399038690608, 5541196.900714113377035 ], [ 470186.624036649358459, 5541196.202567198313773 ], [ 470186.644505385484081, 5541195.504193003289402 ], [ 470186.703668633999769, 5541194.807827179320157 ], [ 470186.803687794948928, 5541194.115681454539299 ], [ 470186.94243244297104, 5541193.431103330105543 ], [ 470187.119908781372942, 5541192.7552046533674 ], [ 470187.336129201226868, 5541192.09020911809057 ], [ 470187.589673420647159, 5541191.438348392955959 ], [ 470187.879843681526836, 5541190.802962003275752 ], [ 470188.205923657515086, 5541190.184053948149085 ], [ 470188.567221775825601, 5541189.586075595580041 ], [ 470188.961589034355711, 5541189.009038913063705 ], [ 470189.388321479258593, 5541188.455171589739621 ], [ 470189.845998818229418, 5541187.926705295220017 ], [ 470190.333200756635051, 5541187.425871700048447 ], [ 470190.848494621517602, 5541186.95267878472805 ], [ 470191.389749965863302, 5541186.510474056005478 ], [ 470191.955534112406895, 5541186.099265491589904 ], [ 470192.542994085000828, 5541185.721292738802731 ], [ 470193.152136064541992, 5541185.377667644061148 ], [ 470193.779384545749053, 5541185.069521998986602 ], [ 470194.423306845128536, 5541184.796863777562976 ], [ 470195.081766315561254, 5541184.561928636394441 ], [ 470195.751903783471789, 5541184.365844368003309 ], [ 470196.432996711460873, 5541184.207503121346235 ], [ 470197.122185924381483, 5541184.088032688945532 ], [ 470197.81661224574782, 5541184.008560861460865 ], [ 470198.514120462117717, 5541183.967987752519548 ], [ 470199.213290257088374, 5541183.968545023351908 ], [ 470199.91124389320612, 5541184.008024930022657 ], [ 470200.605838530347683, 5541184.087551275268197 ], [ 470201.294208804320078, 5541184.207139994949102 ], [ 470201.97563217766583, 5541184.365683228708804 ], [ 470202.645804428088013, 5541184.562093041837215 ], [ 470203.304731728101615, 5541184.797481273300946 ], [ 470203.948103672475554, 5541185.069648139178753 ], [ 470204.575914065120742, 5541185.37748179025948 ], [ 470205.184581211651675, 5541185.721002146601677 ], [ 470205.772666245349683, 5541186.099105321802199 ], [ 470206.338013964123093, 5541186.510691426694393 ], [ 470206.879173134861048, 5541186.952432883903384 ], [ 470207.394000929314643, 5541187.425453482195735 ], [ 470207.881046118680388, 5541187.926425651647151 ], [ 470208.338876030407846, 5541188.455357353202999 ], [ 470208.766039440117311, 5541189.008921013213694 ], [ 470209.160381158231758, 5541189.586016735993326 ], [ 470209.521888821735047, 5541190.18442081939429 ], [ 470209.847684724722058, 5541190.801925506442785 ], [ 470210.138485211879015, 5541191.438526805490255 ], [ 470210.392116548726335, 5541192.089789285324514 ], [ 470210.607856226852164, 5541192.754605078138411 ], [ 470210.78569189098198, 5541193.430750492960215 ], [ 470210.924178515153471, 5541194.116009802557528 ], [ 470211.02402008138597, 5541194.808155328966677 ], [ 470211.08376538194716, 5541195.50385950319469 ], [ 470211.103414431912825, 5541196.203122325241566 ] ] ] } },
{ "type": "Feature", "properties": { "name": "24e77037-f4e5-7d8a-e053-84002d0a9694" }, "geometry": { "type": "Polygon", "coordinates": [ [ [ 468537.645570945169311, 5541957.978954046964645 ], [ 468521.380627347563859, 5541951.986981322988868 ], [ 468521.415576332015917, 5541951.840007171034813 ], [ 468526.352070681343321, 5541938.440583565272391 ], [ 468542.633562093484215, 5541944.439145708456635 ], [ 468537.645570945169311, 5541957.978954046964645 ] ] ] } },
{ "type": "Feature", "properties": { "name": "bfaaa84c-b13f-47b3-8e7c-1673b689b491" }, "geometry": { "type": "Polygon", "coordinates": [ [ [ 466930.441264607885387, 5542769.0937021933496 ], [ 466927.635563832649495, 5542768.081425866112113 ], [ 466931.750343176769093, 5542756.680271629244089 ], [ 466934.556049090053421, 5542757.692550115287304 ], [ 466930.441264607885387, 5542769.0937021933496 ] ] ] } },
{ "type": "Feature", "properties": { "name": "5d64df1a-072b-6616-e053-b4472c0a062e" }, "geometry": { "type": "Polygon", "coordinates": [ [ [ 466237.233412238885649, 5542975.880542195402086 ], [ 466238.464383329788689, 5542972.579357776790857 ], [ 466238.943941132980399, 5542971.290987479500473 ], [ 466239.439752100151964, 5542969.968046105466783 ], [ 466240.383437239215709, 5542967.442550035193563 ], [ 466245.174136100278702, 5542969.226944170892239 ], [ 466246.22215281293029, 5542969.618392520584166 ], [ 466244.991892345366068, 5542972.919570599682629 ], [ 466244.511617145151831, 5542974.207944871857762 ], [ 466244.015798328968231, 5542975.529773933812976 ], [ 466243.072119985590689, 5542978.056381239555776 ], [ 466238.281428254442289, 5542976.271988993510604 ], [ 466237.233412238885649, 5542975.880542195402086 ] ] ] } },
{ "type": "Feature", "properties": { "name": "53c17e27-a119-4173-a2c4-4232c2960bc1" }, "geometry": { "type": "Polygon", "coordinates": [ [ [ 467066.1970945072826, 5542818.370732528157532 ], [ 467063.381440654280595, 5542817.361782420426607 ], [ 467067.466343348147348, 5542805.953134835697711 ], [ 467070.281286251323763, 5542806.962091500870883 ], [ 467066.1970945072826, 5542818.370732528157532 ] ] ] } },
{ "type": "Feature", "properties": { "name": "24e77037-f828-7d8a-e053-84002d0a9694" }, "geometry": { "type": "Polygon", "coordinates": [ [ [ 470524.124675595026929, 5541453.714773186482489 ], [ 470526.422591124253813, 5541450.322013631463051 ], [ 470528.327948380087037, 5541451.612426656298339 ], [ 470526.02931591658853, 5541455.005189338698983 ], [ 470524.124675595026929, 5541453.714773186482489 ] ] ] } },
{ "type": "Feature", "properties": { "name": "24e77037-f85f-7d8a-e053-84002d0a9694" }, "geometry": { "type": "Polygon", "coordinates": [ [ [ 467899.154926910880022, 5543375.060994503088295 ], [ 467904.826414093666244, 5543377.12511432915926 ], [ 467897.770425741502549, 5543396.73332173936069 ], [ 467892.02719206654001, 5543394.642954606562853 ], [ 467899.154926910880022, 5543375.060994503088295 ] ] ] } },
{ "type": "Feature", "properties": { "name": "f840bc55-8c12-4e2e-9ca1-2b04ff21c076" }, "geometry": { "type": "Polygon", "coordinates": [ [ [ 471324.662326179677621, 5544244.603968565352261 ], [ 471329.829921435040887, 5544246.453134977258742 ], [ 471327.78641551383771, 5544252.162482696585357 ], [ 471322.618819060036913, 5544250.312206410802901 ], [ 471324.662326179677621, 5544244.603968565352261 ] ] ] } },
{ "type": "Feature", "properties": { "name": "24e77037-ebf8-7d8a-e053-84002d0a9694" }, "geometry": { "type": "Polygon", "coordinates": [ [ [ 470895.682280424807686, 5544495.786344553343952 ], [ 470899.474415639298968, 5544495.90581508167088 ], [ 470899.237668630084954, 5544503.449010362848639 ], [ 470895.445538752130233, 5544503.329540022648871 ], [ 470895.682280424807686, 5544495.786344553343952 ] ] ] } },
{ "type": "Feature", "properties": { "name": "24e77037-f84b-7d8a-e053-84002d0a9694" }, "geometry": { "type": "Polygon", "coordinates": [ [ [ 468735.488821273553185, 5544105.739025369286537 ], [ 468737.218824867741205, 5544100.996725019998848 ], [ 468743.423624425544403, 5544083.990853012539446 ], [ 468743.814728981931694, 5544082.918932891450822 ], [ 468796.848817336838692, 5544102.268694122321904 ], [ 468796.061597986728884, 5544104.415891407988966 ], [ 468788.466748820908833, 5544125.067904563620687 ], [ 468735.488821273553185, 5544105.739025369286537 ] ] ] } },
{ "type": "Feature", "properties": { "name": "24e77037-d20d-7d8a-e053-84002d0a9694" }, "geometry": { "type": "Polygon", "coordinates": [ [ [ 471166.685172701952979, 5544225.397889021784067 ], [ 471170.783801735204179, 5544225.495888018980622 ], [ 471172.678445406956598, 5544225.540162564255297 ], [ 471172.669383227010258, 5544226.383018527179956 ], [ 471174.697833529324271, 5544226.413230314850807 ], [ 471174.722032377379946, 5544225.589194819331169 ], [ 471180.659444087883458, 5544225.72844258043915 ], [ 471180.174664818798192, 5544246.715617229230702 ], [ 471179.175791056652088, 5544246.692088428884745 ], [ 471179.132798497448675, 5544248.679254557006061 ], [ 471180.132381827104837, 5544248.701667642220855 ], [ 471180.099359172163531, 5544250.147293144837022 ], [ 471179.535608286445495, 5544274.681800308637321 ], [ 471165.535739296057727, 5544274.360283832997084 ], [ 471166.092476614809129, 5544250.130468307062984 ], [ 471166.132444938994013, 5544248.380149361677468 ], [ 471172.154311029938981, 5544248.518932359293103 ], [ 471172.200158717809245, 5544246.530638884752989 ], [ 471166.204677834815811, 5544246.372811626642942 ], [ 471166.685172701952979, 5544225.397889021784067 ] ] ] } },
{ "type": "Feature", "properties": { "name": "24e77037-f003-7d8a-e053-84002d0a9694" }, "geometry": { "type": "Polygon", "coordinates": [ [ [ 470705.196491019509267, 5541445.827595949172974 ], [ 470695.590892344363965, 5541423.495802933350205 ], [ 470704.361733332218137, 5541419.724136079661548 ], [ 470703.45914211840136, 5541417.625398799777031 ], [ 470706.214102529222146, 5541416.440632615238428 ], [ 470711.004190018342342, 5541427.575473134405911 ], [ 470710.526089128514286, 5541427.780449776910245 ], [ 470715.275996232405305, 5541438.906618854030967 ], [ 470715.753373918065336, 5541438.700534700416028 ], [ 470718.18278304656269, 5541444.267770804464817 ], [ 470715.427834450616501, 5541445.452530925162137 ], [ 470713.966579438711051, 5541442.05483665317297 ], [ 470705.196491019509267, 5541445.827595949172974 ] ] ] } },
{ "type": "Feature", "properties": { "name": "661e4af6-1ad0-bde8-e053-b4472c0a3fef" }, "geometry": { "type": "Polygon", "coordinates": [ [ [ 467129.09748460771516, 5543577.433352414518595 ], [ 467122.348793104174547, 5543574.991956448182464 ], [ 467123.475285767926835, 5543571.869520960375667 ], [ 467130.223973827436566, 5543574.309806502424181 ], [ 467129.09748460771516, 5543577.433352414518595 ] ] ] } },
{ "type": "Feature", "properties": { "name": "24e77037-ec16-7d8a-e053-84002d0a9694" }, "geometry": { "type": "Polygon", "coordinates": [ [ [ 466124.234761085943319, 5543010.272523643448949 ], [ 466127.588890246697702, 5543011.486608989536762 ], [ 466125.098794653080404, 5543018.368294012732804 ], [ 466121.744669195555616, 5543017.154210228472948 ], [ 466124.234761085943319, 5543010.272523643448949 ] ] ] } },
{ "type": "Feature", "properties": { "name": "bb4c347b-da0a-4498-ad09-273766f96e1a" }, "geometry": { "type": "Polygon", "coordinates": [ [ [ 470054.448658085311763, 5543957.774226976558566 ], [ 470048.816910604946315, 5543955.766549034975469 ], [ 470050.829732579353731, 5543950.041309294290841 ], [ 470056.47798984462861, 5543952.055568310432136 ], [ 470054.448658085311763, 5543957.774226976558566 ] ] ] } },
{ "type": "Feature", "properties": { "name": "3f366887-5840-a92a-e053-b4472c0a365b" }, "geometry": { "type": "Polygon", "coordinates": [ [ [ 465663.299670768727083, 5541777.020081891678274 ], [ 465664.428482868184801, 5541777.010620163753629 ], [ 465664.416488925693557, 5541790.668041406199336 ], [ 465656.065437939949334, 5541790.691573239862919 ], [ 465656.073293870023917, 5541781.976529191248119 ], [ 465654.316173284780234, 5541781.96667281165719 ], [ 465654.293151473626494, 5541773.910065747797489 ], [ 465663.284487383090891, 5541773.870195033960044 ], [ 465663.299670768727083, 5541777.020081891678274 ] ] ] } },
{ "type": "Feature", "properties": { "name": "b80f0916-ea50-4701-8dff-1209b530dc4d" }, "geometry": { "type": "Polygon", "coordinates": [ [ [ 466486.558160042390227, 5542944.853130542673171 ], [ 466484.569228359789122, 5542944.129511740058661 ], [ 466485.465451248339377, 5542941.667735160328448 ], [ 466487.448654883075505, 5542942.391390159726143 ], [ 466486.558160042390227, 5542944.853130542673171 ] ] ] } },
{ "type": "Feature", "properties": { "name": "24e77037-ea22-7d8a-e053-84002d0a9694" }, "geometry": { "type": "Polygon", "coordinates": [ [ [ 468506.228720818238799, 5544423.057590533979237 ], [ 468506.955042677058373, 5544421.17422391474247 ], [ 468507.673429996240884, 5544419.645596507936716 ], [ 468509.13501129404176, 5544416.667140078730881 ], [ 468509.840640439942945, 5544415.646721068769693 ], [ 468510.378560621116776, 5544415.08205153606832 ], [ 468511.217919219634496, 5544414.401083510369062 ], [ 468512.156266670965124, 5544413.874085549265146 ], [ 468513.212124875513837, 5544413.48538226634264 ], [ 468514.140252057812177, 5544413.289787538349628 ], [ 468515.405022508581169, 5544413.242316934280097 ], [ 468516.6177683287533, 5544413.478684285655618 ], [ 468518.205728176399134, 5544413.969690379686654 ], [ 468650.265591377974488, 5544456.249933953396976 ], [ 468652.12711839802796, 5544457.004006048664451 ], [ 468653.922496738494374, 5544457.954158645123243 ], [ 468655.346218189864885, 5544458.888698920607567 ], [ 468656.768918252084404, 5544460.015602206811309 ], [ 468657.745025557465851, 5544460.922744330018759 ], [ 468658.745721129816957, 5544461.99430204089731 ], [ 468659.552667596028186, 5544462.9891626695171 ], [ 468660.380004596256185, 5544464.1651417510584 ], [ 468661.404092046490405, 5544465.930381154641509 ], [ 468662.232348199933767, 5544467.752362158149481 ], [ 468662.86186405364424, 5544469.623318498022854 ], [ 468663.35108423588099, 5544471.865355372428894 ], [ 468663.550910735270008, 5544473.713255038484931 ], [ 468663.586345552292187, 5544474.996166451834142 ], [ 468663.532579692022409, 5544476.32852338720113 ], [ 468663.317510738910642, 5544478.112139774486423 ], [ 468663.141234554932453, 5544479.185032419860363 ], [ 468662.823276834038552, 5544480.514489187858999 ], [ 468662.309645910165273, 5544482.049679481424391 ], [ 468661.692834545799997, 5544483.447600048035383 ], [ 468661.23183303559199, 5544484.312013612128794 ], [ 468660.554508221335709, 5544485.401183851063251 ], [ 468659.454936233873013, 5544486.759680708870292 ], [ 468658.749286748934537, 5544487.41315692383796 ], [ 468658.028687742946204, 5544487.958867650479078 ], [ 468657.106258345709648, 5544488.51465592160821 ], [ 468655.19698068924481, 5544489.261911007575691 ], [ 468652.700962224567775, 5544490.062639394775033 ], [ 468649.282832635683008, 5544490.984408425167203 ], [ 468646.161519825167488, 5544491.734321349300444 ], [ 468643.25064112857217, 5544492.354023775085807 ], [ 468638.933199230581522, 5544493.133188989944756 ], [ 468635.725061575765721, 5544493.604533003643155 ], [ 468632.020300665812101, 5544493.992063243873417 ], [ 468627.306335500616115, 5544494.298786329105496 ], [ 468623.531330459401943, 5544494.427664374932647 ], [ 468620.462411937769502, 5544494.466788472607732 ], [ 468615.216454845678527, 5544494.396376554854214 ], [ 468611.39547300763661, 5544494.254232116043568 ], [ 468606.670672410866246, 5544494.056239664554596 ], [ 468605.346212363336235, 5544493.932808329351246 ], [ 468604.212831032637041, 5544493.797137184999883 ], [ 468602.597916017402895, 5544493.465264031663537 ], [ 468600.68383765721228, 5544492.904986158944666 ], [ 468597.846345900732558, 5544491.999883743934333 ], [ 468593.795930715161376, 5544490.702734562568367 ], [ 468574.57812646671664, 5544484.547861658036709 ], [ 468564.688394978642464, 5544481.380370118655264 ], [ 468553.830334348080214, 5544477.902811611071229 ], [ 468540.773099937068764, 5544473.721037276089191 ], [ 468528.833359837182797, 5544469.897420769557357 ], [ 468523.184104899293743, 5544468.088253748603165 ], [ 468519.951341257779859, 5544467.052091237157583 ], [ 468517.958305937994737, 5544466.460062590427697 ], [ 468516.808751674776431, 5544466.375651920214295 ], [ 468516.035322900337633, 5544466.458035243675113 ], [ 468515.019712021749001, 5544466.749766965396702 ], [ 468514.036909405724145, 5544467.263683506287634 ], [ 468513.185512894706335, 5544467.965847945772111 ], [ 468512.699201418727171, 5544468.540220571681857 ], [ 468512.236345779034309, 5544469.3290496757254 ], [ 468511.762861612194683, 5544470.501542899757624 ], [ 468511.125864938832819, 5544471.626075403764844 ], [ 468510.294624576054048, 5544472.711723222397268 ], [ 468509.360049176786561, 5544473.634531766176224 ], [ 468508.306611457781401, 5544474.432396684773266 ], [ 468507.094976285705343, 5544475.112220911309123 ], [ 468505.935737892170437, 5544475.571583069860935 ], [ 468504.932832182908896, 5544475.832109068520367 ], [ 468503.538607923430391, 5544476.020442320033908 ], [ 468501.879558860673569, 5544475.976838389411569 ], [ 468500.209850485960487, 5544475.581940959207714 ], [ 468498.754461864358746, 5544474.987866044044495 ], [ 468497.39599219703814, 5544474.196416599676013 ], [ 468496.208113409811631, 5544473.196039877831936 ], [ 468495.393799802579451, 5544472.292421817779541 ], [ 468494.718627794005442, 5544471.310152359306812 ], [ 468493.949716850416735, 5544469.728015173226595 ], [ 468493.484558272466529, 5544468.058473981916904 ], [ 468493.326216821267735, 5544466.092475621961057 ], [ 468493.552738738129847, 5544464.196483695879579 ], [ 468495.784172362065874, 5544455.424998405389488 ], [ 468497.575250230322126, 5544448.952156659215689 ], [ 468499.00446755439043, 5544444.127041008323431 ], [ 468501.566664678743109, 5544436.083010016940534 ], [ 468503.872666410228703, 5544429.393656766973436 ], [ 468506.228720818238799, 5544423.057590533979237 ] ] ] } },
{ "type": "Feature", "properties": { "name": "a66f3270-2ba3-4bfd-8783-086682829ed6" }, "geometry": { "type": "Polygon", "coordinates": [ [ [ 469078.159559339284897, 5542036.512600595131516 ], [ 469079.211134865880013, 5542033.433283157646656 ], [ 469081.846419197623618, 5542034.337593127042055 ], [ 469080.785512179019861, 5542037.413628270849586 ], [ 469078.159559339284897, 5542036.512600595131516 ] ] ] } },
{ "type": "Feature", "properties": { "name": "24e77037-f0fd-7d8a-e053-84002d0a9694" }, "geometry": { "type": "Polygon", "coordinates": [ [ [ 470138.515773684252053, 5543492.871656951494515 ], [ 470139.404976042569615, 5543490.409433249384165 ], [ 470143.260958669008687, 5543491.830033875070512 ], [ 470142.376723566907458, 5543494.284446028992534 ], [ 470138.515773684252053, 5543492.871656951494515 ] ] ] } },
{ "type": "Feature", "properties": { "name": "24e77037-cddf-7d8a-e053-84002d0a9694" }, "geometry": { "type": "Polygon", "coordinates": [ [ [ 463406.995227823674213, 5542031.788964899256825 ], [ 463395.484208951878827, 5542016.808128643780947 ], [ 463409.751748065871652, 5542005.845169111154974 ], [ 463421.262749664078001, 5542020.826035706326365 ], [ 463406.995227823674213, 5542031.788964899256825 ] ] ] } },
{ "type": "Feature", "properties": { "name": "24e77037-effe-7d8a-e053-84002d0a9694" }, "geometry": { "type": "Polygon", "coordinates": [ [ [ 469307.412600871000905, 5541418.298075119964778 ], [ 469399.830538077454548, 5541452.388767698779702 ], [ 469386.903007723856717, 5541487.474683401174843 ], [ 469386.666753565252293, 5541488.124260799959302 ], [ 469374.827027999504935, 5541520.249721785075963 ], [ 469361.381374803080689, 5541556.739639867097139 ], [ 469361.441663831239566, 5541556.760420696809888 ], [ 469350.231194169900846, 5541587.138911839574575 ], [ 469300.807829313678667, 5541568.964764934033155 ], [ 469300.37957030965481, 5541570.105786900036037 ], [ 469302.876806211541407, 5541571.012110092677176 ], [ 469300.897033722896595, 5541576.40385477244854 ], [ 469251.816806688788347, 5541558.28156100679189 ], [ 469253.821101379871834, 5541552.926349237561226 ], [ 469257.40741341363173, 5541554.253361488692462 ], [ 469257.909949423978105, 5541552.950686782598495 ], [ 469257.800831068307161, 5541552.909061661921442 ], [ 469271.401195559767075, 5541515.913194956257939 ], [ 469271.453567900985945, 5541515.927348914556205 ], [ 469294.518000067328103, 5541453.415160979144275 ], [ 469307.412600871000905, 5541418.298075119964778 ] ] ] } },
{ "type": "Feature", "properties": { "name": "24e77037-ee05-7d8a-e053-84002d0a9694" }, "geometry": { "type": "Polygon", "coordinates": [ [ [ 470729.291847582906485, 5544925.821411672979593 ], [ 470773.67474539054092, 5544921.970685544423759 ], [ 470775.015015375160147, 5544935.894167563878 ], [ 470735.169268094876315, 5544939.603313416242599 ], [ 470729.291847582906485, 5544925.821411672979593 ] ] ] } },
{ "type": "Feature", "properties": { "name": "2b7bd6d4-89c9-4a35-94d7-044a3a65aa01" }, "geometry": { "type": "Polygon", "coordinates": [ [ [ 467349.034283638873603, 5543579.758498899638653 ], [ 467213.323864431935363, 5543530.342983707785606 ], [ 467211.827560315083247, 5543529.798429377377033 ], [ 467207.431933769374155, 5543528.197553992271423 ], [ 467147.791118214139715, 5543506.481186508201063 ], [ 467147.37142922921339, 5543507.634568518027663 ], [ 467139.165708020445891, 5543504.646149897947907 ], [ 467140.269156758789904, 5543501.615034986287355 ], [ 467133.42339063831605, 5543499.121961595490575 ], [ 467146.296601090929471, 5543463.769336249679327 ], [ 467145.604044969833922, 5543463.515629138797522 ], [ 467147.216224335250445, 5543459.019258284009993 ], [ 467170.193267664348241, 5543395.874161196872592 ], [ 467170.502427411091048, 5543395.027228880673647 ], [ 467171.634163658891339, 5543391.931458280421793 ], [ 467175.11705977038946, 5543393.204336024820805 ], [ 467209.563386258261744, 5543405.789923998527229 ], [ 467215.499603436270263, 5543389.542212100699544 ], [ 467223.985414400987793, 5543392.643557974137366 ], [ 467231.504500086128246, 5543395.390583684667945 ], [ 467233.312323626771104, 5543396.051096881739795 ], [ 467240.968283849419095, 5543375.067356903105974 ], [ 467275.170445922296494, 5543387.54589563421905 ], [ 467278.986888839688618, 5543377.086370420642197 ], [ 467288.374181480146945, 5543351.359916761517525 ], [ 467303.023281660221983, 5543311.210155358538032 ], [ 467450.261121281248052, 5543364.933142933063209 ], [ 467446.874739173101261, 5543374.222443318925798 ], [ 467447.105110535107087, 5543374.306657610461116 ], [ 467452.735206541779917, 5543376.363880621269345 ], [ 467448.838918394350912, 5543387.055036904290318 ], [ 467448.419242902426049, 5543388.222848797217011 ], [ 467448.195861255342606, 5543388.816844129934907 ], [ 467446.487851117388345, 5543393.496053631417453 ], [ 467442.216234998370055, 5543405.224666682071984 ], [ 467442.052454417047556, 5543405.728236746974289 ], [ 467436.17122910451144, 5543403.583601957187057 ], [ 467435.474665529327467, 5543405.494729476980865 ], [ 467429.244328505243175, 5543422.584568995051086 ], [ 467427.344115560932551, 5543427.798661490902305 ], [ 467427.344831599562895, 5543427.798657132312655 ], [ 467433.403052233625203, 5543430.085638764314353 ], [ 467430.388721649185754, 5543438.489847579970956 ], [ 467428.591120827419218, 5543443.503175367601216 ], [ 467422.373250519158319, 5543441.219394808635116 ], [ 467417.430370117654093, 5543454.645522363483906 ], [ 467415.903945474070497, 5543454.093311186879873 ], [ 467407.325033257948235, 5543478.23462359700352 ], [ 467447.6272788598435, 5543492.770797975361347 ], [ 467439.521580327942502, 5543515.025641120038927 ], [ 467435.326166737708263, 5543526.549211865290999 ], [ 467421.662595688772853, 5543564.095248189754784 ], [ 467420.752590583171695, 5543563.757213901728392 ], [ 467418.130586931365542, 5543570.958203775808215 ], [ 467425.408852514112368, 5543573.608006978407502 ], [ 467431.100421065406408, 5543575.680398091673851 ], [ 467433.78371179709211, 5543568.311146479099989 ], [ 467456.232771442912053, 5543576.484851328656077 ], [ 467454.125555489503313, 5543582.271705644205213 ], [ 467464.915209674742073, 5543586.207791628316045 ], [ 467458.55398343433626, 5543603.654203321784735 ], [ 467447.77083734923508, 5543599.723650228232145 ], [ 467445.288260224973783, 5543606.541289067827165 ], [ 467417.153400964394677, 5543596.28075899835676 ], [ 467409.245793648762628, 5543593.401302852667868 ], [ 467409.053516971762292, 5543593.927285483106971 ], [ 467404.373108353407588, 5543592.223465986549854 ], [ 467404.949896687699948, 5543590.638846527785063 ], [ 467382.413190278108232, 5543582.421414994634688 ], [ 467374.057218436850235, 5543605.369485130533576 ], [ 467353.964167913072743, 5543598.056809481233358 ], [ 467343.714173275569919, 5543594.326688760891557 ], [ 467349.034283638873603, 5543579.758498899638653 ] ] ] } },
{ "type": "Feature", "properties": { "name": "24e77037-ea13-7d8a-e053-84002d0a9694" }, "geometry": { "type": "Polygon", "coordinates": [ [ [ 471346.029954869067296, 5544285.01094578858465 ], [ 471344.048795818176586, 5544290.330794842913747 ], [ 471337.547963020857424, 5544287.90946588665247 ], [ 471339.529116562218405, 5544282.589614423923194 ], [ 471346.029954869067296, 5544285.01094578858465 ] ] ] } },
{ "type": "Feature", "properties": { "name": "a69c7916-25ed-4c6b-a5b7-487caa810a8d" }, "geometry": { "type": "Polygon", "coordinates": [ [ [ 470120.816325425927062, 5544803.885799275711179 ], [ 470128.855221437406726, 5544796.893844897858799 ], [ 470133.402285342977848, 5544802.118782578036189 ], [ 470125.379102903825697, 5544809.103971132077277 ], [ 470120.816325425927062, 5544803.885799275711179 ] ] ] } },
{ "type": "Feature", "properties": { "name": "5f71b9bd-75e1-4fe4-8692-f2ce7addc253" }, "geometry": { "type": "Polygon", "coordinates": [ [ [ 468709.939832417527214, 5544013.617278538644314 ], [ 468710.789522961946204, 5544011.259556708857417 ], [ 468715.974866123346146, 5544013.128343011252582 ], [ 468715.121515813108999, 5544015.472742754966021 ], [ 468709.939832417527214, 5544013.617278538644314 ] ] ] } },
{ "type": "Feature", "properties": { "name": "3feb9801-4fd9-030b-e053-b4472c0aa7e0" }, "geometry": { "type": "Polygon", "coordinates": [ [ [ 469732.831974114582408, 5544381.508614610880613 ], [ 469731.052031195024028, 5544377.688237058930099 ], [ 469757.861178146034945, 5544365.204714836552739 ], [ 469759.544621214037761, 5544369.054555517621338 ], [ 469732.831974114582408, 5544381.508614610880613 ] ] ] } },
{ "type": "Feature", "properties": { "name": "24e77037-f97c-7d8a-e053-84002d0a9694" }, "geometry": { "type": "Polygon", "coordinates": [ [ [ 469313.697758972004522, 5544213.879667188972235 ], [ 469319.682100399222691, 5544216.069123786874115 ], [ 469332.137950040749274, 5544220.630949769169092 ], [ 469332.505290715838782, 5544220.765606409870088 ], [ 469332.439735064166598, 5544220.944995838217437 ], [ 469358.894389782566577, 5544230.59360518027097 ], [ 469365.324718273477629, 5544233.030733024701476 ], [ 469371.16117885307176, 5544235.158827872946858 ], [ 469378.188577740162145, 5544237.717084639705718 ], [ 469391.338648665812798, 5544242.503011390566826 ], [ 469402.845033896621317, 5544246.691279168240726 ], [ 469421.426642585720401, 5544253.42315686494112 ], [ 469434.279397209349554, 5544258.063006760552526 ], [ 469437.448280232201796, 5544259.206826772540808 ], [ 469437.621699031558819, 5544258.733284590765834 ], [ 469456.559969067282509, 5544265.626693683676422 ], [ 469455.487528896366712, 5544271.530259992927313 ], [ 469455.07972990750568, 5544271.455867774784565 ], [ 469453.874867391074076, 5544278.116273064166307 ], [ 469454.277641731780022, 5544278.188470092602074 ], [ 469447.310707448748872, 5544316.546071538701653 ], [ 469445.62607434252277, 5544325.819927987642586 ], [ 469456.950723730260506, 5544329.941523241810501 ], [ 469456.913357705634553, 5544330.04291819408536 ], [ 469457.463633584149648, 5544330.244364146143198 ], [ 469456.848963364434894, 5544331.931268726475537 ], [ 469456.298693981487304, 5544331.730934689752758 ], [ 469455.327362534764688, 5544334.399447296746075 ], [ 469369.462058042525314, 5544303.165965512394905 ], [ 469362.726034390099812, 5544300.71612910553813 ], [ 469283.354672947374638, 5544271.845180253498256 ], [ 469283.589367471635342, 5544271.197826869785786 ], [ 469283.836188072629739, 5544271.29092033021152 ], [ 469284.585587045294233, 5544269.260761111974716 ], [ 469284.327286035986617, 5544269.163285973481834 ], [ 469284.951025133312214, 5544267.442952625453472 ], [ 469284.481098495132755, 5544267.272195893339813 ], [ 469287.736754318990279, 5544258.457373640500009 ], [ 469288.20812623645179, 5544258.630346142686903 ], [ 469304.033043536532205, 5544230.848006377927959 ], [ 469313.697758972004522, 5544213.879667188972235 ] ] ] } },
{ "type": "Feature", "properties": { "name": "24e77037-fdcd-7d8a-e053-84002d0a9694" }, "geometry": { "type": "Polygon", "coordinates": [ [ [ 468107.211908203084022, 5543463.82114443462342 ], [ 468104.385191418696195, 5543462.787255647592247 ], [ 468104.999587375670671, 5543461.107979645952582 ], [ 468107.825588886218611, 5543462.141873025335371 ], [ 468107.211908203084022, 5543463.82114443462342 ] ] ] } },
{ "type": "Feature", "properties": { "name": "0203b36e-996d-42f9-a778-5c76df51e1a4" }, "geometry": { "type": "Polygon", "coordinates": [ [ [ 470091.031090953736566, 5544241.707309671677649 ], [ 470092.407614730822388, 5544237.948115946725011 ], [ 470096.274436243635137, 5544239.351940541528165 ], [ 470094.913871829106938, 5544243.148848148994148 ], [ 470091.031090953736566, 5544241.707309671677649 ] ] ] } },
{ "type": "Feature", "properties": { "name": "24e77037-bc6e-7d8a-e053-84002d0a9694" }, "geometry": { "type": "Polygon", "coordinates": [ [ [ 468567.529355714214034, 5541401.868372468277812 ], [ 468564.413247898919508, 5541400.760324553586543 ], [ 468563.231881998712197, 5541404.032859330065548 ], [ 468558.554199909151066, 5541402.320221870206296 ], [ 468564.13039092841791, 5541387.108061538077891 ], [ 468566.96664958295878, 5541388.133248707279563 ], [ 468567.669112737057731, 5541386.257826823741198 ], [ 468570.22400310751982, 5541387.186821377836168 ], [ 468569.541602410783526, 5541389.063237064518034 ], [ 468571.887594577332493, 5541389.916738432832062 ], [ 468567.529355714214034, 5541401.868372468277812 ] ] ] } },
{ "type": "Feature", "properties": { "name": "364d0ce7-88de-44ef-96ab-feb711599d9d" }, "geometry": { "type": "Polygon", "coordinates": [ [ [ 471234.213527543121018, 5543586.300418425351381 ], [ 471232.836493469192646, 5543584.284195611253381 ], [ 471237.8396497843205, 5543580.859395291656256 ], [ 471239.223837006138638, 5543582.874469050206244 ], [ 471234.213527543121018, 5543586.300418425351381 ] ] ] } },
{ "type": "Feature", "properties": { "name": "24e77037-f53a-7d8a-e053-84002d0a9694" }, "geometry": { "type": "Polygon", "coordinates": [ [ [ 466430.611012973939069, 5543458.309014741331339 ], [ 466437.188088246097323, 5543440.27291997987777 ], [ 466460.056253622402437, 5543448.597726992331445 ], [ 466453.459126072877552, 5543466.643925882875919 ], [ 466430.611012973939069, 5543458.309014741331339 ] ] ] } },
{ "type": "Feature", "properties": { "name": "83c6142b-949e-472d-b618-bd3612f8c938" }, "geometry": { "type": "Polygon", "coordinates": [ [ [ 468121.162196777353529, 5543440.383948313072324 ], [ 468123.436998788558412, 5543441.204315048642457 ], [ 468121.393624736636411, 5543446.899342522025108 ], [ 468119.113023671961855, 5543446.066780449822545 ], [ 468121.162196777353529, 5543440.383948313072324 ] ] ] } },
{ "type": "Feature", "properties": { "name": "858592ea-b43c-4de3-b712-77afa04d1936" }, "geometry": { "type": "Polygon", "coordinates": [ [ [ 466723.870960006548557, 5541418.845926815643907 ], [ 466829.611305916681886, 5541457.352844409644604 ], [ 466765.167118409124669, 5541398.553297332488 ], [ 466766.468396757612936, 5541395.040554979816079 ], [ 466804.69909390626708, 5541385.980635274201632 ], [ 466809.534671980654821, 5541406.254829303361475 ], [ 466809.408595561340917, 5541406.601407422684133 ], [ 466809.387464589963201, 5541406.659356490708888 ], [ 466808.380238241283223, 5541409.42418978177011 ], [ 466808.329532234289218, 5541409.564601768739522 ], [ 466806.830668737995438, 5541413.67897723428905 ], [ 466765.167118409124669, 5541398.553297332488 ], [ 466829.611305916681886, 5541457.352844409644604 ], [ 466824.81574949703645, 5541470.579533413052559 ], [ 466824.845186699123587, 5541470.590469929389656 ], [ 466824.970828588178847, 5541470.636390876024961 ], [ 466860.74026714701904, 5541483.651945749297738 ], [ 466860.896061768638901, 5541483.708799819462001 ], [ 466861.021696153853554, 5541483.753609766252339 ], [ 466860.80619274469791, 5541482.845419893972576 ], [ 466859.091465712233912, 5541475.925640481524169 ], [ 466857.480177586490754, 5541469.053032642230392 ], [ 466856.062660607276484, 5541463.049833441153169 ], [ 466854.826147147803567, 5541457.820499469526112 ], [ 466853.619020426587667, 5541452.594319581054151 ], [ 466852.451810532482341, 5541447.568032534793019 ], [ 466847.966367212240584, 5541428.625897177495062 ], [ 466817.562893177848309, 5541417.623046774417162 ], [ 466817.528434628038667, 5541417.611029516905546 ], [ 466817.339611686649732, 5541417.54215057566762 ], [ 466817.355108680785634, 5541417.499802861362696 ], [ 466822.553696213988587, 5541403.299934729002416 ], [ 466822.591026953828987, 5541403.197409889660776 ], [ 466822.776303205930162, 5541403.156234207563102 ], [ 466822.845695706433617, 5541403.141349804587662 ], [ 466838.423836403118912, 5541399.663620959036052 ], [ 466838.429718342260458, 5541399.688046044670045 ], [ 466842.862483402830549, 5541398.657678759656847 ], [ 466844.808837972697802, 5541398.205321928486228 ], [ 466844.837449087761343, 5541398.198473485186696 ], [ 466843.917480427597184, 5541394.349257779307663 ], [ 466840.011909766937606, 5541395.259611832909286 ], [ 466835.13828840397764, 5541374.608697754330933 ], [ 466833.061574690509588, 5541365.810968446545303 ], [ 466831.318456685286947, 5541366.232049782760441 ], [ 466817.7175734534394, 5541369.518533461727202 ], [ 466815.013846437912434, 5541370.171284891664982 ], [ 466806.868375439429656, 5541372.028578251600266 ], [ 466801.667080739163794, 5541373.309465944766998 ], [ 466734.771321274049114, 5541389.073039334267378 ], [ 466729.291193140088581, 5541404.041945641860366 ], [ 466726.759631434571929, 5541410.955819650553167 ], [ 466724.445747277350165, 5541417.277930535376072 ], [ 466723.870960006548557, 5541418.845926815643907 ] ] ] } },
{ "type": "Feature", "properties": { "name": "3f366887-5962-a92a-e053-b4472c0a365b" }, "geometry": { "type": "Polygon", "coordinates": [ [ [ 468854.177398230414838, 5544176.195424918085337 ], [ 468833.138364624057431, 5544168.858276147395372 ], [ 468833.248791779857129, 5544168.518507330678403 ], [ 468835.648045085777994, 5544169.38959548342973 ], [ 468837.164533791074064, 5544165.22341690864414 ], [ 468838.599296045373194, 5544165.833270583301783 ], [ 468838.681823275750503, 5544165.866146597079933 ], [ 468838.766517746902537, 5544165.902345654554665 ], [ 468839.234404198941775, 5544166.087529861368239 ], [ 468840.276414369000122, 5544166.505090903490782 ], [ 468841.989857393142302, 5544167.144455498084426 ], [ 468842.258220604504459, 5544167.246298354119062 ], [ 468843.871688026178163, 5544167.807301700115204 ], [ 468844.223164794617333, 5544167.919779590331018 ], [ 468844.487883493013214, 5544168.010524904355407 ], [ 468844.920377829752397, 5544168.142545088194311 ], [ 468846.038649488124065, 5544168.500733194872737 ], [ 468846.731417853501625, 5544168.69795139785856 ], [ 468847.523973497736733, 5544168.941288 ], [ 468848.381653582735453, 5544169.179798034019768 ], [ 468848.862786234996747, 5544169.303752163425088 ], [ 468849.166855510615278, 5544169.389821072109044 ], [ 468849.736145647941157, 5544169.529940372332931 ], [ 468850.734265975886956, 5544169.787647176533937 ], [ 468852.006114148302004, 5544170.084900594316423 ], [ 468853.565292917948682, 5544170.421621641144156 ], [ 468853.654882290167734, 5544170.4377784691751 ], [ 468853.78750562411733, 5544170.467027453705668 ], [ 468856.112624045345001, 5544170.902696464210749 ], [ 468854.177398230414838, 5544176.195424918085337 ] ] ] } },
{ "type": "Feature", "properties": { "name": "6c682655-7823-47c4-a3bc-cc0d75bd520d" }, "geometry": { "type": "Polygon", "coordinates": [ [ [ 467520.893066862190608, 5542968.153690208680928 ], [ 467523.69211657345295, 5542969.168539643287659 ], [ 467519.554715326579753, 5542980.560473483987153 ], [ 467516.747618223307654, 5542979.516765994951129 ], [ 467518.825011808774434, 5542973.837979040108621 ], [ 467520.893066862190608, 5542968.153690208680928 ] ] ] } },
{ "type": "Feature", "properties": { "name": "24e77037-f198-7d8a-e053-84002d0a9694" }, "geometry": { "type": "Polygon", "coordinates": [ [ [ 468645.870760365272872, 5541758.92740098759532 ], [ 468662.34536947630113, 5541714.013169553130865 ], [ 468676.21746591309784, 5541719.101154283620417 ], [ 468659.742757218074985, 5541764.015342988073826 ], [ 468645.870760365272872, 5541758.92740098759532 ] ] ] } },
{ "type": "Feature", "properties": { "name": "5458cd6f-0037-4e62-bea2-eab24ce2f881" }, "geometry": { "type": "Polygon", "coordinates": [ [ [ 470803.721004325896502, 5543403.584365949966013 ], [ 470804.53985744563397, 5543401.162667603231966 ], [ 470808.412234782241285, 5543402.460237824358046 ], [ 470807.552159100305289, 5543404.938866391777992 ], [ 470803.721004325896502, 5543403.584365949966013 ] ] ] } },
{ "type": "Feature", "properties": { "name": "661e4af6-1bde-bde8-e053-b4472c0a3fef" }, "geometry": { "type": "Polygon", "coordinates": [ [ [ 469852.341830162913539, 5544361.554914945736527 ], [ 469842.125579619198106, 5544336.175881863571703 ], [ 469838.931479660386685, 5544328.24835176859051 ], [ 469843.859224878659006, 5544325.950106426142156 ], [ 469847.154825269943103, 5544334.103892027400434 ], [ 469852.408105459064245, 5544347.142280916683376 ], [ 469856.26240266818786, 5544345.562813835218549 ], [ 469855.281527900777292, 5544343.14109378028661 ], [ 469852.453858335968107, 5544335.948671440593898 ], [ 469848.38268174091354, 5544325.59549598954618 ], [ 469847.88440737396013, 5544324.328530610539019 ], [ 469847.799429537088145, 5544324.113303693942726 ], [ 469852.582942848152015, 5544321.882592387497425 ], [ 469852.670796725142282, 5544322.1000269446522 ], [ 469853.181209426722489, 5544323.361364936456084 ], [ 469857.428592014941387, 5544333.858096392825246 ], [ 469860.266549980151467, 5544340.971519457176328 ], [ 469863.454436958825681, 5544348.946908141486347 ], [ 469858.41508870292455, 5544351.003373293206096 ], [ 469857.898701925238129, 5544349.6975930146873 ], [ 469854.063599093991797, 5544351.252489329315722 ], [ 469857.394171575491782, 5544359.519496551714838 ], [ 469852.341830162913539, 5544361.554914945736527 ] ] ] } },
{ "type": "Feature", "properties": { "name": "3f366887-57a0-a92a-e053-b4472c0a365b" }, "geometry": { "type": "Polygon", "coordinates": [ [ [ 470192.79503963625757, 5541245.297724677249789 ], [ 470198.402765843609814, 5541254.976562099531293 ], [ 470194.675427768088412, 5541257.134335801005363 ], [ 470189.21762473450508, 5541247.364605491049588 ], [ 470192.79503963625757, 5541245.297724677249789 ] ] ] } },
{ "type": "Feature", "properties": { "name": "24e77037-f017-7d8a-e053-84002d0a9694" }, "geometry": { "type": "Polygon", "coordinates": [ [ [ 466319.017540965927765, 5542152.969337707385421 ], [ 466319.94987494952511, 5542150.545114156790078 ], [ 466323.849509555031545, 5542151.980496374890208 ], [ 466322.870809272106271, 5542154.435031873174012 ], [ 466319.017540965927765, 5542152.969337707385421 ] ] ] } },
{ "type": "Feature", "properties": { "name": "da4bf243-d2a2-4cba-b266-675efb87988c" }, "geometry": { "type": "Polygon", "coordinates": [ [ [ 470596.045862376922742, 5544141.533943375572562 ], [ 470593.23774725937983, 5544140.471959668211639 ], [ 470595.330099753802642, 5544134.795413709245622 ], [ 470598.148706057749223, 5544135.811753650195897 ], [ 470596.045862376922742, 5544141.533943375572562 ] ] ] } },
{ "type": "Feature", "properties": { "name": "3f366887-58a9-a92a-e053-b4472c0a365b" }, "geometry": { "type": "Polygon", "coordinates": [ [ [ 471234.800078339409083, 5544418.780195045284927 ], [ 471251.00062253093347, 5544419.159000989049673 ], [ 471250.946851173823234, 5544422.209184876643121 ], [ 471289.671421046426985, 5544423.18762924335897 ], [ 471289.69337519624969, 5544422.342480439692736 ], [ 471299.140519122942351, 5544422.574214056134224 ], [ 471299.197543943300843, 5544420.525819911621511 ], [ 471308.41122247610474, 5544420.743255916982889 ], [ 471308.348100192088168, 5544423.657839372754097 ], [ 471375.669754033966456, 5544425.354235401377082 ], [ 471376.108673902053852, 5544425.365229833871126 ], [ 471376.099178531148937, 5544425.597664126195014 ], [ 471376.318996406334918, 5544425.603159441612661 ], [ 471376.298985965491738, 5544426.412717126309872 ], [ 471375.719009543128777, 5544426.398029777221382 ], [ 471375.514099118125159, 5544434.799400160089135 ], [ 471376.089785169286188, 5544434.815222311764956 ], [ 471376.064697679888923, 5544436.013966129161417 ], [ 471375.484722296940163, 5544435.999278812669218 ], [ 471375.309797364112455, 5544444.384922557510436 ], [ 471375.865526398876682, 5544444.417529687285423 ], [ 471375.827558780787513, 5544445.617454316467047 ], [ 471375.269711911736522, 5544445.590417936444283 ], [ 471375.247752112627495, 5544446.70464195869863 ], [ 471374.531415462784935, 5544447.162122584879398 ], [ 471373.897591837972868, 5544447.653630210086703 ], [ 471373.218014135723934, 5544448.291039355099201 ], [ 471371.800676903338172, 5544450.198830528184772 ], [ 471371.271837253181729, 5544451.311319218017161 ], [ 471370.954023519821931, 5544452.258120143786073 ], [ 471370.712491848506033, 5544453.412434996105731 ], [ 471370.622320368071087, 5544454.489220038056374 ], [ 471370.707788104307838, 5544456.012042141519487 ], [ 471370.926950346794911, 5544457.099402695894241 ], [ 471371.2305191247724, 5544458.039543086662889 ], [ 471371.844561591977254, 5544459.337160392664373 ], [ 471372.570508034841623, 5544460.408466813154519 ], [ 471373.422521769069135, 5544461.22447766084224 ], [ 471374.268784265266731, 5544462.036071880720556 ], [ 471374.897919446113519, 5544462.541948230005801 ], [ 471374.83656762103783, 5544463.653047387488186 ], [ 471375.014205450424924, 5544463.669887132942677 ], [ 471375.004912181932013, 5544464.341514063999057 ], [ 471374.222334865073208, 5544464.326798970811069 ], [ 471374.225666568498127, 5544464.146656130440533 ], [ 471365.785934087820351, 5544463.921629771590233 ], [ 471365.755738135951106, 5544464.566683412529528 ], [ 471365.204371962812729, 5544464.546284709125757 ], [ 471365.014561805524863, 5544472.956470405682921 ], [ 471365.230076421576086, 5544472.960876397788525 ], [ 471365.214597219601274, 5544473.680347435176373 ], [ 471364.998366736108437, 5544473.675945276394486 ], [ 471356.017639346071519, 5544473.492745772004128 ], [ 471355.998311291157734, 5544473.894238959997892 ], [ 471355.374735733668786, 5544473.892017988488078 ], [ 471355.202704336610623, 5544481.073478543199599 ], [ 471355.173380095220637, 5544482.282252221368253 ], [ 471355.355282983509824, 5544482.293509059585631 ], [ 471355.329471504432149, 5544483.088643502444029 ], [ 471355.15404741599923, 5544483.084023274481297 ], [ 471317.668688393605407, 5544482.147388461977243 ], [ 471306.48601023259107, 5544481.867112413048744 ], [ 471306.490664097596891, 5544481.666948520578444 ], [ 471304.868230405147187, 5544481.635621960274875 ], [ 471304.67731528688455, 5544488.220104965381324 ], [ 471314.420847563655116, 5544488.473624458536506 ], [ 471314.272641204646789, 5544493.81256917770952 ], [ 471313.082617075182498, 5544493.780033702962101 ], [ 471313.040162341145333, 5544495.876160738058388 ], [ 471315.463061926420778, 5544495.922100174240768 ], [ 471315.370841587835457, 5544500.353448251262307 ], [ 471312.124702924804296, 5544503.523041002452374 ], [ 471307.605160717561375, 5544503.392724526114762 ], [ 471307.73421302519273, 5544499.022332280874252 ], [ 471306.474125487613492, 5544497.672592672519386 ], [ 471306.510786905244458, 5544497.033063340932131 ], [ 471304.452128354401793, 5544496.95737733040005 ], [ 471304.442080767825246, 5544497.486687522381544 ], [ 471299.048558685288299, 5544497.385527166537941 ], [ 471299.045360936725046, 5544497.456704832613468 ], [ 471297.884760694694705, 5544497.437357501126826 ], [ 471297.903595903539099, 5544496.277562482282519 ], [ 471297.995152728341054, 5544496.262616842985153 ], [ 471298.021737395902164, 5544495.212856671772897 ], [ 471290.2078838305315, 5544495.01127761695534 ], [ 471290.263388426275924, 5544492.013343173079193 ], [ 471288.003794127260335, 5544491.982105126604438 ], [ 471287.992967440455686, 5544493.566596526652575 ], [ 471265.706568732042797, 5544493.03690090496093 ], [ 471265.673924850299954, 5544494.423594399355352 ], [ 471257.900158533127978, 5544494.221847210079432 ], [ 471257.891979937441647, 5544495.231480980291963 ], [ 471257.963569300423842, 5544495.231096399016678 ], [ 471257.945500444271602, 5544496.398670699447393 ], [ 471256.783533660229295, 5544496.391570336185396 ], [ 471256.772389085497707, 5544496.31602215860039 ], [ 471251.574995405157097, 5544496.209408459253609 ], [ 471251.033949452568777, 5544517.428157296963036 ], [ 471250.876119911845308, 5544523.628865739330649 ], [ 471237.966605991183314, 5544523.322432601824403 ], [ 471239.055535126186442, 5544480.177737336605787 ], [ 471230.143257394433022, 5544479.942122703418136 ], [ 471231.737557679822203, 5544422.812782072462142 ], [ 471231.596500810352154, 5544422.809092974290252 ], [ 471231.617504198802635, 5544422.055123368278146 ], [ 471234.75219568319153, 5544422.124996514990926 ], [ 471234.800078339409083, 5544418.780195045284927 ] ] ] } },
{ "type": "Feature", "properties": { "name": "f0707844-b7cd-4439-809c-e47ebe94e95a" }, "geometry": { "type": "Polygon", "coordinates": [ [ [ 469596.007004227663856, 5541745.252860931679606 ], [ 469597.073227068933193, 5541742.293650082312524 ], [ 469609.020099453278817, 5541746.574404061771929 ], [ 469607.948983293958008, 5541749.555877899751067 ], [ 469596.007004227663856, 5541745.252860931679606 ] ] ] } },
{ "type": "Feature", "properties": { "name": "3ead7d48-f29e-43cd-95ba-df9cb6816c42" }, "geometry": { "type": "Polygon", "coordinates": [ [ [ 465646.434026248985901, 5541679.115158131346107 ], [ 465646.50551925477339, 5541676.413919146172702 ], [ 465650.255954541498795, 5541676.505497802980244 ], [ 465650.188735892414115, 5541679.203373630531132 ], [ 465646.434026248985901, 5541679.115158131346107 ] ] ] } },
{ "type": "Feature", "properties": { "name": "3f366887-5908-a92a-e053-b4472c0a365b" }, "geometry": { "type": "Polygon", "coordinates": [ [ [ 470517.704913143476006, 5544407.982171078212559 ], [ 470560.385247947648168, 5544423.524801359511912 ], [ 470568.559592558478471, 5544426.501931651495397 ], [ 470578.756888458563481, 5544430.216248199343681 ], [ 470577.253237108292524, 5544434.344047982245684 ], [ 470574.720606967923231, 5544441.299469453282654 ], [ 470549.433633030857891, 5544432.089874413795769 ], [ 470547.688098160026129, 5544436.881697212345898 ], [ 470537.211743503634352, 5544433.066683053970337 ], [ 470538.957270320039243, 5544428.274856834672391 ], [ 470513.668740219261963, 5544419.06543842330575 ], [ 470514.452278105949517, 5544416.914071694016457 ], [ 470517.704913143476006, 5544407.982171078212559 ] ] ] } },
{ "type": "Feature", "properties": { "name": "402461af-bf92-4711-8189-4e6a23e7476f" }, "geometry": { "type": "Polygon", "coordinates": [ [ [ 470518.339006325695664, 5544116.097984726540744 ], [ 470519.660711337579414, 5544112.46484967507422 ], [ 470522.669504401739687, 5544113.559046019800007 ], [ 470521.347797635477036, 5544117.192180327139795 ], [ 470518.339006325695664, 5544116.097984726540744 ] ] ] } },
{ "type": "Feature", "properties": { "name": "3f366887-57b4-a92a-e053-b4472c0a365b" }, "geometry": { "type": "Polygon", "coordinates": [ [ [ 470199.462361141399015, 5541259.116864850744605 ], [ 470200.465195596625563, 5541259.235815561376512 ], [ 470201.628280683769844, 5541259.703005025163293 ], [ 470202.525449889420997, 5541260.400721334852278 ], [ 470203.094646333425771, 5541261.119164395146072 ], [ 470203.480778450204525, 5541261.895331817679107 ], [ 470203.733855482831132, 5541262.962440038099885 ], [ 470203.728417790611275, 5541263.916462881490588 ], [ 470203.552394266996998, 5541264.724666661582887 ], [ 470203.064548632944934, 5541265.752533624880016 ], [ 470202.393482086190488, 5541266.552372822538018 ], [ 470201.553027511457913, 5541267.164135024882853 ], [ 470200.812701565679163, 5541267.489587226882577 ], [ 470199.462163701595273, 5541267.707246847450733 ], [ 470198.538948159606662, 5541267.60675526317209 ], [ 470197.742366264399607, 5541267.34878418315202 ], [ 470197.010128533584066, 5541266.939239560626447 ], [ 470196.384671400184743, 5541266.409017846919596 ], [ 470195.84938942064764, 5541265.734861944802105 ], [ 470195.39426499401452, 5541264.790073311887681 ], [ 470195.184599078842439, 5541263.800555450841784 ], [ 470195.200255629082676, 5541262.880943983793259 ], [ 470195.387634003127459, 5541262.053774778731167 ], [ 470195.755619600589853, 5541261.242278728634119 ], [ 470196.318755586631596, 5541260.485290722921491 ], [ 470197.105195321259089, 5541259.821569944731891 ], [ 470198.135422885476146, 5541259.327722195535898 ], [ 470199.462361141399015, 5541259.116864850744605 ] ] ] } },
{ "type": "Feature", "properties": { "name": "24e77037-ebe9-7d8a-e053-84002d0a9694" }, "geometry": { "type": "Polygon", "coordinates": [ [ [ 469465.241002722759731, 5544240.060471599921584 ], [ 469471.655783945985604, 5544194.607769985683262 ], [ 469456.70196204649983, 5544189.158138543367386 ], [ 469458.585457468871027, 5544183.981565070338547 ], [ 469465.991636730439495, 5544186.667865878902376 ], [ 469474.601571702165529, 5544163.040086790919304 ], [ 469482.161375554453116, 5544165.794470640830696 ], [ 469490.717841902922373, 5544142.313793160021305 ], [ 469495.086433866119478, 5544143.90668065007776 ], [ 469506.00101503910264, 5544113.952529930509627 ], [ 469513.116009256802499, 5544110.631924831308424 ], [ 469500.29946063645184, 5544145.806086482480168 ], [ 469507.468263641581871, 5544148.418189628049731 ], [ 469506.739385355787817, 5544168.892162768170238 ], [ 469508.703767727594823, 5544169.608142042532563 ], [ 469480.945113977941219, 5544245.782706052064896 ], [ 469465.241002722759731, 5544240.060471599921584 ] ] ] } },
{ "type": "Feature", "properties": { "name": "3f366887-5831-a92a-e053-b4472c0a365b" }, "geometry": { "type": "Polygon", "coordinates": [ [ [ 470146.821180086932145, 5544549.213344980962574 ], [ 470156.440741133876145, 5544550.605129454284906 ], [ 470155.049680952797644, 5544560.221801805309951 ], [ 470145.430142975470517, 5544558.83113172929734 ], [ 470146.821180086932145, 5544549.213344980962574 ] ] ] } },
{ "type": "Feature", "properties": { "name": "13df0c44-f6e9-4cda-a9e7-d5e470de8773" }, "geometry": { "type": "Polygon", "coordinates": [ [ [ 465673.900729056331329, 5542298.006186404265463 ], [ 465673.8843893725425, 5542300.484695833176374 ], [ 465667.864317526400555, 5542300.446574644185603 ], [ 465667.879938233760186, 5542297.968069775961339 ], [ 465673.900729056331329, 5542298.006186404265463 ] ] ] } },
{ "type": "Feature", "properties": { "name": "24e77037-f738-7d8a-e053-84002d0a9694" }, "geometry": { "type": "Polygon", "coordinates": [ [ [ 468692.637344380549621, 5544331.649392985738814 ], [ 468694.167318121297285, 5544328.958567552268505 ], [ 468691.145298581977841, 5544327.240592928603292 ], [ 468692.928962728008628, 5544324.102415687404573 ], [ 468695.950983440910932, 5544325.820391315966845 ], [ 468697.695672159607057, 5544322.750268888659775 ], [ 468698.206899626529776, 5544321.778823819942772 ], [ 468700.233950521796942, 5544318.389050506055355 ], [ 468697.135096066747792, 5544316.632605878636241 ], [ 468698.912395613733679, 5544313.506698755547404 ], [ 468702.078078879509121, 5544315.30500524584204 ], [ 468704.265378281823359, 5544311.648555005900562 ], [ 468721.551483009010553, 5544321.506656012497842 ], [ 468721.85704097605776, 5544320.991177649237216 ], [ 468728.648088854795787, 5544324.845314582809806 ], [ 468735.496601686580107, 5544328.73359280359 ], [ 468733.482463359250687, 5544332.253368047066033 ], [ 468742.516654141945764, 5544337.354183830320835 ], [ 468741.914413017977495, 5544338.434009438380599 ], [ 468746.455129010428209, 5544341.045994291082025 ], [ 468741.480053580366075, 5544349.745557639747858 ], [ 468736.306685533723794, 5544346.805931027047336 ], [ 468735.203304117603693, 5544348.745951133780181 ], [ 468735.440095154161099, 5544348.836854199878871 ], [ 468735.291273349372204, 5544349.097905544564128 ], [ 468742.83332822250668, 5544351.854686235077679 ], [ 468742.936214893299621, 5544351.573889466933906 ], [ 468743.170825452310964, 5544351.659246169030666 ], [ 468743.06794526608428, 5544351.941154781728983 ], [ 468755.536142719793133, 5544356.499345375224948 ], [ 468753.44957371003693, 5544362.20550758112222 ], [ 468748.16971611592453, 5544360.274973750114441 ], [ 468743.050569985352922, 5544358.403548188507557 ], [ 468740.746777315391228, 5544357.561965251341462 ], [ 468740.846136160835158, 5544357.290084149688482 ], [ 468732.153260615770705, 5544354.111954565159976 ], [ 468692.637344380549621, 5544331.649392985738814 ] ] ] } },
{ "type": "Feature", "properties": { "name": "24e77037-f26a-7d8a-e053-84002d0a9694" }, "geometry": { "type": "Polygon", "coordinates": [ [ [ 466977.212082210171502, 5544047.732973082922399 ], [ 466973.337832409946714, 5544046.330327135510743 ], [ 466974.215029785293154, 5544043.913221618160605 ], [ 466978.093597409024369, 5544045.319177239201963 ], [ 466977.212082210171502, 5544047.732973082922399 ] ] ] } },
{ "type": "Feature", "properties": { "name": "24e77037-f265-7d8a-e053-84002d0a9694" }, "geometry": { "type": "Polygon", "coordinates": [ [ [ 466983.02848121128045, 5544048.27304155100137 ], [ 466979.154949324263725, 5544046.870386980473995 ], [ 466980.031440129096154, 5544044.454398692585528 ], [ 466983.909998930525035, 5544045.859246673993766 ], [ 466983.02848121128045, 5544048.27304155100137 ] ] ] } },
{ "type": "Feature", "properties": { "name": "661e4af6-1b48-bde8-e053-b4472c0a3fef" }, "geometry": { "type": "Polygon", "coordinates": [ [ [ 468521.131272666272707, 5544001.815622810274363 ], [ 468522.165965760592371, 5543999.03204089589417 ], [ 468527.870283872471191, 5544001.111075301654637 ], [ 468526.823514998483006, 5544003.911405435763299 ], [ 468521.131272666272707, 5544001.815622810274363 ] ] ] } },
{ "type": "Feature", "properties": { "name": "24e77037-e810-7d8a-e053-84002d0a9694" }, "geometry": { "type": "Polygon", "coordinates": [ [ [ 470146.91715609212406, 5541363.551475730724633 ], [ 470089.890977395989466, 5541342.361445551738143 ], [ 470089.761149829311762, 5541342.71574838925153 ], [ 470086.38815751997754, 5541341.477050648070872 ], [ 470087.428919754223898, 5541338.641503519378603 ], [ 470090.801913592265919, 5541339.880201918072999 ], [ 470091.461965463415254, 5541340.191177861765027 ], [ 470092.387301304959692, 5541337.851062838919461 ], [ 470086.261613744543865, 5541335.493620158173144 ], [ 470087.480498303251807, 5541332.229004464112222 ], [ 470093.478575166489463, 5541334.439281125552952 ], [ 470101.040151872904971, 5541315.558483155444264 ], [ 470157.141186164983083, 5541336.385756220668554 ], [ 470149.447302324697375, 5541356.877213306725025 ], [ 470152.617897734686267, 5541358.050365737639368 ], [ 470150.078578601649497, 5541364.750251004472375 ], [ 470146.91715609212406, 5541363.551475730724633 ] ] ] } },
{ "type": "Feature", "properties": { "name": "7b346ff0-710b-4d47-b0d1-bda6f40e8d2e" }, "geometry": { "type": "Polygon", "coordinates": [ [ [ 469847.194970440352336, 5542360.531024700030684 ], [ 469846.939484384492971, 5542360.439065470360219 ], [ 469847.938770090928301, 5542357.673746338114142 ], [ 469848.792859287466854, 5542357.994717869907618 ], [ 469848.718799939611927, 5542358.197497480548918 ], [ 469864.344704257789999, 5542363.885749203152955 ], [ 469863.402489322063047, 5542366.48507355991751 ], [ 469863.555354657932185, 5542366.540919090621173 ], [ 469862.629343584354501, 5542369.092341465875506 ], [ 469862.65948567976011, 5542369.103290614672005 ], [ 469876.480520837998483, 5542374.155733835883439 ], [ 469875.258924554567784, 5542377.50826031062752 ], [ 469849.27557031949982, 5542368.040077944286168 ], [ 469849.202924671873916, 5542368.239513943903148 ], [ 469844.67159630486276, 5542366.600546506233513 ], [ 469845.687389346770942, 5542363.841805224306881 ], [ 469845.94933340291027, 5542363.935951786115766 ], [ 469846.017514481616672, 5542363.96114107221365 ], [ 469846.0217489383067, 5542363.949998402036726 ], [ 469847.272530774760526, 5542360.568391881883144 ], [ 469847.194970440352336, 5542360.531024700030684 ] ] ] } },
{ "type": "Feature", "properties": { "name": "53a4faa1-5397-ea53-e053-b3472c0a1b94" }, "geometry": { "type": "Polygon", "coordinates": [ [ [ 471206.285339046618901, 5544374.180281355977058 ], [ 471208.571205054409802, 5544274.240842876955867 ], [ 471209.137370448268484, 5544250.26338026765734 ], [ 471233.133829453436192, 5544250.807004915550351 ], [ 471232.500658979231957, 5544274.725894486531615 ], [ 471256.457700083323289, 5544275.149751326069236 ], [ 471254.810120715701487, 5544351.341473817825317 ], [ 471230.824459621857386, 5544350.724313677288592 ], [ 471230.237363208085299, 5544374.685211279429495 ], [ 471206.285339046618901, 5544374.180281355977058 ] ] ] } },
{ "type": "Feature", "properties": { "name": "17e621eb-4f0a-4371-8d8a-0572f0e39cf5" }, "geometry": { "type": "Polygon", "coordinates": [ [ [ 466522.467017444898374, 5543011.245109562762082 ], [ 466594.897259340039454, 5543037.663658509030938 ], [ 466614.069848371553235, 5543044.656804021447897 ], [ 466612.555272261844948, 5543048.906999422237277 ], [ 466619.518270803731866, 5543051.348647378385067 ], [ 466615.291044244891964, 5543062.947562125511467 ], [ 466608.471146249969024, 5543060.369376488029957 ], [ 466590.592797369579785, 5543110.540453383699059 ], [ 466590.592804309329949, 5543110.541565231047571 ], [ 466585.50067788537126, 5543108.726501003839076 ], [ 466577.252680114936084, 5543131.22928390558809 ], [ 466492.463202133367304, 5543100.29511655960232 ], [ 466490.248219610308297, 5543099.486183702014387 ], [ 466494.396295554877724, 5543088.21789325773716 ], [ 466494.283605823700782, 5543088.176346809603274 ], [ 466494.28431494848337, 5543088.175230479799211 ], [ 466504.098154252686072, 5543061.548525346443057 ], [ 466503.288597926439252, 5543061.264499853365123 ], [ 466503.048558723879978, 5543061.928688608109951 ], [ 466498.318015789031051, 5543060.231528074480593 ], [ 466499.172768684744369, 5543057.896768246777356 ], [ 466504.683572932495736, 5543059.88814546354115 ], [ 466505.617291678092442, 5543057.240451388061047 ], [ 466506.955603830982, 5543053.446090779267251 ], [ 466507.061112425464671, 5543053.484346764162183 ], [ 466522.467017444898374, 5543011.245109562762082 ] ] ] } },
{ "type": "Feature", "properties": { "name": "f7f3f6d3-7e12-4986-b6b0-9aef8eaac38f" }, "geometry": { "type": "Polygon", "coordinates": [ [ [ 463376.852466641750652, 5542165.46479897480458 ], [ 463378.020951837243047, 5542164.565066191367805 ], [ 463379.435198034916539, 5542166.40114064142108 ], [ 463378.267429221363273, 5542167.30086821783334 ], [ 463376.852466641750652, 5542165.46479897480458 ] ] ] } },
{ "type": "Feature", "properties": { "name": "0a6f3bd5-435e-4fdb-85aa-ce1111b7e06e" }, "geometry": { "type": "Polygon", "coordinates": [ [ [ 470822.706160823465325, 5544220.59788521938026 ], [ 470826.926054383337032, 5544222.187107246369123 ], [ 470825.761713601532392, 5544225.169967417605221 ], [ 470821.574863950198051, 5544223.600580028258264 ], [ 470822.706160823465325, 5544220.59788521938026 ] ] ] } },
{ "type": "Feature", "properties": { "name": "20dce8bb-0683-49b3-8d6f-e4cb45c9f8e1" }, "geometry": { "type": "Polygon", "coordinates": [ [ [ 466075.101371078868397, 5543031.381615598686039 ], [ 466074.988676810171455, 5543031.340077960863709 ], [ 466071.385457552794833, 5543030.031981728971004 ], [ 466068.447612046671566, 5543028.965398035012186 ], [ 466065.460235125967301, 5543027.880227794870734 ], [ 466064.306774276017677, 5543027.461685983464122 ], [ 466058.548783549573272, 5543025.370033466257155 ], [ 466061.545012564980425, 5543017.120816892012954 ], [ 466066.934787759906612, 5543019.078044266439974 ], [ 466079.669544427946676, 5543023.702854212373495 ], [ 466076.674007543944754, 5543031.952056078240275 ], [ 466075.101371078868397, 5543031.381615598686039 ] ] ] } },
{ "type": "Feature", "properties": { "name": "24e77037-f481-7d8a-e053-84002d0a9694" }, "geometry": { "type": "Polygon", "coordinates": [ [ [ 464010.301695713540539, 5542613.063603475689888 ], [ 464016.96365607320331, 5542594.848230716772377 ], [ 464039.989402129431255, 5542603.227312607690692 ], [ 464033.327374707791023, 5542621.442656634375453 ], [ 464010.301695713540539, 5542613.063603475689888 ] ] ] } },
{ "type": "Feature", "properties": { "name": "24e77037-f58f-7d8a-e053-84002d0a9694" }, "geometry": { "type": "Polygon", "coordinates": [ [ [ 468323.261740772635676, 5541638.274173051118851 ], [ 468385.58682551496895, 5541661.019715611822903 ], [ 468382.752433924470097, 5541668.785167867317796 ], [ 468377.445404617523309, 5541666.848469167947769 ], [ 468374.755539474776015, 5541674.21946553979069 ], [ 468312.931619237293489, 5541651.656768803484738 ], [ 468316.061256978369784, 5541643.081192418001592 ], [ 468320.867273123178165, 5541644.835109824314713 ], [ 468323.261740772635676, 5541638.274173051118851 ] ] ] } },
{ "type": "Feature", "properties": { "name": "24e77037-f12f-7d8a-e053-84002d0a9694" }, "geometry": { "type": "Polygon", "coordinates": [ [ [ 468225.132157896936405, 5541965.212501138448715 ], [ 468189.007257614575792, 5541951.886458018794656 ], [ 468196.268538681208156, 5541932.200769605115056 ], [ 468232.394268642063253, 5541945.526857532560825 ], [ 468225.132157896936405, 5541965.212501138448715 ] ] ] } },
{ "type": "Feature", "properties": { "name": "3f366887-5944-a92a-e053-b4472c0a365b" }, "geometry": { "type": "Polygon", "coordinates": [ [ [ 470144.320443016767967, 5544274.121356710791588 ], [ 470141.96799646015279, 5544273.25053486879915 ], [ 470142.588504640734755, 5544271.543664764612913 ], [ 470142.594842486374546, 5544271.524727358482778 ], [ 470143.014389875577763, 5544270.370473574846983 ], [ 470145.40899639565032, 5544271.226606146432459 ], [ 470144.961028730962425, 5544272.419934284873307 ], [ 470144.320443016767967, 5544274.121356710791588 ] ] ] } },
{ "type": "Feature", "properties": { "name": "661e4af6-1c65-bde8-e053-b4472c0a3fef" }, "geometry": { "type": "Polygon", "coordinates": [ [ [ 470514.913530276389793, 5541606.595516038127244 ], [ 470516.883456312003545, 5541604.270849172025919 ], [ 470532.695292870281264, 5541617.450766686350107 ], [ 470530.722842473187484, 5541619.837706904858351 ], [ 470514.913530276389793, 5541606.595516038127244 ] ] ] } },
{ "type": "Feature", "properties": { "name": "24e77037-eb21-7d8a-e053-84002d0a9694" }, "geometry": { "type": "Polygon", "coordinates": [ [ [ 468769.223008892673533, 5544266.269810336641967 ], [ 468786.603582259675022, 5544218.188222699798644 ], [ 468837.578705557796638, 5544234.372613954357803 ], [ 468837.591916435223538, 5544235.288732229731977 ], [ 468837.588317304558586, 5544237.252346340566874 ], [ 468837.538892246375326, 5544239.215115454047918 ], [ 468837.435804945183918, 5544241.183756537735462 ], [ 468837.394544951210264, 5544241.721038453280926 ], [ 468837.285401687724516, 5544243.141554322093725 ], [ 468837.090604516910389, 5544245.098498781211674 ], [ 468836.842777015699539, 5544247.046857008710504 ], [ 468836.551922803977504, 5544248.983235085383058 ], [ 468836.200814334442839, 5544250.899950142018497 ], [ 468835.791754866600968, 5544252.82367407809943 ], [ 468835.354000338003971, 5544254.737558198161423 ], [ 468834.982248759013601, 5544256.18295332044363 ], [ 468834.865337617055047, 5544256.638396224938333 ], [ 468834.342265445739031, 5544258.531651511788368 ], [ 468833.781191274058074, 5544260.415121223777533 ], [ 468833.173485168197658, 5544262.282184311188757 ], [ 468832.812089144368656, 5544263.29277129471302 ], [ 468832.510575490712654, 5544264.13622638117522 ], [ 468831.8153719115071, 5544265.977114008739591 ], [ 468831.0512974995072, 5544267.793941396288574 ], [ 468830.239804159267806, 5544269.582136060111225 ], [ 468829.794610574550461, 5544270.464232475496829 ], [ 468829.350139540503733, 5544271.347436607815325 ], [ 468828.428129362582695, 5544273.090687999501824 ], [ 468827.26243620790774, 5544275.157806600444019 ], [ 468826.445244352216832, 5544276.459028361365199 ], [ 468825.370213030953892, 5544278.111997049301863 ], [ 468824.275006951647811, 5544279.742845763452351 ], [ 468823.155910454923287, 5544281.328246525488794 ], [ 468821.985397719894536, 5544282.936184879392385 ], [ 468820.77160636219196, 5544284.488781315274537 ], [ 468819.442671963886824, 5544285.939755364321172 ], [ 468817.467406221840065, 5544288.033831712789834 ], [ 468811.585747373406775, 5544283.462673655711114 ], [ 468808.793068497499917, 5544281.291869705542922 ], [ 468804.419374712160788, 5544279.086920955218375 ], [ 468797.740251401264686, 5544276.624118635430932 ], [ 468788.936201714503113, 5544273.427642457187176 ], [ 468777.041279675322585, 5544269.108419243246317 ], [ 468769.223008892673533, 5544266.269810336641967 ] ] ] } },
{ "type": "Feature", "properties": { "name": "4a45e41c-25ee-4cdd-935e-1ee103d562bd" }, "geometry": { "type": "Polygon", "coordinates": [ [ [ 466929.003536725766025, 5542773.549027480185032 ], [ 466931.432622529799119, 5542774.459113380871713 ], [ 466930.528199400287122, 5542776.906408300623298 ], [ 466928.071695687773172, 5542775.963135536760092 ], [ 466929.003536725766025, 5542773.549027480185032 ] ] ] } },
{ "type": "Feature", "properties": { "name": "24e77037-f616-7d8a-e053-84002d0a9694" }, "geometry": { "type": "Polygon", "coordinates": [ [ [ 469747.005762383807451, 5541500.297538189217448 ], [ 469754.825584557431284, 5541478.822979830205441 ], [ 469753.490557668788824, 5541478.350187113508582 ], [ 469755.534233940590639, 5541472.771458462812006 ], [ 469756.869777405867353, 5541473.208668595179915 ], [ 469795.865458769083489, 5541366.110190467908978 ], [ 469794.520285215694457, 5541365.620766391046345 ], [ 469796.545362023694906, 5541360.031041290611029 ], [ 469797.901281489233952, 5541360.520405282266438 ], [ 469805.71656187280314, 5541339.055962374433875 ], [ 469859.443375300557818, 5541358.645982825197279 ], [ 469859.925184282765258, 5541357.322357517667115 ], [ 469864.412889450555667, 5541358.951581913977861 ], [ 469865.149006764462683, 5541356.992754362523556 ], [ 469870.98977704916615, 5541359.114717253483832 ], [ 469870.273745966609567, 5541361.078990393318236 ], [ 469873.549793518846855, 5541362.268063146620989 ], [ 469813.894369646324776, 5541526.144918257370591 ], [ 469810.611151247925591, 5541524.939244732260704 ], [ 469809.891005472512916, 5541526.928011449053884 ], [ 469804.069688321265858, 5541524.798223294317722 ], [ 469804.796247524791397, 5541522.803860220126808 ], [ 469800.325066023331601, 5541521.162362628616393 ], [ 469800.804017662187107, 5541519.845418780110776 ], [ 469747.005762383807451, 5541500.297538189217448 ] ] ] } },
{ "type": "Feature", "properties": { "name": "24e77037-f247-7d8a-e053-84002d0a9694" }, "geometry": { "type": "Polygon", "coordinates": [ [ [ 470747.286724382429384, 5542838.956561111845076 ], [ 470746.68042078561848, 5542840.446459461003542 ], [ 470742.982657649961766, 5542838.941166901960969 ], [ 470743.589676513976883, 5542837.451264221221209 ], [ 470747.286724382429384, 5542838.956561111845076 ] ] ] } },
{ "type": "Feature", "properties": { "name": "3f366887-5818-a92a-e053-b4472c0a365b" }, "geometry": { "type": "Polygon", "coordinates": [ [ [ 470250.546038085070904, 5544450.00805087108165 ], [ 470257.125082339742221, 5544452.404278202913702 ], [ 470255.459500355937053, 5544456.977825094945729 ], [ 470248.880460928427055, 5544454.581599812954664 ], [ 470250.546038085070904, 5544450.00805087108165 ] ] ] } },
{ "type": "Feature", "properties": { "name": "dd06d1a7-b9fe-4adb-acde-984bb6e11a10" }, "geometry": { "type": "Polygon", "coordinates": [ [ [ 465648.283154268574435, 5541419.083469606004655 ], [ 465650.418293140479364, 5541413.23457957059145 ], [ 465653.817314739106223, 5541414.462543709203601 ], [ 465651.662158841441851, 5541420.318232080899179 ], [ 465648.283154268574435, 5541419.083469606004655 ] ] ] } },
{ "type": "Feature", "properties": { "name": "3fec28f9-d209-81d2-e053-b4472c0a1eeb" }, "geometry": { "type": "Polygon", "coordinates": [ [ [ 469148.671022339432966, 5544450.861091607250273 ], [ 469154.313766420353204, 5544452.942255041562021 ], [ 469153.518591500120237, 5544455.215089129284024 ], [ 469147.851431936840527, 5544453.120724684558809 ], [ 469148.671022339432966, 5544450.861091607250273 ] ] ] } },
{ "type": "Feature", "properties": { "name": "24e77037-ba20-7d8a-e053-84002d0a9694" }, "geometry": { "type": "Polygon", "coordinates": [ [ [ 465458.523355661483947, 5542720.401350479573011 ], [ 465460.170094943896402, 5542723.885402236133814 ], [ 465448.497571426501963, 5542729.357850151136518 ], [ 465446.864396785909776, 5542725.868154875934124 ], [ 465458.523355661483947, 5542720.401350479573011 ] ] ] } },
{ "type": "Feature", "properties": { "name": "24e77037-febd-7d8a-e053-84002d0a9694" }, "geometry": { "type": "Polygon", "coordinates": [ [ [ 471086.356348545406945, 5544922.351895368658006 ], [ 471051.564061667188071, 5544915.439562045969069 ], [ 471051.240208298608195, 5544915.386832200922072 ], [ 471050.924752438964788, 5544915.29847664013505 ], [ 471050.619859645492397, 5544915.177819292992353 ], [ 471050.329824938671663, 5544915.024836916476488 ], [ 471050.057523698895238, 5544914.841737714596093 ], [ 471049.807262982765678, 5544914.63072214461863 ], [ 471049.58048649848206, 5544914.394006163813174 ], [ 471049.380785468383692, 5544914.133794098161161 ], [ 471049.209615637664683, 5544913.8545256042853 ], [ 471049.069846377009526, 5544913.557297036983073 ], [ 471048.962223613867536, 5544913.247663775458932 ], [ 471048.888906900712755, 5544912.927837900817394 ], [ 471048.849920312059112, 5544912.602266815491021 ], [ 471048.206803849898279, 5544905.673149305395782 ], [ 471048.177802813588642, 5544905.340852883644402 ], [ 471048.186019379878417, 5544905.007243160158396 ], [ 471048.230045946664177, 5544904.676775285042822 ], [ 471048.309184733137954, 5544904.352788693271577 ], [ 471048.423459814395756, 5544904.03973079379648 ], [ 471048.571457569079939, 5544903.74094488658011 ], [ 471048.751048535690643, 5544903.459778154268861 ], [ 471048.960109268256929, 5544903.200689627788961 ], [ 471049.195782428898383, 5544902.964806659147143 ], [ 471049.455938551342115, 5544902.755476428195834 ], [ 471049.737022505723871, 5544902.577165710739791 ], [ 471050.036170932697132, 5544902.42989000864327 ], [ 471050.349816665344406, 5544902.315892402082682 ], [ 471083.216293234552722, 5544889.186909769661725 ], [ 471083.530078664189205, 5544889.098486696369946 ], [ 471083.851214828377124, 5544889.045604201965034 ], [ 471084.176844366593286, 5544889.029389617964625 ], [ 471084.502678235992789, 5544889.050978004001081 ], [ 471084.822977681877092, 5544889.108176618814468 ], [ 471085.135601184796542, 5544889.202108912169933 ], [ 471085.435519823629875, 5544889.329466418363154 ], [ 471085.718444556929171, 5544889.491384196095169 ], [ 471085.981487980170641, 5544889.683430314995348 ], [ 471086.221064876532182, 5544889.904512265697122 ], [ 471086.434293854516, 5544890.151309964247048 ], [ 471086.618293523264583, 5544890.420503329485655 ], [ 471086.770898335089441, 5544890.70876840967685 ], [ 471086.889220893499441, 5544891.011673272587359 ], [ 471086.973249185248278, 5544891.326994209550321 ], [ 471087.020089807512704, 5544891.649187441915274 ], [ 471089.74653221963672, 5544919.415989127010107 ], [ 471089.730468935042154, 5544919.755200596526265 ], [ 471089.675732436066028, 5544920.091285413131118 ], [ 471089.583008523273747, 5544920.418680449947715 ], [ 471089.452267159649637, 5544920.731826446950436 ], [ 471089.286365689069498, 5544921.029596087522805 ], [ 471089.087415573070757, 5544921.305306653492153 ], [ 471088.858262134541292, 5544921.555607122369111 ], [ 471088.601040866400581, 5544921.778262187726796 ], [ 471088.320028761110734, 5544921.969913086853921 ], [ 471088.018786971806549, 5544922.127204923890531 ], [ 471087.700888668419793, 5544922.249006503261626 ], [ 471087.371332683425862, 5544922.333067050203681 ], [ 471087.034408020379487, 5544922.378251493908465 ], [ 471086.694409691554029, 5544922.384536629542708 ], [ 471086.356348545406945, 5544922.351895368658006 ] ] ] } },
{ "type": "Feature", "properties": { "name": "22bc4228-635c-4f48-9db3-95a073069a23" }, "geometry": { "type": "Polygon", "coordinates": [ [ [ 470288.784120484837331, 5544046.170378455892205 ], [ 470290.567593874351587, 5544046.810928497463465 ], [ 470290.101786807470489, 5544048.153335105627775 ], [ 470288.298143623047508, 5544047.49065953027457 ], [ 470288.784120484837331, 5544046.170378455892205 ] ] ] } },
{ "type": "Feature", "properties": { "name": "24e77037-c5f6-7d8a-e053-84002d0a9694" }, "geometry": { "type": "Polygon", "coordinates": [ [ [ 470300.315332893282175, 5544346.792151878587902 ], [ 470273.911884264147375, 5544337.176427896134555 ], [ 470284.314025690895505, 5544369.842526067979634 ], [ 470279.274832616618369, 5544383.680123611353338 ], [ 470242.051910908194259, 5544370.122994225472212 ], [ 470247.091027533751912, 5544356.286473442800343 ], [ 470229.849284126714338, 5544350.002382344566286 ], [ 470224.808798693818972, 5544363.843374751508236 ], [ 470188.160950278048404, 5544350.496899796649814 ], [ 470193.180320262268651, 5544336.607067077420652 ], [ 470229.849284126714338, 5544350.002382344566286 ], [ 470247.091027533751912, 5544356.286473442800343 ], [ 470284.314025690895505, 5544369.842526067979634 ], [ 470273.911884264147375, 5544337.176427896134555 ], [ 470276.240389241313096, 5544330.782385816797614 ], [ 470279.587182649527676, 5544321.591858115978539 ], [ 470281.419883238268085, 5544316.545952988788486 ], [ 470281.501163555600215, 5544316.227502533234656 ], [ 470281.553646597021725, 5544315.880303023383021 ], [ 470281.565612985403277, 5544315.71456574741751 ], [ 470281.568296709097922, 5544315.42434894759208 ], [ 470281.556458710751031, 5544315.226499233394861 ], [ 470281.532443926029373, 5544315.027605264447629 ], [ 470281.494055195304099, 5544314.818784169852734 ], [ 470281.428911940311082, 5544314.562300636433065 ], [ 470281.321955168561544, 5544314.253790767863393 ], [ 470281.193669044820126, 5544313.972084601409733 ], [ 470281.065049871918745, 5544313.759317133575678 ], [ 470280.936430688831024, 5544313.54654966853559 ], [ 470280.746785509341862, 5544313.302988399751484 ], [ 470280.580389363924041, 5544313.120451656170189 ], [ 470280.35657768510282, 5544312.912660478614271 ], [ 470280.141573161352426, 5544312.743736355565488 ], [ 470279.75433438870823, 5544312.501272645778954 ], [ 470279.301453400286846, 5544312.299201426096261 ], [ 470278.851831314677838, 5544312.168272759765387 ], [ 470278.584528097242583, 5544312.121946512721479 ], [ 470278.254316676408052, 5544312.092647987417877 ], [ 470277.93430722161429, 5544312.095537470653653 ], [ 470277.620185698207933, 5544312.127303266897798 ], [ 470277.278340993565507, 5544312.194803390651941 ], [ 470276.878124496142846, 5544312.32266956474632 ], [ 470276.598873553564772, 5544312.445416254922748 ], [ 470276.220628770068288, 5544312.662111193872988 ], [ 470275.941834927420132, 5544312.867134843952954 ], [ 470275.694634170096833, 5544313.08866126742214 ], [ 470275.449846786272246, 5544313.357985334470868 ], [ 470275.274318213516381, 5544313.593568120151758 ], [ 470275.099777352297679, 5544313.878068345598876 ], [ 470274.956773978483398, 5544314.169064682908356 ], [ 470272.795297762902919, 5544320.087404360063374 ], [ 470270.457621034933254, 5544326.505960250273347 ], [ 470267.43099114933284, 5544334.816325876861811 ], [ 470239.490053082816303, 5544324.641141514293849 ], [ 470229.013248281087726, 5544320.82561793923378 ], [ 470196.916995592648163, 5544309.136039822362363 ], [ 470197.944403370318469, 5544306.313913081772625 ], [ 470200.156488405889831, 5544300.240708723664284 ], [ 470202.111186832888052, 5544294.872761821374297 ], [ 470204.363469907955732, 5544288.688147065229714 ], [ 470204.506015913386364, 5544288.187005152925849 ], [ 470204.559827050426975, 5544287.822007308714092 ], [ 470204.572304376750253, 5544287.362729427404702 ], [ 470204.534310340182856, 5544286.968221912160516 ], [ 470204.432999393262435, 5544286.517360861413181 ], [ 470204.340578965260647, 5544286.248799401335418 ], [ 470204.227446316624992, 5544285.989248358644545 ], [ 470204.000430205254816, 5544285.592457784339786 ], [ 470203.723485247523058, 5544285.229301796294749 ], [ 470203.464983170386404, 5544284.963888981379569 ], [ 470203.260682957305107, 5544284.78934888727963 ], [ 470202.984666661708616, 5544284.592970481142402 ], [ 470202.729684531746898, 5544284.44539787992835 ], [ 470202.436820418573916, 5544284.309155099093914 ], [ 470202.15775076393038, 5544284.207303941249847 ], [ 470201.86234491324285, 5544284.128893353044987 ], [ 470201.608648314024322, 5544284.083607044070959 ], [ 470201.135219252319075, 5544284.049551428295672 ], [ 470200.74228929716628, 5544284.071753660216928 ], [ 470200.341028349648695, 5544284.140701475553215 ], [ 470199.867892712645698, 5544284.287881552241743 ], [ 470199.499411809374578, 5544284.457828380167484 ], [ 470199.062087134050671, 5544284.736011479981244 ], [ 470198.670934508787468, 5544285.077314889058471 ], [ 470198.358663426770363, 5544285.441528561525047 ], [ 470198.062749561679084, 5544285.914615851826966 ], [ 470197.934709639579523, 5544286.192188307642937 ], [ 470197.797864358057268, 5544286.559872473590076 ], [ 470197.459392776363529, 5544287.490181474946439 ], [ 470196.460888374771457, 5544290.232091498561203 ], [ 470193.9039886968676, 5544297.253432028926909 ], [ 470192.006415541050956, 5544302.464288040995598 ], [ 470190.436033861071337, 5544306.7760308990255 ], [ 470182.989208933489863, 5544304.920648336410522 ], [ 470172.803351586626377, 5544332.891289132647216 ], [ 470171.722358533996157, 5544335.858264752663672 ], [ 470163.295221606851555, 5544358.997988721355796 ], [ 470159.597491590247955, 5544369.152329495176673 ], [ 470160.238836840260774, 5544369.385584202595055 ], [ 470271.195312966941856, 5544409.794260462746024 ], [ 470274.200754702091217, 5544401.542943253181875 ], [ 470279.652842482086271, 5544403.528502935543656 ], [ 470300.315332893282175, 5544346.792151878587902 ] ] ] } },
{ "type": "Feature", "properties": { "name": "c6bf8535-b9be-4496-8223-f2ed04fcec64" }, "geometry": { "type": "Polygon", "coordinates": [ [ [ 469399.379820776346605, 5543674.490199076011777 ], [ 469399.95449734153226, 5543674.689276286400855 ], [ 469399.923584379139356, 5543674.792858373373747 ], [ 469405.198087695345748, 5543676.714061117731035 ], [ 469405.234082695096731, 5543676.622680751606822 ], [ 469405.810267089982517, 5543676.835092592984438 ], [ 469405.782103634090163, 5543676.918644987046719 ], [ 469411.063154777744785, 5543678.858718098141253 ], [ 469411.097749629581813, 5543678.772905198857188 ], [ 469411.677481800317764, 5543678.979737963527441 ], [ 469411.646492378844414, 5543679.069977791979909 ], [ 469416.927539229742251, 5543681.010056678205729 ], [ 469416.968559131259099, 5543680.920871445909142 ], [ 469417.543994816252962, 5543681.127729396335781 ], [ 469417.514418255421333, 5543681.214625460095704 ], [ 469422.811174774542451, 5543683.147949032485485 ], [ 469422.852923465194181, 5543683.060983451083302 ], [ 469423.422656071779784, 5543683.272322156466544 ], [ 469423.398762986704241, 5543683.351402518339455 ], [ 469426.919628634583205, 5543684.633305112831295 ], [ 469426.952113802311942, 5543684.554175678640604 ], [ 469427.531090607808437, 5543684.754343156702816 ], [ 469427.502255315717775, 5543684.845682471059263 ], [ 469431.027478502888698, 5543686.138681711629033 ], [ 469431.063505630474538, 5543686.052860761061311 ], [ 469431.641797867720015, 5543686.258592016994953 ], [ 469431.611530508671422, 5543686.349939486943185 ], [ 469438.669713845301885, 5543688.912551883608103 ], [ 469438.700792550982442, 5543688.837878095917404 ], [ 469439.271214509790298, 5543689.044766998849809 ], [ 469439.24808801402105, 5543689.132737995125353 ], [ 469442.778931923501659, 5543690.407922669313848 ], [ 469442.810036071343347, 5543690.337696299888194 ], [ 469443.386895379750058, 5543690.54343699850142 ], [ 469443.360860376269557, 5543690.623641387559474 ], [ 469446.893134305544663, 5543691.89882059302181 ], [ 469446.9185358719551, 5543691.833074345253408 ], [ 469447.496852251701057, 5543692.0432547070086 ], [ 469447.470094845164567, 5543692.122351313941181 ], [ 469452.747535551781766, 5543694.062485920265317 ], [ 469452.780014693969861, 5543693.98224479611963 ], [ 469453.359718186198734, 5543694.184634673409164 ], [ 469453.330844430427533, 5543694.269302754662931 ], [ 469458.605283596902154, 5543696.186110646463931 ], [ 469458.639163090323564, 5543696.100302139297128 ], [ 469459.222471514192875, 5543696.307119617238641 ], [ 469459.190043050970417, 5543696.396255494095385 ], [ 469464.488182145287283, 5543698.326276520267129 ], [ 469464.522796751465648, 5543698.243799514137208 ], [ 469465.096055317786522, 5543698.446227426640689 ], [ 469465.071496439632028, 5543698.534206482581794 ], [ 469470.349614940467291, 5543700.469906934536994 ], [ 469470.384926595084835, 5543700.384090333245695 ], [ 469470.95964842045214, 5543700.592069949023426 ], [ 469461.341572279459797, 5543726.990842079743743 ], [ 469422.661023199674673, 5543712.886178535409272 ], [ 469422.271549064200372, 5543714.021414974704385 ], [ 469419.505667202931363, 5543713.038746061734855 ], [ 469419.920821508043446, 5543711.88668440002948 ], [ 469389.762047543481458, 5543700.889099990949035 ], [ 469399.379820776346605, 5543674.490199076011777 ] ] ] } },
{ "type": "Feature", "properties": { "name": "24e77037-ed60-7d8a-e053-84002d0a9694" }, "geometry": { "type": "Polygon", "coordinates": [ [ [ 467230.93112782924436, 5543244.894333949312568 ], [ 467265.913442452438176, 5543266.421043893322349 ], [ 467248.220857242878992, 5543295.172650854103267 ], [ 467213.155922144942451, 5543273.466436835005879 ], [ 467215.529943112866022, 5543269.640339099802077 ], [ 467213.354346765088849, 5543268.217104658484459 ], [ 467214.44901844341075, 5543266.543677491135895 ], [ 467212.358256230596453, 5543265.17551826313138 ], [ 467219.253359274356626, 5543254.635940073989332 ], [ 467222.002698475145735, 5543256.434817514382303 ], [ 467223.972122957464308, 5543253.423992414027452 ], [ 467225.15338530956069, 5543254.196193273179233 ], [ 467230.93112782924436, 5543244.894333949312568 ] ] ] } },
{ "type": "Feature", "properties": { "name": "3feb9801-4fb1-030b-e053-b4472c0aa7e0" }, "geometry": { "type": "Polygon", "coordinates": [ [ [ 468884.654293614556082, 5544376.108919130638242 ], [ 468909.626902820018586, 5544307.493724197149277 ], [ 468908.870701534906402, 5544307.219034482724965 ], [ 468909.993266814271919, 5544304.132583671249449 ], [ 468915.753754912118893, 5544306.22726787161082 ], [ 468914.767898385529406, 5544308.938217185437679 ], [ 468920.038353690179065, 5544310.854515231214464 ], [ 468921.024218966951594, 5544308.144678741693497 ], [ 468930.813947562070098, 5544311.704794113524258 ], [ 468929.828793948807288, 5544314.414624641649425 ], [ 468935.046872995211743, 5544316.313451322726905 ], [ 468936.032738340611104, 5544313.602505750954151 ], [ 468945.830341215303633, 5544317.165938376449049 ], [ 468944.845181074051652, 5544319.875766134820879 ], [ 468950.093375979340635, 5544321.784439593553543 ], [ 468951.078538401925471, 5544319.074612801894546 ], [ 468960.865356454683933, 5544322.633687824010849 ], [ 468959.88018977700267, 5544325.343512810766697 ], [ 468964.265996770875063, 5544326.939203280955553 ], [ 468964.65844894212205, 5544326.095228234305978 ], [ 468965.170872290036641, 5544325.198298651725054 ], [ 468965.743200645782053, 5544324.384413213469088 ], [ 468966.387443393410649, 5544323.625705100595951 ], [ 468967.097189524618443, 5544322.927770956419408 ], [ 468967.86746630538255, 5544322.297310972586274 ], [ 468968.69114033941878, 5544321.738814095966518 ], [ 468969.562510057119653, 5544321.256760963238776 ], [ 468970.473726125143003, 5544320.855644666589797 ], [ 468971.416932753287256, 5544320.538846442475915 ], [ 468972.385699533158913, 5544320.308627378195524 ], [ 468973.370732377865352, 5544320.167265146039426 ], [ 468974.364878504013177, 5544320.115913121029735 ], [ 468975.359540395438671, 5544320.153509273193777 ], [ 468976.346849348978139, 5544320.281211110763252 ], [ 468977.318207849981263, 5544320.497956590726972 ], [ 468978.266443778469693, 5544320.801563512533903 ], [ 468979.182953182724304, 5544321.18985796906054 ], [ 468980.060557508666534, 5544321.65954590216279 ], [ 468980.892078209901229, 5544322.207333244383335 ], [ 468981.671033330610953, 5544322.826586229726672 ], [ 468982.390250789700076, 5544323.515122635290027 ], [ 468983.489336887316313, 5544322.546968868002295 ], [ 468983.537406511022709, 5544322.564480416476727 ], [ 468986.720720416051336, 5544323.716845638118684 ], [ 468987.954012317932211, 5544324.163347377441823 ], [ 468988.667818029352929, 5544322.188946036621928 ], [ 468999.976918792468496, 5544326.280758703127503 ], [ 468999.260239382041618, 5544328.254063273780048 ], [ 469001.001480653532781, 5544328.884422091767192 ], [ 469004.684114978124853, 5544330.215142746455967 ], [ 469005.576219179492909, 5544327.750480469316244 ], [ 469017.590547574392986, 5544332.09842664282769 ], [ 469016.706191367353313, 5544334.541916164569557 ], [ 469020.842248853179626, 5544336.037917262874544 ], [ 469021.548325106210541, 5544334.086914760991931 ], [ 469026.451330741925631, 5544335.860899179242551 ], [ 469027.405517805949785, 5544333.235769468359649 ], [ 469034.590780656377319, 5544335.848256289958954 ], [ 469033.561893931124359, 5544338.679516147822142 ], [ 469031.228722847881727, 5544337.826859694905579 ], [ 469030.599474970658775, 5544339.569493311457336 ], [ 469035.862627737806179, 5544341.473716336302459 ], [ 469036.56870226515457, 5544339.521603967994452 ], [ 469046.344563791528344, 5544343.059772065840662 ], [ 469045.637763850332703, 5544345.010775433853269 ], [ 469050.910954328312073, 5544346.919402648694813 ], [ 469051.511434182466473, 5544345.277007692493498 ], [ 469046.496383410529234, 5544343.438047299161553 ], [ 469047.55219778517494, 5544340.557711158879101 ], [ 469054.682328152703121, 5544343.172767501324415 ], [ 469053.742087784514297, 5544345.735545929521322 ], [ 469058.376753992342856, 5544347.413265359587967 ], [ 469059.304928582743742, 5544344.868347725830972 ], [ 469062.860614449484274, 5544346.164261915720999 ], [ 469061.589923658582848, 5544349.648480284959078 ], [ 469061.05057248059893, 5544349.481480242684484 ], [ 469060.696112417150289, 5544350.459766779094934 ], [ 469064.842334967455827, 5544351.984651969745755 ], [ 469065.726710069342516, 5544349.541170414537191 ], [ 469077.760307833494153, 5544353.895810791291296 ], [ 469076.875928007182665, 5544356.339290353469551 ], [ 469080.972499136871193, 5544357.822223216295242 ], [ 469081.611642561387271, 5544356.055076913908124 ], [ 469086.612183902354445, 5544357.865244788117707 ], [ 469085.980779196950607, 5544359.608996140770614 ], [ 469087.982467151829042, 5544360.340171929448843 ], [ 469084.116013645485509, 5544370.927662561647594 ], [ 469084.008181661716662, 5544371.222935714758933 ], [ 469082.007213108357973, 5544370.491757278330624 ], [ 469080.077515847340692, 5544375.775477163493633 ], [ 469079.694106592214666, 5544376.823978646658361 ], [ 469081.697904633474536, 5544377.549580418504775 ], [ 469078.271954318624921, 5544386.929244654253125 ], [ 469076.268881628173403, 5544386.204751879908144 ], [ 469074.21163436351344, 5544391.838343881070614 ], [ 469076.231209695222788, 5544392.569411818869412 ], [ 469072.836785303778015, 5544401.950009623542428 ], [ 469070.78923478431534, 5544401.209097716026008 ], [ 469068.731999284296762, 5544406.842692004516721 ], [ 469069.527649414550979, 5544407.133854396641254 ], [ 469070.796052365796641, 5544407.590179041028023 ], [ 469066.038117401651107, 5544420.740178291685879 ], [ 469063.934610342083033, 5544419.978466703556478 ], [ 469060.49886389716994, 5544429.387109225615859 ], [ 469062.630345878074877, 5544430.158664670772851 ], [ 469059.105605001561344, 5544439.899165323935449 ], [ 469056.947547949850559, 5544439.112198572605848 ], [ 469056.192016044107731, 5544441.17689526360482 ], [ 469051.235205153003335, 5544439.365391404367983 ], [ 469051.990728988545015, 5544437.299582161940634 ], [ 469046.70532204140909, 5544435.367675532586873 ], [ 469045.950509424612392, 5544437.432369528338313 ], [ 469041.575536736112554, 5544435.833214606158435 ], [ 469042.33034790615784, 5544433.768519992940128 ], [ 469041.315880124922842, 5544433.397459999658167 ], [ 469040.561075724021066, 5544435.463266608305275 ], [ 469036.186093346215785, 5544433.863004234619439 ], [ 469036.940902733884286, 5544431.798308858647943 ], [ 469031.66481085610576, 5544429.869698750786483 ], [ 469030.910003213153686, 5544431.934394869953394 ], [ 469026.535021439078264, 5544430.33525222633034 ], [ 469027.289821198908612, 5544428.269443633966148 ], [ 469026.313377886312082, 5544427.912620889954269 ], [ 469025.558572012989316, 5544429.977317766286433 ], [ 469021.183587005536538, 5544428.378179488703609 ], [ 469021.607853226130828, 5544427.217136397957802 ], [ 469021.678297750884667, 5544427.018812586553395 ], [ 469021.92404116463149, 5544426.308005643077195 ], [ 469016.680940766294952, 5544424.39144996739924 ], [ 469015.925422174157575, 5544426.456152349710464 ], [ 469011.550431347684935, 5544424.85702193249017 ], [ 469012.305948493187316, 5544422.792318933643401 ], [ 469011.300802582816686, 5544422.424546268768609 ], [ 469010.546008113538846, 5544424.490357116796076 ], [ 469006.171014037856366, 5544422.891231091693044 ], [ 469006.923652904632036, 5544420.824320214800537 ], [ 469001.649693314044271, 5544418.896839059889317 ], [ 469000.895617943140678, 5544420.962647122330964 ], [ 468996.520611595187802, 5544419.362417125143111 ], [ 468997.27540786616737, 5544417.297716145403683 ], [ 468996.280301870836411, 5544416.933223774656653 ], [ 468995.524796466692351, 5544418.999040893279016 ], [ 468991.149793316726573, 5544417.399927125312388 ], [ 468991.904581367911305, 5544415.334113539196551 ], [ 468986.629172584740445, 5544413.405543610453606 ], [ 468985.873663928650785, 5544415.470250241458416 ], [ 468981.498654948081821, 5544413.871144353412092 ], [ 468982.26348827208858, 5544411.809718700125813 ], [ 468981.240401864168234, 5544411.435384329408407 ], [ 468980.485617341648322, 5544413.501199424266815 ], [ 468976.110605106514413, 5544411.902097932063043 ], [ 468976.865388181409799, 5544409.836282222531736 ], [ 468971.625841141853016, 5544407.920861708931625 ], [ 468970.871059800672811, 5544409.986678160727024 ], [ 468966.496035308751743, 5544408.386472665704787 ], [ 468967.251537557924166, 5544406.321763295680285 ], [ 468966.237059256178327, 5544405.950717511586845 ], [ 468965.482279698015191, 5544408.016534724272788 ], [ 468958.2905386245111, 5544405.387500301934779 ], [ 468959.044599895889405, 5544403.321686225943267 ], [ 468949.51107502845116, 5544399.835642043501139 ], [ 468948.756301004730631, 5544401.901461618952453 ], [ 468944.381269601464737, 5544400.302386024035513 ], [ 468945.136042177560739, 5544398.236565832048655 ], [ 468944.311689385387581, 5544397.935581471771002 ], [ 468943.556201174447779, 5544400.001405936665833 ], [ 468939.181166630645748, 5544398.402334586717188 ], [ 468939.935937486123294, 5544396.336513661779463 ], [ 468938.536180039402097, 5544395.824276199564338 ], [ 468934.656891936552711, 5544394.404680107720196 ], [ 468933.90490253677126, 5544396.456031104549766 ], [ 468929.60661929147318, 5544394.883207200095057 ], [ 468930.357175462821033, 5544392.831863913685083 ], [ 468929.300356534600724, 5544392.444392646662891 ], [ 468928.545589198009111, 5544394.510215074755251 ], [ 468924.170539125567302, 5544392.910044126212597 ], [ 468924.925305014767218, 5544390.844221078790724 ], [ 468919.690015844942536, 5544388.928826383315027 ], [ 468918.938050735683646, 5544390.983515037223697 ], [ 468914.563717214157805, 5544389.384459617547691 ], [ 468915.314952056040056, 5544387.327550811693072 ], [ 468914.257421478629112, 5544386.941198515705764 ], [ 468913.502652658964507, 5544389.005911220796406 ], [ 468909.12759995268425, 5544387.406864397227764 ], [ 468909.883070313953795, 5544385.339923216030002 ], [ 468904.70660409895936, 5544383.446439041756094 ], [ 468903.956146817828994, 5544385.513351831585169 ], [ 468899.581088342296425, 5544383.914312800392509 ], [ 468900.337271453987341, 5544381.847366108559072 ], [ 468899.298391128191724, 5544381.467579674907029 ], [ 468898.54503968503559, 5544383.528950618579984 ], [ 468894.169971471652389, 5544381.928804153576493 ], [ 468894.923315006890334, 5544379.866320743225515 ], [ 468889.656432951043826, 5544377.938908156938851 ], [ 468888.882303897116799, 5544379.99706562794745 ], [ 468883.898825137817767, 5544378.174752029590309 ], [ 468884.654293614556082, 5544376.108919130638242 ] ] ] } },
{ "type": "Feature", "properties": { "name": "24e77037-cde4-7d8a-e053-84002d0a9694" }, "geometry": { "type": "Polygon", "coordinates": [ [ [ 463390.220324990048539, 5542054.826473001390696 ], [ 463411.620769310859032, 5542038.382030219770968 ], [ 463421.97468427795684, 5542051.857514965347946 ], [ 463400.574263263086323, 5542068.301916812546551 ], [ 463390.220324990048539, 5542054.826473001390696 ] ] ] } },
{ "type": "Feature", "properties": { "name": "7583db1c-e080-4cbd-e053-b3472c0ada59" }, "geometry": { "type": "Polygon", "coordinates": [ [ [ 466890.029681338812225, 5542929.03856648132205 ], [ 466884.328668769623619, 5542926.974585089832544 ], [ 466885.188314846542198, 5542924.589824100024998 ], [ 466890.826718926313333, 5542926.604158650152385 ], [ 466890.029681338812225, 5542929.03856648132205 ] ] ] } },
{ "type": "Feature", "properties": { "name": "661e4af6-1c74-bde8-e053-b4472c0a3fef" }, "geometry": { "type": "Polygon", "coordinates": [ [ [ 470514.600179282366298, 5541605.7555485451594 ], [ 470512.216134097368922, 5541603.769516061060131 ], [ 470515.225598812801763, 5541600.177141480147839 ], [ 470517.58603777945973, 5541602.16886465344578 ], [ 470514.600179282366298, 5541605.7555485451594 ] ] ] } },
{ "type": "Feature", "properties": { "name": "24e77037-e9b4-7d8a-e053-84002d0a9694" }, "geometry": { "type": "Polygon", "coordinates": [ [ [ 468264.638853340293281, 5544060.420515270903707 ], [ 468266.848177646577824, 5544054.473265307024121 ], [ 468278.442868191224989, 5544058.72086891811341 ], [ 468276.240942885924596, 5544064.710321911610663 ], [ 468264.638853340293281, 5544060.420515270903707 ] ] ] } },
{ "type": "Feature", "properties": { "name": "24e77037-eaef-7d8a-e053-84002d0a9694" }, "geometry": { "type": "Polygon", "coordinates": [ [ [ 468945.097759183612652, 5543682.130517768673599 ], [ 468949.143222430371679, 5543690.753071518614888 ], [ 468954.052729886432644, 5543688.481914090923965 ], [ 468954.133141439466272, 5543688.642671112902462 ], [ 468961.267830089083873, 5543703.985344268381596 ], [ 468975.642715298046824, 5543697.310730717144907 ], [ 468975.719565399340354, 5543697.474844364449382 ], [ 468980.601336664345581, 5543707.959430297836661 ], [ 468986.359839805634692, 5543705.281990630552173 ], [ 468993.528130563383456, 5543720.635630199685693 ], [ 468994.405400873918552, 5543722.514082725159824 ], [ 468996.064242773340084, 5543726.066955564543605 ], [ 468997.101737076300196, 5543728.288053129799664 ], [ 468998.633704424835742, 5543731.570361536927521 ], [ 468999.998181547154672, 5543734.492277573794127 ], [ 468995.932782875490375, 5543736.374902186915278 ], [ 468994.234646320168395, 5543737.161948881112039 ], [ 469000.744513120385818, 5543751.097310540266335 ], [ 469002.26847362035187, 5543754.358540561981499 ], [ 468999.347948261303827, 5543755.73751837015152 ], [ 469000.265841158980038, 5543757.708023123443127 ], [ 469000.015906814369373, 5543757.823995184153318 ], [ 469000.786519265151583, 5543759.585206678137183 ], [ 469000.710842956032138, 5543759.623449167236686 ], [ 469000.752840714587364, 5543759.704373587854207 ], [ 469000.661476960696746, 5543759.753825812600553 ], [ 469000.6955021872418, 5543759.818118118681014 ], [ 468999.128102902555838, 5543760.553259289823472 ], [ 468999.459221256314777, 5543761.226256134919822 ], [ 468993.436776244139764, 5543764.0642114514485 ], [ 468990.0106823000242, 5543765.678507923148572 ], [ 468995.31795348925516, 5543777.075724348425865 ], [ 468985.214345692831557, 5543781.784178456291556 ], [ 468987.939798703766428, 5543787.643591084517539 ], [ 468991.184374886273872, 5543794.618554705753922 ], [ 469001.310352292726748, 5543789.943338600918651 ], [ 469003.035193765826989, 5543793.645936070941389 ], [ 469006.11584707495058, 5543800.261606894433498 ], [ 469010.766893396270461, 5543810.248319856822491 ], [ 469016.937388457474299, 5543807.389512310735881 ], [ 469021.833231851283927, 5543805.121830642223358 ], [ 469021.868036890635267, 5543805.197237432934344 ], [ 469021.94230003253324, 5543805.162339073605835 ], [ 469021.98716107045766, 5543805.243247085250914 ], [ 469022.0606567368377, 5543805.199458082206547 ], [ 469022.888296147692017, 5543806.919202849268913 ], [ 469023.134713092178572, 5543806.814371051266789 ], [ 469024.310691352467984, 5543809.338217258453369 ], [ 469024.060758926672861, 5543809.454188214614987 ], [ 469024.831356263544876, 5543811.215403247624636 ], [ 469024.755680521659087, 5543811.253645402379334 ], [ 469024.797677521826699, 5543811.33457001671195 ], [ 469024.706314438895788, 5543811.384021837264299 ], [ 469024.740339056588709, 5543811.448314300738275 ], [ 469013.731515226128977, 5543816.613380654715002 ], [ 469025.735615211888216, 5543842.378566144965589 ], [ 469015.465719461906701, 5543847.163535325787961 ], [ 469021.484768224647269, 5543860.079941032454371 ], [ 469031.754637840902433, 5543855.293871380388737 ], [ 469039.805825714312959, 5543872.571586907841265 ], [ 469040.016228761000093, 5543872.430271958932281 ], [ 469039.874128104362171, 5543872.125325323082507 ], [ 469050.655984116310719, 5543867.100609854795039 ], [ 469051.262807394436095, 5543868.402454922907054 ], [ 469051.035730620031245, 5543868.508285495452583 ], [ 469051.130629813007545, 5543868.698981107212603 ], [ 469051.82900505134603, 5543868.374718965962529 ], [ 469053.849628830503207, 5543872.719404302537441 ], [ 469044.141691344964784, 5543877.233104716986418 ], [ 469047.461464777064975, 5543884.35665996465832 ], [ 469045.684126245905645, 5543885.18417692463845 ], [ 469051.121621138125192, 5543896.854219282977283 ], [ 469040.85181490360992, 5543901.640252327546477 ], [ 469046.809119941899553, 5543914.424729142338037 ], [ 469057.079622652439866, 5543909.638703217729926 ], [ 469065.122670871613082, 5543926.898713587783277 ], [ 469065.349745423067361, 5543926.79288359452039 ], [ 469065.218535004125442, 5543926.513446723110974 ], [ 469076.000303936132696, 5543921.488781546242535 ], [ 469076.595518169749994, 5543922.766235066577792 ], [ 469076.369152774917893, 5543922.87094859033823 ], [ 469076.498506701202132, 5543923.077011959627271 ], [ 469077.172571819100995, 5543922.759564839303493 ], [ 469079.197193934465759, 5543927.0597611553967 ], [ 469069.495383899426088, 5543931.628975633531809 ], [ 469072.794793077104259, 5543938.709300680086017 ], [ 469071.013185931602493, 5543939.53905787691474 ], [ 469076.451281513902359, 5543951.208010526373982 ], [ 469066.180842203786597, 5543955.99399983137846 ], [ 469072.109023097786121, 5543968.715295543894172 ], [ 469082.378727039671503, 5543963.929321581497788 ], [ 469090.460758143395651, 5543981.272536153905094 ], [ 469090.682761316711549, 5543981.156729524023831 ], [ 469090.555894252145663, 5543980.885050150565803 ], [ 469101.338292095868383, 5543975.860431122593582 ], [ 469101.929147266491782, 5543977.129017525352538 ], [ 469101.702790122362785, 5543977.234841845929623 ], [ 469101.78688839438837, 5543977.415593741461635 ], [ 469102.487708386208396, 5543977.144694476388395 ], [ 469104.493694383068942, 5543981.448343591764569 ], [ 469094.720992301183287, 5543986.00235637370497 ], [ 469098.018890792038292, 5543993.080481871962547 ], [ 469096.330129090347327, 5543993.867443003691733 ], [ 469101.746367422223557, 5544005.489848265424371 ], [ 469101.010886455303989, 5544005.833220434375107 ], [ 469106.976629246375524, 5544018.635505232028663 ], [ 469107.712108815729152, 5544018.292133872397244 ], [ 469115.834607933240477, 5544035.60402019135654 ], [ 469116.015985960024409, 5544035.520693764090538 ], [ 469115.889115015801508, 5544035.247901929542422 ], [ 469126.671425814158283, 5544030.223333175294101 ], [ 469127.262269151746295, 5544031.491922436282039 ], [ 469127.035913833591621, 5544031.597745700739324 ], [ 469127.120732792012859, 5544031.779605721123517 ], [ 469127.820824499824084, 5544031.507602008990943 ], [ 469129.826770338288043, 5544035.811260817572474 ], [ 469120.070569216739386, 5544040.357350059784949 ], [ 469123.376373390259687, 5544047.452123808674514 ], [ 469121.671203277423047, 5544048.246955025941133 ], [ 469127.07936784485355, 5544059.853866019286215 ], [ 469116.8090942397248, 5544064.639759622514248 ], [ 469122.758773078385275, 5544077.405462639406323 ], [ 469133.02902721427381, 5544072.619580283761024 ], [ 469141.120879903901368, 5544089.983940300531685 ], [ 469141.349412913550623, 5544089.883664474822581 ], [ 469141.222550923936069, 5544089.611983874812722 ], [ 469144.697849062038586, 5544087.991938644088805 ], [ 469152.004774674656801, 5544084.587465398944914 ], [ 469152.595606178918388, 5544085.856057516299188 ], [ 469152.369246276968624, 5544085.960767873562872 ], [ 469152.482222720980644, 5544086.183605774305761 ], [ 469153.154149345762562, 5544085.870627861469984 ], [ 469155.160055024607573, 5544090.174296368844807 ], [ 469145.432500077586155, 5544094.707944639958441 ], [ 469148.753452412260231, 5544101.833779490552843 ], [ 469147.019019154831767, 5544102.642114185728133 ], [ 469152.404586207529064, 5544114.198034202679992 ], [ 469142.134395485860296, 5544118.983879929408431 ], [ 469148.070914410345722, 5544131.723001608625054 ], [ 469158.341085702530108, 5544126.937167103402317 ], [ 469166.464675161580089, 5544144.370319358073175 ], [ 469166.68304857192561, 5544144.246753513813019 ], [ 469166.556189120048657, 5544143.975072300061584 ], [ 469177.338325825403444, 5544138.950604102574289 ], [ 469177.929145496222191, 5544140.219199074432254 ], [ 469177.702787425136194, 5544140.323908377438784 ], [ 469177.842897051130421, 5544140.53435976896435 ], [ 469178.48768289637519, 5544140.233772044070065 ], [ 469180.493548414728139, 5544144.53745024651289 ], [ 469170.758931803226005, 5544149.074429955333471 ], [ 469174.076921866217162, 5544156.194738104008138 ], [ 469172.349642794462852, 5544156.999687918461859 ], [ 469177.729304070759099, 5544168.543436611071229 ], [ 469176.271098195924424, 5544169.201178153976798 ], [ 469182.264054710743949, 5544182.066767395474017 ], [ 469183.851221204618923, 5544181.300431746989489 ], [ 469183.836723179207183, 5544181.269382418133318 ], [ 469188.062937235459685, 5544179.262551136314869 ], [ 469193.25560382992262, 5544190.42045553214848 ], [ 469270.240219248167705, 5544218.663340754806995 ], [ 469301.816163209150545, 5544230.049047357402742 ], [ 469304.033043536532205, 5544230.848006377927959 ], [ 469288.20812623645179, 5544258.630346142686903 ], [ 469287.736754318990279, 5544258.457373640500009 ], [ 469284.481098495132755, 5544267.272195893339813 ], [ 469230.35787683777744, 5544247.539180509746075 ], [ 469190.787922443181742, 5544232.737502377480268 ], [ 469174.93852912215516, 5544226.963582566939294 ], [ 469131.906196213501971, 5544211.59298459533602 ], [ 469141.232257014373317, 5544185.524378580972552 ], [ 469141.354355084593408, 5544185.46696821320802 ], [ 469122.033334949461278, 5544144.006096604280174 ], [ 469133.721556498494465, 5544138.559354085475206 ], [ 469127.671189681102987, 5544125.575177830643952 ], [ 469115.982945594296325, 5544131.021933365613222 ], [ 469096.720977849210612, 5544089.687567089684308 ], [ 469108.409293683303986, 5544084.240770114585757 ], [ 469102.345764613011852, 5544071.230013103224337 ], [ 469090.658142146421596, 5544076.676818990148604 ], [ 469084.584403207176365, 5544063.642791109159589 ], [ 469080.816022464365233, 5544055.554463156498969 ], [ 469080.693206090421882, 5544055.611879021860659 ], [ 469071.193066608801018, 5544035.201396013610065 ], [ 469071.890679489995819, 5544034.872693064622581 ], [ 469071.767431037093047, 5544034.60766452178359 ], [ 469065.950965733907651, 5544022.125890266150236 ], [ 469065.241883352282457, 5544022.452436503954232 ], [ 469057.940646703762468, 5544006.787028207443655 ], [ 469057.711395688878838, 5544006.887311712838709 ], [ 469057.817243827390485, 5544007.114636406302452 ], [ 469052.633166228712071, 5544009.529611615464091 ], [ 469047.034942981088534, 5544012.138231937773526 ], [ 469046.465104990988038, 5544010.915117212571204 ], [ 469046.691466062096879, 5544010.810402389615774 ], [ 469046.592764253146015, 5544010.580812800675631 ], [ 469045.906553604174405, 5544010.900557970628142 ], [ 469043.901246905734297, 5544006.596926336176693 ], [ 469055.362621735897847, 5544001.255845635198057 ], [ 469045.892148124345113, 5543980.931962989270687 ], [ 469056.162521465565078, 5543976.145934293046594 ], [ 469050.234316876390949, 5543963.4257678296417 ], [ 469039.963924135023262, 5543968.211807733401656 ], [ 469032.470391009061132, 5543952.12947728857398 ], [ 469032.24403414450353, 5543952.235304541885853 ], [ 469032.349168446729891, 5543952.462632866576314 ], [ 469028.38966976152733, 5543954.306817994453013 ], [ 469024.866477570438292, 5543955.949452871456742 ], [ 469021.689604543382302, 5543957.429973581805825 ], [ 469021.119755104882643, 5543956.206861612387002 ], [ 469021.346111585036851, 5543956.101033885031939 ], [ 469021.229373369656969, 5543955.848199559375644 ], [ 469020.423177217016928, 5543956.220901187509298 ], [ 469018.450293281348422, 5543951.959343043155968 ], [ 469029.916237100958824, 5543946.649315570481122 ], [ 469020.592749569332227, 5543926.641514525748789 ], [ 469030.862489742576145, 5543921.855442147701979 ], [ 469024.905154428386595, 5543909.070982819423079 ], [ 469014.63539475784637, 5543913.857066455297172 ], [ 469007.138821967178956, 5543897.770341411232948 ], [ 469007.03456654783804, 5543897.818756335414946 ], [ 469007.139702958462294, 5543898.046084152534604 ], [ 469005.885793532594107, 5543898.630415508523583 ], [ 469002.953813698259182, 5543899.996116132475436 ], [ 469000.990836176555604, 5543900.911450509913266 ], [ 468998.373050094232894, 5543902.130788391456008 ], [ 468996.357943296490703, 5543903.069776102900505 ], [ 468995.788082448940258, 5543901.846666885539889 ], [ 468996.014447196386755, 5543901.741949952207506 ], [ 468995.914399501576554, 5543901.527935505844653 ], [ 468995.121071483765263, 5543901.898342524655163 ], [ 468993.11141421017237, 5543897.599202607758343 ], [ 469004.564312021422666, 5543892.245834186673164 ], [ 468995.267470297636464, 5543872.29685275722295 ], [ 469005.538009328360204, 5543867.510728364810348 ], [ 468999.518936418637168, 5543854.595452173613012 ], [ 468993.659222253249027, 5543857.325724902562797 ], [ 468989.26765760302078, 5543859.372581128031015 ], [ 468988.211304932250641, 5543857.106006781570613 ], [ 468985.096616818860639, 5543850.422717957757413 ], [ 468980.182399832876399, 5543839.876049378886819 ], [ 468979.332666248781607, 5543838.051921791397035 ], [ 468977.258361075713765, 5543833.599722315557301 ], [ 468966.2625156948925, 5543838.764812155626714 ], [ 468966.231264201633167, 5543838.684937563724816 ], [ 468966.139128108159639, 5543838.724387898109853 ], [ 468966.105709321447648, 5543838.641190215013921 ], [ 468966.02000417659292, 5543838.678379486314952 ], [ 468965.192351156263612, 5543836.958643374964595 ], [ 468964.945994750014506, 5543837.073484495282173 ], [ 468963.770000702876132, 5543834.550762987695634 ], [ 468964.024213672499172, 5543834.432540589943528 ], [ 468963.226288915437181, 5543832.653702389448881 ], [ 468963.309104411106091, 5543832.612082286737859 ], [ 468963.267829070042353, 5543832.532265849411488 ], [ 468963.35706907446729, 5543832.487272827886045 ], [ 468963.316535510239191, 5543832.411899632774293 ], [ 468974.295872051501647, 5543827.238004513084888 ], [ 468973.045921651413664, 5543824.555598153732717 ], [ 468971.459543359233066, 5543821.149080904200673 ], [ 468969.164812736271415, 5543816.223387117497623 ], [ 468964.780510281503666, 5543806.810007825493813 ], [ 468968.154625551367644, 5543805.251590492203832 ], [ 468974.904300365655217, 5543802.135865787044168 ], [ 468973.012018170324154, 5543798.08400374930352 ], [ 468971.219054902729113, 5543794.243936808779836 ], [ 468968.941780325490981, 5543789.367064999416471 ], [ 468965.577730173594318, 5543790.934318417683244 ], [ 468958.847500671749003, 5543794.071067795157433 ], [ 468957.201651766779833, 5543790.537032777443528 ], [ 468955.311467863968574, 5543786.479605296626687 ], [ 468953.216082219674718, 5543781.979726281948388 ], [ 468950.505375906068366, 5543783.235206321813166 ], [ 468947.966772829997353, 5543784.411857082508504 ], [ 468946.082991509640124, 5543785.284499896690249 ], [ 468943.929998878331389, 5543786.282125050202012 ], [ 468942.149043901707046, 5543787.10636143013835 ], [ 468942.11495360994013, 5543787.030950997024775 ], [ 468942.039974734536372, 5543787.065854621119797 ], [ 468941.995112333446741, 5543786.984947275370359 ], [ 468941.922333048656583, 5543787.028733223676682 ], [ 468941.0946645217482, 5543785.309000913053751 ], [ 468940.847532160638366, 5543785.413840645924211 ], [ 468939.672225270944182, 5543782.890008537098765 ], [ 468939.925788732070941, 5543782.7829076545313 ], [ 468939.151527808979154, 5543781.012830780819058 ], [ 468939.226487391628325, 5543780.974591574631631 ], [ 468939.184488859958947, 5543780.893667629919946 ], [ 468939.276567682507448, 5543780.844210197217762 ], [ 468939.242541844258085, 5543780.779918275773525 ], [ 468950.251369550940581, 5543775.614698981866241 ], [ 468928.202496357902419, 5543728.276242808438838 ], [ 468923.939863386156503, 5543719.124595611356199 ], [ 468917.649205357534811, 5543705.61835256125778 ], [ 468922.506133174523711, 5543703.175128881819546 ], [ 468918.479394003516063, 5543694.576947521418333 ], [ 468945.097759183612652, 5543682.130517768673599 ] ] ] } },
{ "type": "Feature", "properties": { "name": "24e77037-f8eb-7d8a-e053-84002d0a9694" }, "geometry": { "type": "Polygon", "coordinates": [ [ [ 467990.685333007131703, 5543852.751438055187464 ], [ 467986.559248308185488, 5543864.046221546828747 ], [ 467981.620269216247834, 5543862.255608465522528 ], [ 467985.737786451121792, 5543850.966431799344718 ], [ 467990.685333007131703, 5543852.751438055187464 ] ] ] } },
{ "type": "Feature", "properties": { "name": "a9272513-a3a0-44a6-b372-31918f6ae4c3" }, "geometry": { "type": "Polygon", "coordinates": [ [ [ 466355.107127126713749, 5542871.701429926790297 ], [ 466357.915631018520799, 5542872.694487190805376 ], [ 466360.714908226334956, 5542873.700946579687297 ], [ 466358.70401078130817, 5542879.403126307763159 ], [ 466355.891150971117895, 5542878.400089026428759 ], [ 466353.073972451966256, 5542877.393744685687125 ], [ 466355.107127126713749, 5542871.701429926790297 ] ] ] } },
{ "type": "Feature", "properties": { "name": "24e77037-eb35-7d8a-e053-84002d0a9694" }, "geometry": { "type": "Polygon", "coordinates": [ [ [ 470526.772661170747597, 5544116.799823246896267 ], [ 470530.868576660519466, 5544105.5961609557271 ], [ 470547.179368982440792, 5544111.509419071488082 ], [ 470543.053587118221913, 5544122.75548470299691 ], [ 470526.772661170747597, 5544116.799823246896267 ] ] ] } },
{ "type": "Feature", "properties": { "name": "3f366887-57be-a92a-e053-b4472c0a365b" }, "geometry": { "type": "Polygon", "coordinates": [ [ [ 470204.634058788185939, 5541268.712520172819495 ], [ 470205.302267058170401, 5541268.686565274372697 ], [ 470206.070749719976448, 5541268.786806899122894 ], [ 470206.936296179075725, 5541269.079975726082921 ], [ 470207.709660280146636, 5541269.542663142085075 ], [ 470208.442788493470289, 5541270.241292930208147 ], [ 470209.050673018442467, 5541271.218589331954718 ], [ 470209.349617018830031, 5541272.160912188701332 ], [ 470209.397140145709272, 5541273.492679472081363 ], [ 470209.141402080305852, 5541274.522590487264097 ], [ 470208.808489509101491, 5541275.200464996509254 ], [ 470208.288690454850439, 5541275.892721632495522 ], [ 470207.990585111139808, 5541276.260188202373683 ], [ 470207.118568743171636, 5541276.735363934189081 ], [ 470206.255512201692909, 5541277.147112836129963 ], [ 470205.564821744221263, 5541277.25213614013046 ], [ 470204.691591056121979, 5541277.25143460277468 ], [ 470203.658728898735717, 5541277.01367907691747 ], [ 470202.81038028531475, 5541276.592548966407776 ], [ 470202.114570364938118, 5541276.034921014681458 ], [ 470201.594629807863384, 5541275.414049404673278 ], [ 470201.160362305177841, 5541274.6125766960904 ], [ 470200.886975807021372, 5541273.628972542472184 ], [ 470200.844049264094792, 5541272.737484021112323 ], [ 470200.931397487525828, 5541272.08543664123863 ], [ 470201.138890452217311, 5541271.397140653803945 ], [ 470201.478971742268186, 5541270.720337661914527 ], [ 470201.891335206804797, 5541270.159879881888628 ], [ 470202.403614435635973, 5541269.661131495609879 ], [ 470203.131069839466363, 5541269.21122061368078 ], [ 470203.89634956093505, 5541268.864504194818437 ], [ 470204.634058788185939, 5541268.712520172819495 ] ] ] } },
{ "type": "Feature", "properties": { "name": "24e77037-ea0e-7d8a-e053-84002d0a9694" }, "geometry": { "type": "Polygon", "coordinates": [ [ [ 471425.253090080281254, 5544369.303826149553061 ], [ 471349.407694731315132, 5544341.687751608900726 ], [ 471366.697626615525223, 5544294.214546133764088 ], [ 471442.580153130053077, 5544321.838453979231417 ], [ 471425.253090080281254, 5544369.303826149553061 ] ] ] } },
{ "type": "Feature", "properties": { "name": "29aecaed-3076-43a5-a0eb-fff2197886ce" }, "geometry": { "type": "Polygon", "coordinates": [ [ [ 466190.908773476490751, 5543064.018983255140483 ], [ 466190.904049883887637, 5543064.631665037944913 ], [ 466190.859211334725842, 5543065.242376414127648 ], [ 466190.774966908153147, 5543065.850001011043787 ], [ 466190.651997591136023, 5543066.448975080624223 ], [ 466190.48959433141863, 5543067.040414988063276 ], [ 466190.289877312548924, 5543067.61985978577286 ], [ 466190.053541564382613, 5543068.1839694166556 ], [ 466189.780587095883675, 5543068.732743878848851 ], [ 466189.472417998942547, 5543069.261726750992239 ], [ 466189.130466454254929, 5543069.770908989012241 ], [ 466188.756852636637632, 5543070.255829646252096 ], [ 466188.352285613538697, 5543070.715372358448803 ], [ 466187.918906624079682, 5543071.148411712609231 ], [ 466187.45813379593892, 5543071.552714981138706 ], [ 466186.972817428351846, 5543071.926040378399193 ], [ 466186.463659557222854, 5543072.266159699298441 ], [ 466185.933531548478641, 5543072.57416670024395 ], [ 466185.385269647696987, 5543072.845595904625952 ], [ 466184.819603980635293, 5543073.082666487433016 ], [ 466184.240802962507587, 5543073.280903927981853 ], [ 466183.649596717092209, 5543073.442527397535741 ], [ 466183.049551617878024, 5543073.565290586091578 ], [ 466182.442808887804858, 5543073.648068078793585 ], [ 466181.831523797707632, 5543073.69195815268904 ], [ 466181.219269742898177, 5543073.695826339535415 ], [ 466180.607485907676164, 5543073.660775438882411 ], [ 466179.999745687004179, 5543073.585670981556177 ], [ 466179.398197327333037, 5543073.470499395392835 ], [ 466178.805003125744406, 5543073.317470790818334 ], [ 466178.223027417610865, 5543073.126567075029016 ], [ 466177.654418451711535, 5543072.897774662822485 ], [ 466177.102054615970701, 5543072.633299148641527 ], [ 466176.568084162368905, 5543072.333126953803003 ], [ 466176.054669395554811, 5543071.99946818780154 ], [ 466175.563958570011891, 5543071.632309271954 ], [ 466175.098121020710096, 5543071.234972159378231 ], [ 466174.658595945104025, 5543070.808559650555253 ], [ 466174.248254716861993, 5543070.354165476746857 ], [ 466173.867827476700768, 5543069.874008803628385 ], [ 466173.519469515304081, 5543069.369187893345952 ], [ 466173.203925029374659, 5543068.844145600683987 ], [ 466172.924065401079133, 5543068.299975666217506 ], [ 466172.679181577346753, 5543067.737794457934797 ], [ 466172.47216602275148, 5543067.162031251937151 ], [ 466172.302309686841909, 5543066.573802423663437 ], [ 466172.170342721510679, 5543065.975327131338418 ], [ 466172.078434481692966, 5543065.369927336461842 ], [ 466172.025875919265673, 5543064.758719409815967 ], [ 466172.011986092489678, 5543064.147267107851803 ], [ 466172.038906251895241, 5543063.534445009194314 ], [ 466172.105239367985632, 5543062.925821397453547 ], [ 466172.210276392579544, 5543062.322512647137046 ], [ 466172.354747479432262, 5543061.72673792950809 ], [ 466172.537241543643177, 5543061.14184183627367 ], [ 466172.757063587137964, 5543060.571164436638355 ], [ 466173.013497531763278, 5543060.014710262417793 ], [ 466173.305848376941867, 5543059.475819382816553 ], [ 466173.6319889430888, 5543058.957840918563306 ], [ 466173.991210173699073, 5543058.461891249753535 ], [ 466174.382093947962858, 5543057.990203127264977 ], [ 466167.431966400705278, 5543055.46454699523747 ], [ 466167.428663593251258, 5543056.074996056966484 ], [ 466167.386684959812555, 5543056.684577680192888 ], [ 466167.304577253409661, 5543057.289965380914509 ], [ 466167.183751582400873, 5543057.887814564630389 ], [ 466167.024917020113207, 5543058.477008864283562 ], [ 466166.828059523191769, 5543059.055324587970972 ], [ 466166.593874107929878, 5543059.619421675801277 ], [ 466166.323778905789368, 5543060.167067386209965 ], [ 466166.019192046485841, 5543060.696028977632523 ], [ 466165.681531657057349, 5543061.204073710367084 ], [ 466165.310790715622716, 5543061.690089747309685 ], [ 466164.909812494879588, 5543062.15072344429791 ], [ 466164.480015116685536, 5543062.583742066286504 ], [ 466164.022830757196061, 5543062.989136561751366 ], [ 466163.541102682822384, 5543063.363553297705948 ], [ 466163.035539949487429, 5543063.705875905230641 ], [ 466162.508999875572044, 5543064.014974437654018 ], [ 466161.963623690011445, 5543064.289723471738398 ], [ 466161.401545591070317, 5543064.527885740622878 ], [ 466160.824913832650054, 5543064.729447669349611 ], [ 466160.237301814428065, 5543064.893274780362844 ], [ 466159.639425612869672, 5543065.019362547434866 ], [ 466159.035574713314418, 5543065.106571966782212 ], [ 466158.42645816114964, 5543065.153786666691303 ], [ 466157.816379499214236, 5543065.162091331556439 ], [ 466157.206770889519248, 5543065.131476907990873 ], [ 466156.599773552385159, 5543065.060817960649729 ], [ 466155.999691031000111, 5543064.951199175789952 ], [ 466155.407239400781691, 5543064.802616020664573 ], [ 466154.825290030741598, 5543064.616162228398025 ], [ 466154.257430379453581, 5543064.392927003093064 ], [ 466153.705092612886801, 5543064.132901282049716 ], [ 466153.170439046865795, 5543063.838295177556574 ], [ 466152.65562496840721, 5543063.51020693872124 ], [ 466152.163514724350534, 5543063.148618451319635 ], [ 466151.695554547419306, 5543062.755744342692196 ], [ 466151.254622849519365, 5543062.333790190517902 ], [ 466150.841449779924005, 5543061.884975153021514 ], [ 466150.45818360458361, 5543061.409285635687411 ], [ 466150.106277595739812, 5543060.910048120655119 ], [ 466149.787177996709943, 5543060.389477230608463 ], [ 466149.503047141537536, 5543059.849783072248101 ], [ 466149.253892069042195, 5543059.292077488265932 ], [ 466149.041166058974341, 5543058.719686954282224 ], [ 466148.866315361461602, 5543058.134826101362705 ], [ 466148.730070139397867, 5543057.539714094251394 ], [ 466148.631728378706612, 5543056.936579147353768 ], [ 466148.572743364144117, 5543056.328747742809355 ], [ 466148.553129171661567, 5543055.7184435762465 ], [ 466148.57362299785018, 5543055.10899765137583 ], [ 466148.632799709681422, 5543054.501530879177153 ], [ 466148.73138947179541, 5543053.898262422531843 ], [ 466148.868704333610367, 5543053.303644198924303 ], [ 466149.044035248924047, 5543052.718792588450015 ], [ 466149.256687233282719, 5543052.147047660313547 ], [ 466149.506667328358162, 5543051.589521269313991 ], [ 466149.791132278216537, 5543051.04956706892699 ], [ 466150.110812242259271, 5543050.529404234141111 ], [ 466150.462849898787681, 5543050.030162732116878 ], [ 466150.846550255490001, 5543049.555182631127536 ], [ 466134.672759140841663, 5543043.742223405279219 ], [ 466146.039374663843773, 5543012.322778653353453 ], [ 466167.583417948277202, 5543020.169945015572011 ], [ 466173.864660191000439, 5543022.457436288706958 ], [ 466190.967763877299149, 5543028.687162825837731 ], [ 466197.503795474185608, 5543031.067583112046123 ], [ 466255.432060932798777, 5543052.168251235038042 ], [ 466302.966677816584706, 5543069.482261079363525 ], [ 466291.570889617316425, 5543100.829277697950602 ], [ 466244.127544481598306, 5543083.642662643454969 ], [ 466190.908773476490751, 5543064.018983255140483 ] ] ] } },
{ "type": "Feature", "properties": { "name": "421e32ad-68b1-4d82-b4ed-d78b0c6b14c6" }, "geometry": { "type": "Polygon", "coordinates": [ [ [ 469601.514459873898886, 5541524.664368961937726 ], [ 469601.006273852137383, 5541522.084353721700609 ], [ 469603.31314514845144, 5541521.638737912289798 ], [ 469603.820613803865854, 5541524.2187574300915 ], [ 469601.514459873898886, 5541524.664368961937726 ] ] ] } },
{ "type": "Feature", "properties": { "name": "24e77037-d217-7d8a-e053-84002d0a9694" }, "geometry": { "type": "Polygon", "coordinates": [ [ [ 466779.704926007718313, 5543192.558367845602334 ], [ 466756.538764845347032, 5543184.078378443606198 ], [ 466756.734380047768354, 5543183.521218542009592 ], [ 466700.18686918145977, 5543162.914700992405415 ], [ 466700.189691976876929, 5543162.908012089319527 ], [ 466704.445191918988712, 5543151.233379277400672 ], [ 466704.238491750089452, 5543151.159056517295539 ], [ 466708.155351297813468, 5543140.41496171336621 ], [ 466708.436703666753601, 5543140.517729454673827 ], [ 466721.001310733961873, 5543106.051064593717456 ], [ 466741.668355942878406, 5543050.056820588186383 ], [ 466741.754275048035197, 5543049.823901791125536 ], [ 466742.404502801015042, 5543050.053358661942184 ], [ 466742.315058489039075, 5543050.295194472186267 ], [ 466752.709698195278179, 5543054.132242415100336 ], [ 466777.661772219056729, 5542986.009728228673339 ], [ 466780.990734976832755, 5542987.229937144555151 ], [ 466782.669025340641383, 5542982.679677185602486 ], [ 466783.126958654087503, 5542982.848066509701312 ], [ 466822.872562021366321, 5542997.505344372242689 ], [ 466820.796685348555911, 5543003.308931604959071 ], [ 466814.91400628502015, 5543019.755775721743703 ], [ 466809.947872625198215, 5543033.641821723431349 ], [ 466814.165862334833946, 5543035.151189400814474 ], [ 466813.978539079544134, 5543035.661596179939806 ], [ 466815.932268202130217, 5543036.379995426163077 ], [ 466811.150527720688842, 5543049.396511894650757 ], [ 466820.922828895854764, 5543053.005165567621589 ], [ 466820.103209161723498, 5543055.254039236344397 ], [ 466834.517017385805957, 5543060.541811067610979 ], [ 466824.856639451521914, 5543087.004606025293469 ], [ 466819.366614171362016, 5543084.990534080192447 ], [ 466792.735396879143082, 5543157.756525725126266 ], [ 466798.346155417268164, 5543159.849877079948783 ], [ 466787.692495110153686, 5543188.899604841135442 ], [ 466784.835138340597041, 5543187.841025862842798 ], [ 466784.613281050114892, 5543188.439487481489778 ], [ 466781.37908343115123, 5543189.891672519035637 ], [ 466780.7440152746276, 5543189.678795321844518 ], [ 466779.704926007718313, 5543192.558367845602334 ] ] ] } },
{ "type": "Feature", "properties": { "name": "24e77037-c57e-7d8a-e053-84002d0a9694" }, "geometry": { "type": "Polygon", "coordinates": [ [ [ 470605.748340959195048, 5544522.28757781535387 ], [ 470611.231024509586859, 5544524.284424177370965 ], [ 470619.568402407167014, 5544507.703802003525198 ], [ 470624.637960583204404, 5544493.782971353270113 ], [ 470661.079619667900261, 5544507.121319283731282 ], [ 470656.028264019056223, 5544520.981973349116743 ], [ 470673.319841228600126, 5544527.279387129470706 ], [ 470678.368353484082036, 5544513.415429539978504 ], [ 470715.010209597181529, 5544526.75638119596988 ], [ 470709.96019622212043, 5544540.622535723261535 ], [ 470673.319841228600126, 5544527.279387129470706 ], [ 470656.028264019056223, 5544520.981973349116743 ], [ 470619.568402407167014, 5544507.703802003525198 ], [ 470611.231024509586859, 5544524.284424177370965 ], [ 470608.225852507399395, 5544532.535547962412238 ], [ 470608.689973283500876, 5544532.704228525049984 ], [ 470603.121882923645899, 5544547.99654474761337 ], [ 470619.414272396359593, 5544553.946807134896517 ], [ 470622.274682454415597, 5544546.058958585374057 ], [ 470630.001121782464907, 5544548.861851064488292 ], [ 470631.723665910714772, 5544544.17914549075067 ], [ 470632.729880496335682, 5544541.506211755797267 ], [ 470632.744688332255464, 5544541.46499075461179 ], [ 470702.127235018066131, 5544566.733549181371927 ], [ 470719.86765923636267, 5544573.194324831478298 ], [ 470743.535196477198042, 5544508.206425741314888 ], [ 470736.136524704634212, 5544505.511653271503747 ], [ 470737.216380408557598, 5544502.548135370947421 ], [ 470739.91212406597333, 5544495.146034287288785 ], [ 470741.554828391293995, 5544490.636144178919494 ], [ 470743.583336161682382, 5544485.064519501291215 ], [ 470743.686773164663464, 5544484.734836218878627 ], [ 470743.770254796487279, 5544484.290737997740507 ], [ 470743.795318764809053, 5544483.899217764846981 ], [ 470743.779024952440523, 5544483.53794454690069 ], [ 470743.720402107865084, 5544483.160224528051913 ], [ 470743.637045136711095, 5544482.841569614596665 ], [ 470743.478724313899875, 5544482.429926357232034 ], [ 470743.303665796876885, 5544482.099542163312435 ], [ 470743.139073626196478, 5544481.850268276408315 ], [ 470742.979026089131366, 5544481.646556788124144 ], [ 470742.749299536633771, 5544481.399862852878869 ], [ 470742.416277252137661, 5544481.115929725579917 ], [ 470742.077856088348199, 5544480.892067878507078 ], [ 470741.728235928167123, 5544480.714966426603496 ], [ 470741.380302904814016, 5544480.584554899483919 ], [ 470741.094234841642901, 5544480.508287396281958 ], [ 470740.811886096838862, 5544480.457572905346751 ], [ 470740.428705475060269, 5544480.427423760294914 ], [ 470740.048613409744576, 5544480.43839746247977 ], [ 470739.679490844719112, 5544480.491562793031335 ], [ 470739.316308275680058, 5544480.583611603826284 ], [ 470738.968366275308654, 5544480.71338114887476 ], [ 470738.652791622676887, 5544480.870770797133446 ], [ 470737.466839211701881, 5544481.976910285651684 ], [ 470737.256218866212294, 5544482.343872080557048 ], [ 470737.102833709388506, 5544482.703849542886019 ], [ 470736.42853847227525, 5544484.554376949556172 ], [ 470733.379434405069333, 5544492.927975465543568 ], [ 470729.656049595912918, 5544503.152104193344712 ], [ 470701.714751959138084, 5544492.976745676249266 ], [ 470691.238613087567501, 5544489.160318586044014 ], [ 470659.125775060267188, 5544477.465850895270705 ], [ 470663.954947230638936, 5544464.20350116956979 ], [ 470666.430565554241184, 5544457.407434666529298 ], [ 470666.57233385334257, 5544457.018609856255352 ], [ 470666.679958461085334, 5544456.670000072568655 ], [ 470666.749585567857139, 5544456.311591650359333 ], [ 470666.778741691727191, 5544456.014558739960194 ], [ 470666.781312017643359, 5544455.699881437234581 ], [ 470666.760483207413927, 5544455.426472129300237 ], [ 470666.700556945579592, 5544455.073221514932811 ], [ 470666.609271305380389, 5544454.745716165751219 ], [ 470666.484356670000125, 5544454.421730837784708 ], [ 470666.353334190323949, 5544454.158932628110051 ], [ 470666.091959729965311, 5544453.755639798007905 ], [ 470665.842630919709336, 5544453.460133700631559 ], [ 470665.492929841740988, 5544453.138492700643837 ], [ 470665.223382422584109, 5544452.942055171355605 ], [ 470665.037336539826356, 5544452.828551144339144 ], [ 470664.667642389016692, 5544452.647117218934 ], [ 470664.357745845452882, 5544452.534292271360755 ], [ 470663.983521955087781, 5544452.440722075290978 ], [ 470663.656093670637347, 5544452.394706341437995 ], [ 470663.258677911246195, 5544452.380207128822803 ], [ 470662.850069902429823, 5544452.41358033567667 ], [ 470662.517517965112347, 5544452.477669295854867 ], [ 470662.163720717304386, 5544452.584126368165016 ], [ 470661.86586120078573, 5544452.708066881634295 ], [ 470661.542503665143158, 5544452.88218201790005 ], [ 470661.272887392959092, 5544453.064897556789219 ], [ 470661.016309752361849, 5544453.275338715873659 ], [ 470660.747193463845178, 5544453.549226040951908 ], [ 470660.468542367045302, 5544453.912116398103535 ], [ 470660.302521753299516, 5544454.186550292186439 ], [ 470660.208325330924708, 5544454.372751486487687 ], [ 470660.037449428520631, 5544454.806211449205875 ], [ 470659.846306339255534, 5544455.329845176078379 ], [ 470657.51035785023123, 5544461.744884409941733 ], [ 470655.395871272718068, 5544467.550509501248598 ], [ 470653.287740964093246, 5544473.339422397315502 ], [ 470652.644509342964739, 5544475.10528701171279 ], [ 470626.410929995065089, 5544465.551391090266407 ], [ 470605.748340959195048, 5544522.28757781535387 ] ] ] } },
{ "type": "Feature", "properties": { "name": "acf8df2d-8cd9-438e-ada6-10f2e36bf8a5" }, "geometry": { "type": "Polygon", "coordinates": [ [ [ 467964.574844042828772, 5543934.105570379644632 ], [ 467960.755916419730056, 5543944.54238330386579 ], [ 467958.616932513134088, 5543943.773532519116998 ], [ 467956.4757801037631, 5543943.001359904184937 ], [ 467960.310312118614092, 5543932.541100786998868 ], [ 467962.442233723413665, 5543933.32556099910289 ], [ 467964.574844042828772, 5543934.105570379644632 ] ] ] } },
{ "type": "Feature", "properties": { "name": "24e77037-ef4a-7d8a-e053-84002d0a9694" }, "geometry": { "type": "Polygon", "coordinates": [ [ [ 463218.749743928026874, 5542282.470419802702963 ], [ 463227.463345847965684, 5542293.833080137148499 ], [ 463227.115668858401477, 5542294.101211307570338 ], [ 463228.613013801106717, 5542296.041194039396942 ], [ 463226.795521756459493, 5542297.439099797047675 ], [ 463225.271167405124288, 5542295.529324283823371 ], [ 463222.983524634619243, 5542297.299610262736678 ], [ 463224.429844930709805, 5542299.214368709363043 ], [ 463222.612362691317685, 5542300.613387749530375 ], [ 463221.171794557769317, 5542298.701925962232053 ], [ 463220.844788480259012, 5542298.955460897646844 ], [ 463212.069373966893181, 5542287.562102783471346 ], [ 463218.749743928026874, 5542282.470419802702963 ] ] ] } },
{ "type": "Feature", "properties": { "name": "24e77037-c0bf-7d8a-e053-84002d0a9694" }, "geometry": { "type": "Polygon", "coordinates": [ [ [ 471263.651107396231964, 5543806.974207047373056 ], [ 471256.135567521560006, 5543783.716196517460048 ], [ 471271.138692395586986, 5543778.88901025801897 ], [ 471269.686029151605908, 5543774.37700929120183 ], [ 471276.397234765230678, 5543772.249534151516855 ], [ 471279.608330048038624, 5543782.215886663645506 ], [ 471277.270250620145816, 5543782.958941402845085 ], [ 471282.992818203871138, 5543800.74613630771637 ], [ 471263.651107396231964, 5543806.974207047373056 ] ] ] } },
{ "type": "Feature", "properties": { "name": "3f366887-575a-a92a-e053-b4472c0a365b" }, "geometry": { "type": "Polygon", "coordinates": [ [ [ 470178.713166050263681, 5541298.717422570101917 ], [ 470183.221475962200202, 5541306.373186108656228 ], [ 470178.621876052056905, 5541309.081760591827333 ], [ 470176.607827057072427, 5541310.165939207188785 ], [ 470176.445866397756618, 5541311.568921270780265 ], [ 470176.027407582616434, 5541312.963324756361544 ], [ 470175.111963135481346, 5541314.642913271673024 ], [ 470174.014339233108331, 5541315.895442846231163 ], [ 470172.529721861239523, 5541316.988905351608992 ], [ 470170.970502797863446, 5541317.678059588186443 ], [ 470169.359925956348889, 5541318.020593887194991 ], [ 470167.760422281862702, 5541318.036174380220473 ], [ 470165.66823728865711, 5541317.566384660080075 ], [ 470164.083583528874442, 5541316.775770782493055 ], [ 470162.905080256809015, 5541315.853916637599468 ], [ 470161.902293440653011, 5541314.713155377656221 ], [ 470161.033507025276776, 5541313.194720535539091 ], [ 470160.585580134706106, 5541311.870743707753718 ], [ 470160.363679645059165, 5541310.357599949464202 ], [ 470160.424824731657282, 5541308.860669282265007 ], [ 470160.591162561322562, 5541307.986917018890381 ], [ 470161.126821825106163, 5541306.542936632409692 ], [ 470161.598737727850676, 5541305.615223590284586 ], [ 470162.241379773069639, 5541304.729922750964761 ], [ 470163.004087440669537, 5541303.922896560281515 ], [ 470163.523110202862881, 5541303.478588900528848 ], [ 470164.193121985474136, 5541303.005643171258271 ], [ 470164.86364176979987, 5541302.62386882584542 ], [ 470165.430963961931411, 5541302.362752431072295 ], [ 470166.149448595824651, 5541302.104129696264863 ], [ 470166.879068295937032, 5541301.915493450127542 ], [ 470167.672793659265153, 5541301.789877363480628 ], [ 470168.805099618504755, 5541301.747990251518786 ], [ 470169.92394613585202, 5541301.86184148862958 ], [ 470171.284128775936551, 5541302.220074237324297 ], [ 470172.216890339099336, 5541302.620715405791998 ], [ 470174.113555558724329, 5541301.424889029935002 ], [ 470178.713166050263681, 5541298.717422570101917 ] ] ] } },
{ "type": "Feature", "properties": { "name": "0f7d9e7b-b40e-495b-a5ad-2161ce95376c" }, "geometry": { "type": "Polygon", "coordinates": [ [ [ 466289.887032804545015, 5541245.66380846221 ], [ 466288.623488306009676, 5541245.340418898500502 ], [ 466287.444956110033672, 5541244.979802227579057 ], [ 466288.313014143845066, 5541241.879955076612532 ], [ 466289.54868552723201, 5541242.21352699957788 ], [ 466290.750021826883312, 5541242.555098521523178 ], [ 466289.887032804545015, 5541245.66380846221 ] ] ] } },
{ "type": "Feature", "properties": { "name": "24e77037-f611-7d8a-e053-84002d0a9694" }, "geometry": { "type": "Polygon", "coordinates": [ [ [ 470495.587337147211656, 5541353.767210278660059 ], [ 470532.758997242781334, 5541299.133862886577845 ], [ 470547.082419158366974, 5541289.389512297697365 ], [ 470543.159652535221539, 5541283.647106072865427 ], [ 470547.20758678833954, 5541280.887398323975503 ], [ 470546.071704623464029, 5541279.238057322800159 ], [ 470549.202620964613743, 5541277.111605835147202 ], [ 470554.281535985239316, 5541284.542163227684796 ], [ 470557.375968793116044, 5541282.424812114797533 ], [ 470584.714839279477019, 5541322.644686709158123 ], [ 470584.373041806684341, 5541322.886729799211025 ], [ 470587.050924648239743, 5541326.836982510052621 ], [ 470579.728621608635876, 5541331.813942749984562 ], [ 470580.815424759406596, 5541333.400183319114149 ], [ 470575.906132434378378, 5541336.749446594156325 ], [ 470574.783905206364579, 5541335.104472053237259 ], [ 470553.064914971066173, 5541366.964652258902788 ], [ 470541.522260736033786, 5541359.084865937940776 ], [ 470529.430099236022215, 5541376.842498729005456 ], [ 470495.587337147211656, 5541353.767210278660059 ] ] ] } },
{ "type": "Feature", "properties": { "name": "06b65fea-774f-49ea-a8f4-5f07818b3068" }, "geometry": { "type": "Polygon", "coordinates": [ [ [ 470504.535078261396848, 5544129.06968560628593 ], [ 470503.948906135105062, 5544130.665134456939995 ], [ 470501.869158768909983, 5544129.909399165771902 ], [ 470502.44457895855885, 5544128.311785587109625 ], [ 470504.535078261396848, 5544129.06968560628593 ] ] ] } },
{ "type": "Feature", "properties": { "name": "3fec28f9-d204-81d2-e053-b4472c0a1eeb" }, "geometry": { "type": "Polygon", "coordinates": [ [ [ 469174.317155797558371, 5544460.106495514512062 ], [ 469175.542538281064481, 5544460.555309465155005 ], [ 469173.844936044537462, 5544465.127162693068385 ], [ 469168.173807231592946, 5544463.086170326918364 ], [ 469169.851110263029113, 5544458.471068641170859 ], [ 469174.317155797558371, 5544460.106495514512062 ] ] ] } },
{ "type": "Feature", "properties": { "name": "24e77037-ee00-7d8a-e053-84002d0a9694" }, "geometry": { "type": "Polygon", "coordinates": [ [ [ 471067.697979144519195, 5544806.483263181522489 ], [ 471061.765819113061298, 5544746.450265854597092 ], [ 471080.555603597487789, 5544744.606340752914548 ], [ 471078.603456346609164, 5544723.826889677904546 ], [ 471059.722516261448618, 5544725.772495443932712 ], [ 471058.169189896841999, 5544710.051077561452985 ], [ 471092.494203226233367, 5544706.951251467689872 ], [ 471097.900865627161693, 5544766.635760013014078 ], [ 471079.407644893159159, 5544768.369057105854154 ], [ 471081.589092508598696, 5544789.722114250995219 ], [ 471099.826891226926818, 5544787.896805525757372 ], [ 471101.219974526378792, 5544803.267746383324265 ], [ 471067.697979144519195, 5544806.483263181522489 ] ] ] } },
{ "type": "Feature", "properties": { "name": "5da33e5a-b78a-4241-9a70-560f2ed4a3f4" }, "geometry": { "type": "Polygon", "coordinates": [ [ [ 469558.335029803041834, 5544463.964247306808829 ], [ 469569.72788779635448, 5544432.689902271144092 ], [ 469540.436002831265796, 5544401.919453964568675 ], [ 469553.758240480732638, 5544365.343740590848029 ], [ 469555.428208943631034, 5544360.759938552044332 ], [ 469555.87019041221356, 5544359.545467792078853 ], [ 469558.685238574515097, 5544358.410893747583032 ], [ 469558.728819589072373, 5544358.520722528919578 ], [ 469562.141480292193592, 5544357.225974374450743 ], [ 469563.18091653852025, 5544354.564877321943641 ], [ 469566.698495664866641, 5544355.855782421305776 ], [ 469566.534996686445083, 5544356.312585696578026 ], [ 469643.267843234818429, 5544325.564453025348485 ], [ 469643.269997294410132, 5544325.565552690066397 ], [ 469640.511187527095899, 5544333.210966788232327 ], [ 469628.603609966812655, 5544365.864586789160967 ], [ 469607.036414844973478, 5544425.161631550639868 ], [ 469588.856343619991094, 5544475.071877942420542 ], [ 469558.335029803041834, 5544463.964247306808829 ] ] ] } },
{ "type": "Feature", "properties": { "name": "24e77037-f850-7d8a-e053-84002d0a9694" }, "geometry": { "type": "Polygon", "coordinates": [ [ [ 468001.847433407208882, 5543430.645318126305938 ], [ 468001.734922796487808, 5543432.786374665796757 ], [ 468001.398869078548159, 5543434.905418056063354 ], [ 468000.844131880847272, 5543436.976845866069198 ], [ 468000.075597392511554, 5543438.979503084905446 ], [ 467999.101725302345585, 5543440.891101473011076 ], [ 467997.933123358990997, 5543442.689339959062636 ], [ 467996.583289990667254, 5543444.356347751803696 ], [ 467995.066432951891329, 5543445.873137935996056 ], [ 467993.39963737182552, 5543447.222930159419775 ], [ 467991.600717648398131, 5543448.391163488849998 ], [ 467989.689642872137483, 5543449.364375963807106 ], [ 467987.687124711170327, 5543450.133548719808459 ], [ 467986.034954423725139, 5543450.575955356471241 ], [ 467985.615300207282417, 5543450.688542447052896 ], [ 467984.13087745354278, 5543450.923135147430003 ], [ 467983.496332963462919, 5543451.023665209300816 ], [ 467981.354554615390953, 5543451.136547716334462 ], [ 467979.212858064332977, 5543451.023717362433672 ], [ 467977.094176121347118, 5543450.688372600823641 ], [ 467975.022150995384436, 5543450.132595709525049 ], [ 467973.019742149394006, 5543449.364032459445298 ], [ 467971.108477016503457, 5543448.390337157063186 ], [ 467969.309903037792537, 5543447.222499630413949 ], [ 467967.643426259397529, 5543445.872634384781122 ], [ 467966.126317989488598, 5543444.355092468671501 ], [ 467964.776592256152071, 5543442.688668021000922 ], [ 467963.880415021500085, 5543441.308619934134185 ], [ 467963.608669664070476, 5543440.889952918514609 ], [ 467962.826132598507684, 5543439.354672380723059 ], [ 467962.634842735016719, 5543438.978887446224689 ], [ 467961.865978628862649, 5543436.976532314904034 ], [ 467961.310796444129664, 5543434.9039611145854 ], [ 467960.975887173437513, 5543432.785595861263573 ], [ 467960.863532299757935, 5543430.643660609610379 ], [ 467960.976019973750226, 5543428.501491303555667 ], [ 467961.311348775052465, 5543426.383561466820538 ], [ 467961.866781263088342, 5543424.311013399623334 ], [ 467962.635310362209566, 5543422.309462535195053 ], [ 467963.609172985132318, 5543420.397857527248561 ], [ 467964.777045767463278, 5543418.598504020832479 ], [ 467966.127598631952424, 5543416.932595822028816 ], [ 467967.643739848397672, 5543415.415801790542901 ], [ 467969.311255089938641, 5543414.065997339785099 ], [ 467971.110181682743132, 5543412.897756610065699 ], [ 467973.021259622881189, 5543411.92342574801296 ], [ 467975.023796769091859, 5543411.155359449796379 ], [ 467977.095635585137643, 5543410.600361714139581 ], [ 467979.213895805471111, 5543410.264128942042589 ], [ 467981.355697137012612, 5543410.152357502840459 ], [ 467983.498126014310401, 5543410.26518448907882 ], [ 467985.616107449110132, 5543410.600536112673581 ], [ 467987.688140019599814, 5543411.15520528331399 ], [ 467988.057765345904045, 5543411.297539907507598 ], [ 467989.690560908231419, 5543411.923774023540318 ], [ 467991.601842156145722, 5543412.898587792180479 ], [ 467993.400422606791835, 5543414.066432780586183 ], [ 467995.067618619999848, 5543415.416301710531116 ], [ 467996.584003982192371, 5543416.932744198478758 ], [ 467997.933732743607834, 5543418.600288431160152 ], [ 467999.10236450569937, 5543420.399006653577089 ], [ 468000.07546558091417, 5543422.310082947835326 ], [ 468000.844317354902159, 5543424.312443470582366 ], [ 468001.399478574923705, 5543426.383906829170883 ], [ 468001.735094866540749, 5543428.503382093273103 ], [ 468001.847433407208882, 5543430.645318126305938 ] ] ] } },
{ "type": "Feature", "properties": { "name": "24e77037-f1c5-7d8a-e053-84002d0a9694" }, "geometry": { "type": "Polygon", "coordinates": [ [ [ 470103.935060474439524, 5544333.395725172013044 ], [ 470125.375925748725422, 5544341.208156637847424 ], [ 470111.803200588328764, 5544378.506532076746225 ], [ 470069.240274634794332, 5544363.013507700525224 ], [ 470082.81193590874318, 5544325.698350440710783 ], [ 470095.33846182981506, 5544330.262661742046475 ], [ 470095.92960102611687, 5544330.478399242274463 ], [ 470100.776352975284681, 5544332.244783945381641 ], [ 470103.935060474439524, 5544333.395725172013044 ] ] ] } },
{ "type": "Feature", "properties": { "name": "24e77037-c3c1-7d8a-e053-84002d0a9694" }, "geometry": { "type": "Polygon", "coordinates": [ [ [ 468801.638565412315074, 5544509.169387890025973 ], [ 468800.781552285479847, 5544508.790783969685435 ], [ 468800.021971826790832, 5544508.423842780292034 ], [ 468799.287291913875379, 5544508.030071180313826 ], [ 468798.793917133298237, 5544507.766095239669085 ], [ 468797.659488543344196, 5544507.081116651184857 ], [ 468796.870357599516865, 5544506.557572037912905 ], [ 468796.156486099178437, 5544506.049155049957335 ], [ 468795.389171446906403, 5544505.460993916727602 ], [ 468794.904331169091165, 5544505.064653889276087 ], [ 468794.374768200621475, 5544504.610756579786539 ], [ 468793.812594341463409, 5544504.089224360883236 ], [ 468793.291825483262073, 5544503.547436714172363 ], [ 468792.74252056638943, 5544502.900186207145452 ], [ 468792.350026211817749, 5544502.379888215102255 ], [ 468791.906595559034031, 5544501.718677587807178 ], [ 468791.642726007034071, 5544501.279909098520875 ], [ 468791.319935076055117, 5544500.681372445076704 ], [ 468791.060480017622467, 5544500.140284541063011 ], [ 468790.767849795985967, 5544499.434830747544765 ], [ 468790.588821253739297, 5544498.935525469481945 ], [ 468790.393251749628689, 5544498.300666353665292 ], [ 468790.235715413989965, 5544497.681151820346713 ], [ 468790.110400789591949, 5544497.062561222352087 ], [ 468790.035345477983356, 5544496.591558550484478 ], [ 468789.954535492695868, 5544495.870414657518268 ], [ 468789.953195407404564, 5544495.517953992821276 ], [ 468789.978795878647361, 5544494.997441098093987 ], [ 468790.013064924976788, 5544494.490220293402672 ], [ 468790.072927068569697, 5544493.829409660771489 ], [ 468790.20078073971672, 5544492.796831844374537 ], [ 468790.406944408256095, 5544491.56588118057698 ], [ 468790.676200267276727, 5544490.227821261622012 ], [ 468790.870030812802725, 5544489.337180274538696 ], [ 468791.096487815724686, 5544488.394090250134468 ], [ 468791.296739612764213, 5544487.622383832931519 ], [ 468791.57448186975671, 5544486.634519167244434 ], [ 468791.838593752938323, 5544485.76459414511919 ], [ 468792.203652141441125, 5544484.649464988149703 ], [ 468792.474081553868018, 5544483.880684952251613 ], [ 468792.976089055940975, 5544482.555722129531205 ], [ 468793.295805318455677, 5544481.767752571031451 ], [ 468793.637662599270698, 5544480.970758791081607 ], [ 468794.315505060367286, 5544479.4746516905725 ], [ 468794.687213750788942, 5544478.76309924479574 ], [ 468795.226399690203834, 5544477.920479168184102 ], [ 468795.540394568117335, 5544477.501689906232059 ], [ 468795.941391781205311, 5544477.024575087241828 ], [ 468796.322771907085553, 5544476.620959307998419 ], [ 468796.838989845302422, 5544476.136501256376505 ], [ 468797.370533512963448, 5544475.701988833025098 ], [ 468797.841067702684086, 5544475.363454615697265 ], [ 468798.423835781286471, 5544474.996468731202185 ], [ 468798.89982876816066, 5544474.734623041935265 ], [ 468799.476002093753777, 5544474.46440997812897 ], [ 468800.185235203302, 5544474.17674274276942 ], [ 468800.901093004271388, 5544473.920169832184911 ], [ 468801.583550040668342, 5544473.706043519079685 ], [ 468802.289767905196641, 5544473.515128393657506 ], [ 468803.12916875211522, 5544473.327884349040687 ], [ 468803.849351816868875, 5544473.199153722263873 ], [ 468804.645549744367599, 5544473.092217745259404 ], [ 468805.344625440717209, 5544473.026987995952368 ], [ 468806.094678997935262, 5544472.987034548074007 ], [ 468806.686687666457146, 5544472.976911707781255 ], [ 468807.416297821037006, 5544472.991560135968029 ], [ 468808.011422877432778, 5544473.024782900698483 ], [ 468808.745639533153735, 5544473.09277527499944 ], [ 468809.581069997395389, 5544473.206877004355192 ], [ 468814.600312393100467, 5544474.051563153043389 ], [ 468827.460429094964638, 5544476.264886764809489 ], [ 468858.27478190138936, 5544481.86281253118068 ], [ 468895.19119373743888, 5544489.119953618384898 ], [ 468931.396325680136215, 5544496.824010040611029 ], [ 468958.39982708718162, 5544502.952773455530405 ], [ 468977.096685963508207, 5544507.388614886440337 ], [ 468997.036925504158717, 5544512.295427974313498 ], [ 469023.593940111750271, 5544519.112028993666172 ], [ 469051.694966880313586, 5544527.017262723296881 ], [ 469075.89209461415885, 5544533.942283646203578 ], [ 469097.978018465277273, 5544540.262509427033365 ], [ 469134.816692891297862, 5544550.804037715308368 ], [ 469158.332356533210259, 5544557.533221269957721 ], [ 469253.907479175075423, 5544584.887046813033521 ], [ 469353.311463062360417, 5544613.328076806850731 ], [ 469375.255207263573539, 5544619.94045845977962 ], [ 469402.049836003687233, 5544629.431657087989151 ], [ 469407.539456528495066, 5544631.57733865454793 ], [ 469413.575551458576228, 5544634.016775417141616 ], [ 469416.693532600940671, 5544635.310977437533438 ], [ 469421.987588549731299, 5544637.562309035100043 ], [ 469426.360473819659092, 5544639.472001167014241 ], [ 469427.993397730460856, 5544640.216529221273959 ], [ 469429.591378747078124, 5544641.110250281170011 ], [ 469430.597377465164755, 5544641.764962915331125 ], [ 469431.851218707859516, 5544642.695119498297572 ], [ 469432.891442986438051, 5544643.576461938209832 ], [ 469434.14191749796737, 5544644.794616998173296 ], [ 469434.979828011244535, 5544645.726038715802133 ], [ 469435.974956743069924, 5544646.984569036401808 ], [ 469436.631813954387326, 5544647.928144206292927 ], [ 469437.381890689546708, 5544649.14915866125375 ], [ 469437.952204705565237, 5544650.23221424035728 ], [ 469438.467156692466233, 5544651.398977641947567 ], [ 469438.86795430467464, 5544652.508575059473515 ], [ 469439.216399535536766, 5544653.727436472661793 ], [ 469439.39788197085727, 5544654.542524795047939 ], [ 469439.583214059239253, 5544655.655576825141907 ], [ 469439.71420047909487, 5544657.030232718214393 ], [ 469439.741769112471957, 5544658.222018011845648 ], [ 469439.675117446109653, 5544659.587795863859355 ], [ 469439.569485754473135, 5544660.521272372454405 ], [ 469439.442920521483757, 5544661.299204291775823 ], [ 469439.279877597640734, 5544662.082904019393027 ], [ 469438.917882157897111, 5544663.504851432517171 ], [ 469438.12544313701801, 5544666.52259171474725 ], [ 469437.050814223126508, 5544670.520404690876603 ], [ 469436.080804498691577, 5544674.033949424512684 ], [ 469435.272490632603876, 5544676.903899936005473 ], [ 469434.819975649414118, 5544678.395301810465753 ], [ 469434.387563016847707, 5544679.520778072066605 ], [ 469433.703435098752379, 5544680.945678197778761 ], [ 469433.105085318966303, 5544681.972032797522843 ], [ 469432.35464943991974, 5544683.068193410523236 ], [ 469431.709999721730128, 5544683.884666073136032 ], [ 469430.760944633278996, 5544684.925255532376468 ], [ 469429.715569563850295, 5544685.897458552382886 ], [ 469428.730685881106183, 5544686.681407218798995 ], [ 469427.871431168634444, 5544687.27561738435179 ], [ 469426.453752381843515, 5544688.115410237573087 ], [ 469425.488693586783484, 5544688.610155600123107 ], [ 469423.509768188814633, 5544689.452044829726219 ], [ 469422.249365365016274, 5544689.877317979000509 ], [ 469421.181522764381953, 5544690.17473569791764 ], [ 469420.318581631931011, 5544690.374248276464641 ], [ 469419.220848421740811, 5544690.577326843515038 ], [ 469417.814429821853992, 5544690.756596761755645 ], [ 469417.058790554234292, 5544690.816510623320937 ], [ 469415.335873242875095, 5544690.857492684386671 ], [ 469413.915170780965127, 5544690.792230144143105 ], [ 469412.862202171178069, 5544690.68594950530678 ], [ 469408.278229525429197, 5544690.03946739807725 ], [ 469405.874386068666354, 5544689.685178689658642 ], [ 469402.86859583761543, 5544689.226480569690466 ], [ 469399.98524406098295, 5544688.771531374193728 ], [ 469394.52784521022113, 5544687.86876330152154 ], [ 469384.482151421369053, 5544686.066053479909897 ], [ 469373.811101814964786, 5544683.947830686345696 ], [ 469362.8040706301108, 5544681.541350572369993 ], [ 469348.454806925554294, 5544678.059943480417132 ], [ 469335.811282487178687, 5544674.665532017126679 ], [ 469306.954911376407836, 5544666.410681046545506 ], [ 469278.768901933683082, 5544658.345603919588029 ], [ 469254.61348734004423, 5544651.432775156572461 ], [ 469223.888854665448889, 5544642.640946286730468 ], [ 469194.90232259122422, 5544634.34630561247468 ], [ 469192.474287817603908, 5544633.652014185674489 ], [ 469181.454167456948198, 5544630.49768069665879 ], [ 469162.866656143218279, 5544625.178773205727339 ], [ 469137.499063747178297, 5544617.919877305626869 ], [ 469110.180923022562638, 5544610.103076114319265 ], [ 469080.904322656162549, 5544601.725109418854117 ], [ 469057.998995584493969, 5544595.170638813637197 ], [ 469028.981816511426587, 5544586.867062856443226 ], [ 469012.925341328431387, 5544582.272316053509712 ], [ 468991.460455840744544, 5544575.629730448126793 ], [ 468959.802033020823728, 5544565.468305711634457 ], [ 468931.972560082038399, 5544556.23549578152597 ], [ 468915.792534066131338, 5544550.737791629508138 ], [ 468895.648440127610229, 5544543.757684155367315 ], [ 468865.892940272635315, 5544533.173239020630717 ], [ 468843.340183048741892, 5544524.930896995589137 ], [ 468822.265708441205788, 5544517.054741095751524 ], [ 468811.112813336541876, 5544512.818961304612458 ], [ 468802.597977049706969, 5544509.551842413842678 ], [ 468801.638565412315074, 5544509.169387890025973 ] ] ] } },
{ "type": "Feature", "properties": { "name": "cf3c393e-187a-4c81-8568-df4cf0fa1421" }, "geometry": { "type": "Polygon", "coordinates": [ [ [ 468294.621725430653896, 5541388.161957520060241 ], [ 468292.087047160719521, 5541381.943744230084121 ], [ 468308.366079764848109, 5541375.332863993011415 ], [ 468309.770502271770965, 5541378.790294504724443 ], [ 468304.310939287010115, 5541381.029691183939576 ], [ 468302.866727831598837, 5541381.621977340430021 ], [ 468302.743811752879992, 5541381.671627690084279 ], [ 468303.863947275385726, 5541384.419133803807199 ], [ 468303.217928447236773, 5541384.680914136581123 ], [ 468301.76723839645274, 5541385.267679527401924 ], [ 468297.119328188477084, 5541387.149812735617161 ], [ 468295.666503693093546, 5541387.738816197030246 ], [ 468294.621725430653896, 5541388.161957520060241 ] ] ] } },
{ "type": "Feature", "properties": { "name": "661e4af6-1c83-bde8-e053-b4472c0a3fef" }, "geometry": { "type": "Polygon", "coordinates": [ [ [ 470535.50000424508471, 5541614.13750000204891 ], [ 470519.667233715357725, 5541600.928780623711646 ], [ 470521.647522568411659, 5541598.534010118804872 ], [ 470537.460618568933569, 5541611.811780088581145 ], [ 470535.50000424508471, 5541614.13750000204891 ] ] ] } },
{ "type": "Feature", "properties": { "name": "24e77037-f3a5-7d8a-e053-84002d0a9694" }, "geometry": { "type": "Polygon", "coordinates": [ [ [ 467904.591337545600254, 5543170.138628585264087 ], [ 467915.633605520590208, 5543139.799068851396441 ], [ 467916.494516230421141, 5543137.435595343820751 ], [ 467919.325057950802147, 5543129.753278331831098 ], [ 468003.672479487198871, 5543160.492446000687778 ], [ 467988.994026933913119, 5543200.870558585971594 ], [ 467951.620066802192014, 5543187.307912707328796 ], [ 467951.253342650365084, 5543187.174458208493888 ], [ 467949.053633529169019, 5543186.360385284759104 ], [ 467935.584779681812506, 5543181.373070193454623 ], [ 467925.534652443195228, 5543177.717356676235795 ], [ 467922.951077436038759, 5543176.778839509002864 ], [ 467904.591337545600254, 5543170.138628585264087 ] ] ] } },
{ "type": "Feature", "properties": { "name": "c51abeab-0533-4c09-89c2-cc0d2c55921a" }, "geometry": { "type": "Polygon", "coordinates": [ [ [ 470358.585550786287058, 5541649.816685506142676 ], [ 470355.67424481397029, 5541657.789412918500602 ], [ 470352.823945140466094, 5541656.725556582212448 ], [ 470355.802657338033896, 5541648.766908902674913 ], [ 470358.585550786287058, 5541649.816685506142676 ] ] ] } },
{ "type": "Feature", "properties": { "name": "24e77037-eecd-7d8a-e053-84002d0a9694" }, "geometry": { "type": "Polygon", "coordinates": [ [ [ 467296.130881493154448, 5544194.524176468141377 ], [ 467289.636634346330538, 5544226.889868288300931 ], [ 467289.632467897958122, 5544226.911019681021571 ], [ 467249.468710596323945, 5544218.853098687715828 ], [ 467256.205706608481705, 5544187.116312634199858 ], [ 467296.130881493154448, 5544194.524176468141377 ] ] ] } },
{ "type": "Feature", "properties": { "name": "3f366887-578c-a92a-e053-b4472c0a365b" }, "geometry": { "type": "Polygon", "coordinates": [ [ [ 470249.806583154422697, 5541285.538764346390963 ], [ 470255.341581617074553, 5541294.917857163585722 ], [ 470247.622634067898616, 5541299.49942369107157 ], [ 470242.158882083545905, 5541290.052118194289505 ], [ 470249.806583154422697, 5541285.538764346390963 ] ] ] } },
{ "type": "Feature", "properties": { "name": "24e77037-fe45-7d8a-e053-84002d0a9694" }, "geometry": { "type": "Polygon", "coordinates": [ [ [ 468087.097124272724614, 5543451.815910658799112 ], [ 468090.651571246504318, 5543442.074596676975489 ], [ 468113.729458361747675, 5543450.71763211209327 ], [ 468110.380280718905851, 5543459.944015419110656 ], [ 468087.097124272724614, 5543451.815910658799112 ] ] ] } },
{ "type": "Feature", "properties": { "name": "3f366887-57eb-a92a-e053-b4472c0a365b" }, "geometry": { "type": "Polygon", "coordinates": [ [ [ 467312.518011003907304, 5544078.051368846558034 ], [ 467333.000125251244754, 5544079.361741156317294 ], [ 467332.211535472539254, 5544093.151771334931254 ], [ 467328.321502750040963, 5544092.895324878394604 ], [ 467318.425150026159827, 5544092.405372331850231 ], [ 467311.627907959686127, 5544091.975449526682496 ], [ 467312.518011003907304, 5544078.051368846558034 ] ] ] } },
{ "type": "Feature", "properties": { "name": "24e77037-edf6-7d8a-e053-84002d0a9694" }, "geometry": { "type": "Polygon", "coordinates": [ [ [ 471046.610339345294051, 5544880.391983969137073 ], [ 471042.588209489476867, 5544838.260003128089011 ], [ 471107.319234553317074, 5544832.034820103086531 ], [ 471111.245457562326919, 5544874.264096383005381 ], [ 471046.610339345294051, 5544880.391983969137073 ] ] ] } },
{ "type": "Feature", "properties": { "name": "24e77037-f2d3-7d8a-e053-84002d0a9694" }, "geometry": { "type": "Polygon", "coordinates": [ [ [ 469139.358184504206292, 5544389.279561181552708 ], [ 469115.875634128693491, 5544380.728993146680295 ], [ 469119.056232620379888, 5544371.994552426971495 ], [ 469142.538093566370662, 5544380.544026715680957 ], [ 469139.358184504206292, 5544389.279561181552708 ] ] ] } },
{ "type": "Feature", "properties": { "name": "24e77037-f792-7d8a-e053-84002d0a9694" }, "geometry": { "type": "Polygon", "coordinates": [ [ [ 466588.459797919669654, 5543253.528410235419869 ], [ 466561.411425685044378, 5543243.636936721391976 ], [ 466563.811056488135364, 5543236.989519205875695 ], [ 466559.598811230156571, 5543235.469194456934929 ], [ 466570.529875000298489, 5543205.185289441607893 ], [ 466594.304849225911312, 5543213.766306164674461 ], [ 466590.077796175086405, 5543225.477545565925539 ], [ 466601.884132763138041, 5543229.73912498075515 ], [ 466595.175751136208419, 5543248.32398424949497 ], [ 466590.917543189018033, 5543246.779460278339684 ], [ 466588.459797919669654, 5543253.528410235419869 ] ] ] } },
{ "type": "Feature", "properties": { "name": "24e77037-ebd0-7d8a-e053-84002d0a9694" }, "geometry": { "type": "Polygon", "coordinates": [ [ [ 470159.654054024722427, 5544274.926440522074699 ], [ 470160.962545463757124, 5544271.285503811202943 ], [ 470164.603275343484711, 5544272.595016206614673 ], [ 470163.294059646024834, 5544276.234844169579446 ], [ 470159.654054024722427, 5544274.926440522074699 ] ] ] } },
{ "type": "Feature", "properties": { "name": "4bf11b24-8212-62c6-e053-b3472c0afd68" }, "geometry": { "type": "Polygon", "coordinates": [ [ [ 465738.701186906313524, 5542852.924064116552472 ], [ 465741.481766453129239, 5542855.352430149912834 ], [ 465739.739395811862778, 5542857.368321759626269 ], [ 465736.950173287128564, 5542854.932228705845773 ], [ 465738.701186906313524, 5542852.924064116552472 ] ] ] } },
{ "type": "Feature", "properties": { "name": "24e77037-f742-7d8a-e053-84002d0a9694" }, "geometry": { "type": "Polygon", "coordinates": [ [ [ 467868.222573632490821, 5543434.660338599234819 ], [ 467868.124280709365848, 5543436.536683800630271 ], [ 467867.830369630886707, 5543438.390853771008551 ], [ 467867.344313975598197, 5543440.205037485808134 ], [ 467866.671722061233595, 5543441.959187339060009 ], [ 467865.818911537062377, 5543443.632139599882066 ], [ 467864.795806898036972, 5543445.207156449556351 ], [ 467863.613757991639432, 5543446.66637962218374 ], [ 467862.285560040851124, 5543447.994165963493288 ], [ 467860.826169678242877, 5543449.177083108574152 ], [ 467859.251246168860234, 5543450.199470690451562 ], [ 467857.57720482518198, 5543451.052335128188133 ], [ 467855.824034416349605, 5543451.725549465976655 ], [ 467854.010304958035704, 5543452.211219030432403 ], [ 467852.155322504986543, 5543452.504780358634889 ], [ 467850.279115805518813, 5543452.60277752391994 ], [ 467848.403881738893688, 5543452.505077199079096 ], [ 467846.548946365481243, 5543452.210451391525567 ], [ 467844.735107901098672, 5543451.724334560334682 ], [ 467842.981725834542885, 5543451.05105790309608 ], [ 467841.308186403824948, 5543450.199399975128472 ], [ 467839.733146489073988, 5543449.175919927656651 ], [ 467838.273154990398325, 5543447.993860880844295 ], [ 467836.945476894266903, 5543446.666461646556854 ], [ 467835.76379037607694, 5543445.205870700068772 ], [ 467834.740381678508129, 5543443.630916202440858 ], [ 467833.888239765889011, 5543441.958198322914541 ], [ 467833.215341391740367, 5543440.204347364604473 ], [ 467832.728974037629087, 5543438.390445332042873 ], [ 467832.435695814318024, 5543436.535354863852262 ], [ 467832.337065958534367, 5543434.660192430019379 ], [ 467832.43534638825804, 5543432.783846526406705 ], [ 467832.729245565191377, 5543430.929674576967955 ], [ 467833.215290414053015, 5543429.115487701259553 ], [ 467833.888589127920568, 5543427.361329332925379 ], [ 467834.741392399533652, 5543425.688371994532645 ], [ 467835.764492078276817, 5543424.11334942933172 ], [ 467836.945822497073095, 5543422.654124449938536 ], [ 467838.274013935530093, 5543421.325220023281872 ], [ 467839.734129791264422, 5543420.143404338508844 ], [ 467841.309058568556793, 5543419.121011079289019 ], [ 467842.982391402183566, 5543418.268145930953324 ], [ 467844.735571265860926, 5543417.594927459023893 ], [ 467846.55002773553133, 5543417.10925052408129 ], [ 467848.405022199265659, 5543416.815687316469848 ], [ 467850.28052538621705, 5543416.717693854123354 ], [ 467852.155771938851103, 5543416.815394882112741 ], [ 467854.01071921834955, 5543417.110022669658065 ], [ 467855.825284526159521, 5543417.59613836184144 ], [ 467857.578669147507753, 5543418.268307384103537 ], [ 467859.251506475440692, 5543419.121086535044014 ], [ 467860.827267388929613, 5543420.144568000920117 ], [ 467862.286545300448779, 5543421.326637459918857 ], [ 467863.614223230804782, 5543422.654042925685644 ], [ 467864.796616328007076, 5543424.113523814827204 ], [ 467865.819310397957452, 5543425.689600135199726 ], [ 467866.672160825459287, 5543427.362318727187812 ], [ 467867.345049740106333, 5543429.116173818707466 ], [ 467867.830690084840171, 5543430.930083222687244 ], [ 467868.124672334175557, 5543432.785171265713871 ], [ 467868.222573632490821, 5543434.660338599234819 ] ] ] } },
{ "type": "Feature", "properties": { "name": "24e77037-ea36-7d8a-e053-84002d0a9694" }, "geometry": { "type": "Polygon", "coordinates": [ [ [ 467883.427106458926573, 5541709.291516018100083 ], [ 467921.399272161535919, 5541605.018183892592788 ], [ 467926.076178087387234, 5541606.714703947305679 ], [ 467927.771372387593146, 5541601.999055242165923 ], [ 467931.048459132027347, 5541603.191384374164045 ], [ 467931.976292867271695, 5541600.715220530517399 ], [ 467935.249744760396425, 5541601.898678921163082 ], [ 467932.640359765966423, 5541609.097078399732709 ], [ 467954.926512684265617, 5541617.184950104914606 ], [ 467966.024597930256277, 5541586.708507863804698 ], [ 468027.157297525904141, 5541609.013389588333666 ], [ 468027.227783918788191, 5541608.821724625304341 ], [ 468039.549457315006293, 5541613.222397196106613 ], [ 468038.514467148983385, 5541616.115026304498315 ], [ 468060.875456841371488, 5541624.29295305442065 ], [ 468058.039119830646086, 5541632.017453134059906 ], [ 468035.677010552724823, 5541623.88735612668097 ], [ 467990.183913546497934, 5541748.540072090923786 ], [ 467977.959088699426502, 5541743.999950165860355 ], [ 467978.052053106599487, 5541743.734765663743019 ], [ 467883.427106458926573, 5541709.291516018100083 ] ] ] } },
{ "type": "Feature", "properties": { "name": "24e77037-f977-7d8a-e053-84002d0a9694" }, "geometry": { "type": "Polygon", "coordinates": [ [ [ 467814.719272831804119, 5541826.050583004951477 ], [ 467822.999813957081642, 5541828.971777180209756 ], [ 467820.39961595996283, 5541836.34363548271358 ], [ 467812.147969829500653, 5541833.342215965501964 ], [ 467814.719272831804119, 5541826.050583004951477 ] ] ] } },
{ "type": "Feature", "properties": { "name": "24e77037-ba25-7d8a-e053-84002d0a9694" }, "geometry": { "type": "Polygon", "coordinates": [ [ [ 466846.059438395895995, 5543566.320217594504356 ], [ 466866.821401401073672, 5543579.068445129320025 ], [ 466864.828298662323505, 5543582.366420854814351 ], [ 466844.050529059604742, 5543569.608291980810463 ], [ 466846.059438395895995, 5543566.320217594504356 ] ] ] } },
{ "type": "Feature", "properties": { "name": "24e77037-fdd7-7d8a-e053-84002d0a9694" }, "geometry": { "type": "Polygon", "coordinates": [ [ [ 470060.268946788040921, 5541396.050634859129786 ], [ 470055.172479977540206, 5541394.170030337758362 ], [ 470056.214703648700379, 5541391.344475403428078 ], [ 470061.311889066710137, 5541393.225076912902296 ], [ 470060.268946788040921, 5541396.050634859129786 ] ] ] } },
{ "type": "Feature", "properties": { "name": "24e77037-ec11-7d8a-e053-84002d0a9694" }, "geometry": { "type": "Polygon", "coordinates": [ [ [ 469296.460075890121516, 5541385.713789505884051 ], [ 469361.993746209249366, 5541213.379389074631035 ], [ 469362.247106629947666, 5541212.713034885935485 ], [ 469362.35720742464764, 5541212.424427879042923 ], [ 469362.448976116720587, 5541212.187072268687189 ], [ 469362.882425997289829, 5541211.069376121275127 ], [ 469363.564356032875367, 5541209.30870330799371 ], [ 469364.043689944199286, 5541208.197416088543832 ], [ 469364.20347007951932, 5541207.827357640489936 ], [ 469365.329744168673642, 5541205.726131621748209 ], [ 469366.961367450887337, 5541203.053844302892685 ], [ 469368.415765586891212, 5541201.083056131377816 ], [ 469369.857775262091309, 5541199.325820376165211 ], [ 469370.961559001472779, 5541198.176494378596544 ], [ 469372.065343216003384, 5541197.027168609201908 ], [ 469374.096594608854502, 5541195.213194204494357 ], [ 469382.201249095902313, 5541198.304585271514952 ], [ 469310.046734064235352, 5541388.079830673523247 ], [ 469303.230359838576987, 5541385.500414742156863 ], [ 469301.540269064484164, 5541389.954292370006442 ], [ 469301.070028019603342, 5541389.772415487095714 ], [ 469301.854185890289955, 5541387.733177556656301 ], [ 469296.460075890121516, 5541385.713789505884051 ] ] ] } },
{ "type": "Feature", "properties": { "name": "3f366887-5921-a92a-e053-b4472c0a365b" }, "geometry": { "type": "Polygon", "coordinates": [ [ [ 470209.50670284422813, 5544295.741103045642376 ], [ 470270.558420339366421, 5544317.975020933896303 ], [ 470268.305364121042658, 5544324.160723688080907 ], [ 470266.521970966772642, 5544329.058478840626776 ], [ 470241.235351023438852, 5544319.849218093790114 ], [ 470239.490053082816303, 5544324.641141514293849 ], [ 470229.013248281087726, 5544320.82561793923378 ], [ 470230.758538167749066, 5544316.03369109518826 ], [ 470205.470355832600035, 5544306.823495196178555 ], [ 470207.24030902486993, 5544301.963598326779902 ], [ 470209.50670284422813, 5544295.741103045642376 ] ] ] } },
{ "type": "Feature", "properties": { "name": "850a1cd1-6374-40fc-991f-5a488a06dd3f" }, "geometry": { "type": "Polygon", "coordinates": [ [ [ 470718.248272597847972, 5544188.715955101884902 ], [ 470719.335027938650455, 5544185.694579862989485 ], [ 470723.561963261221536, 5544187.251437674276531 ], [ 470722.466480816132389, 5544190.248398358002305 ], [ 470718.248272597847972, 5544188.715955101884902 ] ] ] } },
{ "type": "Feature", "properties": { "name": "24e77037-ef09-7d8a-e053-84002d0a9694" }, "geometry": { "type": "Polygon", "coordinates": [ [ [ 467136.050740081584081, 5543506.724496089853346 ], [ 467145.273221175768413, 5543510.056913452222943 ], [ 467143.212472311279271, 5543515.781341709196568 ], [ 467133.990006528794765, 5543512.450039751827717 ], [ 467136.050740081584081, 5543506.724496089853346 ] ] ] } },
{ "type": "Feature", "properties": { "name": "40a7a86d-42d4-4879-9b6c-a632e7b22baf" }, "geometry": { "type": "Polygon", "coordinates": [ [ [ 470233.759796043683309, 5544015.516871394589543 ], [ 470236.56570369983092, 5544016.543099526315928 ], [ 470239.382436209998559, 5544017.584835294634104 ], [ 470237.296065742266364, 5544023.248146610334516 ], [ 470231.67559709463967, 5544021.183508506044745 ], [ 470233.759796043683309, 5544015.516871394589543 ] ] ] } },
{ "type": "Feature", "properties": { "name": "3f366887-5836-a92a-e053-b4472c0a365b" }, "geometry": { "type": "Polygon", "coordinates": [ [ [ 465658.341219838766847, 5541728.94596107583493 ], [ 465658.366578536690213, 5541725.416660001501441 ], [ 465675.169752895773854, 5541725.461257757619023 ], [ 465675.178543005080428, 5541728.955871160142124 ], [ 465658.341219838766847, 5541728.94596107583493 ] ] ] } },
{ "type": "Feature", "properties": { "name": "775a49b9-edcf-462b-8e9b-145628903f06" }, "geometry": { "type": "Polygon", "coordinates": [ [ [ 469904.258059725223575, 5542400.219919892959297 ], [ 469930.252630144590512, 5542409.690527910366654 ], [ 469930.321722326218151, 5542409.495560506358743 ], [ 469934.835027157678269, 5542411.124694213271141 ], [ 469933.851500389340799, 5542413.896579820662737 ], [ 469933.840216453711037, 5542413.927775885909796 ], [ 469933.566082747420296, 5542413.830357864499092 ], [ 469933.510825052624568, 5542413.810654307715595 ], [ 469932.276386439916678, 5542417.176582429558039 ], [ 469923.894839829998091, 5542414.131516394205391 ], [ 469919.083641406265087, 5542412.382870463654399 ], [ 469915.977603498147801, 5542411.253972327336669 ], [ 469916.000806128780823, 5542411.177122086286545 ], [ 469916.899826532928273, 5542408.662552713416517 ], [ 469903.04423646768555, 5542403.555718128569424 ], [ 469904.258059725223575, 5542400.219919892959297 ] ] ] } },
{ "type": "Feature", "properties": { "name": "c8490157-264d-4e6f-b9f3-98a034510f28" }, "geometry": { "type": "Polygon", "coordinates": [ [ [ 470167.654569350706879, 5544546.337440509349108 ], [ 470187.054679075954482, 5544549.105750023387372 ], [ 470186.210334564384539, 5544555.092397609725595 ], [ 470166.797310476831626, 5544552.315268261358142 ], [ 470167.654569350706879, 5544546.337440509349108 ] ] ] } },
{ "type": "Feature", "properties": { "name": "24e77037-eaf4-7d8a-e053-84002d0a9694" }, "geometry": { "type": "Polygon", "coordinates": [ [ [ 468918.479394003516063, 5543694.576947521418333 ], [ 468910.316286038374528, 5543691.918032061308622 ], [ 468910.247401254076976, 5543691.892858848907053 ], [ 468910.217807128035929, 5543691.975310357287526 ], [ 468910.125965055311099, 5543691.942487310618162 ], [ 468910.097770640568342, 5543692.019371256232262 ], [ 468906.500028333161026, 5543690.713792632333934 ], [ 468905.420283404993825, 5543693.675459891557693 ], [ 468904.641812509158626, 5543693.403123346157372 ], [ 468903.926692591398023, 5543695.407561991363764 ], [ 468903.105612016981468, 5543696.058338902890682 ], [ 468901.952603902900591, 5543694.667397655546665 ], [ 468902.346537251665723, 5543694.318200040608644 ], [ 468902.887511161505245, 5543692.780653458088636 ], [ 468902.437453597143758, 5543692.589800402522087 ], [ 468902.300816877221223, 5543692.980866468511522 ], [ 468902.073249784996733, 5543692.879895281046629 ], [ 468901.729373740206938, 5543692.725117530673742 ], [ 468901.440752606897149, 5543692.591144559904933 ], [ 468900.556859840056859, 5543692.167092784307897 ], [ 468899.384087240381632, 5543691.564594339579344 ], [ 468898.392799003107939, 5543691.018859534524381 ], [ 468897.590284475765657, 5543690.552083631977439 ], [ 468896.767508492688648, 5543690.048733356408775 ], [ 468895.765594694006722, 5543689.399655357003212 ], [ 468894.734685113769956, 5543688.689592329785228 ], [ 468893.906314932217356, 5543688.086205233819783 ], [ 468892.941083244222682, 5543687.342404213733971 ], [ 468892.288579332118388, 5543686.814715295098722 ], [ 468891.784908374072984, 5543686.392902410589159 ], [ 468891.220698827470187, 5543685.903616409748793 ], [ 468890.836349577351939, 5543685.561165830120444 ], [ 468892.315670517855324, 5543681.497517417185009 ], [ 468889.596850660571363, 5543680.501505102030933 ], [ 468886.3369927611202, 5543679.307388169690967 ], [ 468882.857564177480526, 5543678.033382182009518 ], [ 468881.614438498683739, 5543681.464108406566083 ], [ 468881.548423922155052, 5543681.440030760131776 ], [ 468881.519526784948539, 5543681.519142716191709 ], [ 468881.429116360610351, 5543681.486311834305525 ], [ 468881.399522616760805, 5543681.568763500079513 ], [ 468879.833821048494428, 5543680.996351241134107 ], [ 468877.058330784318969, 5543679.982884624972939 ], [ 468873.842255881812889, 5543678.807422720827162 ], [ 468871.762787809071597, 5543678.04786838311702 ], [ 468868.948546140338294, 5543677.020176819525659 ], [ 468867.86807069130009, 5543679.976296587847173 ], [ 468867.097452488960698, 5543679.700584130361676 ], [ 468866.383060674415901, 5543681.705023633316159 ], [ 468865.561266475764569, 5543682.355810466222465 ], [ 468864.408239160198718, 5543680.963765436783433 ], [ 468864.802171109360643, 5543680.614565060473979 ], [ 468865.343135718547273, 5543679.077014677226543 ], [ 468864.891643631272018, 5543678.886173105798662 ], [ 468864.754938125784975, 5543679.265009794384241 ], [ 468863.92647008493077, 5543678.891788349486887 ], [ 468863.394436152186245, 5543678.641373629681766 ], [ 468862.930571350792889, 5543678.416135730221868 ], [ 468862.34026928403182, 5543678.119360897690058 ], [ 468861.820284358283971, 5543677.847750388085842 ], [ 468861.270794411189854, 5543677.550738213583827 ], [ 468860.894378992321435, 5543677.341669966466725 ], [ 468860.388591085327789, 5543677.04885114915669 ], [ 468860.028650166874286, 5543676.840798989869654 ], [ 468859.570931505120825, 5543676.564378842711449 ], [ 468859.039869795553386, 5543676.235014963895082 ], [ 468858.594993823615368, 5543675.950736965052783 ], [ 468857.708685890887864, 5543675.358811425976455 ], [ 468856.98253853188362, 5543674.850457380525768 ], [ 468856.14191219501663, 5543674.233804765157402 ], [ 468855.46222720167134, 5543673.711837906390429 ], [ 468854.950031207758002, 5543673.302308817394078 ], [ 468854.44064739003079, 5543672.88386832177639 ], [ 468854.015372552850749, 5543672.522756467573345 ], [ 468853.685772811004426, 5543672.237807990983129 ], [ 468853.287028884224128, 5543671.883213107474148 ], [ 468854.757759177533444, 5543667.824051700532436 ], [ 468852.64669570629485, 5543667.05023408215493 ], [ 468851.282617957505863, 5543666.551153047941625 ], [ 468849.795115140208509, 5543666.006091534160078 ], [ 468848.431036853813566, 5543665.507011225447059 ], [ 468847.237736644456163, 5543665.070314676500857 ], [ 468845.792567965574563, 5543664.540574247948825 ], [ 468845.310369828657713, 5543664.364367586560547 ], [ 468845.077106490905862, 5543665.007283957675099 ], [ 468844.816352646274026, 5543665.72485676407814 ], [ 468844.628201808140147, 5543666.245203028433025 ], [ 468844.468231675506104, 5543666.686441315338016 ], [ 468844.066542339220177, 5543667.793994864448905 ], [ 468844.001249899913091, 5543667.77102536149323 ], [ 468843.97234676592052, 5543667.849025673232973 ], [ 468843.88480637059547, 5543667.817290597595274 ], [ 468843.851633096404839, 5543667.899763316847384 ], [ 468840.898171253269538, 5543666.820638249628246 ], [ 468838.586918894608971, 5543665.975719089619815 ], [ 468836.666737187828403, 5543665.274180811829865 ], [ 468834.805396962095983, 5543664.594538293778896 ], [ 468833.038769795210101, 5543663.948813314549625 ], [ 468831.358250730787404, 5543663.33483213 ], [ 468830.885328633128665, 5543664.628486577421427 ], [ 468830.27216217451496, 5543666.307670587673783 ], [ 468829.52090456179576, 5543666.03741018101573 ], [ 468828.806524865911342, 5543668.041854709386826 ], [ 468827.984733055112883, 5543668.692647306248546 ], [ 468826.832409004156943, 5543667.300606179982424 ], [ 468827.226346025359817, 5543666.952514888718724 ], [ 468827.766585314180702, 5543665.414964868687093 ], [ 468827.30934971064562, 5543665.221936129033566 ], [ 468827.17756786494283, 5543665.585178704932332 ], [ 468826.442428400157951, 5543665.254782974720001 ], [ 468825.898909328854643, 5543664.999991311691701 ], [ 468825.31368050922174, 5543664.71430984698236 ], [ 468824.755679287656676, 5543664.431805497966707 ], [ 468824.252927061344963, 5543664.168993318453431 ], [ 468823.67828270571772, 5543663.856565098278224 ], [ 468823.234333558357321, 5543663.608976867981255 ], [ 468822.714892811025493, 5543663.308457913808525 ], [ 468822.309653252013959, 5543663.068427459336817 ], [ 468821.818136645539198, 5543662.76774591114372 ], [ 468821.379037428181618, 5543662.492332421243191 ], [ 468820.911135971255135, 5543662.189289607107639 ], [ 468820.47697745001642, 5543661.901616653427482 ], [ 468820.024073158914689, 5543661.59181522205472 ], [ 468819.64662156678969, 5543661.328273454681039 ], [ 468819.208011397859082, 5543661.013941266573966 ], [ 468818.811781603551935, 5543660.722711803391576 ], [ 468818.418383401934989, 5543660.425906441174448 ], [ 468818.101186335261445, 5543660.18091578502208 ], [ 468817.776054861897137, 5543659.925964399240911 ], [ 468817.488304707221687, 5543659.696368616074324 ], [ 468817.207721073587891, 5543659.467842977494001 ], [ 468816.894735716108698, 5543659.208373327739537 ], [ 468816.623453641252127, 5543658.97868163511157 ], [ 468816.400370749412104, 5543658.787625135853887 ], [ 468816.14991761703277, 5543658.568930964916945 ], [ 468815.947676634241361, 5543658.391095677390695 ], [ 468815.728863820375409, 5543658.195566779002547 ], [ 468817.205271803133655, 5543654.131914265453815 ], [ 468815.418577853299212, 5543653.484088210389018 ], [ 468812.748579653911293, 5543652.515627371147275 ], [ 468807.734360759495758, 5543650.699118402786553 ], [ 468806.501841572462581, 5543654.099779587239027 ], [ 468806.429369284946006, 5543654.073516729287803 ], [ 468806.399770053685643, 5543654.154856962151825 ], [ 468806.307920200808439, 5543654.120923845097423 ], [ 468806.279733544797637, 5543654.198920185677707 ], [ 468802.901517893827986, 5543652.974410830996931 ], [ 468799.628780693514273, 5543651.788204691372812 ], [ 468796.336670916585717, 5543650.595442172139883 ], [ 468793.820113892026711, 5543649.663900231942534 ], [ 468792.729598051751964, 5543652.611198851838708 ], [ 468791.979052587295882, 5543652.340939529240131 ], [ 468791.263968984654639, 5543654.345393251627684 ], [ 468790.442179552162997, 5543654.99619160965085 ], [ 468789.289842764090281, 5543653.604158543981612 ], [ 468789.683778393082321, 5543653.256064490415156 ], [ 468790.224724387167953, 5543651.718506501056254 ], [ 468789.761042165162507, 5543651.525518543086946 ], [ 468789.627895331941545, 5543651.899888882413507 ], [ 468789.191421399649698, 5543651.70674230158329 ], [ 468788.104389820888173, 5543651.199390274472535 ], [ 468786.997746982728131, 5543650.644341729581356 ], [ 468785.907384037796874, 5543650.056953750550747 ], [ 468784.859168054128531, 5543649.452641865238547 ], [ 468783.788437801413238, 5543648.793979071080685 ], [ 468782.565037985274103, 5543647.986102342605591 ], [ 468781.613809212110937, 5543647.314512166194618 ], [ 468780.869497600244358, 5543646.76291074231267 ], [ 468780.251631412364077, 5543646.283956310711801 ], [ 468779.689059927826747, 5543645.832476538605988 ], [ 468778.848630138847511, 5543645.129107665270567 ], [ 468778.150495266716462, 5543644.514971592463553 ], [ 468778.552875871420838, 5543643.405185211449862 ], [ 468779.626820384117309, 5543640.44130206014961 ], [ 468773.891432142583653, 5543638.36217893473804 ], [ 468770.11639560846379, 5543636.994348344393075 ], [ 468769.401142840913963, 5543638.968785048462451 ], [ 468768.895164930494502, 5543640.362707739695907 ], [ 468768.812648672785144, 5543640.333168338984251 ], [ 468768.783043443458155, 5543640.413396931253374 ], [ 468768.698372669634409, 5543640.382758220657706 ], [ 468768.666658344736788, 5543640.469670442864299 ], [ 468762.344252506911289, 5543638.168272362090647 ], [ 468756.237821020651609, 5543635.944564786739647 ], [ 468755.962275036785286, 5543636.702256262302399 ], [ 468755.619069721433334, 5543637.644915921613574 ], [ 468755.149724069808144, 5543638.93522063177079 ], [ 468754.417133409529924, 5543638.674868698231876 ], [ 468754.219571859051939, 5543639.176371070556343 ], [ 468753.643102478352375, 5543640.637419990263879 ], [ 468752.863598925177939, 5543641.29464856442064 ], [ 468751.705248654121533, 5543639.85595937166363 ], [ 468752.08335278253071, 5543639.494612341746688 ], [ 468752.643451021052897, 5543638.050337139517069 ], [ 468752.174890495662112, 5543637.880730517208576 ], [ 468752.06218561436981, 5543638.199388121254742 ], [ 468751.29113981249975, 5543637.852533995173872 ], [ 468750.709548953513149, 5543637.577958256937563 ], [ 468750.163055496232118, 5543637.305401413701475 ], [ 468749.579219104838558, 5543637.014160609804094 ], [ 468748.77117602142971, 5543636.585243276320398 ], [ 468747.808534916082863, 5543636.044928307645023 ], [ 468747.035400723805651, 5543635.585786446928978 ], [ 468746.285855771508068, 5543635.119835619814694 ], [ 468745.535464814631268, 5543634.631652105599642 ], [ 468744.950295002781786, 5543634.234790368005633 ], [ 468744.472180748882238, 5543633.900681001134217 ], [ 468743.817096742452122, 5543633.425283754244447 ], [ 468743.238872483372688, 5543632.991689383052289 ], [ 468742.676367890206166, 5543632.552443827502429 ], [ 468742.150477145391051, 5543632.129662781953812 ], [ 468741.733874490077142, 5543631.78407552652061 ], [ 468741.114988308167085, 5543631.253984746523201 ], [ 468740.603235686954577, 5543630.799988452345133 ], [ 468740.783631514408626, 5543630.301921496167779 ], [ 468741.283952964295167, 5543628.921371785923839 ], [ 468741.765944124141242, 5543627.589852193370461 ], [ 468742.058374143729452, 5543626.780914587900043 ], [ 468738.789050835184753, 5543625.571375851519406 ], [ 468732.617080677533522, 5543623.286924097687006 ], [ 468731.34166127606295, 5543626.691189151257277 ], [ 468731.264163170068059, 5543626.662732894532382 ], [ 468731.238789528491907, 5543626.731818109750748 ], [ 468731.156266351870727, 5543626.7011674400419 ], [ 468731.129486674035434, 5543626.774708417244256 ], [ 468724.244532109296415, 5543624.277614191174507 ], [ 468718.664094522770029, 5543622.254350608214736 ], [ 468718.387140576378442, 5543623.015387937426567 ], [ 468717.975612126756459, 5543624.150805776007473 ], [ 468717.589450829313137, 5543625.216026520356536 ], [ 468716.797329989494756, 5543624.93934937287122 ], [ 468716.664877565461211, 5543625.309269948862493 ], [ 468716.246365031576715, 5543626.474749691784382 ], [ 468716.087849225208629, 5543626.918207151815295 ], [ 468716.003775865014177, 5543626.989859342575073 ], [ 468715.802145611669403, 5543627.162268509157002 ], [ 468715.296299505862407, 5543627.59663746971637 ], [ 468714.138762655493338, 5543626.176853623241186 ], [ 468714.516149243689142, 5543625.81550812907517 ], [ 468714.760197403840721, 5543625.18252990487963 ], [ 468715.095942723040935, 5543624.312183818779886 ], [ 468714.601557867426891, 5543624.134948218241334 ], [ 468714.466918541758787, 5543624.498210314661264 ], [ 468713.668581854435615, 5543624.138178470544517 ], [ 468713.014462381019257, 5543623.828450423665345 ], [ 468712.480196270626038, 5543623.565832901746035 ], [ 468711.886260636150837, 5543623.262424468994141 ], [ 468711.171579950780142, 5543622.881889962591231 ], [ 468710.540848048694897, 5543622.530885679647326 ], [ 468709.7893255383824, 5543622.09497242141515 ], [ 468709.28703910211334, 5543621.791028438135982 ], [ 468708.750202015799005, 5543621.456153687089682 ], [ 468708.117706214194186, 5543621.048453782685101 ], [ 468707.487983349303249, 5543620.625171329826117 ], [ 468706.80064135795692, 5543620.144407758489251 ], [ 468706.250545157527085, 5543619.746233248151839 ], [ 468705.958556966856122, 5543619.527787053026259 ], [ 468705.665117224096321, 5543619.306013700552285 ], [ 468705.253679321787786, 5543618.987084338441491 ], [ 468704.972411728173029, 5543618.765239846892655 ], [ 468704.633564053394366, 5543618.49258529394865 ], [ 468704.320577309990767, 5543618.234234062023461 ], [ 468703.974471918074414, 5543617.944943691603839 ], [ 468703.723315747920424, 5543617.729594502598047 ], [ 468703.521798481815495, 5543617.553982962854207 ], [ 468703.367056079092436, 5543617.418125819414854 ], [ 468703.22238985839067, 5543617.291104845702648 ], [ 468703.015085941820871, 5543617.105520187877119 ], [ 468703.535031207138672, 5543615.65369139239192 ], [ 468703.95281285000965, 5543614.485991155728698 ], [ 468704.337488211633172, 5543613.411883025430143 ], [ 468704.565763969672844, 5543612.775660912506282 ], [ 468700.9127711711335, 5543611.468318935483694 ], [ 468697.688856509688776, 5543610.313022027723491 ], [ 468695.116472504276317, 5543609.391859702765942 ], [ 468694.541434273298364, 5543610.972990429028869 ], [ 468694.202462551824283, 5543611.903398559428751 ], [ 468693.746518915402703, 5543613.156938074156642 ], [ 468687.89333540952066, 5543611.026336959563196 ], [ 468682.915583552734461, 5543609.215290318243206 ], [ 468681.098707344790455, 5543608.554342813789845 ], [ 468680.685695029969793, 5543609.67976526543498 ], [ 468680.408745785010979, 5543610.440804564394057 ], [ 468680.00988485570997, 5543611.537235205993056 ], [ 468679.257153747894336, 5543611.262556836009026 ], [ 468678.958327224245295, 5543612.078206695616245 ], [ 468678.524876617302652, 5543613.259343271143734 ], [ 468677.722511276195291, 5543613.924499815329909 ], [ 468676.539764363027643, 5543612.481521933339536 ], [ 468676.997596680012066, 5543612.163066527806222 ], [ 468677.317363192269113, 5543611.255007409490645 ], [ 468677.534296762954909, 5543610.638864457607269 ], [ 468677.063589873199817, 5543610.470388818532228 ], [ 468676.934648297086824, 5543610.828059093095362 ], [ 468676.494567291578278, 5543610.631607091985643 ], [ 468675.969729864038527, 5543610.390063848346472 ], [ 468675.352201272617094, 5543610.093468847684562 ], [ 468674.716648626956157, 5543609.775853573344648 ], [ 468674.07743123389082, 5543609.443805296905339 ], [ 468673.231956417148467, 5543608.982873672619462 ], [ 468672.471830259484705, 5543608.54590409155935 ], [ 468671.616005545482039, 5543608.029438969679177 ], [ 468671.112205467594322, 5543607.712164760567248 ], [ 468670.585349697386846, 5543607.370564058423042 ], [ 468670.090773061674554, 5543607.038781423121691 ], [ 468669.507703577633947, 5543606.635244251228869 ], [ 468669.152495648304466, 5543606.3815897712484 ], [ 468668.782876279146876, 5543606.112453269772232 ], [ 468668.385892121354118, 5543605.816791718825698 ], [ 468667.814070303749759, 5543605.377608509734273 ], [ 468667.3738127425313, 5543605.028829813934863 ], [ 468667.011210124299396, 5543604.735190848819911 ], [ 468666.69677570159547, 5543604.474626499228179 ], [ 468666.328334232151974, 5543604.162119688466191 ], [ 468666.031826137390453, 5543603.905897970311344 ], [ 468665.740330114378594, 5543603.649646922945976 ], [ 468665.470399120065849, 5543603.407724156044424 ], [ 468666.943207242758945, 5543599.357393279671669 ], [ 468663.31014666100964, 5543598.033281817100942 ], [ 468657.466255486186128, 5543595.904883107170463 ], [ 468656.229606823762879, 5543599.320058137178421 ], [ 468656.145670291618444, 5543599.292752551846206 ], [ 468656.121059077151585, 5543599.369616873562336 ], [ 468656.04212813754566, 5543599.341170088388026 ], [ 468656.012530867534224, 5543599.422511154785752 ], [ 468650.4936769308988, 5543597.408964523114264 ], [ 468645.768444972869474, 5543595.683200205676258 ], [ 468645.380720514105633, 5543596.723973886109889 ], [ 468644.666829268971924, 5543598.679517487064004 ], [ 468641.693812467216048, 5543597.576154747977853 ], [ 468640.929202895436902, 5543599.552010002546012 ], [ 468640.183710824407171, 5543600.14679007884115 ], [ 468639.056409636337776, 5543598.759089821949601 ], [ 468639.360981155943591, 5543598.435969843529165 ], [ 468639.960004410124384, 5543596.918070068582892 ], [ 468639.484966437914409, 5543596.744063657708466 ], [ 468639.344779261096846, 5543597.137381121516228 ], [ 468638.840800977312028, 5543596.912397564388812 ], [ 468638.270714694983326, 5543596.647773525677621 ], [ 468637.852801492495928, 5543596.446747230365872 ], [ 468637.300563369062729, 5543596.173123611137271 ], [ 468636.751866171252914, 5543595.892807971686125 ], [ 468636.269901693798602, 5543595.636562823317945 ], [ 468635.859011656604707, 5543595.412145902402699 ], [ 468635.542922324384563, 5543595.236096452921629 ], [ 468634.695833937323187, 5543594.745159387588501 ], [ 468634.06275010923855, 5543594.360821235924959 ], [ 468633.391489289235324, 5543593.937790871597826 ], [ 468632.914926773752086, 5543593.625920025631785 ], [ 468632.373609993315767, 5543593.261058187112212 ], [ 468631.964515754778404, 5543592.976589159108698 ], [ 468631.687696231820155, 5543592.781407694332302 ], [ 468631.332466025662143, 5543592.524420174770057 ], [ 468631.020353140600491, 5543592.293865235522389 ], [ 468630.422672013577539, 5543591.841494912281632 ], [ 468630.113357942493167, 5543591.599804752506316 ], [ 468629.707615435821936, 5543591.276400214992464 ], [ 468629.379534987616353, 5543591.009246703237295 ], [ 468628.998176041233819, 5543590.692370608448982 ], [ 468628.622525626269635, 5543590.37212542258203 ], [ 468628.326717933523469, 5543590.113677892833948 ], [ 468628.091355373791885, 5543589.906022849492729 ], [ 468627.88116416009143, 5543589.717122335918248 ], [ 468629.383258937567007, 5543585.658826082013547 ], [ 468625.592316912079696, 5543584.277847397141159 ], [ 468619.895491840085015, 5543582.201997875235975 ], [ 468618.658863759192172, 5543585.617181598208845 ], [ 468618.578500379691832, 5543585.588743763975799 ], [ 468618.550316072825808, 5543585.666741093620658 ], [ 468618.471384726988617, 5543585.638294864445925 ], [ 468618.440342874557246, 5543585.717420839704573 ], [ 468613.733784723270219, 5543584.004917771555483 ], [ 468605.969647911260836, 5543581.180676686577499 ], [ 468605.625117955380119, 5543582.137808404862881 ], [ 468604.878856768424157, 5543584.18805765081197 ], [ 468604.710181883594487, 5543584.118998264893889 ], [ 468604.419143446662929, 5543584.917928359471262 ], [ 468603.887824289151467, 5543586.379840655252337 ], [ 468603.337037274905015, 5543586.842281028628349 ], [ 468602.173082919383887, 5543585.433677623979747 ], [ 468602.351942113542464, 5543585.285859266296029 ], [ 468602.975837967707776, 5543583.493173349648714 ], [ 468602.018440432613716, 5543583.118524769321084 ], [ 468602.698464783257805, 5543581.25101312994957 ], [ 468603.103652082907502, 5543580.136749342083931 ], [ 468602.4965837005293, 5543579.915709621272981 ], [ 468602.526193318073638, 5543579.836591955274343 ], [ 468602.445823241490871, 5543579.807042513974011 ], [ 468602.475426336284727, 5543579.726812998764217 ], [ 468602.395062780531589, 5543579.698375405743718 ], [ 468603.251228728564456, 5543577.341712220571935 ], [ 468603.779020739370026, 5543575.888715673238039 ], [ 468603.270990691613406, 5543575.706010905094445 ], [ 468603.244507300376426, 5543574.853349145501852 ], [ 468603.236217878002208, 5543574.05061555840075 ], [ 468603.239668160967994, 5543573.540239311754704 ], [ 468603.248663959442638, 5543572.99869770091027 ], [ 468603.263108905230183, 5543572.531620536930859 ], [ 468603.327457627980039, 5543571.294825000688434 ], [ 468603.38596016576048, 5543570.526168074458838 ], [ 468603.468285558512434, 5543569.668420458212495 ], [ 468603.551426297577564, 5543568.949653899297118 ], [ 468603.670196970284451, 5543568.079461732879281 ], [ 468603.811027307005133, 5543567.18579054158181 ], [ 468603.97471813170705, 5543566.283090152777731 ], [ 468604.112485191784799, 5543565.599583528004587 ], [ 468604.21845028817188, 5543565.109731757082045 ], [ 468604.376988501811866, 5543564.427215179428458 ], [ 468604.504303789814003, 5543563.915000434033573 ], [ 468604.639469230256509, 5543563.39829209446907 ], [ 468604.811970652604941, 5543562.776847390457988 ], [ 468604.979753477615304, 5543562.205465277656913 ], [ 468608.312859028053936, 5543563.412324958480895 ], [ 468609.701056488149334, 5543559.591523203067482 ], [ 468609.785670776851475, 5543559.612152767367661 ], [ 468609.809598105726764, 5543559.540851682424545 ], [ 468609.897805538435932, 5543559.563683949410915 ], [ 468609.925970299635082, 5543559.482351029291749 ], [ 468917.495157650380861, 5543671.574401231482625 ], [ 468917.468395028146915, 5543671.651276821270585 ], [ 468917.557373380695935, 5543671.684116628021002 ], [ 468917.522070358041674, 5543671.76993690803647 ], [ 468917.605301295174286, 5543671.799474435858428 ], [ 468917.502411231980659, 5543672.083603007718921 ], [ 468945.097759183612652, 5543682.130517768673599 ], [ 468918.479394003516063, 5543694.576947521418333 ] ] ] } },
{ "type": "Feature", "properties": { "name": "d85d3915-f6d6-47e2-86ca-541c89108faa" }, "geometry": { "type": "Polygon", "coordinates": [ [ [ 467641.712102280114777, 5543268.910398507490754 ], [ 467638.896956941578537, 5543267.927830799482763 ], [ 467640.944331998645794, 5543262.1380815198645 ], [ 467643.755993773462251, 5543263.136237816885114 ], [ 467641.712102280114777, 5543268.910398507490754 ] ] ] } },
{ "type": "Feature", "properties": { "name": "24e77037-ebcb-7d8a-e053-84002d0a9694" }, "geometry": { "type": "Polygon", "coordinates": [ [ [ 470205.193961481971201, 5544292.416119588539004 ], [ 470206.320355405914597, 5544289.368842688389122 ], [ 470209.36723863921361, 5544290.494895410723984 ], [ 470208.241559154237621, 5544293.542167683131993 ], [ 470205.193961481971201, 5544292.416119588539004 ] ] ] } },
{ "type": "Feature", "properties": { "name": "3c301c5e-fe5f-448a-89ac-38e8ba823d26" }, "geometry": { "type": "Polygon", "coordinates": [ [ [ 469261.730307383986656, 5543602.255954421125352 ], [ 469262.44201290817, 5543600.254920578561723 ], [ 469264.444591529900208, 5543600.971704408526421 ], [ 469263.740704044699669, 5543602.962686114013195 ], [ 469261.730307383986656, 5543602.255954421125352 ] ] ] } },
{ "type": "Feature", "properties": { "name": "24e77037-f044-7d8a-e053-84002d0a9694" }, "geometry": { "type": "Polygon", "coordinates": [ [ [ 468078.176801707362756, 5543687.533729152753949 ], [ 468081.999059260531794, 5543676.984687857329845 ], [ 468080.648573985032272, 5543676.495728459209204 ], [ 468080.580931700998917, 5543676.679593415930867 ], [ 468078.781955010141246, 5543676.027638135477901 ], [ 468078.83691473712679, 5543675.878317330032587 ], [ 468078.626654426625464, 5543675.800627411343157 ], [ 468075.155155939399265, 5543685.492536853067577 ], [ 468058.938096302794293, 5543679.541742689907551 ], [ 468062.483304888592102, 5543669.847158905118704 ], [ 468062.922469139506575, 5543670.006873780861497 ], [ 468098.281952878518496, 5543573.98126648273319 ], [ 468348.862501039868221, 5543665.567334035411477 ], [ 468352.37362510478124, 5543666.849701861850917 ], [ 468317.716669328103308, 5543762.342410858720541 ], [ 468317.329243083193433, 5543762.211277984082699 ], [ 468317.138926498184446, 5543762.719425476156175 ], [ 468312.305396940617356, 5543760.957904355600476 ], [ 468308.867097225273028, 5543770.39261716324836 ], [ 468294.744662821118254, 5543765.244834886863828 ], [ 468294.633440201461781, 5543765.204353977926075 ], [ 468294.7051869877032, 5543764.987110814079642 ], [ 468293.135162443271838, 5543764.417119119316339 ], [ 468293.071757304714993, 5543764.592061148025095 ], [ 468285.988904464931693, 5543762.054450657218695 ], [ 468269.127464181394316, 5543755.908926269039512 ], [ 468240.537983293936122, 5543745.488897070288658 ], [ 468215.430783201649319, 5543736.338126315735281 ], [ 468180.965560644224752, 5543723.777349499985576 ], [ 468153.681730627955403, 5543713.833689820952713 ], [ 468123.787224262196105, 5543702.938375164754689 ], [ 468083.543539659876842, 5543688.27114690747112 ], [ 468083.450247044675052, 5543688.236122868955135 ], [ 468080.460520378430374, 5543687.104261632077396 ], [ 468080.510951911681332, 5543686.916051766835153 ], [ 468078.925818550633267, 5543686.34176507871598 ], [ 468078.457375799072906, 5543687.635461184196174 ], [ 468078.176801707362756, 5543687.533729152753949 ] ] ] } },
{ "type": "Feature", "properties": { "name": "7952ac17-0717-4ce6-a2ea-741a1ddcb028" }, "geometry": { "type": "Polygon", "coordinates": [ [ [ 468993.700175964972004, 5541874.071220763958991 ], [ 468989.423875493288506, 5541872.433718810789287 ], [ 468990.046623686561361, 5541870.755616664886475 ], [ 468994.353957266430371, 5541872.309548212215304 ], [ 468993.700175964972004, 5541874.071220763958991 ] ] ] } },
{ "type": "Feature", "properties": { "name": "661e4af6-1deb-bde8-e053-b4472c0a3fef" }, "geometry": { "type": "Polygon", "coordinates": [ [ [ 468013.448717728140764, 5543141.806568887084723 ], [ 468011.16932924662251, 5543140.961813713423908 ], [ 468013.27571666991571, 5543135.26525844540447 ], [ 468015.570940644829534, 5543136.123262552544475 ], [ 468013.448717728140764, 5543141.806568887084723 ] ] ] } },
{ "type": "Feature", "properties": { "name": "24e77037-ec20-7d8a-e053-84002d0a9694" }, "geometry": { "type": "Polygon", "coordinates": [ [ [ 466607.667742682737298, 5543064.744116354733706 ], [ 466721.001310733961873, 5543106.051064593717456 ], [ 466708.436703666753601, 5543140.517729454673827 ], [ 466708.155351297813468, 5543140.41496171336621 ], [ 466704.238491750089452, 5543151.159056517295539 ], [ 466704.445191918988712, 5543151.233379277400672 ], [ 466700.189691976876929, 5543162.908012089319527 ], [ 466699.720293344755191, 5543162.736365606077015 ], [ 466699.675225471146405, 5543162.858953895047307 ], [ 466681.21089047944406, 5543156.12906289473176 ], [ 466665.771749287261628, 5543150.50117975845933 ], [ 466587.341054807475302, 5543121.9153734408319 ], [ 466587.38325615960639, 5543121.792802084237337 ], [ 466587.009310952678788, 5543121.656150067225099 ], [ 466591.264606268669013, 5543109.982538941316307 ], [ 466591.471316572278738, 5543110.057969193905592 ], [ 466595.386549966875464, 5543099.313800646923482 ], [ 466595.105193212395534, 5543099.211038830690086 ], [ 466607.667742682737298, 5543064.744116354733706 ] ] ] } },
{ "type": "Feature", "properties": { "name": "24e77037-ed6f-7d8a-e053-84002d0a9694" }, "geometry": { "type": "Polygon", "coordinates": [ [ [ 467522.407515969360247, 5543693.652908346615732 ], [ 467529.032711818523239, 5543696.094443176873028 ], [ 467529.190864389529452, 5543695.607588023878634 ], [ 467579.037386734504253, 5543713.837238085456192 ], [ 467578.872510044893716, 5543714.278545021079481 ], [ 467585.472553638915997, 5543716.713630309328437 ], [ 467581.401669687649701, 5543727.897208139300346 ], [ 467581.886613969341852, 5543728.047711224295199 ], [ 467558.607430320116691, 5543791.864451120607555 ], [ 467558.555998843919951, 5543792.00263717584312 ], [ 467558.268949162622448, 5543791.89652403909713 ], [ 467558.215410167409573, 5543792.041394207626581 ], [ 467551.560180089203641, 5543789.584439902566373 ], [ 467550.044638106948696, 5543793.760990597307682 ], [ 467549.755447119590826, 5543793.656002792529762 ], [ 467549.656853630091064, 5543793.927901631221175 ], [ 467500.080060983833391, 5543775.794737754389644 ], [ 467500.192154877237044, 5543775.506077659316361 ], [ 467499.892958272714168, 5543775.404488960281014 ], [ 467501.441564401204232, 5543771.254408387467265 ], [ 467494.772373934043571, 5543768.865434276871383 ], [ 467494.819420251762494, 5543768.712819673120975 ], [ 467494.558305854094215, 5543768.633237746544182 ], [ 467494.644218523288146, 5543768.395883472636342 ], [ 467517.846528298570774, 5543704.643817082047462 ], [ 467518.328727238462307, 5543704.813233219087124 ], [ 467522.407515969360247, 5543693.652908346615732 ] ] ] } },
{ "type": "Feature", "properties": { "name": "24e77037-f0f3-7d8a-e053-84002d0a9694" }, "geometry": { "type": "Polygon", "coordinates": [ [ [ 467938.334113811666612, 5543330.605268383398652 ], [ 467961.77588175755227, 5543339.264376885257661 ], [ 467958.987559237459209, 5543346.812995222397149 ], [ 467935.545819516002666, 5543338.153898950666189 ], [ 467938.334113811666612, 5543330.605268383398652 ] ] ] } },
{ "type": "Feature", "properties": { "name": "9cfbe662-5ba0-4f06-9c0c-8f5d60bc8937" }, "geometry": { "type": "Polygon", "coordinates": [ [ [ 469950.019934660638683, 5542190.766767171211541 ], [ 469950.623681615048554, 5542189.102227671071887 ], [ 469954.512048405420501, 5542190.502503197640181 ], [ 469954.309120007616002, 5542191.098498584702611 ], [ 469967.558438198291697, 5542195.927563455887139 ], [ 469967.765839705709368, 5542195.36267617251724 ], [ 469971.647072768711951, 5542196.769675375893712 ], [ 469971.030603174585849, 5542198.465416508726776 ], [ 469971.074378770194016, 5542198.480737337842584 ], [ 469976.974435331940185, 5542200.616931434720755 ], [ 469972.936847448116168, 5542211.686116496101022 ], [ 469959.618051623110659, 5542248.33617290854454 ], [ 469943.191524722205941, 5542293.35839122813195 ], [ 469926.753628827922512, 5542338.474127685651183 ], [ 469910.313131794857327, 5542383.586599414236844 ], [ 469893.897876796952914, 5542428.680083516053855 ], [ 469877.469975104730111, 5542473.767023630440235 ], [ 469861.05649079522118, 5542518.820582346990705 ], [ 469852.821989881340414, 5542541.359213835559785 ], [ 469851.129256873275153, 5542545.993065022863448 ], [ 469851.399057152622845, 5542546.084943781606853 ], [ 469850.715578167932108, 5542547.948972045443952 ], [ 469840.869088470179122, 5542544.30408725515008 ], [ 469840.916181472304743, 5542544.14593465719372 ], [ 469833.963552302273456, 5542541.608874237164855 ], [ 469827.372560957970563, 5542539.19431546702981 ], [ 469827.330928108771332, 5542539.304626465775073 ], [ 469817.330512534361333, 5542535.801861292682588 ], [ 469818.00828363886103, 5542533.943420297466218 ], [ 469818.208486270450521, 5542534.012340229004622 ], [ 469819.902614611783065, 5542529.376246853731573 ], [ 469818.740736359497532, 5542528.953610165975988 ], [ 469835.963888443540782, 5542481.620444199070334 ], [ 469837.193955140479375, 5542482.068273801356554 ], [ 469840.492725610441994, 5542473.044554905965924 ], [ 469839.269046247005463, 5542472.586681610904634 ], [ 469872.937743476242758, 5542380.185390726663172 ], [ 469874.123364621482324, 5542380.622360212728381 ], [ 469877.410840902361088, 5542371.6054015327245 ], [ 469876.227995180524886, 5542371.152849342674017 ], [ 469896.74192623764975, 5542314.811820829287171 ], [ 469897.957023427530658, 5542315.26642004866153 ], [ 469901.266752061725128, 5542306.243793186731637 ], [ 469900.038033065327909, 5542305.787046020850539 ], [ 469917.277733124850783, 5542258.461862036958337 ], [ 469918.522865147737321, 5542258.906290301121771 ], [ 469921.793248906731606, 5542249.87945111002773 ], [ 469920.566032436967362, 5542249.437145191244781 ], [ 469941.914819569094107, 5542190.838947211392224 ], [ 469943.096883134101517, 5542191.273728394880891 ], [ 469944.103483462182339, 5542188.648484737612307 ], [ 469949.93812532100128, 5542190.738317391835153 ], [ 469949.962526130664628, 5542190.747075499966741 ], [ 469950.019934660638683, 5542190.766767171211541 ] ] ] } },
{ "type": "Feature", "properties": { "name": "3feb9801-4fe3-030b-e053-b4472c0aa7e0" }, "geometry": { "type": "Polygon", "coordinates": [ [ [ 469352.315907995449379, 5544510.142890245653689 ], [ 469366.169386140652932, 5544472.093731295317411 ], [ 469366.478104897541925, 5544471.245817915536463 ], [ 469366.759330245258752, 5544470.472558378241956 ], [ 469366.93342610943364, 5544469.994562198407948 ], [ 469367.153336049988866, 5544469.390660523436964 ], [ 469367.411312532436568, 5544468.683135448954999 ], [ 469367.786275803751778, 5544467.65138156991452 ], [ 469368.290953037736472, 5544466.267528886906803 ], [ 469368.873841311899014, 5544464.664186812005937 ], [ 469369.257990902173333, 5544463.611254611983895 ], [ 469369.592785179323982, 5544462.690919512882829 ], [ 469369.742213370103855, 5544462.28088974673301 ], [ 469418.771100470155943, 5544480.131965924054384 ], [ 469418.458966095757205, 5544481.009916685521603 ], [ 469422.124943120405078, 5544482.344353789463639 ], [ 469419.392226267198566, 5544489.850752647034824 ], [ 469456.869708460289985, 5544503.495230845175683 ], [ 469459.921072718978394, 5544495.114201564341784 ], [ 469483.448490706738085, 5544503.686028826981783 ], [ 469530.808061044896021, 5544520.95278772059828 ], [ 469524.601537345559336, 5544538.000000366009772 ], [ 469519.272612594359089, 5544552.63387490902096 ], [ 469516.511605370789766, 5544560.218217255547643 ], [ 469517.482245018472895, 5544560.571826382540166 ], [ 469515.23579481698107, 5544566.741141927428544 ], [ 469514.202025205013342, 5544566.364543311297894 ], [ 469513.282151676306967, 5544568.889319931156933 ], [ 469466.222833171836101, 5544551.734417309984565 ], [ 469466.03533244197024, 5544552.248067138716578 ], [ 469466.317805471713655, 5544552.44437089189887 ], [ 469465.512680721352808, 5544554.624928009696305 ], [ 469464.274512542178854, 5544555.189049770124257 ], [ 469458.479875993914902, 5544553.046162755228579 ], [ 469457.913488309946842, 5544551.774061942473054 ], [ 469458.71209762012586, 5544549.581310102716088 ], [ 469459.160472850955557, 5544549.744421736337245 ], [ 469459.326116884942167, 5544549.289826422929764 ], [ 469431.944993585057091, 5544539.320243139751256 ], [ 469429.068501229805406, 5544547.221067229285836 ], [ 469368.950556504249107, 5544525.332737348973751 ], [ 469367.597270058991853, 5544529.047515946440399 ], [ 469364.166594018053729, 5544527.794048562645912 ], [ 469363.917084285756573, 5544528.479287671856582 ], [ 469356.392888850357849, 5544525.739324270747602 ], [ 469356.641694601043127, 5544525.056312610395253 ], [ 469348.028449396369979, 5544521.917871640995145 ], [ 469352.315907995449379, 5544510.142890245653689 ] ] ] } },
{ "type": "Feature", "properties": { "name": "b04472fd-48ec-48c7-88dc-a9ec4fadd805" }, "geometry": { "type": "Polygon", "coordinates": [ [ [ 470389.257092744926922, 5542681.18652690667659 ], [ 470386.72186655778205, 5542675.744547357782722 ], [ 470392.199256393534597, 5542673.191391915082932 ], [ 470394.73870734591037, 5542678.621119931340218 ], [ 470389.257092744926922, 5542681.18652690667659 ] ] ] } },
{ "type": "Feature", "properties": { "name": "24e77037-f5ee-7d8a-e053-84002d0a9694" }, "geometry": { "type": "Polygon", "coordinates": [ [ [ 468521.380627347563859, 5541951.986981322988868 ], [ 468537.645570945169311, 5541957.978954046964645 ], [ 468541.389687118353322, 5541959.359041838906705 ], [ 468541.700595178641379, 5541958.514407163485885 ], [ 468540.997137306723744, 5541958.255023464560509 ], [ 468544.006156420742627, 5541950.088348101824522 ], [ 468555.261469186691102, 5541954.235169134102762 ], [ 468552.253151635988615, 5541962.401833957992494 ], [ 468551.549694796907715, 5541962.14244887791574 ], [ 468551.238785408670083, 5541962.987082978710532 ], [ 468555.787555280316155, 5541964.66266365442425 ], [ 468547.148982165264897, 5541988.11188717186451 ], [ 468534.651291724527255, 5541983.522071001119912 ], [ 468526.268326591060031, 5542006.324935276061296 ], [ 468504.389725852408446, 5541998.297909916378558 ], [ 468515.762778824486304, 5541967.298409347422421 ], [ 468518.323416988365352, 5541960.235120648518205 ], [ 468521.380627347563859, 5541951.986981322988868 ] ] ] } },
{ "type": "Feature", "properties": { "name": "3f366887-56ec-a92a-e053-b4472c0a365b" }, "geometry": { "type": "Polygon", "coordinates": [ [ [ 465445.276428815792315, 5542719.729641332291067 ], [ 465455.870698433020152, 5542714.743369763717055 ], [ 465457.516717817634344, 5542718.226313468068838 ], [ 465446.913895926554687, 5542723.218196524307132 ], [ 465445.276428815792315, 5542719.729641332291067 ] ] ] } },
{ "type": "Feature", "properties": { "name": "24e77037-f9d1-7d8a-e053-84002d0a9694" }, "geometry": { "type": "Polygon", "coordinates": [ [ [ 468065.251347145240288, 5543743.980233116075397 ], [ 468082.005922692012973, 5543698.185015634633601 ], [ 468082.594215744291432, 5543696.577052613720298 ], [ 468109.87833521439461, 5543706.531469006091356 ], [ 468170.031909164274111, 5543728.477828935720026 ], [ 468285.130871596629731, 5543770.470966136083007 ], [ 468285.031274061533622, 5543770.700605251826346 ], [ 468287.081311020127032, 5543771.438980745151639 ], [ 468287.519056974793784, 5543770.27446404658258 ], [ 468292.246094789763447, 5543772.068838503211737 ], [ 468298.347623852139805, 5543774.303165454417467 ], [ 468295.791975990170613, 5543781.282058032229543 ], [ 468289.691169731784612, 5543779.047729756683111 ], [ 468274.65766428533243, 5543820.107672721147537 ], [ 468065.251347145240288, 5543743.980233116075397 ] ] ] } },
{ "type": "Feature", "properties": { "name": "7ce3ef25-ec7c-8269-e053-b3472c0a915e" }, "geometry": { "type": "Polygon", "coordinates": [ [ [ 465789.427885682554916, 5542845.63253 ], [ 465801.226966936723329, 5542813.21221524849534 ], [ 465896.437988130666781, 5542847.867329612374306 ], [ 466001.548338699096348, 5542886.120477914810181 ], [ 466008.4668817644706, 5542925.352984162047505 ], [ 465789.427885682554916, 5542845.63253 ] ] ] } },
{ "type": "Feature", "properties": { "name": "8863a2b6-88db-43c7-bd60-4b4bddf625ba" }, "geometry": { "type": "Polygon", "coordinates": [ [ [ 468066.56298826233251, 5543384.302267245948315 ], [ 468048.843860828201286, 5543377.946837083436549 ], [ 468038.912891822576057, 5543374.38471320271492 ], [ 468042.10293691320112, 5543365.501697238534689 ], [ 468069.748842953704298, 5543375.430411901324987 ], [ 468066.56298826233251, 5543384.302267245948315 ] ] ] } },
{ "type": "Feature", "properties": { "name": "3f366887-5877-a92a-e053-b4472c0a365b" }, "geometry": { "type": "Polygon", "coordinates": [ [ [ 470137.436071825446561, 5544349.451061684638262 ], [ 470140.867761442961637, 5544350.899598075076938 ], [ 470141.143594750144985, 5544350.165326581336558 ], [ 470143.67398865823634, 5544351.11298684310168 ], [ 470143.398167464183643, 5544351.849481908604503 ], [ 470154.300217851123307, 5544355.789220876060426 ], [ 470154.892350137350149, 5544354.130321264266968 ], [ 470157.561713614151813, 5544355.092779288999736 ], [ 470157.02173337189015, 5544356.603507022373378 ], [ 470163.295221606851555, 5544358.997988721355796 ], [ 470159.597491590247955, 5544369.152329495176673 ], [ 470160.238836840260774, 5544369.385584202595055 ], [ 470153.512638620333746, 5544387.481224508024752 ], [ 470127.122603340772912, 5544377.845022993162274 ], [ 470137.436071825446561, 5544349.451061684638262 ] ] ] } },
{ "type": "Feature", "properties": { "name": "24e77037-f4a9-7d8a-e053-84002d0a9694" }, "geometry": { "type": "Polygon", "coordinates": [ [ [ 469131.906196213501971, 5544211.59298459533602 ], [ 469174.93852912215516, 5544226.963582566939294 ], [ 469190.787922443181742, 5544232.737502377480268 ], [ 469230.35787683777744, 5544247.539180509746075 ], [ 469219.243512906017713, 5544278.913834039121866 ], [ 469217.853523633966688, 5544282.837895314209163 ], [ 469217.41742893884657, 5544284.067927077412605 ], [ 469243.746260250627529, 5544311.82487755920738 ], [ 469268.393514094350394, 5544308.993604717776179 ], [ 469275.04853977978928, 5544290.723780644126236 ], [ 469436.244841663050465, 5544349.462176252156496 ], [ 469429.628634372958913, 5544367.591477416455746 ], [ 469446.661248812859412, 5544385.611265818588436 ], [ 469484.702731921279337, 5544381.289086551405489 ], [ 469497.938481150369626, 5544345.046179447323084 ], [ 469553.758240480732638, 5544365.343740590848029 ], [ 469549.033860402414575, 5544378.314092976041138 ], [ 469540.435286924359389, 5544401.919458040967584 ], [ 469569.727171893406194, 5544432.689906342886388 ], [ 469558.335029803041834, 5544463.964247306808829 ], [ 469509.608552110963501, 5544446.230256218463182 ], [ 469456.615257117722649, 5544426.94218313600868 ], [ 469456.606647232139949, 5544426.9388966280967 ], [ 469459.704608207277488, 5544418.435295140370727 ], [ 469458.966387216933072, 5544418.167096752673388 ], [ 469452.53112327051349, 5544415.822172994725406 ], [ 469441.016567776270676, 5544411.637183484621346 ], [ 469437.921489559172187, 5544420.13966759853065 ], [ 469437.59721475961851, 5544420.02143613807857 ], [ 469431.443846713344101, 5544417.77166158054024 ], [ 469357.827621115196962, 5544390.989337612874806 ], [ 469240.425407298374921, 5544348.260481893084943 ], [ 469234.708132723346353, 5544346.179655780084431 ], [ 469231.337598432553932, 5544344.952611952088773 ], [ 469228.265522639208939, 5544343.83504244312644 ], [ 469231.341860944638029, 5544335.360340203158557 ], [ 469212.756518097943626, 5544328.595787037163973 ], [ 469209.677954947401304, 5544337.052722736261785 ], [ 469165.700759888219181, 5544321.045738549903035 ], [ 469106.307408377120737, 5544299.427456912584603 ], [ 469109.700514405034482, 5544290.044666899368167 ], [ 469110.051452890504152, 5544289.074187368154526 ], [ 469111.459439482656308, 5544285.181126202456653 ], [ 469114.746153694111854, 5544276.092492097057402 ], [ 469117.486738933366723, 5544268.514730897732079 ], [ 469113.842667735298164, 5544267.169255469925702 ], [ 469121.372426555724815, 5544246.347966814413667 ], [ 469124.619719124573749, 5544237.368532129563391 ], [ 469127.105239427648485, 5544230.49718467425555 ], [ 469125.271402036829386, 5544229.828403003513813 ], [ 469131.906196213501971, 5544211.59298459533602 ] ] ] } },
{ "type": "Feature", "properties": { "name": "3f366887-58a4-a92a-e053-b4472c0a365b" }, "geometry": { "type": "Polygon", "coordinates": [ [ [ 471286.012267970712855, 5544370.213816677220166 ], [ 471298.200342774449382, 5544370.493106229230762 ], [ 471298.021401074307505, 5544378.775369163602591 ], [ 471310.260511604137719, 5544379.096663781441748 ], [ 471310.15013604221167, 5544382.411778190173209 ], [ 471310.039754685130902, 5544385.725780765525997 ], [ 471309.862949193629902, 5544385.731176345609128 ], [ 471309.853396503312979, 5544386.08591817971319 ], [ 471277.338561576907523, 5544385.246328522451222 ], [ 471277.330848396406509, 5544385.543242651037872 ], [ 471273.515695062058512, 5544385.415844118222594 ], [ 471273.717081102833617, 5544378.120811392553151 ], [ 471285.780308048648294, 5544378.351819950155914 ], [ 471286.012267970712855, 5544370.213816677220166 ] ] ] } },
{ "type": "Feature", "properties": { "name": "3feb9801-4fcf-030b-e053-b4472c0aa7e0" }, "geometry": { "type": "Polygon", "coordinates": [ [ [ 469279.078313890669961, 5544415.74119721353054 ], [ 469278.464912509836722, 5544415.517894317395985 ], [ 469280.912126031413209, 5544408.813620476983488 ], [ 469281.525528071506415, 5544409.036923653446138 ], [ 469341.381196292466484, 5544430.840171029791236 ], [ 469338.93821956688771, 5544437.545504417270422 ], [ 469279.078313890669961, 5544415.74119721353054 ] ] ] } },
{ "type": "Feature", "properties": { "name": "24e77037-f6ac-7d8a-e053-84002d0a9694" }, "geometry": { "type": "Polygon", "coordinates": [ [ [ 469515.680193049891386, 5541423.041549792513251 ], [ 469529.58769586897688, 5541428.326119654811919 ], [ 469508.177049323334359, 5541484.6346703954041 ], [ 469508.362252837046981, 5541484.703664442524314 ], [ 469503.812897594063543, 5541496.653383019380271 ], [ 469503.609013760229573, 5541496.57448857370764 ], [ 469502.850577410892583, 5541497.480543228797615 ], [ 469501.896347343863454, 5541498.093064456246793 ], [ 469500.83168293320341, 5541498.432691985741258 ], [ 469499.727966625068802, 5541498.45565596781671 ], [ 469498.619713387626689, 5541498.185109361074865 ], [ 469497.093037413898855, 5541502.17433962598443 ], [ 469435.760530227737036, 5541478.845395720563829 ], [ 469430.983760294911917, 5541477.029160032048821 ], [ 469425.9642815052066, 5541475.109797327779233 ], [ 469433.183685263735242, 5541456.087660500779748 ], [ 469433.371052345435601, 5541456.158863386139274 ], [ 469434.489827569108456, 5541453.250467796809971 ], [ 469454.63212455867324, 5541400.116602308116853 ], [ 469454.754163360223174, 5541400.162605280056596 ], [ 469464.686221599287819, 5541374.050144811160862 ], [ 469496.415846645191777, 5541290.709528360515833 ], [ 469495.220629047951661, 5541290.270471525378525 ], [ 469496.214482906740159, 5541287.678575938567519 ], [ 469497.391146236972418, 5541288.129969359375536 ], [ 469517.579762851004489, 5541235.108402555808425 ], [ 469592.433795168471988, 5541263.637386968359351 ], [ 469566.583694362547249, 5541331.604493369348347 ], [ 469564.928942655329593, 5541330.973453225567937 ], [ 469563.368997261975892, 5541330.38635003939271 ], [ 469561.300909101846628, 5541335.804068186320364 ], [ 469553.654608328652103, 5541332.891039366833866 ], [ 469552.968094312469475, 5541334.609462453052402 ], [ 469549.723247279587667, 5541333.380379885435104 ], [ 469535.624134793004487, 5541370.51399259082973 ], [ 469542.121820450760424, 5541372.998782063834369 ], [ 469541.941632672562264, 5541377.465120826847851 ], [ 469539.062000762147363, 5541380.871623485349119 ], [ 469532.625355097407009, 5541378.41206378955394 ], [ 469528.335043310769834, 5541389.710945968516171 ], [ 469515.680193049891386, 5541423.041549792513251 ] ] ] } },
{ "type": "Feature", "properties": { "name": "24e77037-f733-7d8a-e053-84002d0a9694" }, "geometry": { "type": "Polygon", "coordinates": [ [ [ 467953.969416463631205, 5543408.542800805531442 ], [ 467953.889721094921697, 5543410.062116706743836 ], [ 467953.722054233017843, 5543411.120525906793773 ], [ 467953.554394098056946, 5543412.180046962574124 ], [ 467953.09001154161524, 5543413.911813030019403 ], [ 467952.998956827388611, 5543414.251484014093876 ], [ 467952.408109273761511, 5543415.790538900531828 ], [ 467952.230436769197695, 5543416.254148095846176 ], [ 467951.391040383430663, 5543417.900320713408291 ], [ 467951.256577410968021, 5543418.165755175054073 ], [ 467950.087986349361017, 5543419.964004088193178 ], [ 467948.738161913410295, 5543421.631023927591741 ], [ 467948.471238610625733, 5543421.898363586515188 ], [ 467947.221311749832239, 5543423.147827646695077 ], [ 467945.554520913632587, 5543424.497634745202959 ], [ 467943.755603750410955, 5543425.665884125046432 ], [ 467942.800427797017619, 5543426.153052581474185 ], [ 467941.844529318332206, 5543426.639113651588559 ], [ 467940.842914546723478, 5543427.024266936816275 ], [ 467939.842009295476601, 5543427.408304273150861 ], [ 467939.418064620287623, 5543427.52203256264329 ], [ 467937.770180729217827, 5543427.963316488079727 ], [ 467935.651923306460958, 5543428.29845386557281 ], [ 467933.509420633083209, 5543428.411359770223498 ], [ 467931.367713793239091, 5543428.298548522405326 ], [ 467929.249019687529653, 5543427.963222665712237 ], [ 467928.826580293825828, 5543427.850117647089064 ], [ 467927.177696684200782, 5543427.407459965907037 ], [ 467926.653046734456439, 5543427.206016588024795 ], [ 467925.175272337568458, 5543426.638914580456913 ], [ 467924.219273376744241, 5543426.152077513746917 ], [ 467923.263990279403515, 5543425.665236328728497 ], [ 467922.016765546461102, 5543424.855473780073225 ], [ 467921.464682103949599, 5543424.497419135645032 ], [ 467919.7981861254666, 5543423.147568755783141 ], [ 467918.281773854978383, 5543421.630036077462137 ], [ 467917.606542756198905, 5543420.796831974759698 ], [ 467916.931311448395718, 5543419.963627960532904 ], [ 467916.347339740139432, 5543419.064275587908924 ], [ 467915.763367837353144, 5543418.164923276752234 ], [ 467915.032975159178022, 5543416.730518819764256 ], [ 467914.789519734447822, 5543416.253866487182677 ], [ 467914.021343908272684, 5543414.250402070581913 ], [ 467913.466147598461248, 5543412.178947665728629 ], [ 467913.360463852819521, 5543411.511336628347635 ], [ 467913.130502045736648, 5543410.060589691624045 ], [ 467913.074669563036878, 5543408.989064492285252 ], [ 467913.018127686285879, 5543407.918655436486006 ], [ 467913.074720274715219, 5543406.847568133845925 ], [ 467913.130596847913694, 5543405.776485120877624 ], [ 467913.466624359774869, 5543403.658547998405993 ], [ 467913.551365700259339, 5543403.341151927597821 ], [ 467914.021324832225218, 5543401.585999264381826 ], [ 467914.405582098464947, 5543400.585220388136804 ], [ 467914.790548887860496, 5543399.583325399085879 ], [ 467915.277480410702992, 5543398.628630372695625 ], [ 467915.764405444380827, 5543397.67282354645431 ], [ 467916.58602440537652, 5543396.407017525285482 ], [ 467916.932267332216725, 5543395.87345961574465 ], [ 467917.820775799860712, 5543394.776259788312018 ], [ 467918.282088570529595, 5543394.206431811675429 ], [ 467919.798945616174024, 5543392.69073180668056 ], [ 467921.46574007399613, 5543391.340916766785085 ], [ 467922.365198660525493, 5543390.756232376210392 ], [ 467923.264664106420241, 5543390.172659984789789 ], [ 467924.220560834743083, 5543389.685483795590699 ], [ 467925.175741692364682, 5543389.198312071152031 ], [ 467926.177369152079336, 5543388.814267749898136 ], [ 467927.178280710591935, 5543388.430227906443179 ], [ 467928.214202097035013, 5543388.15271969512105 ], [ 467929.250123588950373, 5543387.875211684964597 ], [ 467930.886932347435504, 5543387.615229355171323 ], [ 467931.369106056983583, 5543387.538955722935498 ], [ 467932.991214565176051, 5543387.454740389250219 ], [ 467933.510915685677901, 5543387.427165176719427 ], [ 467935.652638811094221, 5543387.53997734002769 ], [ 467937.441642043297179, 5543387.822798375971615 ], [ 467937.771348448877688, 5543387.875305778346956 ], [ 467939.843394924944732, 5543388.429956462234259 ], [ 467941.845837974105962, 5543389.199619190767407 ], [ 467942.801125801401213, 5543389.68646368663758 ], [ 467943.756413454015274, 5543390.173308350145817 ], [ 467944.981358938326593, 5543390.968754861503839 ], [ 467945.555728106060997, 5543391.34113300498575 ], [ 467947.222227279271465, 5543392.690991351380944 ], [ 467948.739348710572813, 5543394.207416024059057 ], [ 467949.026470973680262, 5543394.562612603418529 ], [ 467950.089098116033711, 5543395.874948221258819 ], [ 467950.673066584160551, 5543396.774304231628776 ], [ 467951.257034857699182, 5543397.673660308122635 ], [ 467951.743954087491147, 5543398.629191950894892 ], [ 467952.230873145628721, 5543399.584723636507988 ], [ 467952.61495495820418, 5543400.586458524689078 ], [ 467952.999029972532298, 5543401.587081593461335 ], [ 467953.554218630539253, 5543403.659651851281524 ], [ 467953.889848519582301, 5543405.778012276627123 ], [ 467954.002206545847002, 5543407.91994731221348 ], [ 467953.969416463631205, 5543408.542800805531442 ] ] ] } },
{ "type": "Feature", "properties": { "name": "1a3e9c65-e276-4974-bafe-0f5c3ff18941" }, "geometry": { "type": "Polygon", "coordinates": [ [ [ 465868.219489290786441, 5541141.654260297305882 ], [ 465868.171069122850895, 5541144.847912282682955 ], [ 465865.677934097126126, 5541144.823772560805082 ], [ 465865.701841153495479, 5541141.605815215036273 ], [ 465868.219489290786441, 5541141.654260297305882 ] ] ] } },
{ "type": "Feature", "properties": { "name": "3f366887-570f-a92a-e053-b4472c0a365b" }, "geometry": { "type": "Polygon", "coordinates": [ [ [ 470235.755983746319544, 5541244.641850235871971 ], [ 470235.736225222120993, 5541245.34022029209882 ], [ 470235.676339932600968, 5541246.036589588969946 ], [ 470235.577031864435412, 5541246.728730452246964 ], [ 470235.438288674864452, 5541247.414419200271368 ], [ 470235.26009184110444, 5541248.090320297516882 ], [ 470235.044584183837287, 5541248.755309963598847 ], [ 470234.790314521291293, 5541249.406060623936355 ], [ 470234.500148178602103, 5541250.042556362226605 ], [ 470234.174060449528042, 5541250.66034980956465 ], [ 470233.812767670664471, 5541251.259436982683837 ], [ 470233.418400296126492, 5541251.836470413953066 ], [ 470232.991668480040971, 5541252.390334286727011 ], [ 470232.533276195579674, 5541252.91880093421787 ], [ 470232.046076397178695, 5541253.419630750082433 ], [ 470231.53078541328432, 5541253.892819761298597 ], [ 470230.989533686486538, 5541254.335020493716002 ], [ 470230.424470196419861, 5541254.746221011504531 ], [ 470229.836292726336978, 5541255.123081808909774 ], [ 470229.227162612485699, 5541255.467814630828798 ], [ 470228.599920436332468, 5541255.775956183671951 ], [ 470227.95599884307012, 5541256.047498510219157 ], [ 470227.297546804242302, 5541256.282429665327072 ], [ 470226.626707109506242, 5541256.479625860229135 ], [ 470225.945622547413222, 5541256.637963319197297 ], [ 470225.256435905059334, 5541256.756318245083094 ], [ 470224.562024839280639, 5541256.836898404173553 ], [ 470223.86380344623467, 5541256.876360300928354 ], [ 470223.1646432011039, 5541256.875799844972789 ], [ 470222.466699251788668, 5541256.836316941305995 ], [ 470221.772830711153802, 5541256.756783809512854 ], [ 470221.083753891114611, 5541256.637196465395391 ], [ 470220.40305659576552, 5541256.47864683624357 ], [ 470219.732171466050204, 5541256.281126954592764 ], [ 470219.073259835829958, 5541256.046848560683429 ], [ 470218.429890965635423, 5541255.773568037897348 ], [ 470217.802089574572165, 5541255.465732762590051 ], [ 470217.193424925964791, 5541255.121099124662578 ], [ 470216.605348214856349, 5541254.742994685657322 ], [ 470216.040014600963332, 5541254.332519331946969 ], [ 470215.498856735008303, 5541253.889665087684989 ], [ 470214.984035963308997, 5541253.416643688455224 ], [ 470214.496997306880075, 5541252.91567084658891 ], [ 470214.039173421857413, 5541252.386738589033484 ], [ 470213.612731844652444, 5541251.833170493133366 ], [ 470213.218395090952981, 5541251.25607440713793 ], [ 470212.856885677785613, 5541250.656558190472424 ], [ 470212.531093660159968, 5541250.039053278975189 ], [ 470212.241012863174547, 5541249.4024478206411 ], [ 470211.987384360749274, 5541248.751185206696391 ], [ 470211.771653188741766, 5541248.087481154128909 ], [ 470211.594535688520409, 5541247.4113316712901 ], [ 470211.456056609225925, 5541246.727184141986072 ], [ 470211.356222149275709, 5541246.036150398664176 ], [ 470211.296471164969262, 5541245.339334324002266 ], [ 470211.276828407426365, 5541244.641183292493224 ], [ 470211.296583747491241, 5541243.942813135683537 ], [ 470211.356465897464659, 5541243.246443558484316 ], [ 470211.455770911357831, 5541242.554302236065269 ], [ 470211.595233685337007, 5541241.869720722548664 ], [ 470211.772705245704856, 5541241.192710971459746 ], [ 470211.988932854437735, 5541240.528828230686486 ], [ 470212.242477681313176, 5541239.876968626864254 ], [ 470212.53264814306749, 5541239.241583527997136 ], [ 470212.858727920043748, 5541238.622676924802363 ], [ 470213.220025425893255, 5541238.024700184352696 ], [ 470213.614391677780077, 5541237.447665275074542 ], [ 470214.041122718714178, 5541236.893799869343638 ], [ 470214.49879825883545, 5541236.36533563118428 ], [ 470214.98599800694501, 5541235.86450423579663 ], [ 470215.501289302716032, 5541235.391313647851348 ], [ 470216.042541703558527, 5541234.949111362919211 ], [ 470216.607606215053238, 5541234.537909342907369 ], [ 470217.195778867928311, 5541234.159935268573463 ], [ 470217.804916846798733, 5541233.816312936134636 ], [ 470218.432161004457157, 5541233.508170137181878 ], [ 470219.076078670448624, 5541233.235514842905104 ], [ 470219.734533206792548, 5541233.000582697801292 ], [ 470220.40465927880723, 5541232.803389634005725 ], [ 470221.085746725380886, 5541232.645051489584148 ], [ 470221.774936390982475, 5541232.52669604215771 ], [ 470222.469350575469434, 5541232.446115538477898 ], [ 470223.166858816635795, 5541232.406657456420362 ], [ 470223.866022255620919, 5541232.407217923551798 ], [ 470224.563969373470172, 5541232.446701020933688 ], [ 470225.25855734362267, 5541232.526230541057885 ], [ 470225.946920828544535, 5541232.64582241140306 ], [ 470226.628331120882649, 5541232.80325692333281 ], [ 470227.298502585093956, 5541233.000781653448939 ], [ 470227.957422846462578, 5541233.236172906123102 ], [ 470228.600781548593659, 5541233.507230881601572 ], [ 470229.228591041930486, 5541233.81617926619947 ], [ 470229.837251123681199, 5541234.15970242023468 ], [ 470230.425329124904238, 5541234.537808306515217 ], [ 470230.99066368828062, 5541234.948285170830786 ], [ 470231.531822148594074, 5541235.391140968538821 ], [ 470232.046643152250908, 5541235.864163944497705 ], [ 470232.533681678760331, 5541236.365138369612396 ], [ 470232.99149888852844, 5541236.892960348166525 ], [ 470233.41865594452247, 5541237.446525989100337 ], [ 470233.812991502054501, 5541238.023623546585441 ], [ 470234.174499387328979, 5541238.623141159303486 ], [ 470234.500289571878966, 5541239.240647372789681 ], [ 470234.791084573487751, 5541239.877250036224723 ], [ 470235.044710697082337, 5541240.528513711877167 ], [ 470235.260445445892401, 5541241.193330529145896 ], [ 470235.438276474247687, 5541241.869476795196533 ], [ 470235.576758779468946, 5541242.554736774414778 ], [ 470235.676590168499388, 5541243.245770950801671 ], [ 470235.736337997717783, 5541243.942587284371257 ], [ 470235.755983746319544, 5541244.641850235871971 ] ] ] } },
{ "type": "Feature", "properties": { "name": "3feb9801-4fac-030b-e053-b4472c0aa7e0" }, "geometry": { "type": "Polygon", "coordinates": [ [ [ 470267.722220100811683, 5541502.410346281714737 ], [ 470317.263361445511691, 5541519.594267829321325 ], [ 470344.211280680436175, 5541528.940426947548985 ], [ 470337.50115016894415, 5541548.262030338868499 ], [ 470289.751798474113457, 5541685.748268694616854 ], [ 470273.871922490245197, 5541680.256979734636843 ], [ 470244.572055395517964, 5541670.089224269613624 ], [ 470189.420467875082977, 5541650.953616407699883 ], [ 470188.429947066761088, 5541653.805543686263263 ], [ 470180.484627329278737, 5541651.075639062561095 ], [ 470181.464233166363556, 5541648.193750302307308 ], [ 470179.024828254827298, 5541647.347850472666323 ], [ 470190.281498657364864, 5541614.930577921681106 ], [ 470228.353002425516024, 5541505.2920131823048 ], [ 470233.47858427115716, 5541490.532225912436843 ], [ 470239.842005351791158, 5541492.660578805953264 ], [ 470240.825644002528861, 5541489.848728211596608 ], [ 470248.756387286994141, 5541492.625503556802869 ], [ 470247.762272368883714, 5541495.48633358348161 ], [ 470267.722220100811683, 5541502.410346281714737 ] ] ] } },
{ "type": "Feature", "properties": { "name": "3f366887-5750-a92a-e053-b4472c0a365b" }, "geometry": { "type": "Polygon", "coordinates": [ [ [ 470210.468316437094472, 5541309.854076474905014 ], [ 470213.808002105739433, 5541311.030772191472352 ], [ 470212.99043699039612, 5541313.052268657833338 ], [ 470214.656549930630717, 5541314.19379784911871 ], [ 470215.909216850239318, 5541315.443255328573287 ], [ 470217.11682665720582, 5541317.221106441691518 ], [ 470218.082423981220927, 5541319.791961822658777 ], [ 470218.346026413142681, 5541322.108764860779047 ], [ 470218.20851073396625, 5541323.787355788983405 ], [ 470217.761620759731159, 5541325.609987672418356 ], [ 470216.616750464367215, 5541327.900154823437333 ], [ 470215.491671785712242, 5541329.24066702183336 ], [ 470213.972445895837154, 5541330.552238879725337 ], [ 470211.279423974396195, 5541331.914814932271838 ], [ 470208.92223097308306, 5541332.35155236441642 ], [ 470207.141046754084527, 5541332.414830677211285 ], [ 470205.16970710363239, 5541332.0333037301898 ], [ 470202.799532990611624, 5541331.038015155121684 ], [ 470201.133045314229093, 5541329.828667076304555 ], [ 470199.510178925702348, 5541328.090933982282877 ], [ 470198.281595210253727, 5541325.76282308716327 ], [ 470197.824848377087619, 5541323.881840616464615 ], [ 470197.67171654017875, 5541322.109244778752327 ], [ 470197.781550614105072, 5541320.606484279036522 ], [ 470198.315772988891695, 5541318.516513624228537 ], [ 470199.524266263237223, 5541316.203750936314464 ], [ 470201.125981955672614, 5541314.396929636597633 ], [ 470202.689597705786582, 5541313.20963772200048 ], [ 470205.233042137697339, 5541312.128083227202296 ], [ 470206.627727249404415, 5541311.864592297933996 ], [ 470207.885115179640707, 5541311.773094916716218 ], [ 470209.800049991754349, 5541311.929225107654929 ], [ 470210.468316437094472, 5541309.854076474905014 ] ] ] } },
{ "type": "Feature", "properties": { "name": "24e77037-d3c0-7d8a-e053-84002d0a9694" }, "geometry": { "type": "Polygon", "coordinates": [ [ [ 468716.578379197046161, 5544068.596872562542558 ], [ 468688.045300321653485, 5544058.199716683477163 ], [ 468678.999237880459987, 5544083.085551566444337 ], [ 468664.641237545351032, 5544077.854789720848203 ], [ 468662.866712778166402, 5544082.687437539920211 ], [ 468651.25603123602923, 5544078.45800019800663 ], [ 468653.026322957477532, 5544073.637604032643139 ], [ 468618.045709627040196, 5544060.911385769024491 ], [ 468616.282500096596777, 5544065.713961944915354 ], [ 468604.670956406393088, 5544061.472399350255728 ], [ 468606.437756350031123, 5544056.673133889213204 ], [ 468582.753250645648222, 5544048.024890061467886 ], [ 468576.233877028338611, 5544045.643702996894717 ], [ 468574.459420660627075, 5544050.476380174048245 ], [ 468566.136190737830475, 5544047.434219125658274 ], [ 468567.884150311583653, 5544042.601694788783789 ], [ 468553.507985759701114, 5544037.363552769646049 ], [ 468562.571511733112857, 5544012.488518788479269 ], [ 468397.124173233343754, 5543952.271423296071589 ], [ 468411.823240664147306, 5543911.835340894758701 ], [ 468417.950996196072083, 5543895.0130047025159 ], [ 468420.21202142466791, 5543895.844695942476392 ], [ 468421.811461423931178, 5543891.458867626264691 ], [ 468426.047012049762998, 5543892.983846874907613 ], [ 468424.459064032416791, 5543897.376277423463762 ], [ 468427.738154895370826, 5543898.557768900878727 ], [ 468421.627536611398682, 5543915.376656922511756 ], [ 468420.762926092778798, 5543915.065982984378934 ], [ 468420.745315468637273, 5543915.115009966306388 ], [ 468415.392076381773222, 5543929.840199473313987 ], [ 468467.29638273594901, 5543948.733063980937004 ], [ 468472.66030052350834, 5543933.976731427945197 ], [ 468478.787504147854634, 5543917.154469221830368 ], [ 468481.049226337112486, 5543917.98618190176785 ], [ 468482.647999677981716, 5543913.601487862877548 ], [ 468486.883508513856214, 5543915.125403322279453 ], [ 468485.28613794350531, 5543919.505640264600515 ], [ 468488.856750361330342, 5543920.83222131524235 ], [ 468482.721663575735874, 5543937.657853907905519 ], [ 468482.00340624677483, 5543937.39523122087121 ], [ 468476.644386446801946, 5543952.135958989150822 ], [ 468548.529885391297285, 5543978.301543150097132 ], [ 468553.878492434392683, 5543963.587634972296655 ], [ 468560.005915033980273, 5543946.76546589192003 ], [ 468562.267611816292629, 5543947.597212832421064 ], [ 468563.866435691423248, 5543943.211431244388223 ], [ 468568.101897456275765, 5543944.735410866327584 ], [ 468566.504469879087992, 5543949.115623529069126 ], [ 468570.075041983043775, 5543950.442258667200804 ], [ 468563.939742745773401, 5543967.268909864127636 ], [ 468563.222209428437054, 5543967.006272093392909 ], [ 468557.87850064173108, 5543981.704575586132705 ], [ 468629.621123614604585, 5544007.818711217492819 ], [ 468634.97556498501217, 5543993.09039659332484 ], [ 468641.092388661985751, 5543976.255041250027716 ], [ 468643.359885551093612, 5543977.103466571308672 ], [ 468644.41407506307587, 5543974.214165540412068 ], [ 468644.959488919761498, 5543972.718816901557148 ], [ 468649.1941877665231, 5543974.242864781990647 ], [ 468647.596703251823783, 5543978.623053203336895 ], [ 468651.167951106093824, 5543979.949738151393831 ], [ 468645.032433133048471, 5543996.776296242140234 ], [ 468644.281895417603664, 5543996.500498408451676 ], [ 468638.934474396868609, 5544011.208748461678624 ], [ 468710.946785352949519, 5544037.420233228243887 ], [ 468716.31196969008306, 5544022.659693679772317 ], [ 468722.432742309581954, 5544005.849983052350581 ], [ 468724.519310615025461, 5544006.617220424115658 ], [ 468726.092147896473762, 5544002.298353155143559 ], [ 468730.327600148739293, 5544003.836914975196123 ], [ 468728.730104170739651, 5544008.224862087517977 ], [ 468732.296873046900146, 5544009.527165498584509 ], [ 468726.1760804427322, 5544026.337976680137217 ], [ 468725.428395480848849, 5544026.058815200813115 ], [ 468720.079221174994018, 5544040.744755435734987 ], [ 468791.926418946997728, 5544066.897134617902339 ], [ 468797.253039908013307, 5544052.243643529713154 ], [ 468803.386865900247358, 5544035.425055683590472 ], [ 468805.64201704581501, 5544036.252495459280908 ], [ 468807.241018484986853, 5544031.867898538708687 ], [ 468811.476339256390929, 5544033.392070426605642 ], [ 468809.878740824584384, 5544037.7722103362903 ], [ 468813.449908130045515, 5544039.099003383889794 ], [ 468807.325375380867627, 5544055.919749123975635 ], [ 468805.538071683084127, 5544055.267483277246356 ], [ 468800.214249687036499, 5544069.913166466169059 ], [ 468859.553321636398323, 5544091.512829639948905 ], [ 468864.865299465425778, 5544076.899520018137991 ], [ 468871.010575370979495, 5544060.048699504695833 ], [ 468873.272174908837769, 5544060.880577643401921 ], [ 468874.871223880327307, 5544056.496000957675278 ], [ 468879.10650547844125, 5544058.020226274617016 ], [ 468877.508859563502483, 5544062.400345964357257 ], [ 468881.072091972979251, 5544063.72278246562928 ], [ 468874.944564783829264, 5544080.552362159825861 ], [ 468873.160180338658392, 5544079.906728208065033 ], [ 468867.843229634163436, 5544094.530065384693444 ], [ 468942.598326028208248, 5544121.736061326228082 ], [ 468932.958586238790303, 5544147.150827136822045 ], [ 468932.86267710843822, 5544147.402670447714627 ], [ 468716.578379197046161, 5544068.596872562542558 ] ] ] } },
{ "type": "Feature", "properties": { "name": "24e77037-f5b7-7d8a-e053-84002d0a9694" }, "geometry": { "type": "Polygon", "coordinates": [ [ [ 466317.327696672815364, 5541221.48329053632915 ], [ 466342.886794100806583, 5541221.482725591398776 ], [ 466342.887097180238925, 5541238.4023153539747 ], [ 466317.328080486797262, 5541238.402880652807653 ], [ 466317.327696672815364, 5541221.48329053632915 ] ] ] } },
{ "type": "Feature", "properties": { "name": "24e77037-f495-7d8a-e053-84002d0a9694" }, "geometry": { "type": "Polygon", "coordinates": [ [ [ 470800.553528074757196, 5542821.20142996776849 ], [ 470824.619676432514098, 5542826.117040782235563 ], [ 470823.235083148174454, 5542832.894830580800772 ], [ 470823.930970303888898, 5542833.121197143569589 ], [ 470823.539129988464992, 5542835.071348318830132 ], [ 470825.973798662831541, 5542835.560649352148175 ], [ 470823.339663203281816, 5542848.66629290394485 ], [ 470820.145064601791091, 5542848.024360194802284 ], [ 470817.628421997360419, 5542860.346602275967598 ], [ 470793.562426403921563, 5542855.432135038077831 ], [ 470800.553528074757196, 5542821.20142996776849 ] ] ] } },
{ "type": "Feature", "properties": { "name": "24e77037-fcbf-7d8a-e053-84002d0a9694" }, "geometry": { "type": "Polygon", "coordinates": [ [ [ 468863.864988227142021, 5544227.979678041301668 ], [ 468886.2450585848419, 5544217.150916335172951 ], [ 468893.870706087036524, 5544233.53026713617146 ], [ 468871.535461200226564, 5544244.178611226379871 ], [ 468863.864988227142021, 5544227.979678041301668 ] ] ] } },
{ "type": "Feature", "properties": { "name": "18154565-83c1-48e4-9806-8f9ed69573ac" }, "geometry": { "type": "Polygon", "coordinates": [ [ [ 470703.648544905474409, 5544200.756401911377907 ], [ 470701.866562540351879, 5544200.107923635281622 ], [ 470702.347615123901051, 5544198.787707589566708 ], [ 470704.128888020291924, 5544199.437301796860993 ], [ 470703.648544905474409, 5544200.756401911377907 ] ] ] } },
{ "type": "Feature", "properties": { "name": "f048077c-0742-4812-8c11-6f232c069ec2" }, "geometry": { "type": "Polygon", "coordinates": [ [ [ 469969.261966608872171, 5542264.944731550291181 ], [ 469960.319522857491393, 5542261.664810507558286 ], [ 469955.864087399211712, 5542260.0308823203668 ], [ 469955.769618507765699, 5542260.043643121607602 ], [ 469955.396418085612822, 5542259.906752097420394 ], [ 469956.641439732222352, 5542256.50296725705266 ], [ 469957.037116869934835, 5542256.688655043952167 ], [ 469968.858053384989034, 5542260.992033931426704 ], [ 469982.585852745629381, 5542265.990792640484869 ], [ 469982.652165025065187, 5542265.810296039097011 ], [ 469987.195573017525021, 5542267.424851286225021 ], [ 469986.191863538930193, 5542270.183496697805822 ], [ 469986.18411631451454, 5542270.20688964240253 ], [ 469985.925751189701259, 5542270.112716151401401 ], [ 469985.849679020582698, 5542270.08534555695951 ], [ 469985.844036743917968, 5542270.100943529047072 ], [ 469984.60367664770456, 5542273.444653762504458 ], [ 469984.68692939018365, 5542273.475319731980562 ], [ 469984.958223221183289, 5542273.576091972179711 ], [ 469984.946234954986721, 5542273.609515625983477 ], [ 469983.933086456905585, 5542276.344864913262427 ], [ 469983.079771143558901, 5542276.034986299462616 ], [ 469983.16028246685164, 5542275.832172460854053 ], [ 469978.442284712335095, 5542274.118530278094113 ], [ 469967.52350927394582, 5542270.143634502775967 ], [ 469968.432249698380474, 5542267.565643016248941 ], [ 469968.446355270920321, 5542267.526648039929569 ], [ 469968.45763349259505, 5542267.494340208359063 ], [ 469968.329883090918884, 5542267.447245855815709 ], [ 469969.261966608872171, 5542264.944731550291181 ] ] ] } },
{ "type": "Feature", "properties": { "name": "24e77037-ea3b-7d8a-e053-84002d0a9694" }, "geometry": { "type": "Polygon", "coordinates": [ [ [ 470630.809440598881338, 5541577.147653354331851 ], [ 470495.669538845482748, 5541526.668422887101769 ], [ 470499.255515164171811, 5541517.066491706296802 ], [ 470494.579105652286671, 5541515.319918494671583 ], [ 470494.684283470734954, 5541515.03803354781121 ], [ 470496.126329188991804, 5541515.577133511193097 ], [ 470497.260016484186053, 5541512.543240507133305 ], [ 470496.998018260695972, 5541512.444614711217582 ], [ 470497.110255068342667, 5541512.143788978457451 ], [ 470500.606619022495579, 5541513.449888871051371 ], [ 470506.660486092907377, 5541497.244261057116091 ], [ 470501.996979657502379, 5541495.502057740464807 ], [ 470502.088462921150494, 5541495.204682071693242 ], [ 470503.530507061979733, 5541495.742672188207507 ], [ 470504.663486607256345, 5541492.708784823305905 ], [ 470504.401493682293221, 5541492.611270509660244 ], [ 470504.509488674346358, 5541492.320475222542882 ], [ 470508.01088996179169, 5541493.628776031546295 ], [ 470511.59409512457205, 5541484.03576431889087 ], [ 470524.901451256067958, 5541488.907034470699728 ], [ 470529.402154890936799, 5541486.968721438199282 ], [ 470531.45031715836376, 5541491.432764885947108 ], [ 470534.1617132415995, 5541492.368502761237323 ], [ 470538.655946097685955, 5541490.42578558716923 ], [ 470540.707068494462874, 5541494.90871817432344 ], [ 470543.399849720241036, 5541495.846786856651306 ], [ 470547.931299710471649, 5541493.898313357494771 ], [ 470549.972329867829103, 5541498.371298021636903 ], [ 470552.723622771562077, 5541499.399111821316183 ], [ 470557.197990624583326, 5541497.360897809267044 ], [ 470559.23194658436114, 5541501.851714900694788 ], [ 470561.99973510397831, 5541502.883890274912119 ], [ 470566.458890197507571, 5541500.814635001122952 ], [ 470568.51715442398563, 5541505.298650684766471 ], [ 470571.27060124167474, 5541506.328685877844691 ], [ 470575.739895032718778, 5541504.279396438039839 ], [ 470577.770171961805318, 5541508.755786233581603 ], [ 470580.522182601329405, 5541509.785834046080709 ], [ 470585.002949867281131, 5541507.738713061437011 ], [ 470587.042639479157515, 5541512.235068435780704 ], [ 470589.803976638184395, 5541513.26840540394187 ], [ 470594.280403951939661, 5541511.213532857596874 ], [ 470596.345828262623399, 5541515.701967255212367 ], [ 470599.109304577577859, 5541516.734185369685292 ], [ 470603.562076503934804, 5541514.676114803180099 ], [ 470605.639025615702849, 5541519.177832014858723 ], [ 470608.319744058244396, 5541520.271662442944944 ], [ 470612.845910218777135, 5541518.143148399889469 ], [ 470614.899965464428533, 5541522.651666045188904 ], [ 470617.648374126525596, 5541523.680640708655119 ], [ 470622.101104523171671, 5541521.614802618511021 ], [ 470624.147112885548268, 5541526.094459035433829 ], [ 470626.909115302551072, 5541527.121140100061893 ], [ 470631.386200223234482, 5541525.055176147259772 ], [ 470633.45966853259597, 5541529.580272514373064 ], [ 470646.734196463716216, 5541534.515400766395032 ], [ 470643.163489471364301, 5541544.073784120380878 ], [ 470647.863510617054999, 5541545.829252083785832 ], [ 470647.73431893956149, 5541546.174642694182694 ], [ 470646.292297057167161, 5541545.635501970537007 ], [ 470645.158532920118887, 5541548.669363283552229 ], [ 470645.411912844516337, 5541548.764707893133163 ], [ 470645.303189030266367, 5541549.054392419755459 ], [ 470641.792528121965006, 5541547.742717515677214 ], [ 470635.751739502011333, 5541563.914762502536178 ], [ 470640.43882829521317, 5541565.665847256779671 ], [ 470640.328648151946254, 5541565.95109236612916 ], [ 470638.891699664061889, 5541565.42193275783211 ], [ 470637.757944059907459, 5541568.455795765854418 ], [ 470638.010600806970615, 5541568.550032109022141 ], [ 470637.902600190544035, 5541568.840824712999165 ], [ 470634.400564039882738, 5541567.532443067990243 ], [ 470630.809440598881338, 5541577.147653354331851 ] ] ] } },
{ "type": "Feature", "properties": { "name": "3f366887-5732-a92a-e053-b4472c0a365b" }, "geometry": { "type": "Polygon", "coordinates": [ [ [ 470225.958586445951369, 5541325.717851519584656 ], [ 470235.635384064982645, 5541329.154254025779665 ], [ 470230.844680345559027, 5541342.718013937585056 ], [ 470221.159326694905758, 5541339.285003426484764 ], [ 470225.958586445951369, 5541325.717851519584656 ] ] ] } },
{ "type": "Feature", "properties": { "name": "24e77037-fbd4-7d8a-e053-84002d0a9694" }, "geometry": { "type": "Polygon", "coordinates": [ [ [ 468045.508224945340771, 5543568.729990262538195 ], [ 468046.504624019842595, 5543565.915412414819002 ], [ 468048.818765833391808, 5543566.73551229853183 ], [ 468047.822365706029814, 5543569.550089712254703 ], [ 468045.508224945340771, 5543568.729990262538195 ] ] ] } },
{ "type": "Feature", "properties": { "name": "24e77037-fc88-7d8a-e053-84002d0a9694" }, "geometry": { "type": "Polygon", "coordinates": [ [ [ 466221.810309651889838, 5543827.554443075321615 ], [ 466217.94415614719037, 5543826.131163621321321 ], [ 466218.833974277193192, 5543823.719411687925458 ], [ 466222.70515520736808, 5543825.144883848726749 ], [ 466221.810309651889838, 5543827.554443075321615 ] ] ] } },
{ "type": "Feature", "properties": { "name": "24e77037-edd3-7d8a-e053-84002d0a9694" }, "geometry": { "type": "Polygon", "coordinates": [ [ [ 470193.186442913603969, 5544284.370684656314552 ], [ 470186.647147464216687, 5544281.826432200148702 ], [ 470187.726997343241237, 5544279.036256073974073 ], [ 470194.281162810337264, 5544281.55040614400059 ], [ 470193.186442913603969, 5544284.370684656314552 ] ] ] } },
{ "type": "Feature", "properties": { "name": "661e4af6-1bcf-bde8-e053-b4472c0a3fef" }, "geometry": { "type": "Polygon", "coordinates": [ [ [ 469781.72123309125891, 5544374.603215633891523 ], [ 469781.711800666060299, 5544374.581031190231442 ], [ 469782.504678058845457, 5544374.260777759365737 ], [ 469784.294021866575349, 5544373.540177651681006 ], [ 469786.206226552138105, 5544372.769961394369602 ], [ 469788.001279800781049, 5544372.045994637534022 ], [ 469788.362720838573296, 5544371.900520507246256 ], [ 469789.919909910240676, 5544371.272407783195376 ], [ 469791.695678497082554, 5544370.556334362365305 ], [ 469793.622888045443688, 5544369.78047663718462 ], [ 469795.407229719683528, 5544369.061020403169096 ], [ 469797.328003409085795, 5544368.286312242038548 ], [ 469799.125207374338061, 5544367.5623371116817 ], [ 469799.888803490728606, 5544367.254482300020754 ], [ 469799.901149703597184, 5544367.285545413382351 ], [ 469802.82893174875062, 5544374.574109894223511 ], [ 469798.456665241741575, 5544376.33888884074986 ], [ 469798.298800520715304, 5544376.402045523747802 ], [ 469791.263525087910239, 5544379.227035283111036 ], [ 469786.181321989104617, 5544381.291594253852963 ], [ 469784.662713770987466, 5544381.905035717412829 ], [ 469782.254931094124913, 5544375.928904940374196 ], [ 469781.72123309125891, 5544374.603215633891523 ] ] ] } },
{ "type": "Feature", "properties": { "name": "24e77037-f580-7d8a-e053-84002d0a9694" }, "geometry": { "type": "Polygon", "coordinates": [ [ [ 470417.094572188449092, 5541151.793740657158196 ], [ 470421.937070396787021, 5541148.270137330517173 ], [ 470428.318089172767941, 5541157.029864381067455 ], [ 470423.47560096642701, 5541160.554573846049607 ], [ 470421.747518283082172, 5541158.180248497985303 ], [ 470421.726114030228928, 5541158.195933006703854 ], [ 470421.72183440765366, 5541158.199292276985943 ], [ 470418.830338194326032, 5541154.261419906280935 ], [ 470418.862444584956393, 5541154.237893126904964 ], [ 470417.094572188449092, 5541151.793740657158196 ] ] ] } },
{ "type": "Feature", "properties": { "name": "7eeddb8d-6443-4200-980f-be2868508635" }, "geometry": { "type": "Polygon", "coordinates": [ [ [ 470639.360501051589381, 5541643.08968564029783 ], [ 470639.09715246030828, 5541643.004402911290526 ], [ 470639.298163798812311, 5541642.432906753383577 ], [ 470636.50983048893977, 5541641.426377894356847 ], [ 470636.027808099228423, 5541642.741038497537374 ], [ 470635.776575154741295, 5541642.644570705480874 ], [ 470636.254324223787989, 5541641.334381024353206 ], [ 470621.121206993993837, 5541635.867991048842669 ], [ 470620.307625225221273, 5541638.111779402010143 ], [ 470619.798766728665214, 5541637.928887277841568 ], [ 470620.606612002186012, 5541635.68401844240725 ], [ 470618.079447709955275, 5541634.758345389738679 ], [ 470617.102222623070702, 5541637.464462000876665 ], [ 470616.584156071126927, 5541637.300522656179965 ], [ 470616.803434592904523, 5541636.664436407387257 ], [ 470615.594784865388647, 5541636.226316494867206 ], [ 470608.629232044855598, 5541633.697212155908346 ], [ 470608.209546326310374, 5541634.883667056448758 ], [ 470607.702829828485847, 5541634.699652442708611 ], [ 470608.2510654439684, 5541633.18226379994303 ], [ 470600.34294563572621, 5541630.278080749325454 ], [ 470599.410145992820617, 5541632.85497875045985 ], [ 470599.197743469150737, 5541632.786096463911235 ], [ 470599.5639547604369, 5541631.775611359626055 ], [ 470591.571185203909408, 5541628.849668350070715 ], [ 470590.959453615709208, 5541630.543084366247058 ], [ 470590.732713132572826, 5541630.472057396546006 ], [ 470591.341616182995494, 5541628.785328161902726 ], [ 470587.231171907042153, 5541627.292411048896611 ], [ 470586.903073675639462, 5541628.199282893911004 ], [ 470586.409989498381037, 5541628.0196429239586 ], [ 470593.95203307637712, 5541607.171625503338873 ], [ 470594.436572380422149, 5541607.360208128578961 ], [ 470594.114122535800561, 5541608.252594036981463 ], [ 470598.228632884158287, 5541609.701019011437893 ], [ 470598.821310469706077, 5541608.058854980394244 ], [ 470599.060228550049942, 5541608.12981544341892 ], [ 470598.447775857639499, 5541609.823234464973211 ], [ 470606.438518604962155, 5541612.766989070922136 ], [ 470606.792028827709146, 5541611.791042489930987 ], [ 470606.996013696189038, 5541611.892215781845152 ], [ 470605.788736956310458, 5541615.228920740075409 ], [ 470613.707994634227362, 5541618.07078558485955 ], [ 470614.619602182414383, 5541615.54626483283937 ], [ 470615.118422865576576, 5541615.726987799629569 ], [ 470614.481591765477788, 5541617.547292975708842 ], [ 470622.658772107388359, 5541620.531188136897981 ], [ 470622.996182385133579, 5541619.623155591078103 ], [ 470623.50149160210276, 5541619.811626892536879 ], [ 470622.403491277480498, 5541622.830843028612435 ], [ 470624.913469726510812, 5541623.756612420082092 ], [ 470625.920425228541717, 5541620.984733396209776 ], [ 470626.426474884559866, 5541621.177648429758847 ], [ 470625.776698832691181, 5541622.989128218963742 ], [ 470630.645012759952806, 5541624.749216982163489 ], [ 470640.91418771649478, 5541628.46329071931541 ], [ 470641.386166465643328, 5541627.145350030623376 ], [ 470641.643828241969459, 5541627.238447208888829 ], [ 470641.170410787803121, 5541628.555283882655203 ], [ 470643.958045776758809, 5541629.564042787998915 ], [ 470644.168412428000011, 5541629.000278708525002 ], [ 470644.428878227656242, 5541629.082241855561733 ], [ 470639.360501051589381, 5541643.08968564029783 ] ] ] } },
{ "type": "Feature", "properties": { "name": "24e77037-e21b-7d8a-e053-84002d0a9694" }, "geometry": { "type": "Polygon", "coordinates": [ [ [ 463224.062295512296259, 5542240.802298042923212 ], [ 463217.898496426583733, 5542232.790060365572572 ], [ 463194.255840520607308, 5542250.956360591575503 ], [ 463186.950831458612811, 5542241.454278388991952 ], [ 463210.846435663290322, 5542223.093850267119706 ], [ 463210.899092764011584, 5542223.147971385158598 ], [ 463218.960242608445697, 5542216.983829912729561 ], [ 463232.365544333006255, 5542234.433036520145833 ], [ 463224.062295512296259, 5542240.802298042923212 ] ] ] } },
{ "type": "Feature", "properties": { "name": "3f366887-585e-a92a-e053-b4472c0a365b" }, "geometry": { "type": "Polygon", "coordinates": [ [ [ 465867.1935404195101, 5542911.226941033266485 ], [ 465956.188314292870928, 5542943.601111744530499 ], [ 465952.921157453849446, 5542952.583735345862806 ], [ 465863.925795511808246, 5542920.209623640403152 ], [ 465867.1935404195101, 5542911.226941033266485 ] ] ] } },
{ "type": "Feature", "properties": { "name": "661e4af6-19ef-bde8-e053-b4472c0a3fef" }, "geometry": { "type": "Polygon", "coordinates": [ [ [ 466026.468504975142423, 5542977.95457745809108 ], [ 466028.64838471414987, 5542972.31012568436563 ], [ 466040.218897548562381, 5542976.827706981450319 ], [ 466037.897082539217081, 5542982.338515654206276 ], [ 466026.468504975142423, 5542977.95457745809108 ] ] ] } },
{ "type": "Feature", "properties": { "name": "b5f39c3b-20bd-4c46-883d-56e684a4fe0d" }, "geometry": { "type": "Polygon", "coordinates": [ [ [ 469971.23012054170249, 5544357.882047278806567 ], [ 469960.241743182821665, 5544356.188061224296689 ], [ 469961.166347093763761, 5544349.105720108374953 ], [ 469961.410342673480045, 5544347.423179670237005 ], [ 469961.486178209772334, 5544346.903503476642072 ], [ 469962.016940012050327, 5544343.250204252079129 ], [ 469962.087926557927858, 5544342.759464311413467 ], [ 469962.101029588433448, 5544342.670439925976098 ], [ 469962.238209786708467, 5544341.727902941405773 ], [ 469962.251312822510954, 5544341.638878558762372 ], [ 469962.308517911238596, 5544341.243838125839829 ], [ 469973.406421070045326, 5544342.802675907500088 ], [ 469972.727620140300132, 5544347.506424441002309 ], [ 469971.714593891636468, 5544354.526994056999683 ], [ 469971.432039339328185, 5544356.483274206519127 ], [ 469971.23012054170249, 5544357.882047278806567 ] ] ] } },
{ "type": "Feature", "properties": { "name": "661e4af6-1bed-bde8-e053-b4472c0a3fef" }, "geometry": { "type": "Polygon", "coordinates": [ [ [ 470088.498704895959236, 5544634.970812459476292 ], [ 470088.576543214730918, 5544638.777473515830934 ], [ 470078.952405659481883, 5544638.974722316488624 ], [ 470078.87456049292814, 5544635.168061373755336 ], [ 470088.498704895959236, 5544634.970812459476292 ] ] ] } },
{ "type": "Feature", "properties": { "name": "2af2eabc-495b-483c-ac3b-23d9e9f14bd3" }, "geometry": { "type": "Polygon", "coordinates": [ [ [ 465668.815797192568425, 5542432.409700233489275 ], [ 465669.027289315010421, 5542435.905241517350078 ], [ 465669.112960034166463, 5542437.314570060931146 ], [ 465669.230706900998484, 5542439.258512540720403 ], [ 465666.567460487945937, 5542439.417912943288684 ], [ 465666.147455738740973, 5542432.556902674026787 ], [ 465668.815797192568425, 5542432.409700233489275 ] ] ] } },
{ "type": "Feature", "properties": { "name": "3bdf6214-fa6b-49cf-ae36-53aa0fbea9b4" }, "geometry": { "type": "Polygon", "coordinates": [ [ [ 467610.52339460409712, 5543628.564840501174331 ], [ 467633.402579170477111, 5543600.206684778444469 ], [ 467639.789061349525582, 5543605.198249828070402 ], [ 467616.77832082711393, 5543633.590531040914357 ], [ 467610.52339460409712, 5543628.564840501174331 ] ] ] } },
{ "type": "Feature", "properties": { "name": "661e4af6-1e09-bde8-e053-b4472c0a3fef" }, "geometry": { "type": "Polygon", "coordinates": [ [ [ 467953.964162381074857, 5543133.177208267152309 ], [ 467944.607870511070359, 5543129.761919738724828 ], [ 467948.046053485071752, 5543120.342547222040594 ], [ 467957.402359466068447, 5543123.757841769605875 ], [ 467953.964162381074857, 5543133.177208267152309 ] ] ] } },
{ "type": "Feature", "properties": { "name": "9457ee79-1600-4a08-ba4d-2a687a4d8a81" }, "geometry": { "type": "Polygon", "coordinates": [ [ [ 469795.217854871181771, 5542554.224823203869164 ], [ 469823.849878341658041, 5542564.641810296103358 ], [ 469832.445349351328332, 5542540.990327308885753 ], [ 469835.755533087532967, 5542542.262571153230965 ], [ 469825.968923185137101, 5542569.195256058126688 ], [ 469781.864308262476698, 5542553.133814627304673 ], [ 469781.788143444224261, 5542553.343278452754021 ], [ 469777.243977303092834, 5542551.68998689763248 ], [ 469778.265428391925525, 5542548.931199413724244 ], [ 469778.520919266971759, 5542549.025379056110978 ], [ 469778.587659741693642, 5542549.049463720992208 ], [ 469778.591887629998382, 5542549.037209145724773 ], [ 469779.836180542362854, 5542545.66340487729758 ], [ 469784.788256506377365, 5542547.514535317197442 ], [ 469796.179363650735468, 5542551.629824132658541 ], [ 469795.217854871181771, 5542554.224823203869164 ] ] ] } },
{ "type": "Feature", "properties": { "name": "24e77037-f9ea-7d8a-e053-84002d0a9694" }, "geometry": { "type": "Polygon", "coordinates": [ [ [ 467937.280802453751676, 5543826.627094820141792 ], [ 467967.374516582116485, 5543837.956034553237259 ], [ 467960.086739650869276, 5543857.888012969866395 ], [ 467954.112897766928654, 5543855.702229368500412 ], [ 467929.877499620663002, 5543847.09907313901931 ], [ 467937.280802453751676, 5543826.627094820141792 ] ] ] } },
{ "type": "Feature", "properties": { "name": "24e77037-f936-7d8a-e053-84002d0a9694" }, "geometry": { "type": "Polygon", "coordinates": [ [ [ 470457.48570243496215, 5544546.124641655012965 ], [ 470457.413064991356805, 5544546.32407009974122 ], [ 470453.743137605080847, 5544556.403556751087308 ], [ 470383.400128812529147, 5544530.785497072152793 ], [ 470374.117515559657477, 5544527.404500846751034 ], [ 470377.841625220549759, 5544517.177890040911734 ], [ 470388.518286496575456, 5544487.859541355632246 ], [ 470388.544829995604232, 5544487.869401412084699 ], [ 470428.366250594204757, 5544502.371623061597347 ], [ 470468.121456131862942, 5544516.850043404847383 ], [ 470465.724777247814927, 5544523.500112255103886 ], [ 470464.259321169636678, 5544527.523217451758683 ], [ 470462.310096480709035, 5544532.876584154553711 ], [ 470460.786820602836087, 5544537.059009132906795 ], [ 470459.667642746120691, 5544540.132878168486059 ], [ 470457.48570243496215, 5544546.124641655012965 ] ] ] } },
{ "type": "Feature", "properties": { "name": "24e77037-ef5e-7d8a-e053-84002d0a9694" }, "geometry": { "type": "Polygon", "coordinates": [ [ [ 471188.747449228307232, 5543724.635140516795218 ], [ 471193.293088595441077, 5543712.730212871916592 ], [ 471197.974015563959256, 5543714.517386004328728 ], [ 471197.588502033089753, 5543715.526825748383999 ], [ 471203.428894469630904, 5543717.756963807158172 ], [ 471199.811709963600151, 5543727.229648062027991 ], [ 471193.929708682757337, 5543724.983059738762677 ], [ 471193.386039814562537, 5543726.406971166841686 ], [ 471188.747449228307232, 5543724.635140516795218 ] ] ] } },
{ "type": "Feature", "properties": { "name": "d2537f4c-e4da-48a7-b1ab-2a8966a7115f" }, "geometry": { "type": "Polygon", "coordinates": [ [ [ 470189.585068201820832, 5542198.884152283892035 ], [ 470186.51732335035922, 5542192.295547387562692 ], [ 470185.530012142844498, 5542190.17401640675962 ], [ 470171.45065748761408, 5542159.995924619957805 ], [ 470169.881788315135054, 5542156.594525585882366 ], [ 470166.685290467517916, 5542156.729082473553717 ], [ 470166.691534309997223, 5542156.821333813481033 ], [ 470148.799338860204443, 5542157.57928950432688 ], [ 470134.59209718258353, 5542158.200002226047218 ], [ 470120.590310517058242, 5542158.801816039718688 ], [ 470105.999773690011352, 5542159.40139415115118 ], [ 470091.725235939142294, 5542160.025932069867849 ], [ 470077.447126337327063, 5542160.65163991600275 ], [ 470063.154596116917673, 5542161.259676397778094 ], [ 470063.150455597497057, 5542161.159630227833986 ], [ 470062.374249377055094, 5542161.192879098467529 ], [ 470062.353837602073327, 5542160.872771407477558 ], [ 470060.893623010953888, 5542160.904285638593137 ], [ 470060.640465352043975, 5542154.569089574739337 ], [ 470060.296597443171777, 5542146.997988799586892 ], [ 470070.0067923515453, 5542146.659059724770486 ], [ 470076.415271183359437, 5542139.675095052458346 ], [ 470076.175649760698434, 5542134.98985474742949 ], [ 470076.019001924316399, 5542131.822980543598533 ], [ 470088.934157245734241, 5542117.72777128405869 ], [ 470100.002129798289388, 5542105.670980031602085 ], [ 470099.568042459897697, 5542105.277574384585023 ], [ 470099.782343849306926, 5542105.047330157831311 ], [ 470100.410325597273186, 5542104.377806592732668 ], [ 470100.837207344651688, 5542104.763469378463924 ], [ 470106.668508316506632, 5542098.424320633523166 ], [ 470106.325073665182572, 5542098.103792492300272 ], [ 470110.878346845391206, 5542093.127166953869164 ], [ 470113.407258515188005, 5542095.41464470513165 ], [ 470172.422617757052649, 5542031.043448020704091 ], [ 470174.830877989588771, 5542033.272696996107697 ], [ 470181.006830407481175, 5542026.54255345929414 ], [ 470223.536618388432544, 5542065.528584568761289 ], [ 470218.629785089928191, 5542070.832860454916954 ], [ 470200.695027136709541, 5542090.378328279592097 ], [ 470186.033449446957093, 5542106.42433216329664 ], [ 470190.823539602104574, 5542116.699239775538445 ], [ 470210.519133640220389, 5542159.027899312786758 ], [ 470218.476092454104219, 5542176.09214885905385 ], [ 470221.891696588543709, 5542183.418237858451903 ], [ 470221.985206061974168, 5542183.618968269787729 ], [ 470222.087854122743011, 5542183.9174933899194 ], [ 470222.152599047403783, 5542184.226236238144338 ], [ 470222.17798370111268, 5542184.540757400915027 ], [ 470222.164693376340438, 5542184.855493650771677 ], [ 470222.111993326165248, 5542185.167113435454667 ], [ 470222.02127886202652, 5542185.468937709927559 ], [ 470221.893247642205097, 5542185.757626954466105 ], [ 470221.73144976887852, 5542186.027602019719779 ], [ 470221.53658908145735, 5542186.276635233312845 ], [ 470221.312209494644776, 5542186.498035602271557 ], [ 470221.062602042744402, 5542186.690667384304106 ], [ 470220.790612985030748, 5542186.851179108954966 ], [ 470218.96829153719591, 5542187.708568125031888 ], [ 470218.913914608943742, 5542187.589899302460253 ], [ 470194.331441833346616, 5542199.005608561448753 ], [ 470194.360264953516889, 5542199.165558992885053 ], [ 470192.898686482338235, 5542199.850831015966833 ], [ 470192.6315080782515, 5542199.974625329487026 ], [ 470192.351968571834732, 5542200.065132039599121 ], [ 470192.062926574435551, 5542200.121223350055516 ], [ 470191.77011169004254, 5542200.142867368645966 ], [ 470191.476388718234375, 5542200.130048140883446 ], [ 470191.186048670555465, 5542200.081629898399115 ], [ 470190.904117330326699, 5542199.999808422289789 ], [ 470190.63345330755692, 5542199.883455918170512 ], [ 470190.379094767267816, 5542199.736991857178509 ], [ 470190.143190310627688, 5542199.56040427275002 ], [ 470189.930778106208891, 5542199.358112637884915 ], [ 470189.744012947776355, 5542199.131216835230589 ], [ 470189.585068201820832, 5542198.884152283892035 ] ] ] } },
{ "type": "Feature", "properties": { "name": "24e77037-f5e9-7d8a-e053-84002d0a9694" }, "geometry": { "type": "Polygon", "coordinates": [ [ [ 466278.327379664231557, 5541219.077960257418454 ], [ 466282.764834761794191, 5541219.012219068594277 ], [ 466282.820186440018006, 5541222.797847856767476 ], [ 466278.382734478975181, 5541222.863589011132717 ], [ 466278.327379664231557, 5541219.077960257418454 ] ] ] } },
{ "type": "Feature", "properties": { "name": "661e4af6-1c38-bde8-e053-b4472c0a3fef" }, "geometry": { "type": "Polygon", "coordinates": [ [ [ 470544.242619560915045, 5541593.850976370275021 ], [ 470542.03978068876313, 5541599.803864779882133 ], [ 470528.018049825157505, 5541594.579572031274438 ], [ 470530.216742901830003, 5541588.6567213376984 ], [ 470544.242619560915045, 5541593.850976370275021 ] ] ] } },
{ "type": "Feature", "properties": { "name": "3feb9801-4fc0-030b-e053-b4472c0aa7e0" }, "geometry": { "type": "Polygon", "coordinates": [ [ [ 469919.544202092278283, 5544583.074589463882148 ], [ 469906.774345563375391, 5544581.247299931943417 ], [ 469908.763588136411272, 5544567.199664687737823 ], [ 469903.525251891056541, 5544566.428571478463709 ], [ 469904.148588962678332, 5544562.189891971647739 ], [ 469909.364002164453268, 5544562.9577790889889 ], [ 469913.360371027200017, 5544534.725650225766003 ], [ 469926.140943030652124, 5544536.529546547681093 ], [ 469925.813510770094581, 5544538.903039323166013 ], [ 469955.998835244798101, 5544543.175433883443475 ], [ 469954.191378469113261, 5544555.962262388318777 ], [ 469924.001866614446044, 5544551.696573466062546 ], [ 469919.544202092278283, 5544583.074589463882148 ] ] ] } },
{ "type": "Feature", "properties": { "name": "3f366887-5778-a92a-e053-b4472c0a365b" }, "geometry": { "type": "Polygon", "coordinates": [ [ [ 470237.286407913314179, 5541293.293636349961162 ], [ 470249.07199419522658, 5541313.204181819222867 ], [ 470240.228465207910631, 5541318.438008536584675 ], [ 470228.469410441117361, 5541298.536229716613889 ], [ 470237.286407913314179, 5541293.293636349961162 ] ] ] } },
{ "type": "Feature", "properties": { "name": "ec7fe939-52f1-4760-9df8-8e0765b53cce" }, "geometry": { "type": "Polygon", "coordinates": [ [ [ 470052.275594035279937, 5543962.117177898995578 ], [ 470052.768108151853085, 5543960.694545134902 ], [ 470053.281366882438306, 5543959.268460677005351 ], [ 470060.853086261893623, 5543961.981342757120728 ], [ 470059.831664448662195, 5543964.849048126488924 ], [ 470052.275594035279937, 5543962.117177898995578 ] ] ] } },
{ "type": "Feature", "properties": { "name": "24e77037-ef04-7d8a-e053-84002d0a9694" }, "geometry": { "type": "Polygon", "coordinates": [ [ [ 467091.900786822545342, 5543552.35199036821723 ], [ 467102.816311044967733, 5543556.32437991630286 ], [ 467103.219962197530549, 5543555.243365602567792 ], [ 467121.651327687082812, 5543561.931535384617746 ], [ 467117.224610715406016, 5543574.150604047812521 ], [ 467098.794045223388821, 5543567.470228071324527 ], [ 467099.416971468599513, 5543565.717395829968154 ], [ 467088.496451544633601, 5543561.745044053532183 ], [ 467091.900786822545342, 5543552.35199036821723 ] ] ] } },
{ "type": "Feature", "properties": { "name": "24e77037-f5a8-7d8a-e053-84002d0a9694" }, "geometry": { "type": "Polygon", "coordinates": [ [ [ 469102.261209418240469, 5541606.733120130375028 ], [ 469111.379100744845346, 5541637.787651816383004 ], [ 469104.235552685160656, 5541639.919199072755873 ], [ 469104.608070130401757, 5541641.167917538434267 ], [ 469096.774603478959762, 5541643.401300827972591 ], [ 469092.94232297205599, 5541630.356575829908252 ], [ 469092.053542318346445, 5541630.630780930630863 ], [ 469092.312877623189706, 5541631.505447449162602 ], [ 469091.926710031169932, 5541631.615528820082545 ], [ 469091.822248067008331, 5541631.263665032573044 ], [ 469050.566936467017513, 5541643.425760430283844 ], [ 469050.67213005234953, 5541643.779842984862626 ], [ 469050.288132281624712, 5541643.893250483088195 ], [ 469050.183654949069023, 5541643.539163799025118 ], [ 469044.116867385222577, 5541623.016635246574879 ], [ 469044.501602093398105, 5541622.906558709219098 ], [ 469044.60463477182202, 5541623.258429863490164 ], [ 469085.853196117794141, 5541611.14302833378315 ], [ 469085.748714120243676, 5541610.787829134613276 ], [ 469086.137064031558111, 5541610.683294148184359 ], [ 469086.476770957408007, 5541611.831019470468163 ], [ 469087.399891009787098, 5541611.548832080326974 ], [ 469087.257148482138291, 5541611.018176305107772 ], [ 469102.261209418240469, 5541606.733120130375028 ] ] ] } },
{ "type": "Feature", "properties": { "name": "70dfee08-5416-4a75-9026-60a476259562" }, "geometry": { "type": "Polygon", "coordinates": [ [ [ 468119.653204386821017, 5541912.5557124549523 ], [ 468152.845239076705184, 5541924.52222035638988 ], [ 468147.58969185029855, 5541939.039115574210882 ], [ 468114.39476365345763, 5541927.054867841303349 ], [ 468117.023980388126802, 5541919.805289446376264 ], [ 468119.653204386821017, 5541912.5557124549523 ] ] ] } },
{ "type": "Feature", "properties": { "name": "e8a2e20e-9135-4c06-a11e-89c4f2e44916" }, "geometry": { "type": "Polygon", "coordinates": [ [ [ 466698.881749525608029, 5541214.834366438910365 ], [ 466696.400327626382932, 5541220.373648526147008 ], [ 466690.913547154341359, 5541217.928261310793459 ], [ 466693.384406234894414, 5541212.419063279405236 ], [ 466698.881749525608029, 5541214.834366438910365 ] ] ] } },
{ "type": "Feature", "properties": { "name": "24e77037-f747-7d8a-e053-84002d0a9694" }, "geometry": { "type": "Polygon", "coordinates": [ [ [ 467893.381851539132185, 5543356.659410042688251 ], [ 467893.294500186690129, 5543358.332213337533176 ], [ 467893.032306627661455, 5543359.984939602203667 ], [ 467892.598757878527977, 5543361.602001516148448 ], [ 467891.998759694746695, 5543363.165579486638308 ], [ 467891.238643231568858, 5543364.656733497977257 ], [ 467890.326914434728678, 5543366.060958047397435 ], [ 467889.273497968330048, 5543367.36151534691453 ], [ 467888.089770562248304, 5543368.544994574040174 ], [ 467886.788547670817934, 5543369.599088155664504 ], [ 467885.384786174981855, 5543370.510363774374127 ], [ 467883.892760227841791, 5543371.270952643826604 ], [ 467882.330310835212003, 5543371.870740788988769 ], [ 467880.713157521560788, 5543372.304074495099485 ], [ 467879.059883972164243, 5543372.565282841213048 ], [ 467877.387668453971855, 5543372.65315086953342 ], [ 467875.715830691100564, 5543372.565338865853846 ], [ 467874.062285008491017, 5543372.303963078185916 ], [ 467872.445655111921951, 5543371.870023583993316 ], [ 467870.882449954922777, 5543371.270092572085559 ], [ 467869.391319978400134, 5543370.509617472998798 ], [ 467867.987362122454215, 5543369.598514586687088 ], [ 467866.686376057332382, 5543368.544472195208073 ], [ 467865.502046727749985, 5543367.360750725492835 ], [ 467864.448768490110524, 5543366.059494438581169 ], [ 467863.537375534535386, 5543364.656204633414745 ], [ 467862.777256645262241, 5543363.164167526178062 ], [ 467862.177111295750365, 5543361.601121017709374 ], [ 467861.744206896342803, 5543359.984811630100012 ], [ 467861.482217292359564, 5543358.330783691257238 ], [ 467861.394843049230985, 5543356.65902894269675 ], [ 467861.48219115001848, 5543354.987336937338114 ], [ 467861.744368577143177, 5543353.33349725138396 ], [ 467862.177192692528479, 5543351.716437122784555 ], [ 467862.777190213266294, 5543350.153967652469873 ], [ 467863.537294238514733, 5543348.661697762086987 ], [ 467864.449025767622516, 5543347.258580520749092 ], [ 467865.503149661875796, 5543345.956902218051255 ], [ 467866.686877201660536, 5543344.773418037220836 ], [ 467867.988108974008355, 5543343.720431464724243 ], [ 467869.391867980069946, 5543342.808039491064847 ], [ 467870.883190532098524, 5543342.048562781885266 ], [ 467872.446363485592883, 5543341.448767054826021 ], [ 467874.063525518111419, 5543341.015430909581482 ], [ 467875.716801935981493, 5543340.753109226934612 ], [ 467877.389034079329576, 5543340.666352570056915 ], [ 467879.060159041313455, 5543340.753057581372559 ], [ 467880.713720857922453, 5543341.015546789392829 ], [ 467882.331068714614958, 5543341.448372650891542 ], [ 467883.893565159349237, 5543342.048311307094991 ], [ 467885.385416946257465, 5543342.808786137960851 ], [ 467886.789385417534504, 5543343.721005419269204 ], [ 467888.090366757125594, 5543344.773940811865032 ], [ 467889.273979907331523, 5543345.957671537064016 ], [ 467890.327255936223082, 5543347.258932662196457 ], [ 467891.239367428177502, 5543348.663334522396326 ], [ 467891.999473666306585, 5543350.154263768345118 ], [ 467892.598895453731529, 5543351.717317854054272 ], [ 467893.032513856654987, 5543353.334737235680223 ], [ 467893.294487245497294, 5543354.987654819153249 ], [ 467893.381851539132185, 5543356.659410042688251 ] ] ] } },
{ "type": "Feature", "properties": { "name": "24e77037-c3bc-7d8a-e053-84002d0a9694" }, "geometry": { "type": "Polygon", "coordinates": [ [ [ 466388.620925884926692, 5543151.314815074205399 ], [ 466383.001230013323948, 5543149.080737409181893 ], [ 466382.940694880031515, 5543149.247901209630072 ], [ 466382.39018639648566, 5543149.047882681712508 ], [ 466382.451430608460214, 5543148.879602532833815 ], [ 466375.536630116112065, 5543146.356791962869465 ], [ 466375.474676998215728, 5543146.526188539341092 ], [ 466375.327511085313745, 5543146.46818280685693 ], [ 466374.934248900972307, 5543146.335002577863634 ], [ 466374.996208988712169, 5543146.16671784222126 ], [ 466369.529110075032804, 5543144.172975914552808 ], [ 466369.467873196932487, 5543144.342368058860302 ], [ 466368.913053259719163, 5543144.140154216438532 ], [ 466368.975006199674681, 5543143.970757566392422 ], [ 466363.600493324222043, 5543142.010908544063568 ], [ 466363.539249620283954, 5543142.179188909940422 ], [ 466362.983713152236305, 5543141.976980180479586 ], [ 466363.044956841331441, 5543141.808699810877442 ], [ 466357.670432585699018, 5543139.847744879312813 ], [ 466357.609196029603481, 5543140.017137158662081 ], [ 466357.055807341239415, 5543139.814915543422103 ], [ 466357.117050870379899, 5543139.646635103039443 ], [ 466351.745393523480743, 5543137.686779953539371 ], [ 466351.683441050467081, 5543137.85617680568248 ], [ 466351.126464530185331, 5543137.652866461314261 ], [ 466351.187700910260901, 5543137.483474105596542 ], [ 466345.817478318698704, 5543135.524727738462389 ], [ 466345.755526006338187, 5543135.6941246567294 ], [ 466345.200704256363679, 5543135.491913266479969 ], [ 466345.261940475320444, 5543135.322520844638348 ], [ 466339.883099579659756, 5543133.360498906113207 ], [ 466339.821863506746013, 5543133.529891389422119 ], [ 466339.264169996778946, 5543133.326586782000959 ], [ 466339.32612213329412, 5543133.157189787365496 ], [ 466333.954458603460807, 5543131.198464301414788 ], [ 466333.892499619454611, 5543131.366749510169029 ], [ 466333.337676962430123, 5543131.164539347402751 ], [ 466333.398919852683321, 5543130.996258636936545 ], [ 466328.031555404304527, 5543129.038623904809356 ], [ 466327.970312658813782, 5543129.206904678605497 ], [ 466327.416212622541934, 5543129.005802470259368 ], [ 466327.478164437983651, 5543128.836405341513455 ], [ 466322.514176621916704, 5543127.026343826204538 ], [ 466322.452217945596203, 5543127.194629167206585 ], [ 466321.91964184428798, 5543127.000063448213041 ], [ 466338.026545694621745, 5543082.851193523034453 ], [ 466338.543336722359527, 5543083.040300684981048 ], [ 466338.482093096768949, 5543083.208581320010126 ], [ 466343.436083552893251, 5543085.017608866095543 ], [ 466343.497327311953995, 5543084.849328286014497 ], [ 466344.054309590195771, 5543085.052637844346464 ], [ 466343.992349731153809, 5543085.220922921784222 ], [ 466349.367663711949717, 5543087.184083403088152 ], [ 466349.428900641156361, 5543087.014691044576466 ], [ 466349.977991552441381, 5543087.215827045030892 ], [ 466349.916754608566407, 5543087.385219396091998 ], [ 466355.291341120377183, 5543089.347278470173478 ], [ 466355.35330128314672, 5543089.178993524983525 ], [ 466355.907411324209534, 5543089.381210472434759 ], [ 466355.846174219273962, 5543089.550602757371962 ], [ 466361.214297601836734, 5543091.510484580881894 ], [ 466361.275534852524288, 5543091.341092356480658 ], [ 466361.828212272841483, 5543091.543318915180862 ], [ 466361.766975006903522, 5543091.712711132131517 ], [ 466367.141552730230615, 5543093.674782079644501 ], [ 466367.202797128004022, 5543093.506501770578325 ], [ 466367.754751025699079, 5543093.70762159395963 ], [ 466367.689926194143482, 5543093.87592439353466 ], [ 466373.0601960386266, 5543095.836916418746114 ], [ 466373.121433610795066, 5543095.667524333111942 ], [ 466373.683440166409127, 5543095.873029172420502 ], [ 466373.621486495481804, 5543096.042425750754774 ], [ 466378.996055426541716, 5543098.004508576355875 ], [ 466379.058009243221022, 5543097.83511205855757 ], [ 466379.621447504730895, 5543098.040608525276184 ], [ 466379.552318873582408, 5543098.207826320081949 ], [ 466384.909662503923755, 5543100.164463779889047 ], [ 466384.971616480732337, 5543099.995067333802581 ], [ 466385.542229076731019, 5543100.202743142843246 ], [ 466385.471668124664575, 5543100.369969855993986 ], [ 466390.945994134934153, 5543102.368130526505411 ], [ 466391.007948275306262, 5543102.198734148405492 ], [ 466404.729128839913756, 5543107.183931336738169 ], [ 466388.620925884926692, 5543151.314815074205399 ] ] ] } },
{ "type": "Feature", "properties": { "name": "661e4af6-1a2b-bde8-e053-b4472c0a3fef" }, "geometry": { "type": "Polygon", "coordinates": [ [ [ 466296.969261887890752, 5542995.561496389098465 ], [ 466298.226318809087388, 5542996.057268293574452 ], [ 466297.293180265289266, 5542998.44147752597928 ], [ 466296.024041176191531, 5542997.960236495360732 ], [ 466296.969261887890752, 5542995.561496389098465 ] ] ] } },
{ "type": "Feature", "properties": { "name": "74552105-3ec6-433a-8203-1d7e0dfb6242" }, "geometry": { "type": "Polygon", "coordinates": [ [ [ 467966.223948091792408, 5543331.813679406419396 ], [ 467967.263924418133684, 5543328.981036864221096 ], [ 467969.56112841470167, 5543329.823442461900413 ], [ 467968.521157702023629, 5543332.657196400687099 ], [ 467966.223948091792408, 5543331.813679406419396 ] ] ] } },
{ "type": "Feature", "properties": { "name": "d0d16e61-7033-430d-bf6c-5f6796b63879" }, "geometry": { "type": "Polygon", "coordinates": [ [ [ 467738.919009103206918, 5543338.242470780387521 ], [ 467737.829748648509849, 5543341.194428075104952 ], [ 467736.291735000151675, 5543340.619957733899355 ], [ 467737.394653305294923, 5543337.676812899298966 ], [ 467738.919009103206918, 5543338.242470780387521 ] ] ] } },
{ "type": "Feature", "properties": { "name": "24e77037-f1d9-7d8a-e053-84002d0a9694" }, "geometry": { "type": "Polygon", "coordinates": [ [ [ 469467.581783524656203, 5543728.38734470680356 ], [ 469467.555107671709266, 5543728.35525222774595 ], [ 469467.531796129362192, 5543728.285336455330253 ], [ 469467.527125886641443, 5543728.219761870801449 ], [ 469467.534678343450651, 5543728.163012634962797 ], [ 469476.868185698112939, 5543702.584222365170717 ], [ 469510.261331687390339, 5543714.764703772962093 ], [ 469483.322214643529151, 5543733.813627359457314 ], [ 469483.079745902097784, 5543733.985128435306251 ], [ 469483.026869950816035, 5543734.004332001321018 ], [ 469482.961796700488776, 5543734.019157581031322 ], [ 469482.920249888440594, 5543734.016058840788901 ], [ 469482.87870307645062, 5543734.012960103340447 ], [ 469482.776182445988525, 5543733.990195126272738 ], [ 469482.659943758219015, 5543733.947494447231293 ], [ 469467.811714562762063, 5543728.528354207053781 ], [ 469467.739962608146016, 5543728.502078322693706 ], [ 469467.671036581275985, 5543728.469115004874766 ], [ 469467.608459377312101, 5543728.41943718586117 ], [ 469467.581783524656203, 5543728.38734470680356 ] ] ] } },
{ "type": "Feature", "properties": { "name": "661e4af6-1d73-bde8-e053-b4472c0a3fef" }, "geometry": { "type": "Polygon", "coordinates": [ [ [ 469515.391277400718536, 5543698.864431738853455 ], [ 469519.537793332885485, 5543700.250684004276991 ], [ 469517.926256900362205, 5543705.068765739910305 ], [ 469513.777615251892712, 5543703.685862509533763 ], [ 469515.391277400718536, 5543698.864431738853455 ] ] ] } },
{ "type": "Feature", "properties": { "name": "e58218d0-1ebc-4cd1-8038-3fb4194de200" }, "geometry": { "type": "Polygon", "coordinates": [ [ [ 465875.440441372455098, 5542817.175066046416759 ], [ 465873.38701264502015, 5542822.868808870203793 ], [ 465867.741540184477344, 5542820.836683898232877 ], [ 465869.806478400423657, 5542815.151760620065033 ], [ 465875.440441372455098, 5542817.175066046416759 ] ] ] } },
{ "type": "Feature", "properties": { "name": "3c57ecbf-ab14-4e21-94ca-c2d65a154317" }, "geometry": { "type": "Polygon", "coordinates": [ [ [ 470622.600783288537059, 5544153.896778622642159 ], [ 470623.687595938739832, 5544150.894285393878818 ], [ 470627.920951248612255, 5544152.436578352935612 ], [ 470626.819046899385285, 5544155.429146599024534 ], [ 470622.600783288537059, 5544153.896778622642159 ] ] ] } },
{ "type": "Feature", "properties": { "name": "4edef903-ac5b-40eb-ada2-12d32913d4a2" }, "geometry": { "type": "Polygon", "coordinates": [ [ [ 470443.866607426956762, 5541626.23490737657994 ], [ 470441.704771995311603, 5541627.26532101072371 ], [ 470440.369169736688491, 5541624.46408508811146 ], [ 470442.531722333456855, 5541623.433666971512139 ], [ 470443.866607426956762, 5541626.23490737657994 ] ] ] } },
{ "type": "Feature", "properties": { "name": "3f366887-582c-a92a-e053-b4472c0a365b" }, "geometry": { "type": "Polygon", "coordinates": [ [ [ 470016.985864843358286, 5544530.410215376876295 ], [ 470026.599040151573718, 5544531.799579030834138 ], [ 470025.215179617633112, 5544541.382890118286014 ], [ 470015.601305217947811, 5544539.993533008731902 ], [ 470016.985864843358286, 5544530.410215376876295 ] ] ] } },
{ "type": "Feature", "properties": { "name": "24e77037-faee-7d8a-e053-84002d0a9694" }, "geometry": { "type": "Polygon", "coordinates": [ [ [ 468081.373276344966143, 5543427.25842553935945 ], [ 468081.269114036229439, 5543429.243766026571393 ], [ 468080.958600347337779, 5543431.208099403418601 ], [ 468080.443744364310987, 5543433.128064082935452 ], [ 468079.731587305490393, 5543434.983604158274829 ], [ 468078.828454317233991, 5543436.754668009467423 ], [ 468077.745689396862872, 5543438.422285983338952 ], [ 468076.49463649088284, 5543439.967488436028361 ], [ 468075.088794233335648, 5543441.372404767200351 ], [ 468073.543835839955136, 5543442.623598954640329 ], [ 468071.876859910553321, 5543443.70651457644999 ], [ 468070.105694293102715, 5543444.608814620412886 ], [ 468068.249618756934069, 5543445.321489064954221 ], [ 468066.329345102130901, 5543445.835519311949611 ], [ 468064.365611629269551, 5543446.146334138698876 ], [ 468062.380595323687885, 5543446.250465586781502 ], [ 468060.395054356311448, 5543446.146677917800844 ], [ 468058.431908275117166, 5543445.835946228355169 ], [ 468056.511225767782889, 5543445.321486382745206 ], [ 468054.655952959088609, 5543444.608720808289945 ], [ 468052.884043665137142, 5543443.706437368877232 ], [ 468051.217031923762988, 5543442.623402543365955 ], [ 468049.672175515443087, 5543441.371743967756629 ], [ 468048.266752186696976, 5543439.966924825683236 ], [ 468047.01515568071045, 5543438.421089831739664 ], [ 468045.932542297639884, 5543436.754162373952568 ], [ 468045.030468293931335, 5543434.982751667499542 ], [ 468044.317645740171429, 5543433.126819588243961 ], [ 468043.803502785274759, 5543431.206323741003871 ], [ 468043.49246862588916, 5543429.243475383147597 ], [ 468043.388959203613922, 5543427.25826209038496 ], [ 468043.492391481937375, 5543425.272925089113414 ], [ 468043.803607861627825, 5543423.308585225604475 ], [ 468044.318451739207376, 5543421.388616998679936 ], [ 468045.030598454875872, 5543419.533072205260396 ], [ 468045.933723315887619, 5543417.762002665549517 ], [ 468047.016482674109284, 5543416.094378287903965 ], [ 468048.267532831756398, 5543414.549168989062309 ], [ 468049.673375279991888, 5543413.14424566924572 ], [ 468051.218336784164421, 5543411.893044659867883 ], [ 468052.88531861116644, 5543410.810122683644295 ], [ 468054.656492659938522, 5543409.907817021943629 ], [ 468056.512578790425323, 5543409.19513794966042 ], [ 468058.432864740258083, 5543408.681104257702827 ], [ 468060.396611670963466, 5543408.370287329889834 ], [ 468062.381642005115282, 5543408.266155207529664 ], [ 468064.367196966311894, 5543408.369943667203188 ], [ 468066.330356386781204, 5543408.680677568539977 ], [ 468068.250334964832291, 5543409.195145233534276 ], [ 468070.106334154319484, 5543409.907911252230406 ], [ 468071.877535542997066, 5543410.810204651206732 ], [ 468073.545268882473465, 5543411.893241612240672 ], [ 468075.090128034644295, 5543413.144907029345632 ], [ 468076.495557812449988, 5543414.550845007412136 ], [ 468077.746428532991558, 5543416.095579246990383 ], [ 468078.829036017297767, 5543417.762513062916696 ], [ 468079.731817626743577, 5543419.533925114199519 ], [ 468080.443913548253477, 5543421.389866098761559 ], [ 468080.958760245586745, 5543423.31036111433059 ], [ 468081.269780953298323, 5543425.273211575113237 ], [ 468081.373276344966143, 5543427.25842553935945 ] ] ] } },
{ "type": "Feature", "properties": { "name": "24e77037-f62a-7d8a-e053-84002d0a9694" }, "geometry": { "type": "Polygon", "coordinates": [ [ [ 468665.427870673476718, 5544117.064232078380883 ], [ 468674.374360560148489, 5544120.319715602323413 ], [ 468669.986613800225314, 5544132.377139315009117 ], [ 468661.040147724095732, 5544129.122774988412857 ], [ 468656.278937941708136, 5544127.408334234729409 ], [ 468657.286561028740834, 5544124.640503345988691 ], [ 468662.039311826578341, 5544126.377232301980257 ], [ 468665.427870673476718, 5544117.064232078380883 ] ] ] } },
{ "type": "Feature", "properties": { "name": "7089f159-25b1-4408-9a23-e05ed22472a1" }, "geometry": { "type": "Polygon", "coordinates": [ [ [ 470232.092341732233763, 5544027.626783079467714 ], [ 470233.131939893413801, 5544024.794590249657631 ], [ 470237.257122098177206, 5544026.287142797373235 ], [ 470236.22469399694819, 5544029.121518701314926 ], [ 470232.092341732233763, 5544027.626783079467714 ] ] ] } },
{ "type": "Feature", "properties": { "name": "99f28720-e6a2-45a0-b7ca-4129ddcac9a3" }, "geometry": { "type": "Polygon", "coordinates": [ [ [ 465791.566842987027485, 5542756.173865377902985 ], [ 465792.471656153385993, 5542752.971395893022418 ], [ 465794.174888291861862, 5542753.451968532986939 ], [ 465793.270797429722734, 5542756.655545 ], [ 465791.566842987027485, 5542756.173865377902985 ] ] ] } },
{ "type": "Feature", "properties": { "name": "3feb9801-4fc5-030b-e053-b4472c0aa7e0" }, "geometry": { "type": "Polygon", "coordinates": [ [ [ 469252.461190943722613, 5544588.845893547870219 ], [ 469179.051920857280493, 5544567.918933347798884 ], [ 469201.046911348530557, 5544507.748140337876976 ], [ 469198.467549127875827, 5544507.016912730410695 ], [ 469199.172025815933011, 5544504.532236941158772 ], [ 469201.935680931026582, 5544505.315774630755186 ], [ 469208.732968436495867, 5544486.720367935486138 ], [ 469208.783016401168425, 5544486.58442968595773 ], [ 469231.515799990680534, 5544494.83394362218678 ], [ 469248.012954141711816, 5544500.855588409118354 ], [ 469280.308376945904456, 5544512.642860827036202 ], [ 469253.907479175075423, 5544584.887046813033521 ], [ 469252.461190943722613, 5544588.845893547870219 ] ] ] } },
{ "type": "Feature", "properties": { "name": "3fec28f9-d213-81d2-e053-b4472c0a1eeb" }, "geometry": { "type": "Polygon", "coordinates": [ [ [ 469165.798864404787309, 5544450.872433947399259 ], [ 469165.481016777281184, 5544451.745985192246735 ], [ 469175.972701346385293, 5544455.566017618402839 ], [ 469174.398951003327966, 5544459.88920627348125 ], [ 469178.928792227932718, 5544461.538723954930902 ], [ 469179.787205226602964, 5544459.18102602660656 ], [ 469183.159834216348827, 5544460.40913684014231 ], [ 469192.493955675279722, 5544447.09057036601007 ], [ 469202.521707830834202, 5544419.567007675766945 ], [ 469153.521583446534351, 5544401.715512647293508 ], [ 469143.494047544547357, 5544429.239167286083102 ], [ 469117.290411716501694, 5544419.692470372654498 ], [ 469127.317831975000445, 5544392.168766566552222 ], [ 469153.521583446534351, 5544401.715512647293508 ], [ 469202.521707830834202, 5544419.567007675766945 ], [ 469228.725188105134293, 5544429.11412138864398 ], [ 469218.698036205081735, 5544456.637630790472031 ], [ 469192.493955675279722, 5544447.09057036601007 ], [ 469183.159834216348827, 5544460.40913684014231 ], [ 469181.666430392651819, 5544464.512818814255297 ], [ 469215.557607440394349, 5544476.852014896459877 ], [ 469217.051755866385065, 5544472.749450122006238 ], [ 469220.353340202651452, 5544473.951307698152959 ], [ 469219.492099447001237, 5544476.317910387180746 ], [ 469224.021912567084655, 5544477.967466175556183 ], [ 469225.601347753428854, 5544473.630916989408433 ], [ 469230.425190652371384, 5544475.367737957276404 ], [ 469231.717595268273726, 5544474.77434113342315 ], [ 469233.148853990423959, 5544475.295368826948106 ], [ 469233.666912418382708, 5544473.879181411117315 ], [ 469234.336768437933642, 5544473.587350833229721 ], [ 469248.855557312897872, 5544433.71056298725307 ], [ 469250.90723099000752, 5544428.074847654439509 ], [ 469253.896302946144715, 5544419.86528773419559 ], [ 469115.047788278432563, 5544369.279111023060977 ], [ 469115.391598168585915, 5544368.438763616606593 ], [ 469107.69361781689804, 5544365.669017475098372 ], [ 469106.73531391681172, 5544368.33084871340543 ], [ 469113.202903566940222, 5544370.657381657510996 ], [ 469109.702355148736387, 5544380.270952003076673 ], [ 469107.638116762158461, 5544385.940151484683156 ], [ 469093.265418312337715, 5544425.418429024517536 ], [ 469100.837251176766586, 5544428.176651649177074 ], [ 469099.257902750920039, 5544432.513237708248198 ], [ 469103.787784387241118, 5544434.161580041982234 ], [ 469104.639828570652753, 5544431.821696847677231 ], [ 469107.988093938853126, 5544433.039894263260067 ], [ 469106.494023690756876, 5544437.143601382151246 ], [ 469140.417843619186897, 5544449.495478559285402 ], [ 469141.911936194170266, 5544445.391780924983323 ], [ 469145.194186842010822, 5544446.587032585404813 ], [ 469144.329433583770879, 5544448.960339133627713 ], [ 469148.772502853593323, 5544450.581422783434391 ], [ 469148.858596859732643, 5544450.613171081058681 ], [ 469150.439373106404673, 5544446.269920323044062 ], [ 469161.007125074625947, 5544450.117282168008387 ], [ 469161.32568797597196, 5544449.243726531974971 ], [ 469165.798864404787309, 5544450.872433947399259 ] ] ] } },
{ "type": "Feature", "properties": { "name": "32918e09-7ffe-489d-ba63-476ea359ef2c" }, "geometry": { "type": "Polygon", "coordinates": [ [ [ 470607.700803306885064, 5544165.867975555360317 ], [ 470605.908804866252467, 5544165.225143486633897 ], [ 470606.151429077552166, 5544164.557792318984866 ], [ 470606.379752907727379, 5544163.893855365924537 ], [ 470608.171678446582519, 5544164.52334538847208 ], [ 470607.944131434080191, 5544165.198396830819547 ], [ 470607.700803306885064, 5544165.867975555360317 ] ] ] } },
{ "type": "Feature", "properties": { "name": "3f366887-56fb-a92a-e053-b4472c0a365b" }, "geometry": { "type": "Polygon", "coordinates": [ [ [ 469590.254158784693573, 5541519.017675375565886 ], [ 469591.315999367157929, 5541524.362018042244017 ], [ 469569.210829592193477, 5541528.577078913338482 ], [ 469568.204979063768405, 5541523.509280643425882 ], [ 469586.405580962251406, 5541519.933482684195042 ], [ 469586.379784587479662, 5541519.805762852542102 ], [ 469590.254158784693573, 5541519.017675375565886 ] ] ] } },
{ "type": "Feature", "properties": { "name": "4eaf1425-d5ef-d0a3-e053-a2002d0ade80" }, "geometry": { "type": "Polygon", "coordinates": [ [ [ 467858.044589850993361, 5543335.953556885942817 ], [ 467865.940020584734157, 5543338.81151167768985 ], [ 467861.774954067601357, 5543350.317873641848564 ], [ 467853.879537919186987, 5543347.459925006143749 ], [ 467858.044589850993361, 5543335.953556885942817 ] ] ] } },
{ "type": "Feature", "properties": { "name": "24e77037-ebad-7d8a-e053-84002d0a9694" }, "geometry": { "type": "Polygon", "coordinates": [ [ [ 470744.414138742606156, 5544488.792571363970637 ], [ 470745.540073681622744, 5544485.744300144724548 ], [ 470748.587445238372311, 5544486.870655477978289 ], [ 470747.461502736958209, 5544489.917814205400646 ], [ 470744.414138742606156, 5544488.792571363970637 ] ] ] } },
{ "type": "Feature", "properties": { "name": "2ba17055-d3d9-42b0-ace7-15de99c4591e" }, "geometry": { "type": "Polygon", "coordinates": [ [ [ 469810.312519691360649, 5542461.984642750583589 ], [ 469815.271767044148874, 5542463.825754403136671 ], [ 469826.612304770213086, 5542467.963631660677493 ], [ 469825.687152213300578, 5542470.533958326093853 ], [ 469839.515086880535819, 5542475.579594584181905 ], [ 469838.288624844222795, 5542478.949947994202375 ], [ 469812.322108426247723, 5542469.471845731139183 ], [ 469812.258713041665033, 5542469.660111308097839 ], [ 469807.719693464110605, 5542468.041232847608626 ], [ 469808.728254481276963, 5542465.276965118944645 ], [ 469808.993781369179487, 5542465.372201522812247 ], [ 469809.046890507393982, 5542465.391915912739933 ], [ 469809.054649204830639, 5542465.370746396481991 ], [ 469810.312519691360649, 5542461.984642750583589 ] ] ] } },
{ "type": "Feature", "properties": { "name": "3f366887-58cc-a92a-e053-b4472c0a365b" }, "geometry": { "type": "Polygon", "coordinates": [ [ [ 469084.008181661716662, 5544371.222935714758933 ], [ 469084.116013645485509, 5544370.927662561647594 ], [ 469109.702355148736387, 5544380.270952003076673 ], [ 469107.638116762158461, 5544385.940151484683156 ], [ 469097.402089471579529, 5544382.16436243802309 ], [ 469080.077515847340692, 5544375.775477163493633 ], [ 469082.007213108357973, 5544370.491757278330624 ], [ 469084.008181661716662, 5544371.222935714758933 ] ] ] } },
{ "type": "Feature", "properties": { "name": "24e77037-f035-7d8a-e053-84002d0a9694" }, "geometry": { "type": "Polygon", "coordinates": [ [ [ 470401.852440263959579, 5541507.588120491243899 ], [ 470409.307721180608496, 5541488.117940027266741 ], [ 470435.757145554409362, 5541498.255636181682348 ], [ 470428.302499788987916, 5541517.725775862112641 ], [ 470401.852440263959579, 5541507.588120491243899 ] ] ] } },
{ "type": "Feature", "properties": { "name": "24e77037-f1e8-7d8a-e053-84002d0a9694" }, "geometry": { "type": "Polygon", "coordinates": [ [ [ 469888.040155594295356, 5541450.742282569408417 ], [ 469976.368412867479492, 5541482.897852638736367 ], [ 469978.305628598842304, 5541477.582211734727025 ], [ 469981.486113629944157, 5541478.736305356957018 ], [ 469979.536195048363879, 5541484.086484589613974 ], [ 470034.13509788113879, 5541503.984679891727865 ], [ 470040.314403671422042, 5541487.018395951017737 ], [ 470055.229081118362956, 5541492.434339817613363 ], [ 470048.932078652083874, 5541509.752618687227368 ], [ 470037.42081011767732, 5541505.515145121142268 ], [ 470036.311417570221238, 5541508.492296045646071 ], [ 470036.434183748438954, 5541508.541643778793514 ], [ 470020.354568984126672, 5541552.604275496676564 ], [ 469870.757706573000178, 5541498.162228747271001 ], [ 469888.040155594295356, 5541450.742282569408417 ] ] ] } },
{ "type": "Feature", "properties": { "name": "ce0aba42-c614-4a13-a86d-3d3e9b481c92" }, "geometry": { "type": "Polygon", "coordinates": [ [ [ 467119.755189824732952, 5543335.335626759566367 ], [ 467115.565112799755298, 5543330.274474549107254 ], [ 467124.25442680780543, 5543323.113897670060396 ], [ 467128.423039963119663, 5543328.178524087183177 ], [ 467119.755189824732952, 5543335.335626759566367 ] ] ] } },
{ "type": "Feature", "properties": { "name": "1970786f-e554-4818-a7fe-73c2c7adc5a9" }, "geometry": { "type": "Polygon", "coordinates": [ [ [ 465963.709477244119626, 5542848.367611882276833 ], [ 465962.983077764394693, 5542850.359179988503456 ], [ 465961.022612312459387, 5542849.624454759992659 ], [ 465961.730618359986693, 5542847.668583855032921 ], [ 465963.709477244119626, 5542848.367611882276833 ] ] ] } },
{ "type": "Feature", "properties": { "name": "24e77037-f030-7d8a-e053-84002d0a9694" }, "geometry": { "type": "Polygon", "coordinates": [ [ [ 470405.303199789661448, 5541469.397115828469396 ], [ 470455.155446719087195, 5541397.834833543747663 ], [ 470465.931596946669742, 5541405.310601872391999 ], [ 470477.728318798879627, 5541388.196005201898515 ], [ 470507.423392638680525, 5541408.797851289622486 ], [ 470447.957080091058742, 5541494.423477711156011 ], [ 470431.600339595286641, 5541483.072522037662566 ], [ 470429.442630429461133, 5541486.157670258544385 ], [ 470405.303199789661448, 5541469.397115828469396 ] ] ] } },
{ "type": "Feature", "properties": { "name": "24e77037-fc9c-7d8a-e053-84002d0a9694" }, "geometry": { "type": "Polygon", "coordinates": [ [ [ 467926.327353189117275, 5543990.421682667918503 ], [ 468030.219045226578601, 5544028.225752701982856 ], [ 468006.943943481019232, 5544092.188388086855412 ], [ 467903.052594184468035, 5544054.383663099259138 ], [ 467926.327353189117275, 5543990.421682667918503 ] ] ] } },
{ "type": "Feature", "properties": { "name": "24e77037-fea9-7d8a-e053-84002d0a9694" }, "geometry": { "type": "Polygon", "coordinates": [ [ [ 470327.375402521749493, 5541450.009062309749424 ], [ 470348.222768697247375, 5541457.938045021146536 ], [ 470347.965975182363763, 5541458.651069714687765 ], [ 470348.983154119167011, 5541458.910065287724137 ], [ 470349.128784684929997, 5541458.949286663904786 ], [ 470349.933000731980428, 5541459.169433829374611 ], [ 470350.386471929319669, 5541459.305908204987645 ], [ 470351.183629508072045, 5541459.544996587559581 ], [ 470351.912065284617711, 5541459.792248689569533 ], [ 470352.449602008040529, 5541459.974956791847944 ], [ 470353.170318392978515, 5541460.251160664483905 ], [ 470353.788406839768868, 5541460.492352603934705 ], [ 470354.447564363945276, 5541460.7766805710271 ], [ 470355.107438117847778, 5541461.061004656367004 ], [ 470355.829221316147596, 5541461.400580113753676 ], [ 470356.551714568166062, 5541461.73903985787183 ], [ 470357.192524927377235, 5541462.073504297994077 ], [ 470357.83405150618637, 5541462.407964847050607 ], [ 470358.111698840803001, 5541461.709279644303024 ], [ 470378.96840182953747, 5541469.659455354325473 ], [ 470371.088099222746678, 5541490.36510410066694 ], [ 470350.641925042204093, 5541482.546112195588648 ], [ 470350.231316683290061, 5541482.38827479723841 ], [ 470350.5752228385536, 5541481.495755285955966 ], [ 470349.418321034754626, 5541481.228637980297208 ], [ 470348.619196216750424, 5541481.021805281750858 ], [ 470348.381720130797476, 5541480.954183576628566 ], [ 470347.898888669849839, 5541480.818983823060989 ], [ 470347.15980343031697, 5541480.588469445705414 ], [ 470346.595740950026084, 5541480.401461238972843 ], [ 470346.944439092068933, 5541479.468887293711305 ], [ 470344.745030490448698, 5541478.637149196118116 ], [ 470344.379098435572814, 5541479.562035557813942 ], [ 470343.620828849263489, 5541479.230446856468916 ], [ 470342.85384661203716, 5541478.877780796028674 ], [ 470342.121203460497782, 5541478.517141522839665 ], [ 470340.696690414682962, 5541477.78563055023551 ], [ 470340.365531226969324, 5541478.651394997723401 ], [ 470339.944900250877254, 5541478.49472576752305 ], [ 470319.518073084356729, 5541470.693534900434315 ], [ 470327.375402521749493, 5541450.009062309749424 ] ] ] } },
{ "type": "Feature", "properties": { "name": "e20616f0-c24e-4e7c-a965-4a86ee860ed5" }, "geometry": { "type": "Polygon", "coordinates": [ [ [ 466875.326401456608437, 5541375.991121667437255 ], [ 466873.860249251825735, 5541376.370448228903115 ], [ 466872.394820441433694, 5541376.750882603228092 ], [ 466871.496832171455026, 5541372.978246672078967 ], [ 466875.944503047736362, 5541371.921129625290632 ], [ 466878.484502935083583, 5541371.318344579078257 ], [ 466879.175907986122184, 5541374.236106543801725 ], [ 466881.185193105076905, 5541373.764471824280918 ], [ 466883.027015237254091, 5541381.659707734361291 ], [ 466878.133590481535066, 5541382.800743440166116 ], [ 466877.000546989380382, 5541383.06570852547884 ], [ 466876.992454384802841, 5541383.031290092505515 ], [ 466875.326401456608437, 5541375.991121667437255 ] ] ] } },
{ "type": "Feature", "properties": { "name": "924d904a-fee5-46b6-9944-9481e0da62de" }, "geometry": { "type": "Polygon", "coordinates": [ [ [ 468044.502412835601717, 5541901.611289310269058 ], [ 468049.522368722071406, 5541887.745037823915482 ], [ 468077.935136981541291, 5541898.041754633188248 ], [ 468072.911530046956614, 5541911.906888947822154 ], [ 468044.502412835601717, 5541901.611289310269058 ] ] ] } },
{ "type": "Feature", "properties": { "name": "3f366887-5714-a92a-e053-b4472c0a365b" }, "geometry": { "type": "Polygon", "coordinates": [ [ [ 470236.830725759849884, 5541257.184548459015787 ], [ 470239.018451548938174, 5541257.312488225288689 ], [ 470240.962280885549262, 5541257.76645284332335 ], [ 470242.944051273167133, 5541258.602693867869675 ], [ 470244.650023201305885, 5541259.696200124919415 ], [ 470246.383962740423158, 5541261.311022982001305 ], [ 470247.477937361574732, 5541262.749277000315487 ], [ 470248.608370634494349, 5541264.947854216210544 ], [ 470249.254955717362463, 5541267.219167744740844 ], [ 470249.45413924701279, 5541269.418470640666783 ], [ 470249.283500881749205, 5541271.326291674748063 ], [ 470248.914131878351327, 5541273.308600685559213 ], [ 470247.974333835591096, 5541275.251827066764235 ], [ 470246.713289502542466, 5541277.136796753853559 ], [ 470245.248185653181281, 5541278.652644570916891 ], [ 470243.202421397727448, 5541280.09277547057718 ], [ 470242.107774026808329, 5541280.595867532305419 ], [ 470241.753990473458543, 5541280.741265676915646 ], [ 470241.295759523636661, 5541280.911705540493131 ], [ 470240.658614374173339, 5541281.113160312175751 ], [ 470240.022698044427671, 5541281.277916313149035 ], [ 470239.413779653725214, 5541281.402494709007442 ], [ 470237.652228283463046, 5541281.650225598365068 ], [ 470236.015810481098015, 5541281.599277970381081 ], [ 470234.46422691521002, 5541281.345497303642333 ], [ 470232.611365832621232, 5541280.759827731177211 ], [ 470230.978612549020909, 5541279.950559482909739 ], [ 470229.32664603512967, 5541278.777813948690891 ], [ 470228.063334029051475, 5541277.5473144762218 ], [ 470226.979509282158688, 5541276.131245534867048 ], [ 470226.24166959541617, 5541274.842231437563896 ], [ 470225.357329099962953, 5541272.456606863997877 ], [ 470225.027247351128608, 5541270.551568644121289 ], [ 470224.996756453474518, 5541268.674885649234056 ], [ 470225.286487332661636, 5541266.6718919435516 ], [ 470225.959125438064802, 5541264.607839991338551 ], [ 470227.207461355661508, 5541262.370470279827714 ], [ 470228.675002935051452, 5541260.648906316608191 ], [ 470230.287319366878364, 5541259.326814644038677 ], [ 470232.32335726643214, 5541258.198059192858636 ], [ 470234.476344118069392, 5541257.48894499335438 ], [ 470236.830725759849884, 5541257.184548459015787 ] ] ] } },
{ "type": "Feature", "properties": { "name": "661e4af6-1b2a-bde8-e053-b4472c0a3fef" }, "geometry": { "type": "Polygon", "coordinates": [ [ [ 468503.851418604783248, 5544017.343631142750382 ], [ 468504.889970011834521, 5544014.487750291824341 ], [ 468508.657328506349586, 5544015.922151084989309 ], [ 468507.608837027684785, 5544018.792544233612716 ], [ 468503.851418604783248, 5544017.343631142750382 ] ] ] } },
{ "type": "Feature", "properties": { "name": "24e77037-ec02-7d8a-e053-84002d0a9694" }, "geometry": { "type": "Polygon", "coordinates": [ [ [ 469998.171463840000797, 5541447.938234059140086 ], [ 469986.708325806888752, 5541443.756192636676133 ], [ 469999.797905300743878, 5541407.853626184165478 ], [ 470013.150356825324707, 5541412.726713442243636 ], [ 470012.885558047622908, 5541413.409778614528477 ], [ 470016.694827565574087, 5541414.787196190096438 ], [ 470016.908656481420621, 5541414.212268934585154 ], [ 470020.903173274302389, 5541415.667595879174769 ], [ 470020.697908546251711, 5541416.236915631219745 ], [ 470024.446169755421579, 5541417.593554478138685 ], [ 470024.677402969973627, 5541416.928467836230993 ], [ 470038.029042700538412, 5541421.79272626247257 ], [ 470024.939959611801896, 5541457.695195173844695 ], [ 470011.587717740389053, 5541452.837644494138658 ], [ 470011.884050604712684, 5541452.029872042126954 ], [ 470007.817056141269859, 5541450.54716086294502 ], [ 470006.561853406135924, 5541453.964326994493604 ], [ 470003.142974328016862, 5541452.709260728210211 ], [ 470004.41460047988221, 5541449.155240535736084 ], [ 470000.395064498181455, 5541447.705625554546714 ], [ 470000.05996555776801, 5541448.625915707089007 ], [ 469998.171463840000797, 5541447.938234059140086 ] ] ] } },
{ "type": "Feature", "properties": { "name": "24e77037-ebc6-7d8a-e053-84002d0a9694" }, "geometry": { "type": "Polygon", "coordinates": [ [ [ 470282.189044908329379, 5544320.456626802682877 ], [ 470283.315476381627377, 5544317.409366125240922 ], [ 470286.362327119742986, 5544318.535462615080178 ], [ 470285.236610081454273, 5544321.58271867595613 ], [ 470282.189044908329379, 5544320.456626802682877 ] ] ] } },
{ "type": "Feature", "properties": { "name": "24e77037-ebdf-7d8a-e053-84002d0a9694" }, "geometry": { "type": "Polygon", "coordinates": [ [ [ 468004.490102116134949, 5544124.126502283848822 ], [ 468007.584388446295634, 5544115.600939106196165 ], [ 468013.833347823645454, 5544117.869639121927321 ], [ 468010.739052945224103, 5544126.39519867952913 ], [ 468004.490102116134949, 5544124.126502283848822 ] ] ] } },
{ "type": "Feature", "properties": { "name": "c2207dc2-9894-4848-acab-76488818d738" }, "geometry": { "type": "Polygon", "coordinates": [ [ [ 468193.713541057251859, 5543238.420530424453318 ], [ 468190.923090381314978, 5543237.360806364566088 ], [ 468195.226069683034439, 5543226.032904924824834 ], [ 468198.016531959467102, 5543227.093743079341948 ], [ 468193.713541057251859, 5543238.420530424453318 ] ] ] } },
{ "type": "Feature", "properties": { "name": "540d1be7-315e-4124-94fd-0e727c41d3cf" }, "geometry": { "type": "Polygon", "coordinates": [ [ [ 468708.440931674675085, 5544017.843431793153286 ], [ 468709.290614358964376, 5544015.484597855247557 ], [ 468714.476676447258797, 5544017.354490368627012 ], [ 468713.623320993676316, 5544019.697778523899615 ], [ 468708.440931674675085, 5544017.843431793153286 ] ] ] } },
{ "type": "Feature", "properties": { "name": "24e77037-ebb2-7d8a-e053-84002d0a9694" }, "geometry": { "type": "Polygon", "coordinates": [ [ [ 470593.960730107035488, 5544434.861509927548468 ], [ 470595.333858630328905, 5544431.081340154632926 ], [ 470599.107883479970042, 5544432.454903222620487 ], [ 470597.734024544770364, 5544436.232852257788181 ], [ 470593.960730107035488, 5544434.861509927548468 ] ] ] } },
{ "type": "Feature", "properties": { "name": "3da6dceb-6c39-4e6e-8d6a-3af97f138524" }, "geometry": { "type": "Polygon", "coordinates": [ [ [ 464221.072184598888271, 5543191.384114162065089 ], [ 464219.927514459530357, 5543194.761921783909202 ], [ 464217.08307762403274, 5543193.786901821382344 ], [ 464218.237778638547752, 5543190.410138418897986 ], [ 464221.072184598888271, 5543191.384114162065089 ] ] ] } },
{ "type": "Feature", "properties": { "name": "24e77037-ef4f-7d8a-e053-84002d0a9694" }, "geometry": { "type": "Polygon", "coordinates": [ [ [ 467935.539727742550895, 5543455.468106638640165 ], [ 467935.652092395990621, 5543457.610041476786137 ], [ 467935.595495993911754, 5543458.681128612719476 ], [ 467935.539615652058274, 5543459.75221145991236 ], [ 467935.288464757497422, 5543461.337044513784349 ], [ 467935.20430599770043, 5543461.871254918165505 ], [ 467934.926235565682873, 5543462.906976638361812 ], [ 467934.648881277767941, 5543463.942694084718823 ], [ 467933.880375494831242, 5543465.945361012592912 ], [ 467932.906525323458482, 5543467.855859795585275 ], [ 467932.575182380445767, 5543468.36597784049809 ], [ 467931.737958167446777, 5543469.655224774032831 ], [ 467930.388152181520127, 5543471.322249444201589 ], [ 467929.630094736814499, 5543472.080651802010834 ], [ 467928.871321475424338, 5543472.839058563113213 ], [ 467928.037574728135951, 5543473.513411219231784 ], [ 467927.204550885770004, 5543474.188871565274894 ], [ 467926.305099283985328, 5543474.772443424910307 ], [ 467925.405654541216791, 5543475.357127286493778 ], [ 467924.449766470002942, 5543475.84319154266268 ], [ 467923.494601267040707, 5543476.330363526940346 ], [ 467922.039336596615613, 5543476.888358204625547 ], [ 467921.492095853551291, 5543477.098449315875769 ], [ 467919.420288434717804, 5543477.653468765318394 ], [ 467917.301342435122933, 5543477.989729656837881 ], [ 467915.159569347044453, 5543478.101526858285069 ], [ 467913.017172544961795, 5543477.989839165471494 ], [ 467911.347172561159823, 5543477.725215152837336 ], [ 467910.899206199275795, 5543477.653404482640326 ], [ 467909.862840637390036, 5543477.376086817122996 ], [ 467908.82719099818496, 5543477.09876505844295 ], [ 467907.825986781565007, 5543476.714495707303286 ], [ 467906.824782420007978, 5543476.330226543359458 ], [ 467905.869506590184756, 5543475.843388455919921 ], [ 467904.91350788611453, 5543475.355442983098328 ], [ 467904.014218142954633, 5543474.771535228937864 ], [ 467903.114928203169256, 5543474.187627629376948 ], [ 467902.281688943505287, 5543473.513261125423014 ], [ 467901.447726773389149, 5543472.837787196040154 ], [ 467900.261982508585788, 5543471.651842864230275 ], [ 467899.931329764134716, 5543471.321371486410499 ], [ 467898.581583246705122, 5543469.653851755894721 ], [ 467898.317790536675602, 5543469.248482958413661 ], [ 467897.413643999316264, 5543467.855150958523154 ], [ 467896.605730393377598, 5543466.26999713294208 ], [ 467896.439798062783666, 5543465.944097369909286 ], [ 467895.670912806352135, 5543463.941751578822732 ], [ 467895.39331356366165, 5543462.906025236472487 ], [ 467895.115707547229249, 5543461.869187062606215 ], [ 467894.780773550446611, 5543459.750825759023428 ], [ 467894.668392564111855, 5543457.608891700394452 ], [ 467894.724264760967344, 5543456.537808397784829 ], [ 467894.780853018397465, 5543455.466720800846815 ], [ 467895.116153807146475, 5543453.34878661390394 ], [ 467895.671564435819164, 5543451.277343318797648 ], [ 467896.440058174193837, 5543449.27467089984566 ], [ 467897.413892216805834, 5543447.36305364780128 ], [ 467898.582459568046033, 5543445.56479305587709 ], [ 467899.728969776246231, 5543444.148042600601912 ], [ 467899.932262356160209, 5543443.897760417312384 ], [ 467901.44909328018548, 5543442.380943168886006 ], [ 467903.11586749216076, 5543441.031122226268053 ], [ 467903.537418130028527, 5543440.757293530739844 ], [ 467904.914770706149284, 5543439.862859101034701 ], [ 467905.351664994144812, 5543439.640085386112332 ], [ 467906.82583379780408, 5543438.88961632270366 ], [ 467907.827450619486626, 5543438.505568492226303 ], [ 467908.828344880254008, 5543438.120413295924664 ], [ 467910.90016661118716, 5543437.565389839001 ], [ 467913.018418907478917, 5543437.230242638848722 ], [ 467915.160924364638049, 5543437.118440364487469 ], [ 467916.231772905332036, 5543437.174286706373096 ], [ 467917.302621421462391, 5543437.230133263394237 ], [ 467918.361970409925561, 5543437.398349643684924 ], [ 467919.421312665217556, 5543437.565454387106001 ], [ 467921.493348627525847, 5543438.121209786273539 ], [ 467923.495769248344004, 5543438.889753793366253 ], [ 467925.406330543686636, 5543439.863436419516802 ], [ 467927.205639397725463, 5543441.03236678801477 ], [ 467928.872127989656292, 5543442.382219480350614 ], [ 467929.63068451086292, 5543443.140429205261171 ], [ 467930.389240817341488, 5543443.898639032617211 ], [ 467931.063751018198673, 5543444.731849047355354 ], [ 467931.738977045926731, 5543445.565054855309427 ], [ 467932.322943332314026, 5543446.464408924803138 ], [ 467932.906916085630655, 5543447.364874902181327 ], [ 467933.199645151617005, 5543447.939078968949616 ], [ 467933.880752206663601, 5543449.275935031473637 ], [ 467934.264827391016297, 5543450.276556830853224 ], [ 467934.648909095674753, 5543451.278290505520999 ], [ 467935.204093375825323, 5543453.349747181870043 ], [ 467935.539727742550895, 5543455.468106638640165 ] ] ] } },
{ "type": "Feature", "properties": { "name": "24e77037-fddc-7d8a-e053-84002d0a9694" }, "geometry": { "type": "Polygon", "coordinates": [ [ [ 470671.940079027845059, 5541527.901721046306193 ], [ 470676.60369408573024, 5541515.419802898541093 ], [ 470673.513649490021635, 5541514.267026538029313 ], [ 470675.594099374429788, 5541508.691791826859117 ], [ 470678.687017970660236, 5541509.845665547996759 ], [ 470683.336546085134614, 5541497.401634919457138 ], [ 470716.266952361387666, 5541509.698974050581455 ], [ 470712.958871856913902, 5541518.973455888219178 ], [ 470714.543133255152497, 5541519.587444487959146 ], [ 470713.08169249718776, 5541523.094519437290728 ], [ 470714.489416654687375, 5541523.649431977421045 ], [ 470713.32999649818521, 5541527.108156408183277 ], [ 470710.656812913366593, 5541526.077609528787434 ], [ 470704.841649736685213, 5541540.194699413143098 ], [ 470671.940079027845059, 5541527.901721046306193 ] ] ] } },
{ "type": "Feature", "properties": { "name": "24e77037-f251-7d8a-e053-84002d0a9694" }, "geometry": { "type": "Polygon", "coordinates": [ [ [ 470991.641480014717672, 5542901.13191213272512 ], [ 470985.438200709468219, 5542902.816674548201263 ], [ 470982.243478755932301, 5542891.309346857480705 ], [ 470988.505900174961425, 5542889.567554435692728 ], [ 470990.78944152710028, 5542897.988794867880642 ], [ 470991.162115582614206, 5542899.363283724524081 ], [ 470991.641480014717672, 5542901.13191213272512 ] ] ] } },
{ "type": "Feature", "properties": { "name": "24e77037-f4ea-7d8a-e053-84002d0a9694" }, "geometry": { "type": "Polygon", "coordinates": [ [ [ 470938.360904741508421, 5544415.267462575808167 ], [ 470978.30725944484584, 5544416.164745976217091 ], [ 470978.534194690990262, 5544404.811184901744127 ], [ 470986.581346008344553, 5544404.967681561596692 ], [ 470986.352372601919342, 5544416.344602745957673 ], [ 471026.175921598565765, 5544417.307398527860641 ], [ 471026.535244322905783, 5544405.924214534461498 ], [ 471034.56899433885701, 5544406.118659939616919 ], [ 471034.345724488724954, 5544417.510001759044826 ], [ 471042.935010349843651, 5544417.703675872646272 ], [ 471041.008775772002991, 5544503.077839584089816 ], [ 470919.684459594602231, 5544500.341311175376177 ], [ 470920.04913430736633, 5544484.190329992212355 ], [ 470920.31967915938003, 5544472.190522629767656 ], [ 470920.705904145492241, 5544455.129904286935925 ], [ 470921.055165198049508, 5544440.356631952337921 ], [ 470921.483303934975993, 5544422.049365255050361 ], [ 470921.650083458982408, 5544414.930180137977004 ], [ 470930.287109219061676, 5544415.080050585791469 ], [ 470930.589774347376078, 5544403.716068161651492 ], [ 470938.621336463140324, 5544403.90148638933897 ], [ 470938.360904741508421, 5544415.267462575808167 ] ] ] } },
{ "type": "Feature", "properties": { "name": "24e77037-ebb7-7d8a-e053-84002d0a9694" }, "geometry": { "type": "Polygon", "coordinates": [ [ [ 470516.752600807289127, 5544407.309169156476855 ], [ 470518.126392112171743, 5544403.527863753028214 ], [ 470521.899746839015279, 5544404.90248825121671 ], [ 470520.52593486616388, 5544408.680457131005824 ], [ 470516.752600807289127, 5544407.309169156476855 ] ] ] } },
{ "type": "Feature", "properties": { "name": "24e77037-c56f-7d8a-e053-84002d0a9694" }, "geometry": { "type": "Polygon", "coordinates": [ [ [ 469843.532538926112466, 5544510.474936778657138 ], [ 469841.975383948825765, 5544510.594902337528765 ], [ 469840.71516765281558, 5544510.685397373512387 ], [ 469838.616879710403737, 5544510.822868782095611 ], [ 469837.759504018526059, 5544510.874401356093585 ], [ 469836.941471075289883, 5544510.920152840204537 ], [ 469835.491461991739925, 5544510.997264578007162 ], [ 469834.319822192832362, 5544511.052793276496232 ], [ 469830.384573875286151, 5544511.203960898332298 ], [ 469829.416812973388005, 5544511.231655768118799 ], [ 469827.532063111255411, 5544511.276752741076052 ], [ 469825.400983645231463, 5544511.312120760791004 ], [ 469824.219792836986016, 5544511.324341988191009 ], [ 469823.33280864887638, 5544511.330456549301744 ], [ 469821.732751912612002, 5544511.332810073159635 ], [ 469820.757662809337489, 5544511.330526928417385 ], [ 469820.021675433672499, 5544511.325783344916999 ], [ 469818.769473315856885, 5544511.313944845460355 ], [ 469817.558051957574207, 5544511.297429041936994 ], [ 469815.928449166414794, 5544511.265482517890632 ], [ 469814.562288421206176, 5544511.230938307009637 ], [ 469813.573446777823847, 5544511.202048796229064 ], [ 469812.327518252830487, 5544511.160155489109457 ], [ 469810.827353850996587, 5544511.103018707595766 ], [ 469809.771833795588464, 5544511.056715963408351 ], [ 469808.74565275455825, 5544511.008024092763662 ], [ 469807.916392263083253, 5544510.967116269282997 ], [ 469806.785615617758594, 5544510.90567238535732 ], [ 469806.017903005471453, 5544510.861081866547465 ], [ 469805.036760352435522, 5544510.801017679274082 ], [ 469804.16803786798846, 5544510.744766742922366 ], [ 469803.006377351295669, 5544510.665707782842219 ], [ 469802.008700069738552, 5544510.593506724573672 ], [ 469800.93579758272972, 5544510.511723477393389 ], [ 469799.590699068212416, 5544510.403679729439318 ], [ 469799.139460946258623, 5544510.36619892064482 ], [ 469798.131673188763671, 5544510.27848925255239 ], [ 469796.926889460359234, 5544510.169654117897153 ], [ 469795.445570354291704, 5544510.026800040155649 ], [ 469794.72066040331265, 5544509.955284243449569 ], [ 469793.896159781899769, 5544509.869876280426979 ], [ 469793.007894486538135, 5544509.775933363474905 ], [ 469792.290105725580361, 5544509.697706371545792 ], [ 469791.424730097118299, 5544509.600298824720085 ], [ 469790.720530688762665, 5544509.519771544262767 ], [ 469790.152432444505394, 5544509.452930395491421 ], [ 469789.045587504166178, 5544509.319082542322576 ], [ 469788.006061517226044, 5544509.189302324317396 ], [ 469787.249507666158024, 5544509.092392843216658 ], [ 469785.676899171376135, 5544508.884455701336265 ], [ 469791.640642617654521, 5544492.557204044423997 ], [ 469779.04320431582164, 5544487.967318977229297 ], [ 469782.440921747882385, 5544478.581601345911622 ], [ 469782.826155715913046, 5544478.720635160803795 ], [ 469795.069150005991105, 5544483.16909693274647 ], [ 469814.193773946550209, 5544430.811426700092852 ], [ 469814.821255207236391, 5544429.093358802609146 ], [ 469814.962582955427933, 5544429.144820119254291 ], [ 469815.55453209677944, 5544427.600406949408352 ], [ 469815.694440615130588, 5544427.654100065119565 ], [ 469817.06635113019729, 5544423.881515511311591 ], [ 469816.98601308639627, 5544423.854171572253108 ], [ 469816.917851680889726, 5544423.827870829030871 ], [ 469817.07495176140219, 5544423.375558978877962 ], [ 469817.229906901717186, 5544423.431391023099422 ], [ 469818.594051295716781, 5544419.677752777934074 ], [ 469818.467569173197262, 5544419.592851048335433 ], [ 469818.631941452622414, 5544419.160512174479663 ], [ 469825.427832546352874, 5544421.627260161563754 ], [ 469825.257229856681079, 5544422.097438076511025 ], [ 469831.191829019633587, 5544424.178778906352818 ], [ 469831.368875295273028, 5544423.708564851433039 ], [ 469831.81866235245252, 5544423.868364054709673 ], [ 469831.653083042940125, 5544424.340737208724022 ], [ 469837.535309660073835, 5544426.403478278778493 ], [ 469837.704512813827023, 5544425.93886807654053 ], [ 469838.387438245175872, 5544426.180744982324541 ], [ 469839.416719215339981, 5544423.347417459823191 ], [ 469842.393252936890349, 5544424.439189570955932 ], [ 469843.203739426098764, 5544422.163038882426918 ], [ 469870.66143152420409, 5544425.042685398831964 ], [ 469871.165030536532868, 5544437.683101347647607 ], [ 469870.050546361715533, 5544437.720510040409863 ], [ 469843.532538926112466, 5544510.474936778657138 ] ] ] } },
{ "type": "Feature", "properties": { "name": "3f25fa33-9a96-9eb7-e053-b4472c0a31f2" }, "geometry": { "type": "Polygon", "coordinates": [ [ [ 468095.995049294608179, 5541637.138246129266918 ], [ 468096.201787685451563, 5541637.212622615508735 ], [ 468096.301166622026358, 5541636.940730769187212 ], [ 468104.509900370612741, 5541639.930613495409489 ], [ 468104.588135704689194, 5541639.716665723361075 ], [ 468175.716162075696047, 5541665.612914394587278 ], [ 468197.030599320598412, 5541673.372885772958398 ], [ 468299.283312218030915, 5541710.599574406631291 ], [ 468272.773648591595702, 5541782.22737654671073 ], [ 468265.125152334396262, 5541802.891480902209878 ], [ 468153.132664216973353, 5541762.086395139805973 ], [ 468152.501090786710847, 5541763.80467713624239 ], [ 468152.898121904872824, 5541763.960203503258526 ], [ 468147.125493914762046, 5541779.842227711342275 ], [ 468080.396205040102359, 5541755.522372451610863 ], [ 468078.18114897882333, 5541761.600906986743212 ], [ 468055.256507475744002, 5541753.213904683478177 ], [ 468053.055439254152589, 5541759.231212764978409 ], [ 468033.844932597363368, 5541752.20310599077493 ], [ 468043.041752038989216, 5541727.064095789566636 ], [ 468062.252335932396818, 5541734.092235608026385 ], [ 468057.466043257038109, 5541747.174309412948787 ], [ 468064.244633650640026, 5541749.635620114393532 ], [ 468072.525057984166779, 5541726.831525533460081 ], [ 468072.651638826529961, 5541726.557247230783105 ], [ 468072.003425630158745, 5541726.322056788951159 ], [ 468071.901244253211189, 5541726.603972821496427 ], [ 468064.599290300044231, 5541723.947857897728682 ], [ 468064.726799418218434, 5541723.589070639573038 ], [ 468064.522928957419936, 5541723.514678284525871 ], [ 468070.131475660775322, 5541708.135002865456045 ], [ 468070.338218325516209, 5541708.210490197874606 ], [ 468072.121242414461449, 5541703.313126526772976 ], [ 468071.915215856279247, 5541703.237634854391217 ], [ 468073.817270925967023, 5541698.000437345355749 ], [ 468074.027555502601899, 5541698.069232396781445 ], [ 468074.119165858719498, 5541697.816288442350924 ], [ 468082.073624112759717, 5541700.700911268591881 ], [ 468096.57297879899852, 5541660.92357035074383 ], [ 468088.650609453208745, 5541658.023168050684035 ], [ 468090.63540208816994, 5541652.60091136675328 ], [ 468090.391325125237927, 5541652.511191204190254 ], [ 468095.995049294608179, 5541637.138246129266918 ] ] ] } },
{ "type": "Feature", "properties": { "name": "661e4af6-1ca1-bde8-e053-b4472c0a3fef" }, "geometry": { "type": "Polygon", "coordinates": [ [ [ 470561.104043328436092, 5541653.723027956672013 ], [ 470558.173658426851034, 5541652.677293023094535 ], [ 470566.102070565335453, 5541629.952481378801167 ], [ 470569.008737443422433, 5541630.981672874651849 ], [ 470561.104043328436092, 5541653.723027956672013 ] ] ] } },
{ "type": "Feature", "properties": { "name": "661e4af6-1dfa-bde8-e053-b4472c0a3fef" }, "geometry": { "type": "Polygon", "coordinates": [ [ [ 467962.860557913547382, 5543122.808975143358111 ], [ 467960.023098579724319, 5543121.809693841263652 ], [ 467962.53181695722742, 5543114.904312372207642 ], [ 467965.366628061747178, 5543115.939191267825663 ], [ 467962.860557913547382, 5543122.808975143358111 ] ] ] } },
{ "type": "Feature", "properties": { "name": "661e4af6-1b57-bde8-e053-b4472c0a3fef" }, "geometry": { "type": "Polygon", "coordinates": [ [ [ 468529.100702264695428, 5544004.701907293871045 ], [ 468530.134676406916697, 5544001.917219283990562 ], [ 468535.838988280796912, 5544003.996262166649103 ], [ 468534.792222378600854, 5544006.797702589072287 ], [ 468529.100702264695428, 5544004.701907293871045 ] ] ] } },
{ "type": "Feature", "properties": { "name": "4bf11b24-821c-62c6-e053-b3472c0afd68" }, "geometry": { "type": "Polygon", "coordinates": [ [ [ 465741.279048913973384, 5542852.547312955372036 ], [ 465744.48288375174161, 5542848.710798098705709 ], [ 465746.011467177304439, 5542849.993034789338708 ], [ 465742.811900274246, 5542853.825073854066432 ], [ 465741.279048913973384, 5542852.547312955372036 ] ] ] } },
{ "type": "Feature", "properties": { "name": "661e4af6-1b1b-bde8-e053-b4472c0a3fef" }, "geometry": { "type": "Polygon", "coordinates": [ [ [ 468496.615570797643159, 5544017.932162127457559 ], [ 468497.654118238016963, 5544015.076279853470623 ], [ 468503.359566557104699, 5544017.105246507562697 ], [ 468502.342632689280435, 5544019.984350077807903 ], [ 468496.615570797643159, 5544017.932162127457559 ] ] ] } },
{ "type": "Feature", "properties": { "name": "7194ef90-d1ff-4839-abee-4be737cacd75" }, "geometry": { "type": "Polygon", "coordinates": [ [ [ 465919.800924479262903, 5542837.534729479812086 ], [ 465919.082232985820156, 5542839.497345427051187 ], [ 465917.11480857024435, 5542838.796037223190069 ], [ 465917.82970648718765, 5542836.80008842330426 ], [ 465919.800924479262903, 5542837.534729479812086 ] ] ] } },
{ "type": "Feature", "properties": { "name": "24e77037-f846-7d8a-e053-84002d0a9694" }, "geometry": { "type": "Polygon", "coordinates": [ [ [ 467983.669403520529158, 5543479.35686747636646 ], [ 467983.725937389594037, 5543480.428389181382954 ], [ 467983.669331688375678, 5543481.499475805088878 ], [ 467983.613442044064868, 5543482.570558149367571 ], [ 467983.445771818282083, 5543483.628966524265707 ], [ 467983.278108313388657, 5543484.688486751168966 ], [ 467983.000029861577787, 5543485.724205975420773 ], [ 467982.722674202115741, 5543486.761032780632377 ], [ 467982.338410660915542, 5543487.761806860566139 ], [ 467981.954147266224027, 5543488.762580968439579 ], [ 467981.467219025129452, 5543489.718381892889738 ], [ 467980.980290960404091, 5543490.674182866699994 ], [ 467980.395643794676289, 5543491.573862224817276 ], [ 467979.81170620478224, 5543492.472425518557429 ], [ 467979.137156631157268, 5543493.305929615162313 ], [ 467978.461891239567194, 5543494.139438084326684 ], [ 467977.703830336802639, 5543494.897833644412458 ], [ 467976.945053620554972, 5543495.656233598478138 ], [ 467976.112027175491676, 5543496.331686344929039 ], [ 467975.278278258920182, 5543497.006031658500433 ], [ 467974.37883202615194, 5543497.590707303024828 ], [ 467973.479379335942212, 5543498.17427125107497 ], [ 467972.958248522365466, 5543498.439795264042914 ], [ 467971.56833236356033, 5543499.148602208122611 ], [ 467970.566722508927342, 5543499.53263817448169 ], [ 467969.56582882523071, 5543499.916670043021441 ], [ 467968.529927100986242, 5543500.194170380011201 ], [ 467967.494025482214056, 5543500.471670920029283 ], [ 467965.375079058285337, 5543500.806800966151059 ], [ 467963.233320955827367, 5543500.919690815731883 ], [ 467962.162485743698198, 5543500.863835117779672 ], [ 467961.091643851366825, 5543500.806867790408432 ], [ 467960.032315465214197, 5543500.639754839241505 ], [ 467958.972980354563333, 5543500.471530251204967 ], [ 467957.486216979508754, 5543500.073480279184878 ], [ 467956.900979119702242, 5543499.916872254572809 ], [ 467955.460541335691232, 5543499.362881173379719 ], [ 467954.89857945399126, 5543499.147203942760825 ], [ 467953.298327734344639, 5543498.331764766015112 ], [ 467952.987328587798402, 5543498.173515099100769 ], [ 467951.587011776980944, 5543497.264592558145523 ], [ 467951.18876714509679, 5543497.005683622322977 ], [ 467949.521585005742963, 5543495.65582824870944 ], [ 467948.005208114569541, 5543494.139398949220777 ], [ 467946.655482336471323, 5543492.471867122687399 ], [ 467945.48684817540925, 5543490.673160144127905 ], [ 467944.75429835554678, 5543489.234317018650472 ], [ 467944.513739541289397, 5543488.762093544006348 ], [ 467943.956550023751333, 5543487.311081346124411 ], [ 467943.744875478325412, 5543486.759740861132741 ], [ 467943.288572863501031, 5543485.056837797164917 ], [ 467943.189691108302213, 5543484.687171373516321 ], [ 467942.944117529143114, 5543483.138670470565557 ], [ 467942.854061418329366, 5543482.568811361677945 ], [ 467942.742416041379329, 5543480.42687201499939 ], [ 467942.854179065965582, 5543478.28470641374588 ], [ 467943.190213301393669, 5543476.166770946234465 ], [ 467943.744917281088419, 5543474.094225075095892 ], [ 467943.896513405896258, 5543473.700820654630661 ], [ 467944.514148212329019, 5543472.092667108401656 ], [ 467945.48799505084753, 5543470.181058592163026 ], [ 467945.931493389303796, 5543469.506822124123573 ], [ 467946.655857306905091, 5543468.382812769152224 ], [ 467947.370209930057172, 5543467.500143148005009 ], [ 467948.00566907360917, 5543466.715792233124375 ], [ 467948.764445900684223, 5543465.957388208247721 ], [ 467949.522506910027005, 5543465.198988583870232 ], [ 467950.356250984128565, 5543464.523527449928224 ], [ 467951.189285893167835, 5543463.849182586185634 ], [ 467952.088735362514853, 5543463.264503085054457 ], [ 467952.988191685290076, 5543462.680935590527952 ], [ 467953.944078008760698, 5543462.193764612078667 ], [ 467954.899971162027214, 5543461.707705655135214 ], [ 467955.900864353985526, 5543461.322559243068099 ], [ 467956.902480378979817, 5543460.938520580530167 ], [ 467957.938389153918251, 5543460.661018039099872 ], [ 467958.974298034328967, 5543460.383515698835254 ], [ 467960.033063014794607, 5543460.215953633189201 ], [ 467961.092544093262404, 5543460.04838749114424 ], [ 467962.163431300199591, 5543459.991942066699266 ], [ 467963.234318527625874, 5543459.93549685459584 ], [ 467964.305168562568724, 5543459.992464647628367 ], [ 467965.376727951748762, 5543460.048316519707441 ], [ 467966.436064173060004, 5543460.215430548414588 ], [ 467967.494690946827177, 5543460.383660920895636 ], [ 467967.983108518004883, 5543460.514164289459586 ], [ 467969.566712933243252, 5543460.939434893429279 ], [ 467970.56791553174844, 5543461.323715776205063 ], [ 467971.569117984792683, 5543461.707996847108006 ], [ 467972.056085849297233, 5543461.955257487483323 ], [ 467973.480378316191491, 5543462.681692313402891 ], [ 467974.379662371939048, 5543463.265611703507602 ], [ 467975.278946230828296, 5543463.84953124448657 ], [ 467976.11290034808917, 5543464.525016635656357 ], [ 467976.946131569333375, 5543465.199394589290023 ], [ 467977.704678029753268, 5543465.957611110061407 ], [ 467978.462508243101183, 5543466.715832023881376 ], [ 467979.812230394920334, 5543468.383371789008379 ], [ 467980.980857689282857, 5543470.182086171582341 ], [ 467981.703249413170852, 5543471.599869041703641 ], [ 467981.954672538093291, 5543472.093155023641884 ], [ 467982.722808236721903, 5543474.095517381094396 ], [ 467983.155660685210023, 5543475.710724800825119 ], [ 467983.277978289232124, 5543476.168090874329209 ], [ 467983.5153581679333, 5543477.665495672263205 ], [ 467983.613592315115966, 5543478.28645334020257 ], [ 467983.669403520529158, 5543479.35686747636646 ] ] ] } },
{ "type": "Feature", "properties": { "name": "24e77037-f6c0-7d8a-e053-84002d0a9694" }, "geometry": { "type": "Polygon", "coordinates": [ [ [ 470875.409175287932158, 5544523.04219494946301 ], [ 470875.010581866081338, 5544523.073273709975183 ], [ 470874.490518189384602, 5544516.440381946973503 ], [ 470881.184306000941433, 5544515.915830017998815 ], [ 470881.704361415177118, 5544522.548722394742072 ], [ 470877.477274613687769, 5544522.879721321165562 ], [ 470877.938883816881571, 5544528.77019315585494 ], [ 470884.962554438505322, 5544528.220500669442117 ], [ 470888.423612776969094, 5544572.492449867539108 ], [ 470844.140191138256341, 5544575.962499870918691 ], [ 470840.670893166447058, 5544531.690620621666312 ], [ 470875.870786758139729, 5544528.932666617445648 ], [ 470875.409175287932158, 5544523.04219494946301 ] ] ] } },
{ "type": "Feature", "properties": { "name": "a8975df3-17c2-4502-bf4c-7c7e65482a14" }, "geometry": { "type": "Polygon", "coordinates": [ [ [ 471123.223734771716408, 5544524.46308274473995 ], [ 471120.931471959396731, 5544524.611104913987219 ], [ 471120.797134240856394, 5544522.535943742841482 ], [ 471123.057194888882805, 5544522.390319093130529 ], [ 471123.031860240618698, 5544522.073569067753851 ], [ 471143.028585733904038, 5544520.462412280030549 ], [ 471144.479425126512069, 5544538.059036448597908 ], [ 471124.442621366062667, 5544539.660397808998823 ], [ 471123.223734771716408, 5544524.46308274473995 ] ] ] } },
{ "type": "Feature", "properties": { "name": "24e77037-fbcf-7d8a-e053-84002d0a9694" }, "geometry": { "type": "Polygon", "coordinates": [ [ [ 468787.662933990126476, 5544461.76327795162797 ], [ 468788.943404719990212, 5544457.536193742416799 ], [ 468793.528088250255678, 5544458.992709812708199 ], [ 468792.248291264288127, 5544463.213117648847401 ], [ 468787.662933990126476, 5544461.76327795162797 ] ] ] } },
{ "type": "Feature", "properties": { "name": "93c535c0-969a-41a6-8472-57c195d4d482" }, "geometry": { "type": "Polygon", "coordinates": [ [ [ 467950.235909207258373, 5543928.898839085362852 ], [ 467952.369815220532473, 5543929.655486209318042 ], [ 467954.507969842175953, 5543930.40432551689446 ], [ 467950.759550326270983, 5543940.895206003449857 ], [ 467948.614915648882743, 5543940.139735699631274 ], [ 467946.495942053792533, 5543939.365210434421897 ], [ 467950.235909207258373, 5543928.898839085362852 ] ] ] } },
{ "type": "Feature", "properties": { "name": "f694d8a5-0272-414b-aae9-a61d1db88910" }, "geometry": { "type": "Polygon", "coordinates": [ [ [ 468556.29205676127458, 5542064.60029187053442 ], [ 468559.087070416600909, 5542065.614595767110586 ], [ 468555.011211019183975, 5542077.006434445269406 ], [ 468552.201871577592101, 5542075.99110496416688 ], [ 468554.247037041001022, 5542070.308484219945967 ], [ 468556.29205676127458, 5542064.60029187053442 ] ] ] } },
{ "type": "Feature", "properties": { "name": "e413cff1-f7bc-4156-ab37-09276b60ce84" }, "geometry": { "type": "Polygon", "coordinates": [ [ [ 470174.430361648206599, 5541757.797605418600142 ], [ 470174.835360503406264, 5541758.365744367241859 ], [ 470178.450807946559507, 5541753.930331997573376 ], [ 470178.352284156542737, 5541753.473897830583155 ], [ 470178.29311136493925, 5541753.009461363777518 ], [ 470178.27331434894586, 5541752.541469972580671 ], [ 470178.29291788599221, 5541752.074371039867401 ], [ 470178.352650631335564, 5541751.610384277999401 ], [ 470178.451098647841718, 5541751.152853193692863 ], [ 470178.588286712125409, 5541750.706225177273154 ], [ 470178.762788501800969, 5541750.271620052866638 ], [ 470178.973196268430911, 5541749.8534931903705 ], [ 470179.218096070049796, 5541749.455188101157546 ], [ 470179.496784033253789, 5541749.078932475298643 ], [ 470179.805697427713312, 5541748.728081800043583 ], [ 470180.143416114675347, 5541748.404867747798562 ], [ 470180.507081238203682, 5541748.110418123193085 ], [ 470180.895278847194277, 5541747.848076445050538 ], [ 470181.303723749646451, 5541747.620090343989432 ], [ 470181.729557084385306, 5541747.427587621845305 ], [ 470182.170636249997187, 5541747.271692092530429 ], [ 470182.623386120772921, 5541747.153535549528897 ], [ 470183.08495402202243, 5541747.075357638299465 ], [ 470183.551029991242103, 5541747.034958600066602 ], [ 470184.018767543078866, 5541747.035689923912287 ], [ 470184.484572976652998, 5541747.075347854755819 ], [ 470184.94629749644082, 5541747.153944363817573 ], [ 470185.398927259782795, 5541747.271507360041142 ], [ 470185.839597210520878, 5541747.428052794188261 ], [ 470186.26613998436369, 5541747.620257085189223 ], [ 470186.674258004117291, 5541747.848144159652293 ], [ 470187.062512550503016, 5541748.110610144212842 ], [ 470187.425871218147222, 5541748.404347403906286 ], [ 470187.763611553178634, 5541748.728248081170022 ], [ 470188.072849939228036, 5541749.078992581926286 ], [ 470188.351431403134484, 5541749.455481015145779 ], [ 470188.596472332777921, 5541749.854393791407347 ], [ 470192.545924591482617, 5541746.355558771640062 ], [ 470198.255863029742613, 5541740.256247844547033 ], [ 470212.874560264579486, 5541753.65534873213619 ], [ 470207.122763869527262, 5541759.9561273958534 ], [ 470211.003945082717109, 5541763.498112041503191 ], [ 470216.887182645965368, 5541757.26220741122961 ], [ 470216.8878989063669, 5541757.262203427962959 ], [ 470232.294595907034818, 5541771.467534936033189 ], [ 470242.794929996423889, 5541781.073638543486595 ], [ 470242.785674258426297, 5541781.083696900866926 ], [ 470246.783554738562088, 5541784.880791204981506 ], [ 470246.862589737051167, 5541784.795849167741835 ], [ 470255.850286845816299, 5541793.018308690749109 ], [ 470277.292774456727784, 5541812.632899779826403 ], [ 470290.152626796392724, 5541824.483116153627634 ], [ 470313.324298342864495, 5541845.712713594548404 ], [ 470328.118739152734634, 5541859.262367276474833 ], [ 470328.118022905895486, 5541859.262371243909001 ], [ 470328.018730283773039, 5541867.325165342539549 ], [ 470332.045259975013323, 5541862.999878455884755 ], [ 470332.045970061211847, 5541862.998762641102076 ], [ 470346.550981834065169, 5541876.29656159132719 ], [ 470342.568012249015737, 5541880.598246902227402 ], [ 470342.443675237067509, 5541880.651193915866315 ], [ 470341.711343078466598, 5541887.19088233076036 ], [ 470341.956366370141041, 5541887.589802141301334 ], [ 470342.167108495195862, 5541888.006701914593577 ], [ 470342.34142073104158, 5541888.441593552008271 ], [ 470342.478556052374188, 5541888.888921783305705 ], [ 470342.577069665829185, 5541889.346470845863223 ], [ 470342.636936949449591, 5541889.809793354012072 ], [ 470342.656719269813038, 5541890.277785393409431 ], [ 470342.636385847406927, 5541890.744887734763324 ], [ 470342.577356861962471, 5541891.208868753165007 ], [ 470342.478897607012186, 5541891.666396874934435 ], [ 470342.341699702490587, 5541892.113020752556622 ], [ 470342.167189483647235, 5541892.547620604746044 ], [ 470341.956774810445495, 5541892.96574112214148 ], [ 470341.711153456999455, 5541893.364042801782489 ], [ 470341.433178080420475, 5541893.740286085754633 ], [ 470341.124262693279888, 5541894.091127507388592 ], [ 470340.786543706781231, 5541894.414331479929388 ], [ 470340.42216368811205, 5541894.708774259313941 ], [ 470340.034685370104853, 5541894.971100475639105 ], [ 470339.626245157734957, 5541895.199074539355934 ], [ 470339.199701854435261, 5541895.391568739898503 ], [ 470338.758630504598841, 5541895.54745139926672 ], [ 470338.305889908922836, 5541895.665594805032015 ], [ 470337.84505510883173, 5541895.744867275469005 ], [ 470337.378984903043602, 5541895.784141094423831 ], [ 470336.911266649607569, 5541895.78450827114284 ], [ 470336.444759146659635, 5541895.744841093197465 ], [ 470335.983759835013188, 5541895.665115748532116 ], [ 470335.531145990884397, 5541895.547540059313178 ], [ 470335.089782573108096, 5541895.392098150216043 ], [ 470334.663250783109106, 5541895.198770177550614 ], [ 470334.255150302429684, 5541894.970871839672327 ], [ 470333.867629851622041, 5541894.708391226828098 ], [ 470333.503572874062229, 5541894.414647999219596 ], [ 470333.16585049580317, 5541894.090738127939403 ], [ 470332.856629922403954, 5541893.73998523876071 ], [ 470332.578782283468172, 5541893.363485302776098 ], [ 470332.333048464613967, 5541892.965681730769575 ], [ 470332.122299599577673, 5541892.547670492902398 ], [ 470331.947992819536012, 5541892.113891030661762 ], [ 470331.81085669453023, 5541891.666563062928617 ], [ 470331.712342199054547, 5541891.209014195017517 ], [ 470331.653184065187816, 5541890.744575986638665 ], [ 470331.633406944398303, 5541890.27769582811743 ], [ 470331.653023166989442, 5541889.810597410425544 ], [ 470331.712761306902394, 5541889.345500458031893 ], [ 470331.811225849785842, 5541888.889083981513977 ], [ 470331.947700562246609, 5541888.441351956687868 ], [ 470332.122210093541071, 5541888.006751770153642 ], [ 470332.333346606348641, 5541887.589738743379712 ], [ 470332.578251294558868, 5541887.19144060369581 ], [ 470332.856226400181185, 5541886.815196864306927 ], [ 470333.16585176018998, 5541886.463239154778421 ], [ 470333.503570799948648, 5541886.140034707263112 ], [ 470333.867234789766371, 5541885.845595428720117 ], [ 470334.254719636577647, 5541885.584380618296564 ], [ 470334.663160363677889, 5541885.356406150385737 ], [ 470335.089698152325582, 5541885.162799746729434 ], [ 470335.530770258046687, 5541885.006916790269315 ], [ 470335.983517858723644, 5541884.889885000884533 ], [ 470336.445069812703878, 5541884.810608410276473 ], [ 470336.911134809546638, 5541884.770222666673362 ], [ 470337.378860183875076, 5541884.770967338234186 ], [ 470337.844652390689589, 5541884.810638570226729 ], [ 470338.306362689705566, 5541884.889248264022171 ], [ 470338.75897736789193, 5541885.006824187934399 ], [ 470339.199631443072576, 5541885.163382212631404 ], [ 470339.626157701131888, 5541885.355598700232804 ], [ 470340.034974919224624, 5541885.583493476733565 ], [ 470340.422495717124548, 5541885.845974535681307 ], [ 470340.786552886012942, 5541886.139718229882419 ], [ 470341.124275293143, 5541886.463628579862416 ], [ 470341.432779490598477, 5541886.814385906793177 ], [ 470341.711343078466598, 5541887.19088233076036 ], [ 470342.443675237067509, 5541880.651193915866315 ], [ 470342.311330226890277, 5541880.680835798382759 ], [ 470342.176701009855606, 5541880.686028972268105 ], [ 470342.042652559757698, 5541880.66675756406039 ], [ 470341.979512252961285, 5541880.647093428298831 ], [ 470341.380680729518645, 5541880.38244700152427 ], [ 470340.767011247982737, 5541880.1545748738572 ], [ 470340.141368795128074, 5541879.9634611858055 ], [ 470339.505185870279092, 5541879.809098003432155 ], [ 470338.860623534827027, 5541879.693697120994329 ], [ 470338.21125070459675, 5541879.615015011280775 ], [ 470337.557802113879006, 5541879.576383250765502 ], [ 470336.903130435326602, 5541879.57556227222085 ], [ 470336.250106817868073, 5541879.613648053258657 ], [ 470335.600163763854653, 5541879.690632663667202 ], [ 470334.955450019042473, 5541879.806504188105464 ], [ 470334.319534498325083, 5541879.959019100293517 ], [ 470333.693139617273118, 5541880.149285272695124 ], [ 470333.079124204348773, 5541880.37617498356849 ], [ 470332.480353246093728, 5541880.639672354795039 ], [ 470331.897530676273163, 5541880.937549720518291 ], [ 470331.333521478693001, 5541881.269791203550994 ], [ 470330.789745827729348, 5541881.634165168739855 ], [ 470330.269068703812081, 5541882.030655733309686 ], [ 470329.779251740139443, 5541882.438094158656895 ], [ 470329.315379798645154, 5541882.874297760426998 ], [ 470328.877440559503157, 5541883.33704283554107 ], [ 470328.469015239388682, 5541883.826309532858431 ], [ 470328.090079193003476, 5541884.337650462985039 ], [ 470327.742787307710387, 5541884.872165561653674 ], [ 470327.428547420771793, 5541885.425399493426085 ], [ 470327.148075768549461, 5541885.997348289936781 ], [ 470326.902070102631114, 5541886.584672435186803 ], [ 470326.691956738824956, 5541887.186252142302692 ], [ 470326.518433425866533, 5541887.79874789621681 ], [ 470326.381493991008028, 5541888.421047849580646 ], [ 470326.282558585284278, 5541889.050920369103551 ], [ 470326.221608711523004, 5541889.68502991180867 ], [ 470326.198632033658214, 5541890.321152786724269 ], [ 470326.214338619436603, 5541890.958173176273704 ], [ 470326.267993728513829, 5541891.592759513296187 ], [ 470326.3595850248239, 5541892.22268810402602 ], [ 470326.489106333872769, 5541892.846847104839981 ], [ 470326.655100513191428, 5541893.460797071456909 ], [ 470326.858283793320879, 5541894.064534040167928 ], [ 470327.097205195168499, 5541894.654730414040387 ], [ 470327.371858547441661, 5541895.230274350382388 ], [ 470327.679360389942303, 5541895.787846192717552 ], [ 470328.020414635248017, 5541896.325218283571303 ], [ 470328.063017916516401, 5541896.387247506529093 ], [ 470327.91993434377946, 5541896.547039256431162 ], [ 470323.985537625849247, 5541900.948538883589208 ], [ 470318.555925649765413, 5541895.977394668385386 ], [ 470322.188303395465482, 5541892.00786264706403 ], [ 470321.968005537637509, 5541891.805609509348869 ], [ 470316.795313965296373, 5541887.055419177748263 ], [ 470316.600213638448622, 5541886.876376069150865 ], [ 470312.951369047164917, 5541890.847115027718246 ], [ 470309.411529175646137, 5541887.606707991100848 ], [ 470313.292506538506132, 5541883.388954139314592 ], [ 470313.393565898644738, 5541883.271646437235177 ], [ 470313.516970585449599, 5541883.179788098670542 ], [ 470313.658441628620494, 5541883.116738498210907 ], [ 470314.484309341176413, 5541876.52982846274972 ], [ 470314.239283497387078, 5541876.130909907631576 ], [ 470314.028538734186441, 5541875.714011228643358 ], [ 470313.854223791626282, 5541875.279120510444045 ], [ 470313.71708574105287, 5541874.831793012097478 ], [ 470313.61856940825237, 5541874.374244480393827 ], [ 470313.559415703406557, 5541873.910918327048421 ], [ 470313.53963080025278, 5541873.442926394753158 ], [ 470313.559245529177133, 5541872.975827917456627 ], [ 470313.618272228224669, 5541872.511846586130559 ], [ 470313.717445644317195, 5541872.054313968867064 ], [ 470313.853925462346524, 5541871.607693334110081 ], [ 470314.028434100095183, 5541871.173092567361891 ], [ 470314.239563730079681, 5541870.754966988228261 ], [ 470314.48446786927525, 5541870.356668031774461 ], [ 470314.762442604114767, 5541869.980423358269036 ], [ 470315.07207393849967, 5541869.629576458595693 ], [ 470315.409792973834556, 5541869.306370876729488 ], [ 470315.773457137460355, 5541869.01193037815392 ], [ 470316.160936181026045, 5541868.749602421186864 ], [ 470316.569377445615828, 5541868.521626579575241 ], [ 470316.995922107016668, 5541868.329130587168038 ], [ 470317.436995094059967, 5541868.173246148042381 ], [ 470317.889737579389475, 5541868.055100992321968 ], [ 470318.350574489275459, 5541867.975826816633344 ], [ 470318.816646994440816, 5541867.936551352031529 ], [ 470319.285083939321339, 5541867.936178631149232 ], [ 470319.750877757382113, 5541867.975848295725882 ], [ 470320.211879701470025, 5541868.055572248995304 ], [ 470320.664496208541095, 5541868.173146649263799 ], [ 470321.105868450074922, 5541868.329699219204485 ], [ 470321.532396702968981, 5541868.521914266981184 ], [ 470321.940499732852913, 5541868.749811634421349 ], [ 470322.328022635774687, 5541869.012291382066905 ], [ 470322.692081939312629, 5541869.306033849716187 ], [ 470323.029806497972459, 5541869.629943056963384 ], [ 470323.339029089023825, 5541869.980695371516049 ], [ 470323.61759481561603, 5541870.357190852053463 ], [ 470323.862614052603021, 5541870.75499798450619 ], [ 470324.073364397569094, 5541871.173008891753852 ], [ 470324.247672474011779, 5541871.606788091361523 ], [ 470324.384809721028432, 5541872.054115852341056 ], [ 470324.483325171691831, 5541872.511664577759802 ], [ 470324.542484105739277, 5541872.976102693937719 ], [ 470324.562261886254419, 5541873.442982817068696 ], [ 470324.542646200454328, 5541873.910081252455711 ], [ 470324.483624734974001, 5541874.375174306333065 ], [ 470324.384444285125937, 5541874.831594876945019 ], [ 470324.247969839256257, 5541875.279327085241675 ], [ 470324.07346051413333, 5541875.713927522301674 ], [ 470323.863040404045023, 5541876.130936895497143 ], [ 470323.617419597576372, 5541876.529239398427308 ], [ 470323.339444591721985, 5541876.905483612790704 ], [ 470323.029819310235325, 5541877.25744188670069 ], [ 470322.692100327927619, 5541877.580646990798414 ], [ 470322.328436377516482, 5541877.875087023712695 ], [ 470321.940951540833339, 5541878.136302693746984 ], [ 470321.532510790915694, 5541878.36427813116461 ], [ 470321.105972936726175, 5541878.557885611429811 ], [ 470320.664900705742184, 5541878.713769754394889 ], [ 470320.212152903317474, 5541878.830802835524082 ], [ 470319.751316903915722, 5541878.910076855681837 ], [ 470319.285245349048637, 5541878.9493522439152 ], [ 470318.816809367388487, 5541878.949724963866174 ], [ 470318.351016495085787, 5541878.910055388696492 ], [ 470317.890021616942249, 5541878.831443442963064 ], [ 470317.437399780610576, 5541878.712757431901991 ], [ 470316.996034443553071, 5541878.557317011989653 ], [ 470316.569506818370428, 5541878.36510232463479 ], [ 470316.161398119060323, 5541878.136093518696725 ], [ 470315.773881726665422, 5541877.874726058915257 ], [ 470315.409822614630684, 5541877.580984060652554 ], [ 470315.072098084783647, 5541877.257075331173837 ], [ 470314.762875360960606, 5541876.906323487870395 ], [ 470314.484309341176413, 5541876.52982846274972 ], [ 470313.658441628620494, 5541883.116738498210907 ], [ 470313.809396431548521, 5541883.08476897329092 ], [ 470313.964123534678947, 5541883.087246830575168 ], [ 470314.718621374398936, 5541883.394390569068491 ], [ 470315.487246762262657, 5541883.665875921957195 ], [ 470316.267850980628282, 5541883.901714811101556 ], [ 470316.876681273977738, 5541884.031765492632985 ], [ 470317.49176050699316, 5541884.126201432198286 ], [ 470318.111656204273459, 5541884.18503057397902 ], [ 470318.733497241628356, 5541884.207156953401864 ], [ 470319.355851145344786, 5541884.192588513717055 ], [ 470319.975852953793947, 5541884.14134112931788 ], [ 470320.592076355940662, 5541884.054534589871764 ], [ 470321.20237263321178, 5541883.932180801406503 ], [ 470321.80458690476371, 5541883.773179825395346 ], [ 470322.396588938310742, 5541883.580879108048975 ], [ 470322.97550144570414, 5541883.353070828132331 ], [ 470323.54062051710207, 5541883.091982646845281 ], [ 470324.089081186859403, 5541882.797630435787141 ], [ 470324.618759378034156, 5541882.47447348292917 ], [ 470325.128926529374439, 5541882.12029206007719 ], [ 470325.618168642686214, 5541881.738429636694491 ], [ 470326.085053233895451, 5541881.328894149512053 ], [ 470326.528153978695627, 5541880.892805370502174 ], [ 470326.94462438573828, 5541880.433514714241028 ], [ 470327.335174536914565, 5541879.94990635663271 ], [ 470327.696964098489843, 5541879.446443554013968 ], [ 470328.029986905748956, 5541878.922014453448355 ], [ 470328.332112703705207, 5541878.379966493695974 ], [ 470328.603347647585906, 5541877.821411514654756 ], [ 470328.842265402490739, 5541877.247469302266836 ], [ 470329.04745811392786, 5541876.662595165893435 ], [ 470329.219635856279638, 5541876.065673288889229 ], [ 470329.357384612550959, 5541875.460047148168087 ], [ 470329.460716693254653, 5541874.84794042725116 ], [ 470329.519641624065116, 5541874.23607976641506 ], [ 470329.545606986095663, 5541873.622177970595658 ], [ 470329.537192599324044, 5541873.008466674014926 ], [ 470329.495114697143435, 5541872.394941900856793 ], [ 470329.418681665323675, 5541871.786055009812117 ], [ 470329.309319821943063, 5541871.180686221458018 ], [ 470329.166337553760968, 5541870.583286884240806 ], [ 470328.990457256033551, 5541869.994964882731438 ], [ 470328.783117570390459, 5541869.416824125684798 ], [ 470328.54361456388142, 5541868.851092281751335 ], [ 470328.272670634381939, 5541868.298877228982747 ], [ 470327.972452993679326, 5541867.763502606190741 ], [ 470327.934592125704512, 5541867.652524370700121 ], [ 470327.930370157584548, 5541867.536912215873599 ], [ 470327.959113972494379, 5541867.424453033134341 ], [ 470328.018730283773039, 5541867.325165342539549 ], [ 470328.118022905895486, 5541859.262371243909001 ], [ 470324.116468209424056, 5541863.699822560884058 ], [ 470324.004405753803439, 5541863.770492061041296 ], [ 470323.881482534983661, 5541863.820096024312079 ], [ 470323.751279782678466, 5541863.848614611662924 ], [ 470323.618792732188012, 5541863.852684493176639 ], [ 470323.062933187058661, 5541863.587801944464445 ], [ 470322.491501032374799, 5541863.356362170539796 ], [ 470321.90736742404988, 5541863.159461140632629 ], [ 470321.312687272729818, 5541862.998198796063662 ], [ 470320.708899244433269, 5541862.873679049313068 ], [ 470320.098862173210364, 5541862.784774173051119 ], [ 470319.484737135586329, 5541862.733695955015719 ], [ 470318.868666719994508, 5541862.719320642761886 ], [ 470318.252805841271766, 5541862.742748170159757 ], [ 470317.639297088026069, 5541862.802854777313769 ], [ 470317.030289211543277, 5541862.899628558196127 ], [ 470316.428647209424525, 5541863.033053622581065 ], [ 470315.835797422507312, 5541863.202010191045702 ], [ 470315.254611009790096, 5541863.407594214193523 ], [ 470314.686501983727794, 5541863.646462216973305 ], [ 470314.134341501514427, 5541863.919710153713822 ], [ 470313.59955589933088, 5541864.226218232885003 ], [ 470313.039800371101592, 5541864.550654883496463 ], [ 470312.501717215462122, 5541864.908327849581838 ], [ 470311.986022684373893, 5541865.299233154393733 ], [ 470311.496285683126189, 5541865.721127241849899 ], [ 470311.032493885606527, 5541866.171786416321993 ], [ 470310.598228521761484, 5541866.651190809905529 ], [ 470310.194187342305668, 5541867.156000910326838 ], [ 470309.821790506714024, 5541867.683985073119402 ], [ 470309.483186747238506, 5541868.235131380148232 ], [ 470309.17907380888937, 5541868.806100312620401 ], [ 470308.910871845320798, 5541869.394660234451294 ], [ 470308.679278597526718, 5541869.997471624054015 ], [ 470308.485010300762951, 5541870.614530507475138 ], [ 470308.329480938671622, 5541871.242493402212858 ], [ 470308.213394413818605, 5541871.879132637754083 ], [ 470308.136732217506506, 5541872.521112672053277 ], [ 470308.099482005578466, 5541873.166209815070033 ], [ 470308.102353843511082, 5541873.813308247365057 ], [ 470308.144606811867561, 5541874.457964554429054 ], [ 470308.226950976182707, 5541875.099062917754054 ], [ 470308.348657747148536, 5541875.734383621253073 ], [ 470308.509708616300486, 5541876.360591129399836 ], [ 470308.708664916804992, 5541876.976581539027393 ], [ 470308.945501976879314, 5541877.577907473780215 ], [ 470309.218781132192817, 5541878.163465032353997 ], [ 470309.527779964264482, 5541878.732146345078945 ], [ 470309.565071723540314, 5541878.998790857382119 ], [ 470309.573719880660065, 5541879.266706069931388 ], [ 470309.555156927963253, 5541879.535884036682546 ], [ 470305.524162086076103, 5541883.954610944725573 ], [ 470268.760622468194924, 5541850.324085556901991 ], [ 470272.399373437627219, 5541846.342253921553493 ], [ 470272.189161031914409, 5541846.151065624319017 ], [ 470266.991473152593244, 5541841.429970569908619 ], [ 470266.769022389082238, 5541841.227731633931398 ], [ 470263.078362542553805, 5541845.148701910860837 ], [ 470224.213018317415845, 5541809.507641118019819 ], [ 470224.255733865313232, 5541809.460704621858895 ], [ 470246.783554738562088, 5541784.880791204981506 ], [ 470242.785674258426297, 5541781.083696900866926 ], [ 470220.231514705636073, 5541805.692682380788028 ], [ 470220.152486622566357, 5541805.778736661188304 ], [ 470211.146700438228436, 5541797.529752068221569 ], [ 470214.784012893156614, 5541793.547889551147819 ], [ 470214.573073925101198, 5541793.35559565294534 ], [ 470209.37456792674493, 5541788.634560497477651 ], [ 470209.153551499941386, 5541788.433427833020687 ], [ 470205.516171615570784, 5541792.403063838370144 ], [ 470194.140464930271264, 5541781.890163086354733 ], [ 470196.950385080766864, 5541778.793503153137863 ], [ 470197.524240418802947, 5541779.071615127846599 ], [ 470198.553276755847037, 5541773.490920004434884 ], [ 470198.2155386187369, 5541773.167018643580377 ], [ 470197.906302269839216, 5541772.816273553296924 ], [ 470197.628438931016717, 5541772.439780628308654 ], [ 470197.38268961571157, 5541772.041983265429735 ], [ 470197.171925549919251, 5541771.623977356590331 ], [ 470196.997597820824012, 5541771.189090464264154 ], [ 470196.861163704888895, 5541770.741761995479465 ], [ 470196.761925516184419, 5541770.285331474617124 ], [ 470196.702754486701451, 5541769.82089479546994 ], [ 470196.682965308078565, 5541769.354015178047121 ], [ 470196.702564178558532, 5541768.885804462246597 ], [ 470196.762298307439778, 5541768.421817897818983 ], [ 470196.860747562837787, 5541767.964287144131958 ], [ 470196.997936706175096, 5541767.517659588716924 ], [ 470197.172439415764529, 5541767.083055060356855 ], [ 470197.382854120223783, 5541766.666040757670999 ], [ 470197.628464566951152, 5541766.266620673239231 ], [ 470197.906442850187887, 5541765.89148182887584 ], [ 470198.215350266546011, 5541765.539520361460745 ], [ 470198.553068978013471, 5541765.216307460330427 ], [ 470198.917450205772184, 5541764.921855092048645 ], [ 470199.304937400855124, 5541764.660630574449897 ], [ 470199.713375593360979, 5541764.431534022092819 ], [ 470200.139208230073564, 5541764.239032756537199 ], [ 470200.580286525306292, 5541764.083138735033572 ], [ 470201.033041547692847, 5541763.966095588169992 ], [ 470201.494602062739432, 5541763.886807412840426 ], [ 470201.960676690679975, 5541763.846409969031811 ], [ 470202.428412756475154, 5541763.847142892889678 ], [ 470202.894932837749366, 5541763.88679843954742 ], [ 470203.355939366912935, 5541763.965400513261557 ], [ 470203.808567296189722, 5541764.082965061999857 ], [ 470204.249235318391584, 5541764.239512006752193 ], [ 470204.675776087853592, 5541764.43171776458621 ], [ 470205.084614486258943, 5541764.660714099183679 ], [ 470205.472144465835299, 5541764.922073554247618 ], [ 470205.836217244446743, 5541765.215808080509305 ], [ 470206.173955409962218, 5541765.539709919132292 ], [ 470206.482475366792642, 5541765.890459465794265 ], [ 470206.761054670671001, 5541766.266948860138655 ], [ 470207.006093470612541, 5541766.665862480178475 ], [ 470207.216850768658333, 5541767.082756924442947 ], [ 470207.391177793324459, 5541767.517644143663347 ], [ 470207.528327364299912, 5541767.964968889951706 ], [ 470207.626854600268416, 5541768.422515436075628 ], [ 470207.686018509033602, 5541768.885840386152267 ], [ 470207.706529173767194, 5541769.353827902115881 ], [ 470207.68620689958334, 5541769.820930713787675 ], [ 470207.627188101527281, 5541770.284913168288767 ], [ 470207.528021715173963, 5541770.742447706870735 ], [ 470207.391548041487113, 5541771.189071004278958 ], [ 470207.21704464458162, 5541771.623675202019513 ], [ 470207.005919305840507, 5541772.041804951615632 ], [ 470206.761018507822882, 5541772.440108776092529 ], [ 470206.483046141511295, 5541772.81635900773108 ], [ 470206.173416168719996, 5541773.167212141677737 ], [ 470205.835697510687169, 5541773.490424565039575 ], [ 470205.472032755322289, 5541773.784872483462095 ], [ 470205.084552116866689, 5541774.047208406962454 ], [ 470204.676108251616824, 5541774.275192708708346 ], [ 470204.249560000665952, 5541774.467697606422007 ], [ 470203.808482461376116, 5541774.623591328039765 ], [ 470203.355734471580945, 5541774.741746093146503 ], [ 470202.894884939771146, 5541774.819918281398714 ], [ 470202.428811262012459, 5541774.860315647907555 ], [ 470201.960359899909236, 5541774.859586713835597 ], [ 470201.494557023630477, 5541774.819927266798913 ], [ 470201.03355139750056, 5541774.741325353272259 ], [ 470200.580924302514177, 5541774.623761041089892 ], [ 470200.139540761883836, 5541774.46721838414669 ], [ 470199.713000620249659, 5541774.275012987665832 ], [ 470199.304885161691345, 5541774.047124922275543 ], [ 470198.917349342955276, 5541773.784654063172638 ], [ 470198.553276755847037, 5541773.490920004434884 ], [ 470197.524240418802947, 5541779.071615127846599 ], [ 470198.11294528451981, 5541779.315176230855286 ], [ 470198.715783429739531, 5541779.524190451949835 ], [ 470199.329167389601935, 5541779.697565879672766 ], [ 470199.951658472709823, 5541779.834198645316064 ], [ 470200.581824176711962, 5541779.934096717275679 ], [ 470201.216077039658558, 5541779.996168193407357 ], [ 470201.852990746905562, 5541780.021532881073654 ], [ 470202.490404165582731, 5541780.007979051209986 ], [ 470203.1261809108546, 5541779.957742352038622 ], [ 470203.75817222322803, 5541779.870834738947451 ], [ 470204.383506899583153, 5541779.746160306967795 ], [ 470205.000042366445996, 5541779.584842855110765 ], [ 470205.606352307135239, 5541779.388002194464207 ], [ 470206.200287959771231, 5541779.155650281347334 ], [ 470206.778990490536671, 5541778.888914893381298 ], [ 470207.341027393296827, 5541778.5878039970994 ], [ 470207.884978532267269, 5541778.254549249075353 ], [ 470208.407985068624839, 5541777.890278430655599 ], [ 470208.90861449210206, 5541777.494999505579472 ], [ 470209.384730403893627, 5541777.070948109962046 ], [ 470209.835628918721341, 5541776.620351915247738 ], [ 470210.256963007850572, 5541776.134340053424239 ], [ 470210.648788337828591, 5541775.622919135726988 ], [ 470211.008974687079899, 5541775.089436644688249 ], [ 470211.337534420599695, 5541774.536116264760494 ], [ 470211.632324942736886, 5541773.964081788435578 ], [ 470211.891919914341997, 5541773.37445302773267 ], [ 470212.117060323769692, 5541772.771673373878002 ], [ 470212.304881127609406, 5541772.155758764594793 ], [ 470212.456833385396749, 5541771.53003675956279 ], [ 470212.570780679641757, 5541770.896743001416326 ], [ 470212.646735366317444, 5541770.258101182058454 ], [ 470212.684703617007472, 5541769.615223144181073 ], [ 470212.684703972248826, 5541768.971444426104426 ], [ 470212.646032528777141, 5541768.328992700204253 ], [ 470212.568701642216183, 5541767.690091663971543 ], [ 470212.454150001343805, 5541767.055845191702247 ], [ 470212.302402333065402, 5541766.430700676515698 ], [ 470212.113464809197467, 5541765.815769959241152 ], [ 470211.888059862540103, 5541765.212160910479724 ], [ 470211.626928481040522, 5541764.624316931702197 ], [ 470211.332219433970749, 5541764.052226075902581 ], [ 470211.003235008160118, 5541763.499227872118354 ], [ 470211.003945082717109, 5541763.498112041503191 ], [ 470207.122763869527262, 5541759.9561273958534 ], [ 470206.544578515866306, 5541759.67247907537967 ], [ 470205.950117071042769, 5541759.424501545727253 ], [ 470205.341528325050604, 5541759.21218285150826 ], [ 470204.721683515468612, 5541759.03661890886724 ], [ 470204.092027547361795, 5541758.900025440379977 ], [ 470203.455413101473823, 5541758.800162812694907 ], [ 470202.814007531269453, 5541758.740354616194963 ], [ 470202.169947258196771, 5541758.71836519613862 ], [ 470201.526109710684977, 5541758.736402309499681 ], [ 470200.883915049547795, 5541758.792234288528562 ], [ 470200.246234516729601, 5541758.886957036331296 ], [ 470199.615933166584, 5541759.020554609596729 ], [ 470198.995153605763335, 5541759.191903197206557 ], [ 470198.385322178946808, 5541759.399882981553674 ], [ 470197.789303938217927, 5541759.644478011876345 ], [ 470197.209241486270912, 5541759.924564479850233 ], [ 470196.646567352639977, 5541760.240134407766163 ], [ 470196.104128021281213, 5541760.587836305610836 ], [ 470195.584072277822997, 5541760.967658211477101 ], [ 470195.087826458795462, 5541761.378480293788016 ], [ 470194.617533158510923, 5541761.819178745150566 ], [ 470194.173890072735958, 5541762.286414031870663 ], [ 470193.749043098825496, 5541762.784677387215197 ], [ 470193.354409072839189, 5541763.306122094392776 ], [ 470192.992859218094964, 5541763.851844048127532 ], [ 470192.664374963089358, 5541764.418507698923349 ], [ 470192.371086513157934, 5541765.002765547484159 ], [ 470192.113710118865129, 5541765.604613598436117 ], [ 470191.89294346323004, 5541766.220712322741747 ], [ 470191.710212864505593, 5541766.849941894412041 ], [ 470191.566209813870955, 5541767.487850938923657 ], [ 470191.460934298229404, 5541768.134439457207918 ], [ 470191.394361547369044, 5541768.78526005987078 ], [ 470191.36791787634138, 5541769.439192920923233 ], [ 470191.381584702758119, 5541770.092902510426939 ], [ 470191.433923305768985, 5541770.745284951291978 ], [ 470191.526353810157161, 5541771.394108581356704 ], [ 470191.658135186589789, 5541772.034930003806949 ], [ 470191.827828715846408, 5541772.66664535086602 ], [ 470192.035428196308203, 5541773.288142781704664 ], [ 470192.280908859800547, 5541773.89497491158545 ], [ 470192.562109543301631, 5541774.484930021688342 ], [ 470192.879030237556435, 5541775.058008110150695 ], [ 470193.063415097072721, 5541775.369420167990029 ], [ 470190.298896391526796, 5541778.386885883286595 ], [ 470187.005100305366796, 5541775.366453471593559 ], [ 470177.904855837521609, 5541767.023540255613625 ], [ 470175.738504334818572, 5541765.037556095980108 ], [ 470178.541489423136227, 5541761.982064768671989 ], [ 470178.568071530025918, 5541761.99637118075043 ], [ 470179.154878029425163, 5541762.284416005015373 ], [ 470179.758682762214448, 5541762.537897944450378 ], [ 470180.375885865127202, 5541762.75350140593946 ], [ 470181.005764898494817, 5541762.930118543095887 ], [ 470181.64546102687018, 5541763.068877153098583 ], [ 470182.292103033396415, 5541763.168681351467967 ], [ 470182.943535961792804, 5541763.228431255556643 ], [ 470183.597611047734972, 5541763.24813883472234 ], [ 470184.251463266788051, 5541763.227820039726794 ], [ 470184.902950045303442, 5541763.168598680756986 ], [ 470185.549200168112293, 5541763.069378864020109 ], [ 470186.188781130244024, 5541762.930168563500047 ], [ 470186.818124026933219, 5541762.753211403265595 ], [ 470187.43650642078137, 5541762.537399527616799 ], [ 470188.039643145049922, 5541762.28498054202646 ], [ 470188.626817950222176, 5541761.995958435349166 ], [ 470189.194455735909287, 5541761.671464982442558 ], [ 470189.74184643960325, 5541761.31261601112783 ], [ 470190.266853666573297, 5541760.921647167764604 ], [ 470190.766618570778519, 5541760.499686241149902 ], [ 470191.239714824012481, 5541760.047853045165539 ], [ 470191.356287411297671, 5541760.143937733955681 ], [ 470191.787112019374035, 5541759.690116129815578 ], [ 470192.190576467604842, 5541759.210873612202704 ], [ 470192.565266800578684, 5541758.709553682245314 ], [ 470192.909750494465698, 5541758.18616430927068 ], [ 470193.222613589954562, 5541757.644048998132348 ], [ 470193.503146009054035, 5541757.084323578514159 ], [ 470193.749205151572824, 5541756.508111850358546 ], [ 470193.961532023560721, 5541755.919857202097774 ], [ 470194.138687905506231, 5541755.318455759435892 ], [ 470194.279981279920321, 5541754.708358894102275 ], [ 470194.384708251513075, 5541754.091794274747372 ], [ 470194.456450112978928, 5541753.468741969205439 ], [ 470194.4923665629467, 5541752.843665304593742 ], [ 470194.49103125417605, 5541752.217684102244675 ], [ 470194.453889073745813, 5541751.593014076352119 ], [ 470194.380946197605226, 5541750.970767079852521 ], [ 470194.271504916832782, 5541750.354282631538808 ], [ 470194.127003931091167, 5541749.744664611294866 ], [ 470193.946739344217349, 5541749.14414069801569 ], [ 470193.732878495822661, 5541748.556034472770989 ], [ 470193.483995041286107, 5541747.981465758755803 ], [ 470193.20296020724345, 5541747.421530460938811 ], [ 470192.889792551402934, 5541746.879564120434225 ], [ 470192.545924591482617, 5541746.355558771640062 ], [ 470188.596472332777921, 5541749.854393791407347 ], [ 470188.807231712446082, 5541750.27128750924021 ], [ 470188.981560764426831, 5541750.706174126826227 ], [ 470189.118712286697701, 5541751.153498396277428 ], [ 470189.217235197022092, 5541751.609932755120099 ], [ 470189.276407053752337, 5541752.074369340203702 ], [ 470189.296203108911868, 5541752.54236076772213 ], [ 470189.276598614756949, 5541753.009459653869271 ], [ 470189.216864941699896, 5541753.473446292802691 ], [ 470189.118416052835528, 5541753.930977178737521 ], [ 470188.981227199663408, 5541754.377604925073683 ], [ 470188.807440983538982, 5541754.812205726280808 ], [ 470188.596316392766312, 5541755.230336193926632 ], [ 470188.351416168326978, 5541755.628640852868557 ], [ 470188.072721745353192, 5541756.003784174099565 ], [ 470187.763814430451021, 5541756.355746223591268 ], [ 470187.426095796865411, 5541756.678959799930453 ], [ 470187.062430886260699, 5541756.973408959805965 ], [ 470186.674943718127906, 5541757.234634361229837 ], [ 470186.266505520499777, 5541757.463731904514134 ], [ 470185.839956569194328, 5541757.656238259747624 ], [ 470185.398878159467131, 5541757.812133491039276 ], [ 470184.946122943772934, 5541757.929177959449589 ], [ 470184.48456214525504, 5541758.008467558771372 ], [ 470184.018487126217224, 5541758.048866523429751 ], [ 470183.55075053620385, 5541758.04813520424068 ], [ 470183.084946048038546, 5541758.008477354422212 ], [ 470182.623938693257514, 5541757.929877021349967 ], [ 470182.170593503687996, 5541757.812318248674273 ], [ 470181.72992429259466, 5541757.655773118138313 ], [ 470181.303382146405056, 5541757.463569187559187 ], [ 470180.895264620892704, 5541757.235682519152761 ], [ 470180.507726683281362, 5541756.97321299277246 ], [ 470180.143651945341844, 5541756.679480186663568 ], [ 470179.805911639181431, 5541756.355579984374344 ], [ 470179.496673120127525, 5541756.004835958592594 ], [ 470179.218091363203712, 5541755.62834798078984 ], [ 470178.973049988562707, 5541755.229435628280044 ], [ 470178.762290028913412, 5541754.812542292289436 ], [ 470178.587960272561759, 5541754.377656001597643 ], [ 470178.450807946559507, 5541753.930331997573376 ], [ 470174.835360503406264, 5541758.365744367241859 ], [ 470171.92107875313377, 5541761.500801065005362 ], [ 470150.665557383850683, 5541741.995661872439086 ], [ 470154.282408007071353, 5541738.070578498765826 ], [ 470154.062807564041577, 5541737.86721642781049 ], [ 470148.911892910429742, 5541733.093715737573802 ], [ 470148.696608236525208, 5541732.893665472045541 ], [ 470145.07631317229243, 5541736.84323316346854 ], [ 470104.139503302925732, 5541699.311044623143971 ], [ 470107.752712225250434, 5541695.375943444669247 ], [ 470107.531681939784903, 5541695.17370312474668 ], [ 470102.352924198843539, 5541690.431534828618169 ], [ 470102.13908103085123, 5541690.233702125027776 ], [ 470098.441845705849119, 5541694.129248552955687 ], [ 470086.86399548582267, 5541683.536534775048494 ], [ 470057.344610410567839, 5541672.603829067200422 ], [ 470016.027066565933637, 5541657.33428402338177 ], [ 470015.710945906990673, 5541657.676289457827806 ], [ 470013.745629209908657, 5541656.944557689130306 ], [ 470009.405852401105221, 5541655.328836212866008 ], [ 469989.669416694203392, 5541676.874236829578876 ], [ 469993.987111739988904, 5541680.815008345991373 ], [ 469994.169268964207731, 5541680.981881655752659 ], [ 469993.843889427778777, 5541681.33283534180373 ], [ 470003.316971191088669, 5541690.046942192129791 ], [ 470015.422146510740276, 5541701.147989314980805 ], [ 470011.82009525434114, 5541705.144244456663728 ], [ 470012.033928753458895, 5541705.339849872514606 ], [ 470017.204917725699488, 5541710.089758229441941 ], [ 470017.424505866772961, 5541710.28977916110307 ], [ 470021.08590212801937, 5541706.274293569847941 ], [ 470041.174324617604725, 5541724.724718294106424 ], [ 470066.521692550682928, 5541747.938023907132447 ], [ 470077.520839198317844, 5541758.04470000974834 ], [ 470073.873911295784637, 5541762.0867515578866 ], [ 470074.094940142182168, 5541762.288990504108369 ], [ 470079.266535537608434, 5541767.038954771123827 ], [ 470079.509879833611194, 5541767.261083101853728 ], [ 470083.211442880041432, 5541763.2543103126809 ], [ 470094.331085642392281, 5541773.52935325819999 ], [ 470107.83812250912888, 5541785.87142027169466 ], [ 470125.235368690104224, 5541801.838784646242857 ], [ 470130.243884672410786, 5541806.388457076624036 ], [ 470126.583155898202676, 5541810.397193535231054 ], [ 470126.796270966995507, 5541810.593919378705323 ], [ 470131.960660221229773, 5541815.352869254536927 ], [ 470132.16440779727418, 5541815.539640632458031 ], [ 470135.863055156019982, 5541811.522913326509297 ], [ 470163.724136067379732, 5541837.125429856590927 ], [ 470178.973793799406849, 5541851.0568494098261 ], [ 470191.73597552528372, 5541862.837326798588037 ], [ 470188.089548486052081, 5541866.971584389917552 ], [ 470188.302652862272225, 5541867.167200832627714 ], [ 470193.48401777097024, 5541871.907212952151895 ], [ 470193.697844188311137, 5541872.10393747035414 ], [ 470196.977449125144631, 5541868.467623987235129 ], [ 470197.099835876142606, 5541868.579242762178183 ], [ 470200.786662804661319, 5541871.961078956723213 ], [ 470210.850700544717256, 5541881.18928496632725 ], [ 470219.13574729708489, 5541888.787379570305347 ], [ 470222.652635271428153, 5541892.012288752943277 ], [ 470222.653357696835883, 5541892.01339661795646 ], [ 470220.105328913370613, 5541894.797260995954275 ], [ 470220.097499718191102, 5541894.806199580430984 ], [ 470224.356013253040146, 5541898.728582074865699 ], [ 470226.928332730196416, 5541895.933465838432312 ], [ 470227.437385655823164, 5541895.380254609510303 ], [ 470239.647558288474102, 5541906.724721405655146 ], [ 470251.075513430638239, 5541917.165155032649636 ], [ 470247.368370909942314, 5541921.201864352449775 ], [ 470247.60378556244541, 5541921.417373020201921 ], [ 470247.670741694164462, 5541921.479266301728785 ], [ 470252.814627608691808, 5541926.196193991228938 ], [ 470253.044287214463111, 5541926.407287342473865 ], [ 470256.742051281034946, 5541922.358403333462775 ], [ 470286.320664951344952, 5541949.579804316163063 ], [ 470327.710474982974119, 5541904.375837550498545 ], [ 470331.794375642086379, 5541899.939044019207358 ], [ 470331.924485152179841, 5541899.893847931176424 ], [ 470332.059743877616711, 5541899.873084683902562 ], [ 470332.197286850772798, 5541899.876770150847733 ], [ 470332.332100381259806, 5541899.904932113364339 ], [ 470332.332822782627773, 5541899.906039989553392 ], [ 470332.934536039130762, 5541900.174005072563887 ], [ 470333.55109318549512, 5541900.406307813711464 ], [ 470334.181043270276859, 5541900.599620613269508 ], [ 470334.821527500869706, 5541900.755071198567748 ], [ 470335.46967476507416, 5541900.871563595719635 ], [ 470336.124046435230412, 5541900.94799389783293 ], [ 470336.781783720012754, 5541900.985489824786782 ], [ 470337.440731751383282, 5541900.982951431535184 ], [ 470338.098025579121895, 5541900.940394592471421 ], [ 470338.752238894579932, 5541900.858939087018371 ], [ 470339.399784347391687, 5541900.737492903135717 ], [ 470340.038519386202097, 5541900.577179789543152 ], [ 470340.667011541838292, 5541900.378007674589753 ], [ 470341.281691937241703, 5541900.142220082692802 ], [ 470341.881128100503702, 5541899.869824943132699 ], [ 470342.463171317707747, 5541899.560834153555334 ], [ 470343.025685189466458, 5541899.217483301647007 ], [ 470343.565810915140901, 5541898.840900090523064 ], [ 470344.082838416274171, 5541898.432200333103538 ], [ 470344.573908888385631, 5541897.992511729709804 ], [ 470345.037602165481076, 5541897.524065901525319 ], [ 470345.450411577359773, 5541897.050342505797744 ], [ 470345.834442089078948, 5541896.553429030813277 ], [ 470346.188983613508753, 5541896.034441282972693 ], [ 470346.512615976855159, 5541895.495610882528126 ], [ 470346.803919003985357, 5541894.939169452525675 ], [ 470347.062898844713345, 5541894.366228826344013 ], [ 470347.287425235961564, 5541893.780136440880597 ], [ 470347.477498168125749, 5541893.180892293341458 ], [ 470347.632419859524816, 5541892.571835884824395 ], [ 470347.751486370514613, 5541891.955194865353405 ], [ 470347.834703846310731, 5541891.332081081345677 ], [ 470347.881374502612744, 5541890.70583404134959 ], [ 470347.890788241231348, 5541890.077569549903274 ], [ 470347.864389847847633, 5541889.449503369629383 ], [ 470347.800759138306603, 5541888.823867124505341 ], [ 470347.701347055844963, 5541888.203988426364958 ], [ 470347.565443502506241, 5541887.590983081609011 ], [ 470347.393770866212435, 5541886.985958979465067 ], [ 470347.187780092528556, 5541886.392243726179004 ], [ 470346.946767242217902, 5541885.812064985744655 ], [ 470346.672887192806229, 5541885.24652271065861 ], [ 470346.366152250091545, 5541884.69784059561789 ], [ 470346.31166435230989, 5541884.559157305397093 ], [ 470346.284350599627942, 5541884.412540364079177 ], [ 470346.284951866604388, 5541884.26243319734931 ], [ 470346.313511255662888, 5541884.116618723608553 ], [ 470350.315394964127336, 5541879.73811171296984 ], [ 470358.1426242053858, 5541871.17555133625865 ], [ 470372.560295268078335, 5541855.369327363558114 ], [ 470368.969789959199261, 5541852.03131612483412 ], [ 470372.66948856250383, 5541848.048104165121913 ], [ 470372.454229191993363, 5541847.850268611684442 ], [ 470367.270864937920123, 5541843.112319606356323 ], [ 470367.049850567767862, 5541842.910068592987955 ], [ 470363.391750289185438, 5541846.903061099350452 ], [ 470343.007796603720635, 5541828.219580872915685 ], [ 470328.197416178532876, 5541814.645513219758868 ], [ 470331.871912742906716, 5541810.639063433744013 ], [ 470331.659521539870184, 5541810.44232548866421 ], [ 470326.487477401155047, 5541805.692122161388397 ], [ 470326.266453790653031, 5541805.488760981708765 ], [ 470322.589031158771832, 5541809.484112006612122 ], [ 470277.104228676762432, 5541767.824060326442122 ], [ 470280.835218117455952, 5541763.80169586930424 ], [ 470280.628596459515393, 5541763.612711070105433 ], [ 470275.448638671135996, 5541758.872607370838523 ], [ 470275.234094569168519, 5541758.675883593037724 ], [ 470271.546581474714912, 5541762.659094758331776 ], [ 470251.59406753804069, 5541744.391630755737424 ], [ 470203.981760735565331, 5541726.852912762202322 ], [ 470202.420520218147431, 5541728.573895528912544 ], [ 470198.410021768941078, 5541724.968147617764771 ], [ 470198.216373394883703, 5541725.180482554249465 ], [ 470193.479056666488759, 5541730.364861370064318 ], [ 470193.290391589573119, 5541730.571609351783991 ], [ 470197.268911223858595, 5541734.223118519410491 ], [ 470194.785320022550877, 5541737.013306337408721 ], [ 470189.141904991702177, 5541743.353528643026948 ], [ 470188.576504386495799, 5541743.050909104757011 ], [ 470187.994827754620928, 5541742.783960409462452 ], [ 470187.397585177037399, 5541742.551566724665463 ], [ 470186.78764790360583, 5541742.354823952540755 ], [ 470186.167170922271907, 5541742.194831984117627 ], [ 470185.538309222669341, 5541742.072690699249506 ], [ 470184.903205414593685, 5541741.9872762914747 ], [ 470184.264020679402165, 5541741.940800494514406 ], [ 470183.623613890260458, 5541741.932135510258377 ], [ 470182.983423776749987, 5541741.96238520834595 ], [ 470182.346309211861808, 5541742.030421788804233 ], [ 470181.714418996067252, 5541742.136233288794756 ], [ 470181.105634940264281, 5541742.27527260966599 ], [ 470180.505644187156577, 5541742.449843203648925 ], [ 470179.91730560635915, 5541742.658817271701992 ], [ 470179.342051732644904, 5541742.902186829596758 ], [ 470178.781308908539359, 5541743.178832049481571 ], [ 470178.238646070298273, 5541743.486509297043085 ], [ 470177.714069416339044, 5541743.826330407522619 ], [ 470177.20970916323131, 5541744.194947869516909 ], [ 470176.728436556295492, 5541744.593457570299506 ], [ 470176.270949283672962, 5541745.018519977107644 ], [ 470175.838673678401392, 5541745.469015258364379 ], [ 470175.433758526865859, 5541745.944931438192725 ], [ 470175.057617773825768, 5541746.442925001494586 ], [ 470174.7102514160797, 5541746.962995937094092 ], [ 470174.393789657158777, 5541747.501796734519303 ], [ 470174.109652629471384, 5541748.057095716707408 ], [ 470173.863626153033692, 5541748.638867575675249 ], [ 470173.651338336931076, 5541749.233794098719954 ], [ 470173.474209308973514, 5541749.83964360319078 ], [ 470173.332226672617253, 5541750.45419239718467 ], [ 470173.226100485015195, 5541751.076324639841914 ], [ 470173.155818348459434, 5541751.703816642053425 ], [ 470173.122084125876427, 5541752.334440717473626 ], [ 470173.124169157934375, 5541752.965977166779339 ], [ 470173.163487374898978, 5541753.595082468353212 ], [ 470173.238612435059622, 5541754.222876450046897 ], [ 470173.349513361521531, 5541754.843799886293709 ], [ 470173.496906402928289, 5541755.457848784513772 ], [ 470173.679340447881259, 5541756.061695592477918 ], [ 470173.896099224686623, 5541756.655344303697348 ], [ 470174.146441691962536, 5541757.234351524151862 ], [ 470174.430361648206599, 5541757.797605418600142 ] ] ] } },
{ "type": "Feature", "properties": { "name": "24e77037-f279-7d8a-e053-84002d0a9694" }, "geometry": { "type": "Polygon", "coordinates": [ [ [ 463557.623424718563911, 5542801.789269701577723 ], [ 463553.749489215668291, 5542800.386855883523822 ], [ 463554.62679462286178, 5542797.969179213047028 ], [ 463558.505051082232967, 5542799.374899952672422 ], [ 463557.623424718563911, 5542801.789269701577723 ] ] ] } },
{ "type": "Feature", "properties": { "name": "3f366887-57aa-a92a-e053-b4472c0a365b" }, "geometry": { "type": "Polygon", "coordinates": [ [ [ 470208.045912260015029, 5541280.282660450786352 ], [ 470210.598050125990994, 5541284.624808533117175 ], [ 470200.19642430357635, 5541290.753535509109497 ], [ 470197.644231308309827, 5541286.402497559785843 ], [ 470208.045912260015029, 5541280.282660450786352 ] ] ] } },
{ "type": "Feature", "properties": { "name": "24e77037-f008-7d8a-e053-84002d0a9694" }, "geometry": { "type": "Polygon", "coordinates": [ [ [ 468539.031088165589608, 5541822.337653080001473 ], [ 468551.526777950930409, 5541826.889689723029733 ], [ 468550.589266424591187, 5541829.46698288526386 ], [ 468540.410982353263535, 5541857.387243343517184 ], [ 468564.741870806959923, 5541866.263956401497126 ], [ 468571.282213521655649, 5541848.579969664104283 ], [ 468629.473559760896023, 5541869.825970298610628 ], [ 468608.82440850517014, 5541926.434013036079705 ], [ 468535.651680212817155, 5541899.74240296985954 ], [ 468520.174342666228767, 5541894.097160130739212 ], [ 468524.278111805673689, 5541882.810763774439692 ], [ 468517.818618500896264, 5541880.465969599783421 ], [ 468527.642874373006634, 5541853.516195182688534 ], [ 468526.167709679575637, 5541852.967811646871269 ], [ 468528.179523718019482, 5541847.449938350357115 ], [ 468529.639700751460623, 5541848.007305601611733 ], [ 468539.031088165589608, 5541822.337653080001473 ] ] ] } },
{ "type": "Feature", "properties": { "name": "4b28ca3e-1d6e-7a2f-e053-b4472c0a88b0" }, "geometry": { "type": "Polygon", "coordinates": [ [ [ 469261.327277675911319, 5543602.771960297599435 ], [ 469263.693838811770547, 5543603.654548003338277 ], [ 469262.564108886115719, 5543606.6775814704597 ], [ 469260.198252129193861, 5543605.7927664546296 ], [ 469261.327277675911319, 5543602.771960297599435 ] ] ] } },
{ "type": "Feature", "properties": { "name": "607fb163-16e5-4fd6-a302-201622a1b274" }, "geometry": { "type": "Polygon", "coordinates": [ [ [ 470109.992265134351328, 5541787.848550290800631 ], [ 470111.924657436378766, 5541789.622332812286913 ], [ 470113.618739093188196, 5541791.177293697372079 ], [ 470115.904634783684742, 5541793.27599760890007 ], [ 470115.035336035012733, 5541794.221499908715487 ], [ 470106.255485226458404, 5541803.767078149132431 ], [ 470089.965607970836572, 5541821.535831462591887 ], [ 470087.802863492106553, 5541823.916217879392207 ], [ 470148.934891714889091, 5541879.973005601204932 ], [ 470164.035706758557353, 5541863.477487289346755 ], [ 470176.673411887604743, 5541849.69204069674015 ], [ 470177.040772892883979, 5541849.290829606354237 ], [ 470178.635423534433357, 5541850.747407247312367 ], [ 470178.973793799406849, 5541851.0568494098261 ], [ 470180.13150776020484, 5541852.125590729527175 ], [ 470181.213625199801754, 5541853.124704786576331 ], [ 470182.912032306659967, 5541854.69189396686852 ], [ 470182.33892636350356, 5541855.318850186653435 ], [ 470167.890907926135696, 5541871.106858669780195 ], [ 470154.821885359531734, 5541885.370616019703448 ], [ 470165.528174226172268, 5541895.188902231864631 ], [ 470158.812181457236875, 5541902.461332645267248 ], [ 470147.909182624076493, 5541892.432899066247046 ], [ 470131.783800066506956, 5541877.644744476303458 ], [ 470062.517367363965604, 5541814.123979108408093 ], [ 470062.685420938243624, 5541813.947362426668406 ], [ 470061.993397073820233, 5541813.288550417870283 ], [ 470053.367741855443455, 5541805.42797380220145 ], [ 470051.304293282621074, 5541803.532638318836689 ], [ 470057.82133987150155, 5541796.423520985990763 ], [ 470081.905651538341772, 5541818.508730540983379 ], [ 470094.888502261776011, 5541804.33867565728724 ], [ 470108.03727935848292, 5541789.983154809102416 ], [ 470109.992265134351328, 5541787.848550290800631 ] ] ] } },
{ "type": "Feature", "properties": { "name": "4df02c5c-c498-4aa1-8f48-cc081aee4712" }, "geometry": { "type": "Polygon", "coordinates": [ [ [ 470129.3358220908558, 5541901.310326022095978 ], [ 470068.2274816291756, 5541845.256963755004108 ], [ 470068.203988361405209, 5541845.282668331637979 ], [ 470053.181715898856055, 5541861.691292761825025 ], [ 470052.908337436208967, 5541861.989693814888597 ], [ 470034.880953686602879, 5541881.642968269065022 ], [ 470033.998878418467939, 5541882.604121951386333 ], [ 470028.098075407440774, 5541877.193377925083041 ], [ 470028.214120039599948, 5541877.067085858434439 ], [ 470062.333860340877436, 5541839.850589633919299 ], [ 470054.788624847657047, 5541832.92906922660768 ], [ 470040.03780527645722, 5541849.078255915082991 ], [ 470039.492487241863273, 5541849.676163196563721 ], [ 470021.799336258263793, 5541869.025179735384881 ], [ 470020.609019245137461, 5541870.326073064468801 ], [ 470020.437668908911292, 5541870.16914530005306 ], [ 470020.174257881997619, 5541870.456373438239098 ], [ 470014.575091196922585, 5541865.321925622411072 ], [ 470014.837785936775617, 5541865.034701224416494 ], [ 470014.71682775975205, 5541864.923078578896821 ], [ 470014.839274983329233, 5541864.788967206142843 ], [ 470033.844422928697895, 5541843.996035469695926 ], [ 470048.89786013396224, 5541827.526029406115413 ], [ 470038.249518219847232, 5541817.757684509269893 ], [ 470044.778151798178442, 5541810.677394887432456 ], [ 470046.763971004227642, 5541812.524239347316325 ], [ 470055.59223454532912, 5541820.623838653787971 ], [ 470056.083441634778865, 5541821.108095621690154 ], [ 470056.262861549272202, 5541820.914736961014569 ], [ 470071.930714476155117, 5541835.280485077761114 ], [ 470141.837455735367257, 5541899.378201984800398 ], [ 470150.509140930487774, 5541907.323165940120816 ], [ 470152.579887708823662, 5541909.25630250852555 ], [ 470145.908966585528105, 5541916.512932037003338 ], [ 470135.252345852728467, 5541906.737771122716367 ], [ 470120.044136690325104, 5541923.331818494014442 ], [ 470101.159660257981159, 5541943.936976613476872 ], [ 470101.035076441243291, 5541944.073321716859937 ], [ 470100.893245468789246, 5541943.942911718972027 ], [ 470100.781473190698307, 5541944.06473084166646 ], [ 470095.182460485259071, 5541938.930198756046593 ], [ 470095.294232745829504, 5541938.808379517868161 ], [ 470095.114248480764218, 5541938.643714442849159 ], [ 470114.066378795600031, 5541917.96922092884779 ], [ 470114.775452564586885, 5541917.194730085320771 ], [ 470129.3358220908558, 5541901.310326022095978 ] ] ] } },
{ "type": "Feature", "properties": { "name": "90dd2f30-97f1-4bf2-89f5-7f24db32fab9" }, "geometry": { "type": "Polygon", "coordinates": [ [ [ 467898.984195254510269, 5541504.574747458100319 ], [ 467898.912259416829329, 5541504.763087143190205 ], [ 467894.113045944599435, 5541502.993938938714564 ], [ 467895.569574477325659, 5541498.972415757365525 ], [ 467896.054837173433043, 5541499.14407264161855 ], [ 467919.9034247698728, 5541433.505607024766505 ], [ 467944.158779461751692, 5541366.910828934982419 ], [ 468053.333060892822687, 5541406.635447215288877 ], [ 468082.205958792474121, 5541417.149612988345325 ], [ 468082.220941605104599, 5541417.139516737312078 ], [ 468086.888586637098342, 5541418.826226104050875 ], [ 468089.920340300246608, 5541410.5702124228701 ], [ 468093.344687299104407, 5541411.818469993770123 ], [ 468098.56718485878082, 5541413.694239884614944 ], [ 468099.904635921644513, 5541410.095999862998724 ], [ 468111.98813235439593, 5541414.491589116863906 ], [ 468106.40659069060348, 5541429.788769054226577 ], [ 468097.135843177267816, 5541426.422719315625727 ], [ 468050.875053039519116, 5541555.482485042884946 ], [ 468049.499696370388847, 5541559.318908233195543 ], [ 468045.11207068344811, 5541557.723959628492594 ], [ 467898.984195254510269, 5541504.574747458100319 ] ] ] } },
{ "type": "Feature", "properties": { "name": "24e77037-fca1-7d8a-e053-84002d0a9694" }, "geometry": { "type": "Polygon", "coordinates": [ [ [ 468685.739538577152416, 5544191.746452754363418 ], [ 468692.100945225858595, 5544194.08866782579571 ], [ 468684.407133139611688, 5544214.989366799592972 ], [ 468678.045747732918244, 5544212.64716088399291 ], [ 468685.739538577152416, 5544191.746452754363418 ] ] ] } },
{ "type": "Feature", "properties": { "name": "24e77037-ecfc-7d8a-e053-84002d0a9694" }, "geometry": { "type": "Polygon", "coordinates": [ [ [ 467940.370952232158743, 5541606.499017730355263 ], [ 467944.494512916717213, 5541595.213165511377156 ], [ 467952.598647052131128, 5541598.174533821642399 ], [ 467953.115935535985045, 5541596.757120996713638 ], [ 467952.498636617558077, 5541596.304942354559898 ], [ 467952.123787332209758, 5541595.909130872227252 ], [ 467951.780512020748574, 5541595.403053887188435 ], [ 467951.535194472293369, 5541594.867481694556773 ], [ 467951.379928979207762, 5541594.298014060594141 ], [ 467951.321601272502448, 5541593.767994151450694 ], [ 467951.332609012315515, 5541593.333181384019554 ], [ 467951.406396872538608, 5541592.855741295963526 ], [ 467951.539066396362614, 5541592.402410293929279 ], [ 467951.710058287077118, 5541592.008891728706658 ], [ 467951.999474255309906, 5541591.534608785063028 ], [ 467952.339442673430312, 5541591.128960178233683 ], [ 467952.77055219799513, 5541590.751675186678767 ], [ 467953.22511514602229, 5541590.463200653903186 ], [ 467953.918247298861388, 5541590.181081745773554 ], [ 467954.426893193216529, 5541590.072408989071846 ], [ 467955.045596282463521, 5541590.040909646078944 ], [ 467955.665654342970811, 5541590.116143189370632 ], [ 467956.315851754159667, 5541590.320175078697503 ], [ 467956.785028847982176, 5541590.558646711520851 ], [ 467957.257683074218221, 5541590.899390963837504 ], [ 467957.828678727149963, 5541591.514182355254889 ], [ 467958.107122282846831, 5541591.959493970498443 ], [ 467958.372464153624605, 5541592.609470760449767 ], [ 467958.493353985366412, 5541593.180256150662899 ], [ 467958.522379884612747, 5541593.721570291556418 ], [ 467958.484908987302333, 5541594.163212679326534 ], [ 467958.36770662717754, 5541594.687611577101052 ], [ 467958.232388806471135, 5541595.057566904462874 ], [ 467957.932733822788578, 5541595.616414005868137 ], [ 467957.449883363093249, 5541596.205266248434782 ], [ 467956.926666146260686, 5541596.632024913094938 ], [ 467956.415497205394786, 5541596.917502189055085 ], [ 467955.749265219259541, 5541597.146089360117912 ], [ 467955.231871556898113, 5541597.229240995831788 ], [ 467954.81862944009481, 5541597.240608836524189 ], [ 467954.542740694480017, 5541597.222245797514915 ], [ 467954.007121270580683, 5541598.688691098242998 ], [ 467955.79104940011166, 5541599.340699600055814 ], [ 467951.667468319239561, 5541610.626543103717268 ], [ 467940.370952232158743, 5541606.499017730355263 ] ] ] } },
{ "type": "Feature", "properties": { "name": "661e4af6-1c56-bde8-e053-b4472c0a3fef" }, "geometry": { "type": "Polygon", "coordinates": [ [ [ 470505.518786716565955, 5541595.330540777184069 ], [ 470511.352299788908567, 5541579.708753890357912 ], [ 470514.323121161025483, 5541580.804275480099022 ], [ 470508.484647951554507, 5541596.437205199152231 ], [ 470505.518786716565955, 5541595.330540777184069 ] ] ] } },
{ "type": "Feature", "properties": { "name": "3f366887-5845-a92a-e053-b4472c0a365b" }, "geometry": { "type": "Polygon", "coordinates": [ [ [ 465677.662957489141263, 5541795.721165793947875 ], [ 465677.669329257158097, 5541782.857670282013714 ], [ 465682.796750042180065, 5541782.89263413194567 ], [ 465682.788863367924932, 5541783.338552529923618 ], [ 465684.078804017452057, 5541783.323614779859781 ], [ 465684.077550423855428, 5541782.904440317302942 ], [ 465684.115490806580056, 5541782.900861518457532 ], [ 465684.11567821103381, 5541783.712539951317012 ], [ 465684.448029730643611, 5541783.711522066034377 ], [ 465684.452225432731211, 5541782.913158223032951 ], [ 465692.351802465680521, 5541782.854758968576789 ], [ 465692.367867425200529, 5541783.68523779604584 ], [ 465693.908562914060894, 5541783.6787029216066 ], [ 465693.902974572149105, 5541782.918206037022173 ], [ 465694.478138130914886, 5541782.915633227676153 ], [ 465694.525335340818856, 5541795.649805874563754 ], [ 465686.564856339246035, 5541795.590732041746378 ], [ 465686.560285242390819, 5541795.212718757800758 ], [ 465681.314319524681196, 5541795.231881873682141 ], [ 465681.318730528408196, 5541795.69662360008806 ], [ 465677.662957489141263, 5541795.721165793947875 ] ] ] } },
{ "type": "Feature", "properties": { "name": "24e77037-eaf9-7d8a-e053-84002d0a9694" }, "geometry": { "type": "Polygon", "coordinates": [ [ [ 469106.307408377120737, 5544299.427456912584603 ], [ 469106.300236328272149, 5544299.425274550914764 ], [ 469017.146094067895319, 5544267.087847105227411 ], [ 469016.89211569854524, 5544266.995919233188033 ], [ 469040.395656276668888, 5544202.589471494778991 ], [ 469045.564796713413671, 5544188.467511037364602 ], [ 468932.86267710843822, 5544147.402670447714627 ], [ 468942.598326028208248, 5544121.736061326228082 ], [ 468944.670517140184529, 5544122.383383569307625 ], [ 468947.090927839337382, 5544123.075385053642094 ], [ 468949.498044436448254, 5544123.697415892034769 ], [ 468952.568589529662859, 5544124.395654277876019 ], [ 468955.842797369637992, 5544125.027111514471471 ], [ 468957.556323207099922, 5544125.310708752833307 ], [ 468959.849344478105195, 5544125.64209174644202 ], [ 468962.481613392184954, 5544125.952605871483684 ], [ 468964.68512183369603, 5544126.157755025662482 ], [ 468966.621899066551123, 5544126.295515019446611 ], [ 468968.670885993575212, 5544126.39926837477833 ], [ 468970.838481011800468, 5544126.461194913834333 ], [ 468973.617208627634682, 5544126.470655751414597 ], [ 468975.889389804855455, 5544126.418565449304879 ], [ 468977.97660602722317, 5544126.324184847995639 ], [ 468979.994859634432942, 5544126.190176911652088 ], [ 468982.563120175618678, 5544125.95735926553607 ], [ 468984.697428481071256, 5544125.711491692811251 ], [ 468987.039625683508348, 5544125.386588011868298 ], [ 468989.068207316799089, 5544125.057943440973759 ], [ 468991.453394691285212, 5544124.614932542666793 ], [ 468994.142111514229327, 5544124.041185040958226 ], [ 468996.481480166083202, 5544123.475022444501519 ], [ 468998.92343000730034, 5544122.819315614178777 ], [ 469002.183262862381525, 5544121.83531282376498 ], [ 469003.58817609527614, 5544121.372412715107203 ], [ 469006.455453864648007, 5544120.352882350794971 ], [ 469008.068528686359059, 5544119.734225459396839 ], [ 469010.389218833297491, 5544118.785688088275492 ], [ 469012.66165815788554, 5544117.788508132100105 ], [ 469015.056487671448849, 5544116.660529685206711 ], [ 469016.94474279647693, 5544115.713387336581945 ], [ 469018.633565166674089, 5544114.821882798336446 ], [ 469019.922501256805845, 5544114.112819634377956 ], [ 469021.300486778956838, 5544113.326521054841578 ], [ 469022.693275853060186, 5544112.500109211541712 ], [ 469025.183716559025925, 5544110.9435054352507 ], [ 469026.234353730513249, 5544110.254725310020149 ], [ 469027.243511329754256, 5544109.573968700133264 ], [ 469027.760532408719882, 5544109.21850797533989 ], [ 469028.219051877385937, 5544108.898966290988028 ], [ 469029.022654459287878, 5544108.32947657816112 ], [ 469029.809784004057292, 5544107.758970442228019 ], [ 469030.447853564168327, 5544107.288285050541162 ], [ 469031.407360972079914, 5544106.564453009516001 ], [ 469031.852858713828027, 5544106.221637381240726 ], [ 469032.285508076078258, 5544105.885567468591034 ], [ 469032.841430776636116, 5544105.447602490894496 ], [ 469033.809208489430603, 5544104.668128690682352 ], [ 469034.947164921555668, 5544103.726446696557105 ], [ 469036.042913032404613, 5544102.790568626485765 ], [ 469037.049464042880572, 5544101.906353703700006 ], [ 469038.244596351345535, 5544100.823131970129907 ], [ 469039.587623413302936, 5544099.562264808453619 ], [ 469041.595216701913159, 5544097.583721800707281 ], [ 469042.655771945836022, 5544096.504615338519216 ], [ 469043.57930937083438, 5544095.503021941520274 ], [ 469044.503563091158867, 5544094.501424565911293 ], [ 469045.130280845914967, 5544093.800646078772843 ], [ 469045.792481039476115, 5544093.045179962180555 ], [ 469046.435382963856682, 5544092.295384993776679 ], [ 469047.29363542428473, 5544091.270820288918912 ], [ 469047.922109463543165, 5544090.502206889912486 ], [ 469048.539115637133364, 5544089.731436125934124 ], [ 469049.220701000595, 5544088.861333989538252 ], [ 469049.774264597392175, 5544088.138741459697485 ], [ 469050.390981928270776, 5544087.31793768890202 ], [ 469050.810821919993032, 5544086.7473353035748 ], [ 469051.313011212041602, 5544086.055061019957066 ], [ 469051.854179175104946, 5544085.293624373152852 ], [ 469052.174429564736784, 5544084.83478675596416 ], [ 469052.595470352040138, 5544084.224149651825428 ], [ 469053.022832610877231, 5544083.592350173741579 ], [ 469053.460786327545065, 5544082.934916083700955 ], [ 469054.425887873279862, 5544081.443854105658829 ], [ 469055.311189307190944, 5544080.01996698975563 ], [ 469055.76436085079331, 5544079.270158501341939 ], [ 469056.518022256204858, 5544077.98713057115674 ], [ 469057.077958963520359, 5544077.004320496693254 ], [ 469058.126514355069958, 5544075.086924045346677 ], [ 469059.013055123039521, 5544073.381723083555698 ], [ 469059.762536443828139, 5544071.870783041231334 ], [ 469060.406254271336365, 5544070.518342538736761 ], [ 469061.112085401895456, 5544070.86895334161818 ], [ 469061.178600570885465, 5544070.732918591238558 ], [ 469064.276409997488372, 5544072.181587021797895 ], [ 469070.760064084024634, 5544069.170922545716166 ], [ 469072.768018975213636, 5544068.242010435089469 ], [ 469071.343584462534636, 5544065.207009649835527 ], [ 469071.232907468511257, 5544065.258796140551567 ], [ 469069.215604677738156, 5544060.978574006818235 ], [ 469080.816022464365233, 5544055.554463156498969 ], [ 469084.584403207176365, 5544063.642791109159589 ], [ 469090.658142146421596, 5544076.676818990148604 ], [ 469102.345764613011852, 5544071.230013103224337 ], [ 469108.409293683303986, 5544084.240770114585757 ], [ 469096.720977849210612, 5544089.687567089684308 ], [ 469115.982945594296325, 5544131.021933365613222 ], [ 469127.671189681102987, 5544125.575177830643952 ], [ 469133.721556498494465, 5544138.559354085475206 ], [ 469122.033334949461278, 5544144.006096604280174 ], [ 469141.354355084593408, 5544185.46696821320802 ], [ 469141.232257014373317, 5544185.524378580972552 ], [ 469125.271402036829386, 5544229.828403003513813 ], [ 469127.105239427648485, 5544230.49718467425555 ], [ 469124.619719124573749, 5544237.368532129563391 ], [ 469113.842667735298164, 5544267.169255469925702 ], [ 469117.486738933366723, 5544268.514730897732079 ], [ 469114.746153694111854, 5544276.092492097057402 ], [ 469111.459439482656308, 5544285.181126202456653 ], [ 469110.051452890504152, 5544289.074187368154526 ], [ 469109.700514405034482, 5544290.044666899368167 ], [ 469106.307408377120737, 5544299.427456912584603 ] ] ] } },
{ "type": "Feature", "properties": { "name": "24e77037-ebc1-7d8a-e053-84002d0a9694" }, "geometry": { "type": "Polygon", "coordinates": [ [ [ 470362.782870886789169, 5544351.182403867132962 ], [ 470364.156568762264214, 5544347.401058899238706 ], [ 470367.930003426969051, 5544348.775574996136129 ], [ 470366.556284788064659, 5544352.55358344130218 ], [ 470362.782870886789169, 5544351.182403867132962 ] ] ] } },
{ "type": "Feature", "properties": { "name": "661e4af6-1ba2-bde8-e053-b4472c0a3fef" }, "geometry": { "type": "Polygon", "coordinates": [ [ [ 469802.094619947078172, 5544611.432188525795937 ], [ 469796.331460839544889, 5544609.630108685232699 ], [ 469802.911366946354974, 5544588.583878997713327 ], [ 469808.674546330235898, 5544590.385965946130455 ], [ 469802.094619947078172, 5544611.432188525795937 ] ] ] } },
{ "type": "Feature", "properties": { "name": "caf23a2f-0d27-4dfc-9d18-df5eab8f51d7" }, "geometry": { "type": "Polygon", "coordinates": [ [ [ 469704.076768174942117, 5544283.049308002926409 ], [ 469710.363195593759883, 5544298.680187535472214 ], [ 469566.534996686445083, 5544356.312585696578026 ], [ 469566.698495664866641, 5544355.855782421305776 ], [ 469563.18091653852025, 5544354.564877321943641 ], [ 469562.141480292193592, 5544357.225974374450743 ], [ 469558.728819589072373, 5544358.520722528919578 ], [ 469558.685238574515097, 5544358.410893747583032 ], [ 469555.87019041221356, 5544359.545467792078853 ], [ 469555.428208943631034, 5544360.759938552044332 ], [ 469553.758240480732638, 5544365.343740590848029 ], [ 469497.938481150369626, 5544345.046179447323084 ], [ 469467.320505310606677, 5544333.849549489095807 ], [ 469456.950723730260506, 5544329.941523241810501 ], [ 469445.62607434252277, 5544325.819927987642586 ], [ 469447.310707448748872, 5544316.546071538701653 ], [ 469453.738191974582151, 5544318.886586696840823 ], [ 469461.687349897052627, 5544321.782150825485587 ], [ 469489.332835154957138, 5544331.850455431267619 ], [ 469494.644000503409188, 5544320.480044749565423 ], [ 469499.052652967744507, 5544311.040571260266006 ], [ 469502.552270713378675, 5544312.312634851783514 ], [ 469506.051170858729165, 5544313.584704806096852 ], [ 469524.884361035656184, 5544320.431141333654523 ], [ 469534.726011573744472, 5544324.008740061894059 ], [ 469555.119410247541964, 5544331.276699058711529 ], [ 469554.859660298097879, 5544331.929742298088968 ], [ 469555.264284863020293, 5544332.076432726345956 ], [ 469589.116274145781063, 5544318.511270240880549 ], [ 469589.719777265912853, 5544320.016669533215463 ], [ 469592.759836797369644, 5544318.787436483427882 ], [ 469595.175826522172429, 5544324.780115392059088 ], [ 469592.128730758849997, 5544326.030512930825353 ], [ 469592.610955424024723, 5544327.234168782830238 ], [ 469620.484952093218453, 5544316.064827733673155 ], [ 469616.896636258461513, 5544307.110059038735926 ], [ 469644.865081305848435, 5544295.903618291020393 ], [ 469645.509179925313219, 5544297.499968032352626 ], [ 469648.515115060959943, 5544296.30876465793699 ], [ 469650.91752505506156, 5544302.314887680113316 ], [ 469647.916591618850362, 5544303.503837598487735 ], [ 469648.293584478844423, 5544304.459032827988267 ], [ 469676.287817795237061, 5544293.241491988301277 ], [ 469672.859352641855367, 5544284.68605981208384 ], [ 469700.311562748567667, 5544273.685200697742403 ], [ 469700.387082894565538, 5544273.872681731358171 ], [ 469703.505479418847244, 5544272.560789043083787 ], [ 469705.964175332337618, 5544278.527701364830136 ], [ 469702.789267850748729, 5544279.847695843316615 ], [ 469704.076768174942117, 5544283.049308002926409 ] ] ] } },
{ "type": "Feature", "properties": { "name": "24e77037-ec7a-7d8a-e053-84002d0a9694" }, "geometry": { "type": "Polygon", "coordinates": [ [ [ 465739.837224560091272, 5541664.810522650368512 ], [ 465734.520706636772957, 5541679.459215133450925 ], [ 465725.538204296026379, 5541676.203267105855048 ], [ 465730.854701135016512, 5541661.554565680213273 ], [ 465739.837224560091272, 5541664.810522650368512 ] ] ] } },
{ "type": "Feature", "properties": { "name": "3feb9801-4f98-030b-e053-b4472c0aa7e0" }, "geometry": { "type": "Polygon", "coordinates": [ [ [ 468754.7816769387573, 5541775.449405232444406 ], [ 468754.735732576693408, 5541775.431883176788688 ], [ 468755.534276656340808, 5541773.325764492154121 ], [ 468758.686981819453649, 5541774.489302362315357 ], [ 468757.899890337197576, 5541776.594241871498525 ], [ 468754.7816769387573, 5541775.449405232444406 ] ] ] } },
{ "type": "Feature", "properties": { "name": "24e77037-f49f-7d8a-e053-84002d0a9694" }, "geometry": { "type": "Polygon", "coordinates": [ [ [ 469875.441034997522365, 5544403.694254161790013 ], [ 469876.055380608420819, 5544406.63284457847476 ], [ 469897.974360728927422, 5544402.324345436878502 ], [ 469900.942878350615501, 5544414.336023229174316 ], [ 469873.506490678933915, 5544419.56953043397516 ], [ 469872.973952272965107, 5544416.66494807228446 ], [ 469871.875731080130208, 5544416.921306237578392 ], [ 469869.375533783691935, 5544404.939251285046339 ], [ 469875.441034997522365, 5544403.694254161790013 ] ] ] } },
{ "type": "Feature", "properties": { "name": "24e77037-fe54-7d8a-e053-84002d0a9694" }, "geometry": { "type": "Polygon", "coordinates": [ [ [ 467722.689731677877717, 5541359.70949846599251 ], [ 467701.836143435852136, 5541417.050586396828294 ], [ 467568.177745045977645, 5541368.334951922297478 ], [ 467589.060332752706017, 5541311.016509354114532 ], [ 467722.689731677877717, 5541359.70949846599251 ] ] ] } },
{ "type": "Feature", "properties": { "name": "24e77037-fdaa-7d8a-e053-84002d0a9694" }, "geometry": { "type": "Polygon", "coordinates": [ [ [ 468066.113493659824599, 5543469.784643274731934 ], [ 468066.009338090836536, 5543471.769984217360616 ], [ 468065.69883271260187, 5543473.73431864194572 ], [ 468065.183986525749788, 5543475.654284956865013 ], [ 468064.471124601142947, 5543477.509831503964961 ], [ 468063.568720070703421, 5543479.280893824063241 ], [ 468062.485968689841684, 5543480.948515049181879 ], [ 468061.234930291073397, 5543482.493721233680844 ], [ 468059.829103348136414, 5543483.898641727864742 ], [ 468058.284160912327934, 5543485.149840467609465 ], [ 468056.617201405402739, 5543486.232760978862643 ], [ 468054.845336466736626, 5543487.135070476680994 ], [ 468052.989993776893243, 5543487.84774605371058 ], [ 468051.069736854522489, 5543488.361781882122159 ], [ 468049.106019852682948, 5543488.67260239366442 ], [ 468047.121019570739008, 5543488.776739578694105 ], [ 468045.13549401180353, 5543488.67295762617141 ], [ 468043.171646514965687, 5543488.362235851585865 ], [ 468041.251693708938546, 5543487.84777722787112 ], [ 468039.395717432606034, 5543487.135021223686635 ], [ 468037.624535506998654, 5543486.232738549821079 ], [ 468035.957533734792378, 5543485.149708448909223 ], [ 468034.412685826129746, 5543483.898054231889546 ], [ 468033.006546765100211, 5543482.492131461389363 ], [ 468031.755678232817445, 5543480.947407525964081 ], [ 468030.673068452975713, 5543479.280483063310385 ], [ 468029.770280280616134, 5543477.5090790996328 ], [ 468029.058173871191684, 5543475.653144651092589 ], [ 468028.544029264012352, 5543473.732650138437748 ], [ 468028.232985076552723, 5543471.768690676428378 ], [ 468028.128754526143894, 5543469.783481805585325 ], [ 468028.232902744610328, 5543467.799251920543611 ], [ 468028.544110807881225, 5543465.834911009296775 ], [ 468029.058228856185451, 5543463.91494542453438 ], [ 468029.771080439153593, 5543462.059394156560302 ], [ 468030.673476840252988, 5543460.288326151669025 ], [ 468031.756222658557817, 5543458.620698519982398 ], [ 468033.007258308702148, 5543457.075485492125154 ], [ 468034.413085442211013, 5543455.670558009296656 ], [ 468035.958030988345854, 5543454.419352446682751 ], [ 468037.625712427718099, 5543453.336421300657094 ], [ 468039.396869767573662, 5543452.434110460802913 ], [ 468041.252939082100056, 5543451.721425979398191 ], [ 468043.173208299616817, 5543451.207386709749699 ], [ 468045.1362227241043, 5543450.896568369120359 ], [ 468047.121953069814481, 5543450.792426240630448 ], [ 468049.106776587723289, 5543450.896213254891336 ], [ 468051.070637428842019, 5543451.206937245093286 ], [ 468052.99060234130593, 5543451.721399411559105 ], [ 468054.846588962536771, 5543452.434160133823752 ], [ 468056.617779018881265, 5543453.33644849434495 ], [ 468058.285502383660059, 5543454.419480729848146 ], [ 468059.830353036173619, 5543455.671141790226102 ], [ 468061.235769242455717, 5543457.075963974930346 ], [ 468062.486641298688482, 5543458.621806574985385 ], [ 468063.56924517970765, 5543460.288737399503589 ], [ 468064.47202492057113, 5543462.060146981850266 ], [ 468065.18412073480431, 5543463.91608605813235 ], [ 468065.698969078774098, 5543465.836579739116132 ], [ 468066.009993172541726, 5543467.799429456703365 ], [ 468066.113493659824599, 5543469.784643274731934 ] ] ] } },
{ "type": "Feature", "properties": { "name": "24e77037-f468-7d8a-e053-84002d0a9694" }, "geometry": { "type": "Polygon", "coordinates": [ [ [ 470075.390385838865768, 5541488.682463033124804 ], [ 470088.430684826686047, 5541453.361903887242079 ], [ 470098.482026199111715, 5541457.062817252241075 ], [ 470103.341800197202247, 5541443.888816679827869 ], [ 470149.792852246842813, 5541461.028407188132405 ], [ 470148.997031045146286, 5541463.215463253669441 ], [ 470174.576448059116956, 5541472.654016302898526 ], [ 470157.536001670290716, 5541518.950892481952906 ], [ 470075.390385838865768, 5541488.682463033124804 ] ] ] } },
{ "type": "Feature", "properties": { "name": "24e77037-efa9-7d8a-e053-84002d0a9694" }, "geometry": { "type": "Polygon", "coordinates": [ [ [ 469978.464437197952066, 5544380.429401863366365 ], [ 469979.182537248823792, 5544375.584223883226514 ], [ 469983.386344592319801, 5544376.195525316521525 ], [ 469982.684706750733312, 5544381.04061034694314 ], [ 469995.99108616966987, 5544382.967369548976421 ], [ 469994.059862401161809, 5544396.180726087652147 ], [ 469954.601171713264193, 5544390.534738977439702 ], [ 469956.492513331701048, 5544377.248206909745932 ], [ 469957.720619535306469, 5544377.425884149037302 ], [ 469958.253596067137551, 5544373.658047692850232 ], [ 469966.114335411635693, 5544374.76916656922549 ], [ 469965.577923714125063, 5544378.5637067258358 ], [ 469975.685077755246311, 5544380.026928531005979 ], [ 469978.464437197952066, 5544380.429401863366365 ] ] ] } },
{ "type": "Feature", "properties": { "name": "24e77037-f0f8-7d8a-e053-84002d0a9694" }, "geometry": { "type": "Polygon", "coordinates": [ [ [ 467977.34738789324183, 5543335.986744359135628 ], [ 467994.50165124272462, 5543342.324191554449499 ], [ 468032.068492610647809, 5543355.88931168243289 ], [ 468027.582742678001523, 5543368.311428410932422 ], [ 468013.684166394756176, 5543363.221970348618925 ], [ 468011.996500331151765, 5543367.914215145632625 ], [ 468006.81162204395514, 5543366.03053484018892 ], [ 468007.265186180942692, 5543364.761383693665266 ], [ 467988.74585786042735, 5543358.011766827665269 ], [ 467988.312730378645938, 5543359.225202958099544 ], [ 467982.51226909639081, 5543357.145088076591492 ], [ 467984.194299866212532, 5543352.591853497549891 ], [ 467972.772021401149686, 5543348.372751634567976 ], [ 467977.34738789324183, 5543335.986744359135628 ] ] ] } },
{ "type": "Feature", "properties": { "name": "010032b9-bd8c-4a67-ba63-7a10607eff53" }, "geometry": { "type": "Polygon", "coordinates": [ [ [ 471103.052584182471037, 5544492.317364009097219 ], [ 471102.822764161741361, 5544492.315269611775875 ], [ 471102.824722252553329, 5544492.015050526708364 ], [ 471100.084803204925265, 5544491.994269273243845 ], [ 471100.083555156306829, 5544492.293372641317546 ], [ 471050.483061159262434, 5544491.148316514678299 ], [ 471051.6636722862022, 5544441.937751611694694 ], [ 471052.061773322755471, 5544441.946716545149684 ], [ 471052.641695338417776, 5544418.00028280261904 ], [ 471067.920759115600958, 5544418.359058664180338 ], [ 471112.471974341839086, 5544419.405898700468242 ], [ 471120.826430723303929, 5544419.599853779189289 ], [ 471129.420756144507322, 5544419.800310757942498 ], [ 471139.354548717732541, 5544419.995779979974031 ], [ 471142.952516784484033, 5544420.078666816465557 ], [ 471144.776915350463241, 5544420.119974079541862 ], [ 471201.79448148276424, 5544421.432793583720922 ], [ 471201.789867354673333, 5544421.639628669247031 ], [ 471200.110787697602063, 5544494.613772600889206 ], [ 471199.878772290889174, 5544494.60279078874737 ], [ 471199.799065019120462, 5544498.14901533909142 ], [ 471199.702642855001613, 5544502.446962927468121 ], [ 471199.641517276759259, 5544505.189195942133665 ], [ 471183.680402336700354, 5544504.82148895598948 ], [ 471181.374875522393268, 5544504.768305708654225 ], [ 471169.559415921045002, 5544504.497284020297229 ], [ 471169.602377766103018, 5544503.037149793468416 ], [ 471159.57698081509443, 5544502.818770043551922 ], [ 471159.551972954242956, 5544504.288814542815089 ], [ 471126.922997389221564, 5544503.530815960839391 ], [ 471126.948020294075832, 5544502.065218684263527 ], [ 471116.959039548703004, 5544501.83004398457706 ], [ 471116.929742028238252, 5544503.299000058323145 ], [ 471102.834536085836589, 5544502.978167621418834 ], [ 471103.052668253367301, 5544492.332929921336472 ], [ 471103.052584182471037, 5544492.317364009097219 ] ] ] } },
{ "type": "Feature", "properties": { "name": "24e77037-f4db-7d8a-e053-84002d0a9694" }, "geometry": { "type": "Polygon", "coordinates": [ [ [ 468880.507245672692079, 5544254.550368483178318 ], [ 468870.027538436290342, 5544256.58603981975466 ], [ 468869.498357622942422, 5544253.862770733423531 ], [ 468879.978070017881691, 5544251.827098389156163 ], [ 468880.507245672692079, 5544254.550368483178318 ] ] ] } },
{ "type": "Feature", "properties": { "name": "24e77037-ed8d-7d8a-e053-84002d0a9694" }, "geometry": { "type": "Polygon", "coordinates": [ [ [ 468755.305853972793557, 5543492.985876525752246 ], [ 468765.868008922261652, 5543464.091904431581497 ], [ 468766.563657602702733, 5543462.189855020493269 ], [ 468766.755950283026323, 5543462.256557911634445 ], [ 468769.531801048084162, 5543454.596142082475126 ], [ 468769.350281081686262, 5543454.534935660660267 ], [ 468772.259511232550722, 5543446.53795350342989 ], [ 468782.261980592214968, 5543450.192189800553024 ], [ 468782.858970606292132, 5543448.438598936423659 ], [ 468786.919931172509678, 5543449.821450191549957 ], [ 468786.29195321991574, 5543451.664172207936645 ], [ 468798.96955989045091, 5543456.294641143642366 ], [ 468799.732761543185916, 5543454.186503452248871 ], [ 468802.302388924523257, 5543455.11662754882127 ], [ 468801.513409184932243, 5543457.224915133789182 ], [ 468835.895743002707604, 5543469.783496553078294 ], [ 468832.881643582426477, 5543477.984529444947839 ], [ 468832.6513184956857, 5543477.903591150417924 ], [ 468830.035588824772276, 5543485.038230975158513 ], [ 468830.263107804057654, 5543485.129192473366857 ], [ 468818.975301433179993, 5543516.114273407496512 ], [ 468755.305853972793557, 5543492.985876525752246 ] ] ] } },
{ "type": "Feature", "properties": { "name": "54018f82-b2d9-4e8a-8350-e69ebaf8ca80" }, "geometry": { "type": "Polygon", "coordinates": [ [ [ 465910.028625372739043, 5542835.886863647960126 ], [ 465910.913684263883624, 5542833.509563492611051 ], [ 465913.937254954653326, 5542834.633334395475686 ], [ 465913.050762683793437, 5542837.010643169283867 ], [ 465910.028625372739043, 5542835.886863647960126 ] ] ] } },
{ "type": "Feature", "properties": { "name": "60742651-6e4a-4f07-82a6-e41e75ddc4ed" }, "geometry": { "type": "Polygon", "coordinates": [ [ [ 465747.955222546588629, 5543756.169585821218789 ], [ 465745.137633812322747, 5543755.158006948418915 ], [ 465746.378314268717077, 5543751.772134093567729 ], [ 465749.194875435961876, 5543752.73479690682143 ], [ 465747.955222546588629, 5543756.169585821218789 ] ] ] } },
{ "type": "Feature", "properties": { "name": "24e77037-ef1d-7d8a-e053-84002d0a9694" }, "geometry": { "type": "Polygon", "coordinates": [ [ [ 466553.064601449063048, 5543219.676701134070754 ], [ 466559.322388419823255, 5543221.942549920640886 ], [ 466554.990100749593694, 5543233.76010512933135 ], [ 466548.738554800278507, 5543231.459753883071244 ], [ 466553.064601449063048, 5543219.676701134070754 ] ] ] } },
{ "type": "Feature", "properties": { "name": "24e77037-ef22-7d8a-e053-84002d0a9694" }, "geometry": { "type": "Polygon", "coordinates": [ [ [ 470030.023723498452455, 5544397.301191014237702 ], [ 470016.157939245866146, 5544395.446419319137931 ], [ 470017.123253092169762, 5544388.079217301681638 ], [ 470031.022124830109533, 5544389.958267805166543 ], [ 470030.023723498452455, 5544397.301191014237702 ] ] ] } },
{ "type": "Feature", "properties": { "name": "4a4d5304-92b4-8764-e053-b3472c0a0b84" }, "geometry": { "type": "Polygon", "coordinates": [ [ [ 468862.454336771043018, 5543679.87992524728179 ], [ 468861.886998718953691, 5543679.591911948285997 ], [ 468856.810596535913646, 5543677.171964837238193 ], [ 468857.236034547793679, 5543676.207707390189171 ], [ 468862.316998696594965, 5543678.673215706832707 ], [ 468862.525645269313827, 5543678.229470976628363 ], [ 468863.522331235115416, 5543678.717349692247808 ], [ 468863.344175210339017, 5543679.109770213253796 ], [ 468863.020029628125485, 5543679.762109652161598 ], [ 468862.928872751770541, 5543679.847143379971385 ], [ 468862.818222048284952, 5543679.904493366368115 ], [ 468862.696650157449767, 5543679.930774079635739 ], [ 468862.572007244860288, 5543679.921492299064994 ], [ 468862.454336771043018, 5543679.87992524728179 ] ] ] } },
{ "type": "Feature", "properties": { "name": "3f366887-57c3-a92a-e053-b4472c0a365b" }, "geometry": { "type": "Polygon", "coordinates": [ [ [ 470128.994461483613122, 5541205.317521518096328 ], [ 470178.733581274747849, 5541290.80517380964011 ], [ 470153.703507067984901, 5541305.798200785182416 ], [ 470103.216523089853581, 5541220.745248399674892 ], [ 470128.994461483613122, 5541205.317521518096328 ] ] ] } },
{ "type": "Feature", "properties": { "name": "f02feadf-fc85-44b0-96fc-889c85bcdc88" }, "geometry": { "type": "Polygon", "coordinates": [ [ [ 463403.068728655111045, 5542227.232605173252523 ], [ 463410.801425197336357, 5542221.291155402548611 ], [ 463422.251021118718199, 5542236.156806245446205 ], [ 463414.530509230506141, 5542242.098156464286149 ], [ 463403.068728655111045, 5542227.232605173252523 ] ] ] } },
{ "type": "Feature", "properties": { "name": "3f366887-5705-a92a-e053-b4472c0a365b" }, "geometry": { "type": "Polygon", "coordinates": [ [ [ 463265.739600606495515, 5542586.687430677935481 ], [ 463270.615067688049749, 5542593.006246757693589 ], [ 463266.964603626227472, 5542595.815482767298818 ], [ 463265.03229397413088, 5542593.304735283367336 ], [ 463263.930882129992824, 5542594.151775223203003 ], [ 463260.995562047464773, 5542590.338097230531275 ], [ 463265.739600606495515, 5542586.687430677935481 ] ] ] } },
{ "type": "Feature", "properties": { "name": "24e77037-f026-7d8a-e053-84002d0a9694" }, "geometry": { "type": "Polygon", "coordinates": [ [ [ 468809.775957359175663, 5544369.33429641276598 ], [ 468819.335543391352985, 5544375.915436322800815 ], [ 468818.12476142909145, 5544377.980596486479044 ], [ 468814.076017251645681, 5544375.25560693256557 ], [ 468811.548758640070446, 5544377.465204114094377 ], [ 468806.52876358065987, 5544374.050951956771314 ], [ 468809.775957359175663, 5544369.33429641276598 ] ] ] } },
{ "type": "Feature", "properties": { "name": "24e77037-f8f5-7d8a-e053-84002d0a9694" }, "geometry": { "type": "Polygon", "coordinates": [ [ [ 470054.066176356747746, 5544564.498653313145041 ], [ 470056.319728398288134, 5544548.998587096109986 ], [ 470059.363373876723927, 5544549.43853853456676 ], [ 470061.683369542064611, 5544549.774688080884516 ], [ 470064.805107989930548, 5544550.225324478000402 ], [ 470068.604653304617386, 5544550.775576071813703 ], [ 470071.561605986091308, 5544551.203788686543703 ], [ 470075.371178499190137, 5544551.755100865848362 ], [ 470079.675838221039157, 5544552.377031474374235 ], [ 470083.825025198922958, 5544552.977597161196172 ], [ 470085.953714379807934, 5544553.285917889326811 ], [ 470090.268406402145047, 5544553.910024677403271 ], [ 470092.481637772056274, 5544554.230106116272509 ], [ 470096.332764527120162, 5544554.787872208282351 ], [ 470102.057498548878357, 5544555.615365846082568 ], [ 470107.729933791037183, 5544556.436486479826272 ], [ 470112.252401406178251, 5544557.090582879260182 ], [ 470115.513853010023013, 5544557.562706020660698 ], [ 470119.828537916298956, 5544558.186836622655392 ], [ 470122.036748227023054, 5544558.505846412852407 ], [ 470126.769146765058395, 5544559.191027385182679 ], [ 470133.195312653377187, 5544560.120266929268837 ], [ 470132.315763599937782, 5544566.201630493625998 ], [ 470131.757410637452267, 5544570.05854226462543 ], [ 470130.952294061542489, 5544575.622463938780129 ], [ 470054.066176356747746, 5544564.498653313145041 ] ] ] } },
{ "type": "Feature", "properties": { "name": "c583a5bb-057f-4ad1-8c65-7f7097e71030" }, "geometry": { "type": "Polygon", "coordinates": [ [ [ 467053.083489829208702, 5541439.345131359994411 ], [ 467061.42914810864022, 5541416.347799592651427 ], [ 467071.31437851296505, 5541419.928438721224666 ], [ 467062.933646420657169, 5541442.935977513901889 ], [ 467062.693489472265355, 5541443.60458626691252 ], [ 467054.730029875296168, 5541465.49546314124018 ], [ 467054.436277409724426, 5541466.301164031028748 ], [ 467046.514776827651076, 5541488.015006547793746 ], [ 467036.643850213906262, 5541484.413200064562261 ], [ 467044.751266074250452, 5541462.185619068332016 ], [ 467044.868318041437306, 5541461.883577588945627 ], [ 467052.954996531654615, 5541439.650578684173524 ], [ 467053.083489829208702, 5541439.345131359994411 ] ] ] } },
{ "type": "Feature", "properties": { "name": "661e4af6-1cbf-bde8-e053-b4472c0a3fef" }, "geometry": { "type": "Polygon", "coordinates": [ [ [ 470554.285860276489984, 5541597.228116316720843 ], [ 470577.789342037518509, 5541605.988410335965455 ], [ 470576.710882713203318, 5541608.909683241508901 ], [ 470553.223396286484785, 5541600.190445606596768 ], [ 470554.285860276489984, 5541597.228116316720843 ] ] ] } },
{ "type": "Feature", "properties": { "name": "661e4af6-1b93-bde8-e053-b4472c0a3fef" }, "geometry": { "type": "Polygon", "coordinates": [ [ [ 468695.236440076783765, 5544198.66909012477845 ], [ 468700.91043431404978, 5544200.75293180719018 ], [ 468695.826895424746908, 5544214.542279344052076 ], [ 468690.160033982829191, 5544212.451730068773031 ], [ 468695.236440076783765, 5544198.66909012477845 ] ] ] } },
{ "type": "Feature", "properties": { "name": "24e77037-fe9a-7d8a-e053-84002d0a9694" }, "geometry": { "type": "Polygon", "coordinates": [ [ [ 470040.170817870064639, 5544493.998402274213731 ], [ 470039.577559203025885, 5544493.912773493677378 ], [ 470033.41051897755824, 5544492.994424977339804 ], [ 470032.921775309368968, 5544496.358392092399299 ], [ 470033.515749713522382, 5544496.44401612598449 ], [ 470033.027018782158848, 5544499.810206954367459 ], [ 470033.555796662694775, 5544499.887301065959036 ], [ 470033.212322063569445, 5544502.345379804261029 ], [ 470032.66992999217473, 5544502.266138209030032 ], [ 470032.19429770699935, 5544505.542193065397441 ], [ 470031.601040180947166, 5544505.456565173342824 ], [ 470030.715234443778172, 5544511.552435481920838 ], [ 470004.530830042087473, 5544507.751975690945983 ], [ 470005.420827247202396, 5544501.642734682187438 ], [ 470004.82756259967573, 5544501.555997904390097 ], [ 470005.306670748512261, 5544498.264354595914483 ], [ 470004.762846036173869, 5544498.185123856179416 ], [ 470005.113037655712105, 5544495.778152260929346 ], [ 470005.657578500686213, 5544495.857379026710987 ], [ 470006.152554930944461, 5544492.458905870094895 ], [ 470006.745098434563261, 5544492.544534956105053 ], [ 470007.234541948302649, 5544489.180561393499374 ], [ 470006.641275953443255, 5544489.093824410811067 ], [ 470007.101095541962422, 5544485.936827621422708 ], [ 470006.714897514961194, 5544485.880062648095191 ], [ 470007.021962631319184, 5544483.442200209014118 ], [ 470007.455447352491319, 5544483.505371443927288 ], [ 470007.931807502580341, 5544480.233757837675512 ], [ 470008.526506248163059, 5544480.320486940443516 ], [ 470009.002188862650655, 5544477.055548565462232 ], [ 470008.408921556954738, 5544476.968811385333538 ], [ 470008.903895429568365, 5544473.569226742722094 ], [ 470008.360068269772455, 5544473.489995628595352 ], [ 470008.727930128225125, 5544471.041785584762692 ], [ 470009.261012835602742, 5544471.119965077377856 ], [ 470009.755290645116474, 5544467.723720114678144 ], [ 470010.348558950412553, 5544467.810457449406385 ], [ 470010.824243903509341, 5544464.545519306324422 ], [ 470010.230975245358422, 5544464.458781921304762 ], [ 470010.704600007389672, 5544461.209421733394265 ], [ 470010.102733959793113, 5544461.12162066064775 ], [ 470010.502078417746816, 5544458.669898678548634 ], [ 470011.062385191209614, 5544458.751261426135898 ], [ 470011.546331977879163, 5544455.427347171120346 ], [ 470018.143214528332464, 5544456.388849473558366 ], [ 470018.676088945474476, 5544452.852291636168957 ], [ 470018.082800437929109, 5544452.76221782527864 ], [ 470019.391526575258467, 5544444.077730719000101 ], [ 470019.984100118861534, 5544444.167808691971004 ], [ 470020.916638420021627, 5544437.979388906620443 ], [ 470033.282496908912435, 5544439.8425725819543 ], [ 470038.575332040258218, 5544446.875626750290394 ], [ 470039.054412533761933, 5544446.514916918240488 ], [ 470045.863788586575538, 5544455.507523263804615 ], [ 470045.654060573433526, 5544456.792925009503961 ], [ 470045.062167434196454, 5544456.696169090457261 ], [ 470044.489148333552293, 5544460.226277605630457 ], [ 470045.081756993022282, 5544460.323029452934861 ], [ 470044.583976172376424, 5544463.609213854186237 ], [ 470045.085528403636999, 5544463.682014025747776 ], [ 470044.728562147181947, 5544466.16129316855222 ], [ 470044.209100238862447, 5544466.086369536817074 ], [ 470043.716842294903472, 5544469.335830918513238 ], [ 470043.122871287399903, 5544469.251317598856986 ], [ 470042.653610191540793, 5544472.516216740943491 ], [ 470043.247587070276495, 5544472.601841858588159 ], [ 470042.761779686086811, 5544475.980245963670313 ], [ 470043.333544702327345, 5544476.062659800983965 ], [ 470042.976374733960256, 5544478.505248046480119 ], [ 470042.410343369701877, 5544478.42391403298825 ], [ 470041.917645835899748, 5544481.850167908705771 ], [ 470041.323669958685059, 5544481.764542940072715 ], [ 470040.854411172214895, 5544485.029442309401929 ], [ 470041.44838669593446, 5544485.115067225880921 ], [ 470040.981860998203047, 5544488.35660170763731 ], [ 470041.533560982497875, 5544488.435792036354542 ], [ 470041.190000974165741, 5544490.879416145384312 ], [ 470040.631136061390862, 5544490.799154087901115 ], [ 470040.170817870064639, 5544493.998402274213731 ] ] ] } },
{ "type": "Feature", "properties": { "name": "9211e4ba-ca90-479d-8dc4-b11a43eea358" }, "geometry": { "type": "Polygon", "coordinates": [ [ [ 469908.121865946741309, 5544186.659354279749095 ], [ 469904.180966972722672, 5544188.521688300184906 ], [ 469902.469508531386964, 5544184.901009582914412 ], [ 469906.410403354268055, 5544183.037562471814454 ], [ 469908.121865946741309, 5544186.659354279749095 ] ] ] } },
{ "type": "Feature", "properties": { "name": "37e1b95e-e74c-4521-a3df-8ef7d7521b97" }, "geometry": { "type": "Polygon", "coordinates": [ [ [ 467646.259163859649561, 5543264.039526032283902 ], [ 467644.207786824204959, 5543269.760360370390117 ], [ 467641.922852353076451, 5543268.946928617544472 ], [ 467643.98064494022401, 5543263.221607054583728 ], [ 467646.259163859649561, 5543264.039526032283902 ] ] ] } },
{ "type": "Feature", "properties": { "name": "24e77037-ea68-7d8a-e053-84002d0a9694" }, "geometry": { "type": "Polygon", "coordinates": [ [ [ 468595.688315382285509, 5544094.170129577629268 ], [ 468588.108716214541346, 5544091.434899289160967 ], [ 468583.870479306264315, 5544089.905361550860107 ], [ 468583.606293603603262, 5544090.638534688390791 ], [ 468584.718484266137239, 5544096.906387158669531 ], [ 468585.317510306136683, 5544100.279673252254725 ], [ 468585.88838968629716, 5544103.493012836202979 ], [ 468586.42152799438918, 5544106.497539164498448 ], [ 468586.927248852152843, 5544109.344338460825384 ], [ 468587.434466358099598, 5544112.202247899957001 ], [ 468587.851355131890159, 5544114.552554975263774 ], [ 468604.160447594185825, 5544111.013323668390512 ], [ 468604.304184819455259, 5544110.617760200053453 ], [ 468611.686052406672388, 5544090.269162039272487 ], [ 468612.030451522325166, 5544090.393897046335042 ], [ 468651.43387543852441, 5544104.6596998590976 ], [ 468651.3112742768717, 5544104.997320040129125 ], [ 468644.010015139938332, 5544125.07297789491713 ], [ 468643.869093566085212, 5544125.460740564391017 ], [ 468626.447383543010801, 5544119.105015032924712 ], [ 468639.405062267149333, 5544137.683196568861604 ], [ 468639.261303666396998, 5544138.075423552654684 ], [ 468631.911966630548704, 5544158.116913110949099 ], [ 468631.790760747157037, 5544158.447854287922382 ], [ 468592.453750367159955, 5544144.095081265084445 ], [ 468592.125853516336065, 5544143.975810113362968 ], [ 468592.249172493407968, 5544143.639296184293926 ], [ 468599.603465660300571, 5544123.609953013248742 ], [ 468599.754276826803107, 5544123.199893358163536 ], [ 468639.405062267149333, 5544137.683196568861604 ], [ 468626.447383543010801, 5544119.105015032924712 ], [ 468627.56074203440221, 5544116.056362824514508 ], [ 468626.859043006494176, 5544114.582778233103454 ], [ 468625.34563828620594, 5544113.999015525914729 ], [ 468623.857037191046402, 5544114.714904438704252 ], [ 468622.774596562085208, 5544117.785613887943327 ], [ 468604.463229341141414, 5544111.122735933400691 ], [ 468604.160447594185825, 5544111.013323668390512 ], [ 468587.851355131890159, 5544114.552554975263774 ], [ 468583.543075582711026, 5544118.162573804147542 ], [ 468580.261458175373264, 5544120.911526083014905 ], [ 468577.361020314565394, 5544123.342465877532959 ], [ 468574.317372406309005, 5544125.892108433879912 ], [ 468572.050318952125963, 5544127.792296616360545 ], [ 468569.545297773904167, 5544129.890687682665884 ], [ 468567.754166467988398, 5544131.39113833848387 ], [ 468567.392946426349226, 5544131.693469906225801 ], [ 468567.146000024105888, 5544132.435437782667577 ], [ 468572.9728397912113, 5544134.557163008488715 ], [ 468579.112505041295663, 5544136.792693940922618 ], [ 468579.985707510262728, 5544137.111125883646309 ], [ 468579.4531704960973, 5544138.598623052239418 ], [ 468579.247947321739048, 5544138.520884088240564 ], [ 468577.794882051006425, 5544139.189878020435572 ], [ 468575.705251649953425, 5544144.967287423089147 ], [ 468576.375276721315458, 5544146.4099186277017 ], [ 468576.640730151964817, 5544146.502870206721127 ], [ 468575.109305292542558, 5544150.652533845975995 ], [ 468574.905623975908384, 5544151.203002597205341 ], [ 468574.935356282861903, 5544151.267317476682365 ], [ 468638.866038425068837, 5544174.836746488697827 ], [ 468638.931012828310486, 5544174.806344712153077 ], [ 468640.720942445273977, 5544170.045870158821344 ], [ 468640.940534399764147, 5544170.132422354072332 ], [ 468642.397139528475236, 5544169.456753460690379 ], [ 468644.47757008188637, 5544163.687207621522248 ], [ 468643.821910397091415, 5544162.248931426554918 ], [ 468643.610213050793391, 5544162.165668508037925 ], [ 468647.235604639514349, 5544152.225275120697916 ], [ 468649.663814840780105, 5544145.567519392818213 ], [ 468651.88541913847439, 5544139.450240769423544 ], [ 468651.917688102752436, 5544139.336639187298715 ], [ 468651.948505642183591, 5544139.219710445962846 ], [ 468651.984289185900707, 5544139.094969400204718 ], [ 468652.063217628689017, 5544138.879912694916129 ], [ 468652.574153686815407, 5544137.490395604632795 ], [ 468653.068890376191121, 5544136.146560862660408 ], [ 468653.679901659546886, 5544134.485157054848969 ], [ 468653.937130631529726, 5544133.785384778864682 ], [ 468654.124595028930344, 5544133.276153977029026 ], [ 468654.462926641921513, 5544132.365759875625372 ], [ 468654.518099386943504, 5544132.250912255607545 ], [ 468654.576103343395516, 5544132.130488610826433 ], [ 468654.600106743571814, 5544132.072529848664999 ], [ 468654.717715398292057, 5544131.738274631090462 ], [ 468654.983939286437817, 5544130.985079113394022 ], [ 468655.364999394048937, 5544129.913211080245674 ], [ 468656.161263962683734, 5544127.731470916420221 ], [ 468656.278221997548826, 5544127.408338426612318 ], [ 468657.286561028740834, 5544124.640503345988691 ], [ 468657.814324347709771, 5544123.18973443377763 ], [ 468658.339302326610778, 5544121.752324543893337 ], [ 468659.158798323827796, 5544119.502623669803143 ], [ 468659.775371725088917, 5544117.812278985977173 ], [ 468660.222814480075613, 5544116.583246395923197 ], [ 468660.547655958565883, 5544115.691833820194006 ], [ 468661.214248459320515, 5544113.862210427410901 ], [ 468661.730754156771582, 5544112.44486450497061 ], [ 468662.150725212239195, 5544111.292713224887848 ], [ 468662.901871555135585, 5544109.230210385285318 ], [ 468663.114956989011262, 5544109.305682735517621 ], [ 468664.550187776971143, 5544108.644599840044975 ], [ 468666.704363830387592, 5544102.866848599165678 ], [ 468666.03287397720851, 5544101.415319848805666 ], [ 468665.806816575233825, 5544101.325468803755939 ], [ 468667.459034261293709, 5544096.636971432715654 ], [ 468667.428677974967286, 5544096.58822613209486 ], [ 468656.822123500867747, 5544092.654218970797956 ], [ 468651.536166434234474, 5544090.711583279073238 ], [ 468646.555168024613522, 5544088.883914106525481 ], [ 468641.580616238818038, 5544087.057323650456965 ], [ 468637.575433696154505, 5544085.587531568482518 ], [ 468632.469570077548269, 5544083.712796099483967 ], [ 468628.941525826812722, 5544082.417003619484603 ], [ 468625.081993645289913, 5544081.00084943138063 ], [ 468618.950784610584378, 5544078.749649493023753 ], [ 468615.068284484266769, 5544077.32474207598716 ], [ 468613.838451202143915, 5544076.872745855711401 ], [ 468611.434042684209999, 5544075.990667872130871 ], [ 468609.612257630913518, 5544075.321991220116615 ], [ 468607.309012095909566, 5544074.476013926789165 ], [ 468604.769702455727383, 5544073.543583507649601 ], [ 468603.485337676072959, 5544073.071895618923008 ], [ 468603.421078177227173, 5544073.10229361616075 ], [ 468602.193168713129126, 5544076.395126214250922 ], [ 468601.677898229914717, 5544077.776890270411968 ], [ 468601.473369447281584, 5544077.69581070356071 ], [ 468600.024678391520865, 5544078.381450992077589 ], [ 468597.907734463806264, 5544084.149003990925848 ], [ 468598.551309879287146, 5544085.598464390262961 ], [ 468598.77799370419234, 5544085.672742506489158 ], [ 468596.522556945623364, 5544091.874745054170489 ], [ 468595.688315382285509, 5544094.170129577629268 ] ] ] } },
{ "type": "Feature", "properties": { "name": "3feb9801-4fed-030b-e053-b4472c0aa7e0" }, "geometry": { "type": "Polygon", "coordinates": [ [ [ 469339.612721524259541, 5544462.424552774056792 ], [ 469336.425307181372773, 5544471.146668954752386 ], [ 469330.70141589245759, 5544486.86597550008446 ], [ 469325.751511492300779, 5544500.470490160398185 ], [ 469321.307597594044637, 5544512.668907292187214 ], [ 469317.190349852782674, 5544511.168120263144374 ], [ 469316.116214478679467, 5544514.118556827306747 ], [ 469308.033030715421773, 5544511.161713263019919 ], [ 469309.10787816013908, 5544508.211270967498422 ], [ 469306.579713678278495, 5544507.291788813658059 ], [ 469306.001777175115421, 5544508.880655071698129 ], [ 469272.192806789244059, 5544496.571550221182406 ], [ 469272.771450569794979, 5544494.982676194049418 ], [ 469270.240397109941114, 5544494.061003927141428 ], [ 469269.192120012245141, 5544497.022420403547585 ], [ 469261.118995903409086, 5544494.081155921332538 ], [ 469262.193827537063044, 5544491.131816040724516 ], [ 469258.077984472038224, 5544489.632178043946624 ], [ 469277.944484408712015, 5544435.102321565151215 ], [ 469292.651725804782473, 5544440.460579226724803 ], [ 469294.865573621063959, 5544434.383643184788525 ], [ 469304.255997211032081, 5544437.81107915751636 ], [ 469304.688943589862902, 5544436.904631367884576 ], [ 469319.626422431552783, 5544442.342809746041894 ], [ 469319.285294286499266, 5544443.280974521301687 ], [ 469328.69214564259164, 5544446.707247032783926 ], [ 469326.478264863137156, 5544452.784169062972069 ], [ 469341.173928151663858, 5544458.138178125955164 ], [ 469339.612721524259541, 5544462.424552774056792 ] ] ] } },
{ "type": "Feature", "properties": { "name": "661e4af6-1adf-bde8-e053-b4472c0a3fef" }, "geometry": { "type": "Polygon", "coordinates": [ [ [ 467127.414973633247428, 5543579.330563592724502 ], [ 467125.222503913275432, 5543578.524567859247327 ], [ 467125.701672260416672, 5543577.264077093452215 ], [ 467127.89479697594652, 5543578.060061995871365 ], [ 467127.414973633247428, 5543579.330563592724502 ] ] ] } },
{ "type": "Feature", "properties": { "name": "24e77037-ea40-7d8a-e053-84002d0a9694" }, "geometry": { "type": "Polygon", "coordinates": [ [ [ 468903.586086603580043, 5544276.99751313123852 ], [ 468902.709029129182454, 5544273.544640738517046 ], [ 468896.826926890586037, 5544275.045409000478685 ], [ 468896.210494172875769, 5544272.705133778043091 ], [ 468913.697063183179125, 5544268.185984391719103 ], [ 468915.198653316125274, 5544274.020228524692357 ], [ 468903.586086603580043, 5544276.99751313123852 ] ] ] } },
{ "type": "Feature", "properties": { "name": "24e77037-f751-7d8a-e053-84002d0a9694" }, "geometry": { "type": "Polygon", "coordinates": [ [ [ 471073.687500464497134, 5543094.203003696165979 ], [ 471086.911430323554669, 5543118.800860718823969 ], [ 471069.133664232271258, 5543128.359026598744094 ], [ 471055.837201499321964, 5543103.601493938826025 ], [ 471073.687500464497134, 5543094.203003696165979 ] ] ] } },
{ "type": "Feature", "properties": { "name": "661e4af6-1b0c-bde8-e053-b4472c0a3fef" }, "geometry": { "type": "Polygon", "coordinates": [ [ [ 468488.579547765431926, 5544014.922898594290018 ], [ 468491.073911827872507, 5544008.092338839545846 ], [ 468496.758159687160514, 5544010.167010762728751 ], [ 468494.323397302126978, 5544017.028349770233035 ], [ 468488.579547765431926, 5544014.922898594290018 ] ] ] } },
{ "type": "Feature", "properties": { "name": "24e77037-f27e-7d8a-e053-84002d0a9694" }, "geometry": { "type": "Polygon", "coordinates": [ [ [ 463552.867040469776839, 5542798.472618388943374 ], [ 463548.993817422655411, 5542797.070203125476837 ], [ 463549.870405136840418, 5542794.652530553750694 ], [ 463553.748665271501523, 5542796.058247860521078 ], [ 463552.867040469776839, 5542798.472618388943374 ] ] ] } },
{ "type": "Feature", "properties": { "name": "162ade4f-bcb5-439e-9aea-a302b2cf190f" }, "geometry": { "type": "Polygon", "coordinates": [ [ [ 470741.975745438947342, 5544188.054682296700776 ], [ 470739.940006869670469, 5544193.765328946523368 ], [ 470734.290216932655312, 5544191.768151116557419 ], [ 470736.302221048914362, 5544186.038730070926249 ], [ 470741.975745438947342, 5544188.054682296700776 ] ] ] } },
{ "type": "Feature", "properties": { "name": "ada6bc13-7750-4789-a222-ffa8dacb21b0" }, "geometry": { "type": "Polygon", "coordinates": [ [ [ 466585.205665475747082, 5542980.82095227856189 ], [ 466583.206338598451111, 5542980.148508902639151 ], [ 466584.03160242352169, 5542977.670513729564846 ], [ 466586.040969382622279, 5542978.345118526369333 ], [ 466585.205665475747082, 5542980.82095227856189 ] ] ] } },
{ "type": "Feature", "properties": { "name": "24e77037-fcb0-7d8a-e053-84002d0a9694" }, "geometry": { "type": "Polygon", "coordinates": [ [ [ 467904.190576320281252, 5544014.323260240256786 ], [ 467912.471275762654841, 5544017.243455044925213 ], [ 467909.856569002033211, 5544024.657643560320139 ], [ 467901.575879497744609, 5544021.737452814355493 ], [ 467904.190576320281252, 5544014.323260240256786 ] ] ] } },
{ "type": "Feature", "properties": { "name": "24e77037-ef40-7d8a-e053-84002d0a9694" }, "geometry": { "type": "Polygon", "coordinates": [ [ [ 470991.105638470151462, 5544368.058642231859267 ], [ 470991.05101995455334, 5544370.397229076363146 ], [ 470955.061641454056371, 5544369.566204727627337 ], [ 470955.116250293795019, 5544367.228729312308133 ], [ 470951.143760853912681, 5544367.136882914230227 ], [ 470951.090591605345253, 5544369.475462451577187 ], [ 470930.074643330299295, 5544368.990297272801399 ], [ 470930.586181325139478, 5544347.972920616157353 ], [ 470951.566434491018299, 5544348.461617988534272 ], [ 470951.513264752167743, 5544350.800197456032038 ], [ 470955.498658778320532, 5544350.89308607019484 ], [ 470955.553262083965819, 5544348.554498877376318 ], [ 470991.542823945812415, 5544349.393309991806746 ], [ 470991.488204928464256, 5544351.731896764598787 ], [ 470995.47646094369702, 5544351.824799622409046 ], [ 470995.527502135606483, 5544349.486232304945588 ], [ 471031.512753502873238, 5544350.325335507281125 ], [ 471031.46097466815263, 5544352.662794451229274 ], [ 471035.448513107723556, 5544352.755730976350605 ], [ 471035.50029368250398, 5544350.418272079899907 ], [ 471056.501285356876906, 5544350.907268448732793 ], [ 471066.371294597338419, 5544351.198570339009166 ], [ 471065.924520857806783, 5544368.800985611975193 ], [ 471059.026289056870155, 5544368.625923841260374 ], [ 471056.076983869017567, 5544368.555150480009615 ], [ 471055.99696597509319, 5544371.89456872548908 ], [ 471035.034029918839224, 5544371.410928476601839 ], [ 471035.085803993570153, 5544369.072357654571533 ], [ 471031.098283719853498, 5544368.980533291585743 ], [ 471031.046511386113707, 5544371.319104160182178 ], [ 470995.067898491222877, 5544370.489976326003671 ], [ 470995.118939206760842, 5544368.15140893496573 ], [ 470991.105638470151462, 5544368.058642231859267 ] ] ] } },
{ "type": "Feature", "properties": { "name": "24e77037-fdd2-7d8a-e053-84002d0a9694" }, "geometry": { "type": "Polygon", "coordinates": [ [ [ 466016.978212139627431, 5542987.630453696474433 ], [ 466019.854811450524721, 5542979.607687208801508 ], [ 466023.152087616443168, 5542980.770921429619193 ], [ 466020.269832890597172, 5542988.805952814407647 ], [ 466016.978212139627431, 5542987.630453696474433 ] ] ] } },
{ "type": "Feature", "properties": { "name": "4bf11b24-8230-62c6-e053-b3472c0afd68" }, "geometry": { "type": "Polygon", "coordinates": [ [ [ 465737.337674974638503, 5542848.788770866580307 ], [ 465735.412544343911577, 5542847.202192748896778 ], [ 465738.467110791767482, 5542843.541196744889021 ], [ 465740.38584655552404, 5542845.135600122623146 ], [ 465737.337674974638503, 5542848.788770866580307 ] ] ] } },
{ "type": "Feature", "properties": { "name": "661e4af6-1b39-bde8-e053-b4472c0a3fef" }, "geometry": { "type": "Polygon", "coordinates": [ [ [ 468498.61255786404945, 5544012.234212037175894 ], [ 468499.699904072913341, 5544009.396945025771856 ], [ 468505.370135484146886, 5544011.52396728657186 ], [ 468504.302977564744651, 5544014.385575834661722 ], [ 468498.61255786404945, 5544012.234212037175894 ] ] ] } },
{ "type": "Feature", "properties": { "name": "24e77037-eb12-7d8a-e053-84002d0a9694" }, "geometry": { "type": "Polygon", "coordinates": [ [ [ 465657.493213799491059, 5542095.278079178184271 ], [ 465657.467713124235161, 5542075.109660975635052 ], [ 465681.577737278537825, 5542075.161889815703034 ], [ 465681.60243093338795, 5542095.330312320031226 ], [ 465657.493213799491059, 5542095.278079178184271 ] ] ] } },
{ "type": "Feature", "properties": { "name": "3f366887-573c-a92a-e053-b4472c0a365b" }, "geometry": { "type": "Polygon", "coordinates": [ [ [ 470251.53888489928795, 5541219.795946005731821 ], [ 470253.91776273510186, 5541220.02957068849355 ], [ 470255.870064311719034, 5541220.588010401464999 ], [ 470258.376620525959879, 5541221.88388460688293 ], [ 470260.507866278057918, 5541223.706650956533849 ], [ 470261.712635028990917, 5541225.229907338507473 ], [ 470262.477835366735235, 5541226.544347516261041 ], [ 470263.210669801977929, 5541228.351530034095049 ], [ 470263.625885189219844, 5541230.109329639002681 ], [ 470263.773870884964708, 5541232.377853668294847 ], [ 470263.6226407866925, 5541234.427886869758368 ], [ 470263.007717082975432, 5541236.310377053916454 ], [ 470261.939547972811852, 5541238.487808162346482 ], [ 470260.750728433136828, 5541240.094403454102576 ], [ 470259.290772986365482, 5541241.507925724610686 ], [ 470257.950760641251691, 5541242.461576177738607 ], [ 470256.039828257868066, 5541243.417285673320293 ], [ 470254.425870616512839, 5541243.929930407553911 ], [ 470252.358810440870002, 5541244.247177716344595 ], [ 470250.149299625190906, 5541244.196073137223721 ], [ 470248.483500822272617, 5541243.887328785844147 ], [ 470247.235580982407555, 5541243.493984472937882 ], [ 470245.986790036375169, 5541242.943870301358402 ], [ 470244.532047461543698, 5541242.071343719959259 ], [ 470243.071202650200576, 5541240.874182659201324 ], [ 470241.773661271494348, 5541239.414823002181947 ], [ 470240.654855105618481, 5541237.634249272756279 ], [ 470239.92164389078971, 5541235.889337093569338 ], [ 470239.498405900434591, 5541234.236100478097796 ], [ 470239.299211010686122, 5541232.035686208866537 ], [ 470239.453902662324253, 5541230.094597182236612 ], [ 470239.95843558490742, 5541228.071508949622512 ], [ 470240.967704314331058, 5541225.866603712551296 ], [ 470242.535472027258947, 5541223.744210333563387 ], [ 470244.189103049808182, 5541222.248440342955291 ], [ 470246.204538665479049, 5541221.018623835407197 ], [ 470248.768358721979894, 5541220.11376628279686 ], [ 470251.53888489928795, 5541219.795946005731821 ] ] ] } },
{ "type": "Feature", "properties": { "name": "7583db1c-e08a-4cbd-e053-b3472c0ada59" }, "geometry": { "type": "Polygon", "coordinates": [ [ [ 466815.496095278649591, 5543019.967873659916222 ], [ 466814.990091406507418, 5543019.784213161095977 ], [ 466814.91400628502015, 5543019.755775721743703 ], [ 466820.796685348555911, 5543003.308931604959071 ], [ 466825.142023382359184, 5543004.910917445085943 ], [ 466824.594086657860316, 5543006.396462073549628 ], [ 466822.322262289642822, 5543013.283131752163172 ], [ 466821.90510935743805, 5543014.494341253302991 ], [ 466821.448578966432251, 5543015.822543268091977 ], [ 466824.335213999962434, 5543016.854275584220886 ], [ 466822.256505574041512, 5543022.431054571643472 ], [ 466815.496095278649591, 5543019.967873659916222 ] ] ] } },
{ "type": "Feature", "properties": { "name": "3f366887-589a-a92a-e053-b4472c0a365b" }, "geometry": { "type": "Polygon", "coordinates": [ [ [ 466537.195010145951528, 5543166.036000708118081 ], [ 466540.300197374366689, 5543167.09401077684015 ], [ 466539.597524063487072, 5543169.127603330649436 ], [ 466536.532243366527837, 5543168.038211257196963 ], [ 466537.195010145951528, 5543166.036000708118081 ] ] ] } },
{ "type": "Feature", "properties": { "name": "24e77037-efb3-7d8a-e053-84002d0a9694" }, "geometry": { "type": "Polygon", "coordinates": [ [ [ 467624.404347402392887, 5541532.270221176557243 ], [ 467617.568226234579924, 5541551.056826204061508 ], [ 467547.117224937828723, 5541525.419582816772163 ], [ 467553.953850409016013, 5541506.63288336340338 ], [ 467624.404347402392887, 5541532.270221176557243 ] ] ] } },
{ "type": "Feature", "properties": { "name": "a12500dc-3481-415e-9f2a-8b2628411df2" }, "geometry": { "type": "Polygon", "coordinates": [ [ [ 469973.010203630314209, 5542211.484454540535808 ], [ 469998.99451842578128, 5542220.902088244445622 ], [ 469999.082759876037017, 5542220.672546206042171 ], [ 470003.62509861466242, 5542222.346051308326423 ], [ 470002.613487490976695, 5542225.103625676594675 ], [ 470002.597961616469547, 5542225.144852278754115 ], [ 470002.330975332588423, 5542225.046278762631118 ], [ 470002.275709730514791, 5542225.025462644174695 ], [ 470001.068217561638448, 5542228.358977551572025 ], [ 470001.128502746752929, 5542228.38087741099298 ], [ 470001.374681782501284, 5542228.472896156832576 ], [ 470001.364804524637293, 5542228.499636655673385 ], [ 470000.370434341137297, 5542231.266009949147701 ], [ 469995.834722317755222, 5542229.623603194020689 ], [ 469995.924489337776322, 5542229.410730773583055 ], [ 469995.364702669496182, 5542229.20816966984421 ], [ 469983.955619972548448, 5542225.04585583973676 ], [ 469984.8859058462549, 5542222.475529864430428 ], [ 469984.895073068386409, 5542222.449905196204782 ], [ 469984.900017894862685, 5542222.437646781094372 ], [ 469984.722749159031082, 5542222.373039518482983 ], [ 469985.660334990883712, 5542219.827134165912867 ], [ 469980.243202630663291, 5542217.848333956673741 ], [ 469972.207249023427721, 5542214.920224221423268 ], [ 469972.200990294571966, 5542214.953615771606565 ], [ 469971.799132967717014, 5542214.815772424452007 ], [ 469973.010203630314209, 5542211.484454540535808 ] ] ] } },
{ "type": "Feature", "properties": { "name": "661e4af6-1a0d-bde8-e053-b4472c0a3fef" }, "geometry": { "type": "Polygon", "coordinates": [ [ [ 466271.61458594922442, 5542984.041895139031112 ], [ 466277.329064909659792, 5542986.053994267247617 ], [ 466276.539415824459866, 5542988.251617451198399 ], [ 466270.827430470730178, 5542986.293986110948026 ], [ 466271.61458594922442, 5542984.041895139031112 ] ] ] } },
{ "type": "Feature", "properties": { "name": "24e77037-f73d-7d8a-e053-84002d0a9694" }, "geometry": { "type": "Polygon", "coordinates": [ [ [ 467879.292973033036105, 5543394.461404445581138 ], [ 467879.205620217719115, 5543396.13309623952955 ], [ 467878.94343971600756, 5543397.78693516459316 ], [ 467878.509898459131364, 5543399.403998345136642 ], [ 467877.909902118786704, 5543400.96646617539227 ], [ 467877.149801772320643, 5543402.458734160289168 ], [ 467876.238083247269969, 5543403.862961234524846 ], [ 467875.184677764598746, 5543405.163521429523826 ], [ 467874.00096193747595, 5543406.347003888338804 ], [ 467872.699751096137334, 5543407.401101007126272 ], [ 467871.296001979440916, 5543408.312380426563323 ], [ 467869.803981943929102, 5543409.071861474774778 ], [ 467868.241551865881775, 5543409.672765666618943 ], [ 467866.624404444475658, 5543410.104991858825088 ], [ 467864.970433878479525, 5543410.367320770397782 ], [ 467863.298946406925097, 5543410.455188955180347 ], [ 467861.627120164688677, 5543410.36738139949739 ], [ 467859.973578720586374, 5543410.104898146353662 ], [ 467858.356965682061855, 5543409.672074768692255 ], [ 467856.793769874435384, 5543409.072147878818214 ], [ 467855.301932258647867, 5543408.311680996790528 ], [ 467853.897981776914094, 5543407.400581780821085 ], [ 467852.597001968941186, 5543406.346542784012854 ], [ 467851.413393760914914, 5543405.16282008215785 ], [ 467850.360119358461816, 5543403.861566507257521 ], [ 467849.448006239603274, 5543402.457171487621963 ], [ 467848.688611319637857, 5543400.966243841685355 ], [ 467848.088465898646973, 5543399.403198824264109 ], [ 467847.654837383073755, 5543397.785782928578556 ], [ 467847.393567799997982, 5543396.132863118313253 ], [ 467847.305473536427598, 5543394.461112786084414 ], [ 467847.393532473070081, 5543392.789416131563485 ], [ 467847.655703512427863, 5543391.135575633496046 ], [ 467848.088520140619949, 5543389.518514240160584 ], [ 467848.688509147963487, 5543387.956043064594269 ], [ 467849.448603726341389, 5543386.463771047070622 ], [ 467850.360318308055867, 5543385.059539428912103 ], [ 467851.41443788917968, 5543383.758970081806183 ], [ 467852.598153850063682, 5543382.57548266556114 ], [ 467853.898650852963328, 5543381.521385012194514 ], [ 467855.303120199183468, 5543380.610096785239875 ], [ 467856.794430173060391, 5543379.85061605181545 ], [ 467858.357583804696333, 5543379.249704277142882 ], [ 467859.974739946657792, 5543378.817475645802915 ], [ 467861.628004012571182, 5543378.555149540305138 ], [ 467863.300217477080878, 5543378.46727657970041 ], [ 467864.971337596653029, 5543378.555088995024562 ], [ 467866.624888501130044, 5543378.817573821172118 ], [ 467868.242226168396883, 5543379.250395406968892 ], [ 467869.804713268764317, 5543379.850329947657883 ], [ 467871.296556649089325, 5543380.610800862312317 ], [ 467872.700511075032409, 5543381.521904620341957 ], [ 467874.001492828305345, 5543382.575948472134769 ], [ 467875.185100903268903, 5543383.759676126763225 ], [ 467876.239089140493888, 5543385.060930241830647 ], [ 467877.150482029654086, 5543386.465334071777761 ], [ 467877.910587015736382, 5543387.956261397339404 ], [ 467878.510724923224188, 5543389.519309701398015 ], [ 467878.943628675304353, 5543391.136732336133718 ], [ 467879.205604761431459, 5543392.789649336598814 ], [ 467879.292973033036105, 5543394.461404445581138 ] ] ] } },
{ "type": "Feature", "properties": { "name": "24e77037-f607-7d8a-e053-84002d0a9694" }, "geometry": { "type": "Polygon", "coordinates": [ [ [ 470538.143247134110425, 5544821.011463784612715 ], [ 470539.528373672335874, 5544837.505321744829416 ], [ 470503.22051067155553, 5544840.554038036614656 ], [ 470501.42532393313013, 5544819.171266864053905 ], [ 470506.674536496517248, 5544818.730927907861769 ], [ 470506.507496678153984, 5544816.739350735209882 ], [ 470507.553617252444383, 5544816.651304053142667 ], [ 470507.086269815510605, 5544811.088895687833428 ], [ 470537.128324301156681, 5544808.56616476457566 ], [ 470537.762668964802288, 5544816.120153706520796 ], [ 470537.744784934679046, 5544816.122475967742503 ], [ 470538.143247134110425, 5544821.011463784612715 ] ] ] } },
{ "type": "Feature", "properties": { "name": "d6a628fc-2f91-4e4e-bead-21a13a6b89b1" }, "geometry": { "type": "Polygon", "coordinates": [ [ [ 468668.948447635571938, 5541745.650978166610003 ], [ 468671.14287211431656, 5541739.726255523972213 ], [ 468674.142771976592485, 5541740.842826924286783 ], [ 468673.306565172504634, 5541743.118184506893158 ], [ 468674.304349840269424, 5541743.484828531742096 ], [ 468673.588712105876766, 5541745.432587067596614 ], [ 468672.591650516144, 5541745.067050829529762 ], [ 468671.964844728296157, 5541746.771899338811636 ], [ 468668.948447635571938, 5541745.650978166610003 ] ] ] } },
{ "type": "Feature", "properties": { "name": "bfb41434-a1f0-4924-adfd-d0ab4dd54883" }, "geometry": { "type": "Polygon", "coordinates": [ [ [ 470198.934857332031243, 5544551.102110810577869 ], [ 470196.17624770081602, 5544570.469839694909751 ], [ 470190.158624505798798, 5544569.621639807708561 ], [ 470192.948742859356571, 5544550.259291534312069 ], [ 470198.934857332031243, 5544551.102110810577869 ] ] ] } },
{ "type": "Feature", "properties": { "name": "3f366887-58d6-a92a-e053-b4472c0a365b" }, "geometry": { "type": "Polygon", "coordinates": [ [ [ 469203.503765727742575, 5544389.058960393071175 ], [ 469202.832690289476886, 5544389.016123762354255 ], [ 469202.168466735281982, 5544388.919877202250063 ], [ 469201.513229972682893, 5544388.76798464730382 ], [ 469200.873442363459617, 5544388.563744557090104 ], [ 469200.252683435683139, 5544388.307136323302984 ], [ 469199.654551920481026, 5544388.001474875956774 ], [ 469199.083343259990215, 5544387.646735490299761 ], [ 469198.544088010210544, 5544387.246224851347506 ], [ 469198.974730352289043, 5544386.066257525235415 ], [ 469192.646889536292292, 5544383.754383167251945 ], [ 469194.702870872570202, 5544378.127516630105674 ], [ 469198.093508906080388, 5544379.366652347147465 ], [ 469199.815410576120485, 5544374.654570263810456 ], [ 469199.266356123611331, 5544373.546955890022218 ], [ 469198.602001620456576, 5544373.303941435180604 ], [ 469199.165872211044189, 5544371.761843970045447 ], [ 469196.021318541490473, 5544370.613577403128147 ], [ 469186.972551757935435, 5544395.466318559832871 ], [ 469180.832010653160978, 5544393.230099761858582 ], [ 469194.09258102538297, 5544356.809487139806151 ], [ 469200.224695044918917, 5544359.068007627502084 ], [ 469199.350052749854513, 5544361.471382450312376 ], [ 469202.541222133673728, 5544362.632725328207016 ], [ 469202.938731498667039, 5544361.541900054551661 ], [ 469205.403620140394196, 5544361.776775740087032 ], [ 469207.831992085790262, 5544362.259813481010497 ], [ 469210.198764481872786, 5544362.986710013821721 ], [ 469212.479551231954247, 5544363.949822372756898 ], [ 469214.651391718245577, 5544365.140387454070151 ], [ 469216.691287003806792, 5544366.542971029877663 ], [ 469216.292375393619295, 5544367.639362769201398 ], [ 469219.463453441218007, 5544368.794159949757159 ], [ 469222.248306046938524, 5544361.178393477573991 ], [ 469224.834393490687944, 5544354.105260747484863 ], [ 469226.801634840958286, 5544348.725756525062025 ], [ 469228.579266032611486, 5544343.863259031437337 ], [ 469232.516587031946983, 5544333.096454937942326 ], [ 469238.672950292530004, 5544335.337089881300926 ], [ 469234.708132723346353, 5544346.179655780084431 ], [ 469232.957279552298132, 5544350.96861270070076 ], [ 469230.99074241501512, 5544356.346998689696193 ], [ 469228.403938474366441, 5544363.421244408935308 ], [ 469217.146844875009265, 5544394.207431258633733 ], [ 469210.994068062340375, 5544391.957905711606145 ], [ 469216.114030692260712, 5544377.954251426272094 ], [ 469212.956572395400144, 5544376.801601661369205 ], [ 469212.393407911120448, 5544378.342581702396274 ], [ 469211.729776920343284, 5544378.100673356093466 ], [ 469210.636603674618527, 5544378.608424837701023 ], [ 469208.914693836180959, 5544383.320503435097635 ], [ 469212.307479344832245, 5544384.560747631825507 ], [ 469210.252191650448367, 5544390.186491427011788 ], [ 469203.935124916315544, 5544387.878989349119365 ], [ 469203.503765727742575, 5544389.058960393071175 ] ] ] } },
{ "type": "Feature", "properties": { "name": "24e77037-f328-7d8a-e053-84002d0a9694" }, "geometry": { "type": "Polygon", "coordinates": [ [ [ 467948.330311266938224, 5543892.024457214400172 ], [ 467952.748802836053073, 5543879.956240902654827 ], [ 467972.919136662909295, 5543887.340735018253326 ], [ 467968.499890172155574, 5543899.408938936889172 ], [ 467954.929128384508658, 5543894.439988193102181 ], [ 467948.330311266938224, 5543892.024457214400172 ] ] ] } },
{ "type": "Feature", "properties": { "name": "3f366887-5886-a92a-e053-b4472c0a365b" }, "geometry": { "type": "Polygon", "coordinates": [ [ [ 468900.14682591019664, 5544205.333017158322036 ], [ 468897.453317764098756, 5544212.710478272289038 ], [ 468865.39627460174961, 5544201.008612480945885 ], [ 468864.509623144986108, 5544203.418783859349787 ], [ 468864.048274815140758, 5544203.249125849455595 ], [ 468867.672382715158165, 5544193.392283956520259 ], [ 468900.14682591019664, 5544205.333017158322036 ] ] ] } },
{ "type": "Feature", "properties": { "name": "674527c2-c552-491e-a49a-007560b1aaca" }, "geometry": { "type": "Polygon", "coordinates": [ [ [ 471244.539094862178899, 5543566.771436889655888 ], [ 471238.336747373745311, 5543550.378940122202039 ], [ 471232.741050182259642, 5543535.622103054076433 ], [ 471239.052138747298159, 5543537.866429221816361 ], [ 471249.231818625296, 5543565.002795102074742 ], [ 471244.539094862178899, 5543566.771436889655888 ] ] ] } },
{ "type": "Feature", "properties": { "name": "7ef89e3c-cb50-44b9-925c-84d0c12c3e05" }, "geometry": { "type": "Polygon", "coordinates": [ [ [ 470671.434003317030147, 5544168.594852449372411 ], [ 470672.513062349811662, 5544165.610201930627227 ], [ 470676.760558079287875, 5544167.124658733606339 ], [ 470675.680205273267347, 5544170.134888797998428 ], [ 470671.434003317030147, 5544168.594852449372411 ] ] ] } },
{ "type": "Feature", "properties": { "name": "234fcd49-d51a-4413-a010-b80cf6011084" }, "geometry": { "type": "Polygon", "coordinates": [ [ [ 470568.099700123304501, 5544134.117878763005137 ], [ 470569.185776652826462, 5544131.116490243002772 ], [ 470573.419157520518638, 5544132.657628307119012 ], [ 470572.317995249293745, 5544135.650203850120306 ], [ 470568.099700123304501, 5544134.117878763005137 ] ] ] } },
{ "type": "Feature", "properties": { "name": "3feb9801-4f93-030b-e053-b4472c0aa7e0" }, "geometry": { "type": "Polygon", "coordinates": [ [ [ 468754.760500570177101, 5541775.502899190410972 ], [ 468754.474260188697372, 5541776.28622330352664 ], [ 468784.418384561606217, 5541787.207069805823267 ], [ 468786.848639535717666, 5541780.55607270821929 ], [ 468785.990141296177171, 5541780.243078214116395 ], [ 468813.580218921997584, 5541704.532094269059598 ], [ 468814.489569665398449, 5541704.842573346570134 ], [ 468816.927290136285592, 5541698.230463925749063 ], [ 468824.12558445770992, 5541700.859295645728707 ], [ 468823.472361441818066, 5541702.711048123426735 ], [ 468900.882727619842626, 5541730.938619629479945 ], [ 468860.864140975871123, 5541840.648294512182474 ], [ 468826.302227084408514, 5541935.342792199924588 ], [ 468826.149338404065929, 5541935.286976225674152 ], [ 468812.873949896078557, 5541971.655043554492295 ], [ 468803.974215593654662, 5541968.416822549887002 ], [ 468806.098136340791825, 5541962.552606175653636 ], [ 468801.558059374860022, 5541960.880098644644022 ], [ 468812.682926444511395, 5541930.371923095546663 ], [ 468741.790940348408185, 5541904.497024460695684 ], [ 468726.783215312985703, 5541945.61538113374263 ], [ 468689.82336405175738, 5541932.125176897272468 ], [ 468682.022345603618305, 5541953.276573670096695 ], [ 468651.452028130239341, 5541942.081999022513628 ], [ 468659.212247792223934, 5541920.953033517114818 ], [ 468657.623760836082511, 5541920.373032668605447 ], [ 468657.554682217247318, 5541920.563569121062756 ], [ 468657.351550421735737, 5541920.49026189185679 ], [ 468656.99306988529861, 5541921.409664268605411 ], [ 468656.142484456300735, 5541921.099980004131794 ], [ 468655.948023960925639, 5541921.651500729843974 ], [ 468655.317792588903103, 5541921.420582382008433 ], [ 468655.510820549563505, 5541920.869070015847683 ], [ 468652.763093955873046, 5541919.866669351235032 ], [ 468652.5686402694555, 5541920.419302044436336 ], [ 468651.938402094412595, 5541920.187272247858346 ], [ 468652.131436263909563, 5541919.636871607042849 ], [ 468649.376532975584269, 5541918.632290914654732 ], [ 468649.182073080795817, 5541919.183811887167394 ], [ 468648.55184112029383, 5541918.952894331887364 ], [ 468648.744868479610886, 5541918.401381722651422 ], [ 468645.989963906758931, 5541917.396802771836519 ], [ 468645.795504312729463, 5541917.948323866352439 ], [ 468645.165272057754919, 5541917.717406708747149 ], [ 468645.359021866403054, 5541917.167001630179584 ], [ 468642.59693407616578, 5541916.159130823798478 ], [ 468642.402481294295285, 5541916.711763886734843 ], [ 468641.772242233157158, 5541916.479735283181071 ], [ 468641.965991741104517, 5541915.929330080747604 ], [ 468639.423554027103819, 5541915.002454002387822 ], [ 468639.738998981541954, 5541914.073295518755913 ], [ 468634.725314491952304, 5541912.268052538856864 ], [ 468643.168296121119056, 5541889.212618422694504 ], [ 468658.51247592875734, 5541894.767820452339947 ], [ 468673.521741944889072, 5541853.609235125593841 ], [ 468667.941520018619485, 5541851.572667676024139 ], [ 468669.316868208348751, 5541847.795335119590163 ], [ 468674.899248761299532, 5541849.833003278821707 ], [ 468687.151607095205691, 5541816.233607118017972 ], [ 468676.891941950540058, 5541812.488745105452836 ], [ 468678.423863628355321, 5541808.291319340467453 ], [ 468681.75953551044222, 5541809.509335931390524 ], [ 468695.226953069271985, 5541772.619463973678648 ], [ 468691.940071134536993, 5541771.418943748809397 ], [ 468691.420374749461189, 5541771.22962636873126 ], [ 468691.636150363483466, 5541770.646849795244634 ], [ 468691.944811485998798, 5541770.759569179266691 ], [ 468692.103447708359454, 5541770.327230949886143 ], [ 468694.468694970302749, 5541763.846689272671938 ], [ 468694.18946518242592, 5541763.74491651635617 ], [ 468697.160952359554358, 5541755.715314178727567 ], [ 468702.348387500212993, 5541753.279989698901772 ], [ 468709.460886154323816, 5541733.628138998523355 ], [ 468716.025733660615515, 5541732.412298958748579 ], [ 468715.766774798859842, 5541733.083165529184043 ], [ 468716.794745369290467, 5541733.467431242577732 ], [ 468718.529930392163806, 5541728.987524119205773 ], [ 468722.426580481929705, 5541735.24801563937217 ], [ 468715.587310131173581, 5541753.982060635462403 ], [ 468720.268340507289395, 5541763.80933755915612 ], [ 468747.132533152005635, 5541773.616071094758809 ], [ 468747.417366049950942, 5541772.837202333845198 ], [ 468750.847035900864284, 5541774.082510445266962 ], [ 468751.213113050733227, 5541774.214912077412009 ], [ 468752.333606808446348, 5541774.621994166634977 ], [ 468753.747679567313753, 5541775.13521612342447 ], [ 468754.682259688270278, 5541775.474446748383343 ], [ 468754.760500570177101, 5541775.502899190410972 ] ] ] } },
{ "type": "Feature", "properties": { "name": "3feb9801-4fd4-030b-e053-b4472c0aa7e0" }, "geometry": { "type": "Polygon", "coordinates": [ [ [ 469262.578128573775757, 5544409.729479633271694 ], [ 469217.480236967268866, 5544393.295989693142474 ], [ 469219.93168680119561, 5544386.592775064520538 ], [ 469265.02531863481272, 5544403.024086666293442 ], [ 469265.638728402205743, 5544403.248499873094261 ], [ 469263.191531295015011, 5544409.952780708670616 ], [ 469262.578128573775757, 5544409.729479633271694 ] ] ] } },
{ "type": "Feature", "properties": { "name": "53a4faa1-53a1-ea53-e053-b3472c0a1b94" }, "geometry": { "type": "Polygon", "coordinates": [ [ [ 471265.717749495466705, 5544325.68289589881897 ], [ 471265.738939650123939, 5544346.69291924033314 ], [ 471256.402532519306988, 5544346.709710259921849 ], [ 471256.403457300679293, 5544325.691784637048841 ], [ 471265.717749495466705, 5544325.68289589881897 ] ] ] } },
{ "type": "Feature", "properties": { "name": "f8f821f5-7e7f-49de-bc37-67d43fe0d0b7" }, "geometry": { "type": "Polygon", "coordinates": [ [ [ 470188.705665846064221, 5541361.687577567994595 ], [ 470186.329772787983529, 5541360.821306209079921 ], [ 470181.569370006560348, 5541359.085478969849646 ], [ 470187.010548926016781, 5541344.267187743447721 ], [ 470187.01124667422846, 5541344.263848219998181 ], [ 470187.822366836480796, 5541344.561764375306666 ], [ 470192.306485322944354, 5541346.206848906353116 ], [ 470192.328734418319073, 5541346.214508233591914 ], [ 470197.139447927416768, 5541347.978973980993032 ], [ 470203.725285655935295, 5541350.395136245526373 ], [ 470207.71052270999644, 5541351.857325240969658 ], [ 470202.957813286571763, 5541364.766002967953682 ], [ 470201.08933620818425, 5541369.73760589491576 ], [ 470190.774392772233114, 5541365.925666929222643 ], [ 470191.854105777456425, 5541362.871995246969163 ], [ 470191.685413253027946, 5541362.808445123955607 ], [ 470188.705665846064221, 5541361.687577567994595 ] ] ] } },
{ "type": "Feature", "properties": { "name": "0b66135b-9d93-491f-8e9e-5215d2c0bf8a" }, "geometry": { "type": "Polygon", "coordinates": [ [ [ 470571.286937891447451, 5542408.283403899520636 ], [ 470586.081647743762005, 5542401.424077375791967 ], [ 470590.158187516906764, 5542410.151072071865201 ], [ 470575.368717794946861, 5542417.048162746243179 ], [ 470571.286937891447451, 5542408.283403899520636 ] ] ] } },
{ "type": "Feature", "properties": { "name": "24e77037-ea6d-7d8a-e053-84002d0a9694" }, "geometry": { "type": "Polygon", "coordinates": [ [ [ 468116.574807560071349, 5544078.14468008838594 ], [ 468131.548727983143181, 5544082.710958697833121 ], [ 468131.344902409880888, 5544083.470480619929731 ], [ 468149.744537527265493, 5544089.08604558557272 ], [ 468149.993615904066246, 5544088.350716576911509 ], [ 468164.228628658573143, 5544092.68242821469903 ], [ 468164.013323833001778, 5544093.438681496307254 ], [ 468182.407798454980366, 5544099.041046200320125 ], [ 468182.656894041225314, 5544098.307942418381572 ], [ 468196.901332252891734, 5544102.668593558482826 ], [ 468196.673010633909144, 5544103.403796973638237 ], [ 468215.054535402741749, 5544109.007462148554623 ], [ 468215.307897620426957, 5544108.268775127828121 ], [ 468229.539256298565306, 5544112.60624071303755 ], [ 468229.334761529287789, 5544113.375769781880081 ], [ 468247.724735650408547, 5544118.967265632934868 ], [ 468247.976669977186248, 5544118.228588662110269 ], [ 468262.954645425139461, 5544122.792985148727894 ], [ 468257.990161364316009, 5544141.751220645383 ], [ 468252.506254594016355, 5544162.69615247938782 ], [ 468269.146754475659691, 5544167.774401095695794 ], [ 468252.851953901001252, 5544214.445841041393578 ], [ 468237.865607217769139, 5544209.877076803706586 ], [ 468238.084503767488059, 5544209.121916987001896 ], [ 468219.693256991100498, 5544203.507114385254681 ], [ 468219.421423279563896, 5544204.269260719418526 ], [ 468205.192439894133713, 5544199.930697786621749 ], [ 468205.399883924692404, 5544199.176716540940106 ], [ 468187.026435058389325, 5544193.43627643212676 ], [ 468186.759575327159837, 5544194.311807527206838 ], [ 468172.538426759885624, 5544189.975508151575923 ], [ 468172.729413304652553, 5544189.223847277462482 ], [ 468154.363125130767003, 5544183.615790875628591 ], [ 468154.119088827981614, 5544184.355537376366556 ], [ 468139.88071072474122, 5544180.020538755692542 ], [ 468140.077387472090777, 5544179.263283358886838 ], [ 468121.700290851818863, 5544173.655402814038098 ], [ 468121.450557562813628, 5544174.399632328189909 ], [ 468107.214207301614806, 5544170.053589189425111 ], [ 468107.415135699789971, 5544169.289635888300836 ], [ 468086.933430561097339, 5544163.02839707583189 ], [ 468089.51830784388585, 5544155.625592048279941 ], [ 468108.389150203496683, 5544101.587596734985709 ], [ 468116.574807560071349, 5544078.14468008838594 ] ] ] } },
{ "type": "Feature", "properties": { "name": "24e77037-f927-7d8a-e053-84002d0a9694" }, "geometry": { "type": "Polygon", "coordinates": [ [ [ 468036.103691277618054, 5543421.856852041557431 ], [ 468022.337485876050778, 5543416.965609930455685 ], [ 468031.365678131056484, 5543391.557303290814161 ], [ 468045.131940016639419, 5543396.448568667285144 ], [ 468036.103691277618054, 5543421.856852041557431 ] ] ] } },
{ "type": "Feature", "properties": { "name": "24e77037-eb0d-7d8a-e053-84002d0a9694" }, "geometry": { "type": "Polygon", "coordinates": [ [ [ 468276.955966757668648, 5541329.837088031694293 ], [ 468288.318646187020931, 5541325.245542909950018 ], [ 468292.504331836302299, 5541335.665794030763209 ], [ 468281.128054544678889, 5541340.256299184635282 ], [ 468276.955966757668648, 5541329.837088031694293 ] ] ] } },
{ "type": "Feature", "properties": { "name": "3570db6f-4835-4d67-9a42-40cd65ddf077" }, "geometry": { "type": "Polygon", "coordinates": [ [ [ 468253.218870740151033, 5541835.346799113787711 ], [ 468227.72032417851733, 5541826.080368606373668 ], [ 468231.920572057249956, 5541814.609710399061441 ], [ 468229.454791306285188, 5541813.7059227200225 ], [ 468230.66708570276387, 5541810.142923941835761 ], [ 468233.209764322906267, 5541811.089619502425194 ], [ 468258.683940389659256, 5541820.342878397554159 ], [ 468262.416306773375254, 5541821.766205664724112 ], [ 468287.888396338676102, 5541831.047412090934813 ], [ 468290.40017029736191, 5541831.979863160289824 ], [ 468289.146369912603404, 5541835.434129315428436 ], [ 468286.618872738094069, 5541834.507331381551921 ], [ 468282.384539581602439, 5541846.044860980473459 ], [ 468256.941042528429534, 5541836.743497723713517 ], [ 468261.17254281922942, 5541825.219307102262974 ], [ 468257.391086596355308, 5541823.851865927688777 ], [ 468253.218870740151033, 5541835.346799113787711 ] ] ] } },
{ "type": "Feature", "properties": { "name": "3f366887-5926-a92a-e053-b4472c0a365b" }, "geometry": { "type": "Polygon", "coordinates": [ [ [ 468497.735429556574672, 5541354.963379044085741 ], [ 468499.886205183982383, 5541355.749060616828501 ], [ 468502.390126423968468, 5541356.654973266646266 ], [ 468507.074267678777687, 5541358.359740964137018 ], [ 468505.370889944431838, 5541363.001862440258265 ], [ 468505.667329191521276, 5541363.102412448264658 ], [ 468502.2770575073082, 5541372.38656007964164 ], [ 468497.328038369829301, 5541370.586620853282511 ], [ 468497.758773359935731, 5541369.405491147190332 ], [ 468496.314411784289405, 5541368.880283252336085 ], [ 468494.829241462168284, 5541372.986308945342898 ], [ 468491.605248981679324, 5541371.810001011006534 ], [ 468497.735429556574672, 5541354.963379044085741 ] ] ] } },
{ "type": "Feature", "properties": { "name": "24e77037-ea27-7d8a-e053-84002d0a9694" }, "geometry": { "type": "Polygon", "coordinates": [ [ [ 468550.72416962578427, 5542064.024791041389108 ], [ 468541.895808616653085, 5542088.297937580384314 ], [ 468440.857359641697258, 5542051.538748808205128 ], [ 468449.681805423344485, 5542027.275463153608143 ], [ 468550.72416962578427, 5542064.024791041389108 ] ] ] } },
{ "type": "Feature", "properties": { "name": "cccd38c8-2280-43cc-98c5-6e8d6e5460a7" }, "geometry": { "type": "Polygon", "coordinates": [ [ [ 465672.105166536115576, 5542438.865373961627483 ], [ 465672.353303656796925, 5542445.730822326615453 ], [ 465669.703296905267052, 5542445.832317976281047 ], [ 465669.457404716638848, 5542438.982421779073775 ], [ 465672.105166536115576, 5542438.865373961627483 ] ] ] } },
{ "type": "Feature", "properties": { "name": "ec1f1b9d-d3b5-4a99-9ff6-fd7992ec051f" }, "geometry": { "type": "Polygon", "coordinates": [ [ [ 467777.673347374249715, 5543393.242060040123761 ], [ 467778.567407068854664, 5543390.692677486687899 ], [ 467773.392571207950823, 5543388.82250480633229 ], [ 467804.283585092867725, 5543303.908504637889564 ], [ 467809.458672009815928, 5543305.808727125637233 ], [ 467810.382287494081538, 5543303.28696998115629 ], [ 467820.605224742961582, 5543307.007028835825622 ], [ 467819.693744626827538, 5543309.523151786997914 ], [ 467824.866625576745719, 5543311.415619120933115 ], [ 467793.959625555900857, 5543396.337378025986254 ], [ 467788.789618898415938, 5543394.434916737489402 ], [ 467787.86681962676812, 5543396.968904088251293 ], [ 467777.673347374249715, 5543393.242060040123761 ] ] ] } },
{ "type": "Feature", "properties": { "name": "24e77037-fbb1-7d8a-e053-84002d0a9694" }, "geometry": { "type": "Polygon", "coordinates": [ [ [ 466220.42162616061978, 5543816.385355533100665 ], [ 466221.311447098094504, 5543813.973604061640799 ], [ 466225.181918366753962, 5543815.399082539603114 ], [ 466224.287785983004142, 5543817.808636784553528 ], [ 466220.42162616061978, 5543816.385355533100665 ] ] ] } },
{ "type": "Feature", "properties": { "name": "24e77037-f00d-7d8a-e053-84002d0a9694" }, "geometry": { "type": "Polygon", "coordinates": [ [ [ 468017.628901994379703, 5543724.354040292091668 ], [ 468002.136422422365285, 5543718.628137239255011 ], [ 468022.825011269771494, 5543661.427925176918507 ], [ 468027.320653387112543, 5543663.171191077679396 ], [ 468028.182261235895567, 5543660.81106474250555 ], [ 468032.914031559135765, 5543662.527351259253919 ], [ 468032.036060035286937, 5543664.905364776961505 ], [ 468038.139777627249714, 5543667.107139211148024 ], [ 468017.628901994379703, 5543724.354040292091668 ] ] ] } },
{ "type": "Feature", "properties": { "name": "24e77037-f535-7d8a-e053-84002d0a9694" }, "geometry": { "type": "Polygon", "coordinates": [ [ [ 468682.424723666394129, 5544280.445569629780948 ], [ 468680.320654790208209, 5544286.089596859179437 ], [ 468675.707818862865679, 5544284.379830796271563 ], [ 468677.742940108641051, 5544278.699513036757708 ], [ 468682.424723666394129, 5544280.445569629780948 ] ] ] } },
{ "type": "Feature", "properties": { "name": "24e77037-e9ff-7d8a-e053-84002d0a9694" }, "geometry": { "type": "Polygon", "coordinates": [ [ [ 467312.123522910638712, 5543285.93025754019618 ], [ 467315.278169395402074, 5543287.034000421874225 ], [ 467314.697531870391686, 5543288.693148788064718 ], [ 467311.543609082058538, 5543287.590513724833727 ], [ 467312.123522910638712, 5543285.93025754019618 ] ] ] } },
{ "type": "Feature", "properties": { "name": "7583db1c-e085-4cbd-e053-b3472c0ada59" }, "geometry": { "type": "Polygon", "coordinates": [ [ [ 467043.655691108084284, 5543177.677410764619708 ], [ 467029.706779448664747, 5543172.676419788971543 ], [ 467036.674214086204302, 5543153.454528110101819 ], [ 467050.617426547047216, 5543158.453348847106099 ], [ 467043.655691108084284, 5543177.677410764619708 ] ] ] } },
{ "type": "Feature", "properties": { "name": "24e77037-a9b3-7d8a-e053-84002d0a9694" }, "geometry": { "type": "Polygon", "coordinates": [ [ [ 463040.345095766300801, 5542100.882015979848802 ], [ 463046.957840549235698, 5542095.736104846931994 ], [ 463048.810022874851711, 5542098.116124111227691 ], [ 463042.197279320913367, 5542103.262032983824611 ], [ 463040.345095766300801, 5542100.882015979848802 ] ] ] } },
{ "type": "Feature", "properties": { "name": "661e4af6-1a49-bde8-e053-b4472c0a3fef" }, "geometry": { "type": "Polygon", "coordinates": [ [ [ 466414.48384697502479, 5543110.928718061186373 ], [ 466423.872099330474157, 5543114.362268031574786 ], [ 466422.340117801737506, 5543118.550362832844257 ], [ 466412.930766042903997, 5543115.176990084350109 ], [ 466414.48384697502479, 5543110.928718061186373 ] ] ] } },
{ "type": "Feature", "properties": { "name": "24e77037-f6b1-7d8a-e053-84002d0a9694" }, "geometry": { "type": "Polygon", "coordinates": [ [ [ 466393.976792226254474, 5543051.416729350574315 ], [ 466393.338953680649865, 5543053.163066355511546 ], [ 466393.314969635219313, 5543053.221035242080688 ], [ 466393.28523593506543, 5543053.275704558938742 ], [ 466393.249752579955384, 5543053.32707430049777 ], [ 466393.209228678722866, 5543053.374028124846518 ], [ 466393.164380320929922, 5543053.416561542078853 ], [ 466393.114491416839883, 5543053.454679039306939 ], [ 466393.06170325394487, 5543053.48725528921932 ], [ 466393.005299742624629, 5543053.514294788241386 ], [ 466392.946706080401782, 5543053.534676693379879 ], [ 466392.885929247946478, 5543053.549512851983309 ], [ 466392.824387462052982, 5543053.556570579297841 ], [ 466392.793602608027868, 5543053.557875749655068 ], [ 466392.762101664673537, 5543053.559185418300331 ], [ 466392.699767002428416, 5543053.554017330519855 ], [ 466392.63882263423875, 5543053.542169171385467 ], [ 466392.579275540658273, 5543053.524752787314355 ], [ 466392.37040493497625, 5543053.448231840506196 ], [ 466390.876739769475535, 5543052.902776665054262 ], [ 466390.39009331521811, 5543052.724594079889357 ], [ 466390.334063821006566, 5543052.697148618288338 ], [ 466390.282295956043527, 5543052.66411694791168 ], [ 466390.233364523097407, 5543052.626619905233383 ], [ 466390.188694719225168, 5543052.583536650985479 ], [ 466390.169206721300725, 5543052.559197421185672 ], [ 466390.149725704453886, 5543052.535970039665699 ], [ 466390.115032281260937, 5543052.485040914267302 ], [ 466390.086039647285361, 5543052.429628429934382 ], [ 466390.062768746167421, 5543052.37306812684983 ], [ 466390.045921705081128, 5543052.313131819479167 ], [ 466390.035512486472726, 5543052.252043198794127 ], [ 466390.031548072001897, 5543052.190914109349251 ], [ 466390.034021480882075, 5543052.128632708452642 ], [ 466390.04294667521026, 5543052.067422688938677 ], [ 466390.057607566181105, 5543052.007288544438779 ], [ 466390.277264601842035, 5543051.406600329093635 ], [ 466386.694188605877571, 5543050.098166313953698 ], [ 466386.473846382228658, 5543050.019493851810694 ], [ 466386.410648960794788, 5543049.99098155554384 ], [ 466386.350274005439132, 5543049.955780189484358 ], [ 466386.294160677236505, 5543049.914992610923946 ], [ 466386.242301994352601, 5543049.867506970651448 ], [ 466386.196144099754747, 5543049.815537972375751 ], [ 466386.15568699396681, 5543049.759085609577596 ], [ 466386.138305344269611, 5543049.728061825037003 ], [ 466386.12093067652313, 5543049.698149886913598 ], [ 466386.09259821975138, 5543049.633838155306876 ], [ 466386.071412695397157, 5543049.567257757298648 ], [ 466386.057381085585803, 5543049.499520547688007 ], [ 466386.050496408948675, 5543049.429514678195119 ], [ 466386.051488719298504, 5543049.359459342435002 ], [ 466386.058932819578331, 5543049.290475381538272 ], [ 466386.073544799874071, 5543049.222558299079537 ], [ 466386.185489998781122, 5543048.917197308503091 ], [ 466386.296719120873604, 5543048.611840817146003 ], [ 466360.297104293014854, 5543039.117290418595076 ], [ 466359.638906809967011, 5543040.927137215621769 ], [ 466359.61207966983784, 5543040.988459795713425 ], [ 466359.578793737455271, 5543041.047599188052118 ], [ 466359.539751128701027, 5543041.102327194064856 ], [ 466359.494944855861831, 5543041.15153197105974 ], [ 466359.470028414390981, 5543041.175038265064359 ], [ 466359.445104985497892, 5543041.197432710789144 ], [ 466359.390926645311993, 5543041.236689374782145 ], [ 466359.332423810905311, 5543041.271525654010475 ], [ 466359.271723791025579, 5543041.298592508770525 ], [ 466359.207408379763365, 5543041.320122629404068 ], [ 466359.141611874103546, 5543041.333878829143941 ], [ 466359.075064339558594, 5543041.342080293223262 ], [ 466359.007744813337922, 5543041.341391487978399 ], [ 466358.941106439509895, 5543041.335138950496912 ], [ 466358.875135242764372, 5543041.321098982356489 ], [ 466356.55603690847056, 5543040.475071106106043 ], [ 466356.497900766029488, 5543040.454310580156744 ], [ 466356.442587057827041, 5543040.426860973238945 ], [ 466356.390825851180125, 5543040.394941475242376 ], [ 466356.341894066717941, 5543040.357444741763175 ], [ 466356.297230874712113, 5543040.315473617985845 ], [ 466356.257552365714218, 5543040.269023599103093 ], [ 466356.223574631323572, 5543040.21809019241482 ], [ 466356.193872477451805, 5543040.163794236257672 ], [ 466356.182240315771196, 5543040.136070082895458 ], [ 466356.170601165562402, 5543040.107234081253409 ], [ 466356.153760695888195, 5543040.048409725539386 ], [ 466356.142641965707298, 5543039.988437516614795 ], [ 466356.137961066269781, 5543039.927312954328954 ], [ 466356.139724986220244, 5543039.866147886030376 ], [ 466356.141754459124058, 5543039.847232989035547 ], [ 466356.147933725325856, 5543039.804942306131124 ], [ 466356.161885169683956, 5543039.745924417860806 ], [ 466356.273828876437619, 5543039.440562797710299 ], [ 466356.385056505387183, 5543039.135205684229732 ], [ 466352.695014612691011, 5543037.787438522092998 ], [ 466352.554332232859451, 5543037.736063978634775 ], [ 466352.491836595814675, 5543037.70532388240099 ], [ 466352.432886469876394, 5543037.669002050533891 ], [ 466352.377474865526892, 5543037.625986631028354 ], [ 466352.327757046150509, 5543037.577375969849527 ], [ 466352.305390477587935, 5543037.550831188447773 ], [ 466352.283016919973306, 5543037.523174566216767 ], [ 466352.243984556640498, 5543037.465601610951126 ], [ 466352.211376047634985, 5543037.404652602039278 ], [ 466352.185184403904714, 5543037.339215697720647 ], [ 466352.175665544287767, 5543037.30591881275177 ], [ 466352.166146684554406, 5543037.272621932439506 ], [ 466352.154255900532007, 5543037.203759457916021 ], [ 466352.149526030174457, 5543037.134851971641183 ], [ 466352.151950084720738, 5543037.064787628129125 ], [ 466352.161542042624205, 5543036.995790113694966 ], [ 466352.179017995949835, 5543036.927854933775961 ], [ 466352.241673820302822, 5543036.75622992683202 ], [ 466352.428939205012284, 5543036.243583105504513 ], [ 466329.706533730146475, 5543027.944989260286093 ], [ 466328.5796315613552, 5543027.53289501182735 ], [ 466327.781469051260501, 5543027.241041015833616 ], [ 466331.887582602910697, 5543015.949537144973874 ], [ 466331.793557465658523, 5543015.915659927763045 ], [ 466297.971431445737835, 5543003.686443013139069 ], [ 466314.645790714188479, 5542957.958391581661999 ], [ 466322.911685695871711, 5542960.968528515659273 ], [ 466325.541602115728892, 5542961.924887771718204 ], [ 466333.807477711583488, 5542964.933929648250341 ], [ 466336.437397183733992, 5542965.891406091861427 ], [ 466495.680137445102446, 5543023.895897056907415 ], [ 466479.009618614567444, 5543069.647812608629465 ], [ 466456.46926280023763, 5543061.433159376494586 ], [ 466455.811800207360648, 5543061.193775443360209 ], [ 466433.928837010404095, 5543053.218600864522159 ], [ 466433.271372377523221, 5543052.979219690896571 ], [ 466422.639934207196347, 5543049.104246912524104 ], [ 466422.545910240034573, 5543049.070368106476963 ], [ 466418.435975638218224, 5543060.349594437517226 ], [ 466409.046937379229348, 5543056.920505741611123 ], [ 466406.981219410256017, 5543056.166264900937676 ], [ 466393.976792226254474, 5543051.416729350574315 ] ] ] } },
{ "type": "Feature", "properties": { "name": "785781de-9161-7854-e053-b4472c0a70cf" }, "geometry": { "type": "Polygon", "coordinates": [ [ [ 466900.837418545037508, 5542024.968634516000748 ], [ 466896.957498606934678, 5542023.582746122032404 ], [ 466897.865448775759432, 5542021.107630605809391 ], [ 466901.749171314178966, 5542022.529076566919684 ], [ 466900.837418545037508, 5542024.968634516000748 ] ] ] } },
{ "type": "Feature", "properties": { "name": "6f3f38ad-4d4e-4781-900d-8da6afeae001" }, "geometry": { "type": "Polygon", "coordinates": [ [ [ 470754.884590683388524, 5544217.818172235973179 ], [ 470756.99997281411197, 5544218.557132313959301 ], [ 470756.440255694556981, 5544220.157967954874039 ], [ 470754.325596121838316, 5544219.420116038061678 ], [ 470754.884590683388524, 5544217.818172235973179 ] ] ] } },
{ "type": "Feature", "properties": { "name": "4bf11b24-8226-62c6-e053-b3472c0afd68" }, "geometry": { "type": "Polygon", "coordinates": [ [ [ 465740.990359928109683, 5542848.729812689125538 ], [ 465742.286723936384078, 5542847.184882146306336 ], [ 465743.674301924067549, 5542848.366838409565389 ], [ 465742.351640717475675, 5542849.943069870583713 ], [ 465740.990359928109683, 5542848.729812689125538 ] ] ] } },
{ "type": "Feature", "properties": { "name": "24e77037-ed5b-7d8a-e053-84002d0a9694" }, "geometry": { "type": "Polygon", "coordinates": [ [ [ 468495.406099742860533, 5541863.346905426122248 ], [ 468475.496870643517468, 5541856.092285611666739 ], [ 468292.325237120094243, 5541789.351050781086087 ], [ 468291.876595421286765, 5541789.188036540523171 ], [ 468272.773648591595702, 5541782.22737654671073 ], [ 468299.283312218030915, 5541710.599574406631291 ], [ 468302.71559663338121, 5541701.128242483362556 ], [ 468302.509573332266882, 5541701.052741954103112 ], [ 468317.348778593470342, 5541660.328902250155807 ], [ 468317.555519511399325, 5541660.404399113729596 ], [ 468317.650664171262179, 5541660.141431596130133 ], [ 468325.841289246978704, 5541663.12508790101856 ], [ 468325.938550202874467, 5541662.856548596173525 ], [ 468530.00520263396902, 5541737.250415147282183 ], [ 468529.854339718760457, 5541737.662698687054217 ], [ 468531.638866039807908, 5541738.314894457347691 ], [ 468532.465057826833799, 5541736.051803750917315 ], [ 468537.982231692585628, 5541738.056357169523835 ], [ 468537.22441148449434, 5541740.13113696500659 ], [ 468538.126004853809718, 5541740.460516829974949 ], [ 468538.030850897892378, 5541740.723480424843729 ], [ 468538.236153006786481, 5541740.798994207754731 ], [ 468532.626934039173648, 5541756.163716494105756 ], [ 468532.420199911633972, 5541756.088211342692375 ], [ 468530.468509129656013, 5541761.48342133872211 ], [ 468531.915607445756905, 5541762.005285946652293 ], [ 468529.820219995628577, 5541767.812737653031945 ], [ 468522.409579199331347, 5541765.138849785551429 ], [ 468524.504243473871611, 5541759.331399383954704 ], [ 468522.289090741134714, 5541758.532744898460805 ], [ 468522.2305756600108, 5541758.692088233307004 ], [ 468512.327494785015006, 5541755.086652759462595 ], [ 468496.118199794378597, 5541799.57172619458288 ], [ 468506.031165743130259, 5541803.164842372760177 ], [ 468505.941659553558566, 5541803.413318884558976 ], [ 468514.138418360089418, 5541806.399448292329907 ], [ 468501.037152780219913, 5541842.35587830003351 ], [ 468502.818047155626118, 5541843.004749974235892 ], [ 468500.159888897673227, 5541850.299889951013029 ], [ 468503.647676205844618, 5541851.560264479368925 ], [ 468499.394913055701181, 5541863.328998518176377 ], [ 468495.874855418456718, 5541862.061033471487463 ], [ 468495.406099742860533, 5541863.346905426122248 ] ] ] } },
{ "type": "Feature", "properties": { "name": "24e77037-f260-7d8a-e053-84002d0a9694" }, "geometry": { "type": "Polygon", "coordinates": [ [ [ 463126.514555896748789, 5542380.42917497921735 ], [ 463124.678884005406871, 5542378.035672848112881 ], [ 463122.813795749680139, 5542379.586272419430315 ], [ 463121.551231107092462, 5542377.940466243773699 ], [ 463123.490036378498189, 5542376.486093529500067 ], [ 463117.646965048159473, 5542368.869819656014442 ], [ 463114.774773547891527, 5542371.13341436907649 ], [ 463110.979940468096174, 5542366.201610987074673 ], [ 463113.912736764235888, 5542364.002086754888296 ], [ 463113.505848630389664, 5542363.471179476939142 ], [ 463149.578655272780452, 5542335.657741561532021 ], [ 463162.576134376460686, 5542352.552522549405694 ], [ 463166.714699022879358, 5542349.361814890988171 ], [ 463171.170797081082128, 5542355.160835548304021 ], [ 463158.561262902221642, 5542364.871055315248668 ], [ 463154.198982135101687, 5542359.175917656160891 ], [ 463126.514555896748789, 5542380.42917497921735 ] ] ] } },
{ "type": "Feature", "properties": { "name": "3feb9801-4fbb-030b-e053-b4472c0aa7e0" }, "geometry": { "type": "Polygon", "coordinates": [ [ [ 469906.775777328934055, 5544581.247291877865791 ], [ 469919.544202092278283, 5544583.074589463882148 ], [ 469919.459886755037587, 5544583.739971237257123 ], [ 469941.991554931504652, 5544586.923421965911984 ], [ 469940.138850109651685, 5544599.80279728770256 ], [ 469917.679657612170558, 5544596.64007312245667 ], [ 469917.325714350328781, 5544599.008156346157193 ], [ 469904.519360025296919, 5544597.176630178466439 ], [ 469906.775777328934055, 5544581.247291877865791 ] ] ] } },
{ "type": "Feature", "properties": { "name": "9eceb991-b1c1-4d7c-9c2d-26495e3b2cc4" }, "geometry": { "type": "Polygon", "coordinates": [ [ [ 468182.989250021404587, 5541386.096535102464259 ], [ 468183.489800335082691, 5541386.309266884811223 ], [ 468183.295262359897606, 5541386.843014924786985 ], [ 468183.533592849504203, 5541386.928325993008912 ], [ 468188.405789308890235, 5541388.682845299132168 ], [ 468188.415837473236024, 5541388.686121267266572 ], [ 468188.582888842676766, 5541388.228144778870046 ], [ 468188.865729521319736, 5541388.32986995857209 ], [ 468188.697975028655492, 5541388.790074381045997 ], [ 468200.991725939500611, 5541393.252440079115331 ], [ 468201.573921753966715, 5541391.773513581603765 ], [ 468202.077887303370517, 5541391.958429721184075 ], [ 468200.89683571876958, 5541395.126527628861368 ], [ 468207.294741272227839, 5541397.472422517836094 ], [ 468209.785833409056067, 5541398.383834315463901 ], [ 468210.092577282921411, 5541397.564778979867697 ], [ 468210.60007733956445, 5541397.74189174734056 ], [ 468208.81398201250704, 5541402.643670432269573 ], [ 468208.871412129548844, 5541402.664455313235521 ], [ 468209.160099163767882, 5541401.941129105165601 ], [ 468215.580106097098906, 5541404.271336233243346 ], [ 468215.309372236952186, 5541405.002338728867471 ], [ 468218.137100985622965, 5541406.028504287824035 ], [ 468218.157920118886977, 5541406.036163926124573 ], [ 468218.50897410674952, 5541405.07897253613919 ], [ 468218.768845254904591, 5541405.173052403144538 ], [ 468218.722321048437152, 5541405.300083233043551 ], [ 468218.766114842321258, 5541405.31650160998106 ], [ 468220.464602242165711, 5541405.930189486593008 ], [ 468226.659952946414705, 5541408.187246694229543 ], [ 468226.670001050282735, 5541408.190522733144462 ], [ 468226.723576364282053, 5541408.044548116624355 ], [ 468226.973412309715059, 5541408.137576032429934 ], [ 468226.540630719915498, 5541409.325411661528051 ], [ 468227.663509007368702, 5541409.752384667284787 ], [ 468221.227202302427031, 5541427.489537946879864 ], [ 468220.071370524121448, 5541427.061649970710278 ], [ 468219.928999168914743, 5541427.453877894207835 ], [ 468219.667703102750238, 5541427.36091831792146 ], [ 468219.724800175055861, 5541427.204915771260858 ], [ 468219.714752102212515, 5541427.201639744453132 ], [ 468212.194459879945498, 5541424.504365512169898 ], [ 468211.739338534593116, 5541424.341396205127239 ], [ 468211.687176611449104, 5541424.484026939608157 ], [ 468211.427982976136263, 5541424.383272097446024 ], [ 468212.822326568479184, 5541420.582360407337546 ], [ 468203.521979524753988, 5541417.168491770513356 ], [ 468203.272466544876806, 5541417.853781688027084 ], [ 468202.771315877849702, 5541417.659953671507537 ], [ 468203.79196635336848, 5541414.864177512004972 ], [ 468194.869332243863028, 5541411.608192565850914 ], [ 468194.385449519031681, 5541412.995361549779773 ], [ 468193.870760859339498, 5541412.813845479860902 ], [ 468194.368903594790027, 5541411.415472925640643 ], [ 468191.826811646809801, 5541410.479909770190716 ], [ 468191.319159372360446, 5541411.84498253185302 ], [ 468190.792996363947168, 5541411.661311138421297 ], [ 468192.207365646318067, 5541407.856939453631639 ], [ 468182.973233622091357, 5541404.501642789691687 ], [ 468182.798178363009356, 5541404.938541230745614 ], [ 468182.539752382203005, 5541404.846678285859525 ], [ 468182.682121636869851, 5541404.454449371434748 ], [ 468177.569910751422867, 5541402.57015919778496 ], [ 468177.376799992169254, 5541403.102787110954523 ], [ 468176.87366983643733, 5541402.937882240861654 ], [ 468182.984315106470603, 5541386.109907023608685 ], [ 468182.989250021404587, 5541386.096535102464259 ] ] ] } },
{ "type": "Feature", "properties": { "name": "daccf72e-f811-446b-814b-ff99ea1e8193" }, "geometry": { "type": "Polygon", "coordinates": [ [ [ 467020.333106576115824, 5541494.765211829915643 ], [ 467011.667640094645321, 5541518.473967124707997 ], [ 466997.221508057438768, 5541513.230364213697612 ], [ 467005.922762009722646, 5541489.525812225416303 ], [ 467020.333106576115824, 5541494.765211829915643 ] ] ] } },
{ "type": "Feature", "properties": { "name": "24e77037-fde1-7d8a-e053-84002d0a9694" }, "geometry": { "type": "Polygon", "coordinates": [ [ [ 467434.840977573767304, 5543424.683116317726672 ], [ 467429.244328505243175, 5543422.584568995051086 ], [ 467435.474665529327467, 5543405.494729476980865 ], [ 467441.108300205203705, 5543407.549694756045938 ], [ 467434.840977573767304, 5543424.683116317726672 ] ] ] } },
{ "type": "Feature", "properties": { "name": "0f8434c0-ad2b-463e-b2ce-edfcfc8569e3" }, "geometry": { "type": "Polygon", "coordinates": [ [ [ 467261.057993526977953, 5543370.550247156061232 ], [ 467270.443308923277073, 5543344.86380164232105 ], [ 467276.950434864789713, 5543347.229030409827828 ], [ 467276.953251478727907, 5543347.221229966729879 ], [ 467277.946703196037561, 5543344.56886014342308 ], [ 467283.568189020850696, 5543346.607056643813848 ], [ 467282.583341106073931, 5543349.261596594005823 ], [ 467282.578417116776109, 5543349.276081250049174 ], [ 467282.659514169907197, 5543349.305606530047953 ], [ 467273.274148516356945, 5543374.992030581459403 ], [ 467261.057993526977953, 5543370.550247156061232 ] ] ] } },
{ "type": "Feature", "properties": { "name": "6284e342-1608-4bd1-b488-4d5053cf18a0" }, "geometry": { "type": "Polygon", "coordinates": [ [ [ 469584.722795173409395, 5544557.716315151192248 ], [ 469592.560652316082269, 5544545.512173910625279 ], [ 469611.369667031394783, 5544557.592695012688637 ], [ 469603.217288907151669, 5544569.885322749614716 ], [ 469584.722795173409395, 5544557.716315151192248 ] ] ] } },
{ "type": "Feature", "properties": { "name": "24e77037-c830-7d8a-e053-84002d0a9694" }, "geometry": { "type": "Polygon", "coordinates": [ [ [ 469987.066389183222782, 5544421.148420836776495 ], [ 470009.336197756812908, 5544424.375881006941199 ], [ 469982.460665408696514, 5544607.292785279452801 ], [ 469960.168460034707095, 5544604.02442910708487 ], [ 469969.629163014760707, 5544539.751023292541504 ], [ 469975.518268717161845, 5544500.207116777077317 ], [ 469980.741409871203359, 5544464.191633495502174 ], [ 469987.066389183222782, 5544421.148420836776495 ] ] ] } },
{ "type": "Feature", "properties": { "name": "24e77037-ea18-7d8a-e053-84002d0a9694" }, "geometry": { "type": "Polygon", "coordinates": [ [ [ 471420.601072100223973, 5544419.048726451583207 ], [ 471421.917707232641988, 5544415.439194091595709 ], [ 471424.372382950619794, 5544416.334491766057909 ], [ 471423.055030493298545, 5544419.944027340970933 ], [ 471420.601072100223973, 5544419.048726451583207 ] ] ] } },
{ "type": "Feature", "properties": { "name": "39a77997-63f6-4602-94a7-d74e806e1fb1" }, "geometry": { "type": "Polygon", "coordinates": [ [ [ 467733.82417578168679, 5543046.261403460986912 ], [ 467736.640911582217086, 5543047.254019170068204 ], [ 467732.673872549959924, 5543058.698129432275891 ], [ 467729.838530397915747, 5543057.706739908084273 ], [ 467731.83065493236063, 5543051.987411138601601 ], [ 467733.82417578168679, 5543046.261403460986912 ] ] ] } },
{ "type": "Feature", "properties": { "name": "35a5809a-8268-40a0-94a4-c7cb97518f76" }, "geometry": { "type": "Polygon", "coordinates": [ [ [ 469565.806860994081944, 5544552.398988840170205 ], [ 469568.661793691338971, 5544535.386453317478299 ], [ 469583.191188108525239, 5544537.771108435466886 ], [ 469580.357198966841679, 5544554.823544672690332 ], [ 469565.806860994081944, 5544552.398988840170205 ] ] ] } },
{ "type": "Feature", "properties": { "name": "24e77037-f2c4-7d8a-e053-84002d0a9694" }, "geometry": { "type": "Polygon", "coordinates": [ [ [ 468981.268870048515964, 5541642.13553174957633 ], [ 469039.280931300250813, 5541625.092678977176547 ], [ 469046.538436397211626, 5541649.741186792030931 ], [ 469089.707598298089579, 5541637.074336805380881 ], [ 469098.364978026365861, 5541666.522612324915826 ], [ 469049.940926820214372, 5541680.737482978962362 ], [ 469045.614857810782269, 5541666.052281775511801 ], [ 469044.628033145156223, 5541666.340404154732823 ], [ 469026.434053536213469, 5541671.660334099084139 ], [ 469022.079987027216703, 5541656.853006262332201 ], [ 469002.902225197292864, 5541662.493369697593153 ], [ 468999.299170041049365, 5541650.230147724971175 ], [ 468984.919561435235664, 5541654.452948251739144 ], [ 468981.268870048515964, 5541642.13553174957633 ] ] ] } },
{ "type": "Feature", "properties": { "name": "3ddcfe14-6e54-445d-ba61-89e69ae6711b" }, "geometry": { "type": "Polygon", "coordinates": [ [ [ 467401.528362008742988, 5543176.278697649016976 ], [ 467395.879554150160402, 5543174.243878521025181 ], [ 467397.947228918026667, 5543168.531743362545967 ], [ 467403.58125495351851, 5543170.607794605195522 ], [ 467401.528362008742988, 5543176.278697649016976 ] ] ] } },
{ "type": "Feature", "properties": { "name": "24e77037-ef31-7d8a-e053-84002d0a9694" }, "geometry": { "type": "Polygon", "coordinates": [ [ [ 465664.292579834291246, 5542146.438144946470857 ], [ 465664.343763449811377, 5542143.362327355891466 ], [ 465668.00910897355061, 5542143.415544435381889 ], [ 465667.962270423769951, 5542146.499117340892553 ], [ 465664.292579834291246, 5542146.438144946470857 ] ] ] } },
{ "type": "Feature", "properties": { "name": "24e77037-fcba-7d8a-e053-84002d0a9694" }, "geometry": { "type": "Polygon", "coordinates": [ [ [ 468345.483458880626131, 5541903.864176539704204 ], [ 468377.887335324194282, 5541915.744447449222207 ], [ 468371.965090573765337, 5541931.845040904358029 ], [ 468374.853681095468346, 5541932.919850388541818 ], [ 468370.659934644354507, 5541944.192442653700709 ], [ 468369.384332065121271, 5541943.717419789172709 ], [ 468368.110276290972251, 5541947.141766586340964 ], [ 468366.650194257788826, 5541946.59889732953161 ], [ 468366.551143484422937, 5541946.563902182504535 ], [ 468365.858197295339778, 5541948.449304268695414 ], [ 468333.49185286735883, 5541936.588899218477309 ], [ 468345.483458880626131, 5541903.864176539704204 ] ] ] } },
{ "type": "Feature", "properties": { "name": "54ac0921-e33d-4f48-e053-b3472c0a3ebc" }, "geometry": { "type": "Polygon", "coordinates": [ [ [ 469876.770816670032218, 5544354.153377862647176 ], [ 469885.338237034331542, 5544350.686103064566851 ], [ 469886.673255820001941, 5544353.957539645954967 ], [ 469878.086535273469053, 5544357.429368561133742 ], [ 469878.629655524622649, 5544358.779475671239197 ], [ 469874.950052602915093, 5544360.232300063595176 ], [ 469865.231680824654177, 5544364.125254735350609 ], [ 469865.433528488443699, 5544364.625578300096095 ], [ 469848.616490842017811, 5544371.4060870828107 ], [ 469837.148264337156434, 5544376.033903713338077 ], [ 469836.941334112547338, 5544375.521379094570875 ], [ 469826.990194946120027, 5544379.515785762108862 ], [ 469823.447333711781539, 5544380.963427223265171 ], [ 469822.865587445558049, 5544379.4945716438815 ], [ 469813.790100797137711, 5544383.117142138071358 ], [ 469812.472891842247918, 5544379.836727669462562 ], [ 469818.152471869369037, 5544377.567572700791061 ], [ 469817.777648671239149, 5544376.736884690821171 ], [ 469821.234375215542968, 5544375.376452402211726 ], [ 469820.987441235396545, 5544374.752965456806123 ], [ 469824.526104550808668, 5544373.322024371474981 ], [ 469834.451537123532034, 5544369.337765157222748 ], [ 469834.251156156184152, 5544368.844105777330697 ], [ 469862.531516278802883, 5544357.449135730043054 ], [ 469862.739845228032209, 5544357.956093998625875 ], [ 469872.431071890983731, 5544354.072182859294116 ], [ 469876.13910837250296, 5544352.582504479214549 ], [ 469876.770816670032218, 5544354.153377862647176 ] ] ] } },
{ "type": "Feature", "properties": { "name": "8db9ff6e-9bd5-491a-9a59-b52f1f071389" }, "geometry": { "type": "Polygon", "coordinates": [ [ [ 470056.499726285866927, 5543962.721754325553775 ], [ 470056.886053058842663, 5543961.643288436345756 ], [ 470060.108017642458435, 5543962.798298865556717 ], [ 470059.722400053928141, 5543963.875648668035865 ], [ 470056.499726285866927, 5543962.721754325553775 ] ] ] } },
{ "type": "Feature", "properties": { "name": "3f366887-57e6-a92a-e053-b4472c0a365b" }, "geometry": { "type": "Polygon", "coordinates": [ [ [ 467327.632766533759423, 5544062.178001265972853 ], [ 467334.059883307258133, 5544062.607980416156352 ], [ 467333.949546589981765, 5544064.237573199905455 ], [ 467334.449485692428425, 5544064.267878013662994 ], [ 467334.299151184677612, 5544066.617107959464192 ], [ 467333.809106683125719, 5544066.565616842359304 ], [ 467333.190045685914811, 5544076.342911504209042 ], [ 467321.703848390548956, 5544075.562448039650917 ], [ 467322.324020877422299, 5544066.556796918623149 ], [ 467327.322612814023159, 5544066.846498473547399 ], [ 467327.632766533759423, 5544062.178001265972853 ] ] ] } },
{ "type": "Feature", "properties": { "name": "24e77037-eb30-7d8a-e053-84002d0a9694" }, "geometry": { "type": "Polygon", "coordinates": [ [ [ 470141.426346467167605, 5541378.823733024299145 ], [ 470098.753506524255499, 5541363.145250669680536 ], [ 470101.551698449882679, 5541355.607761668972671 ], [ 470103.900518275855575, 5541356.497496167197824 ], [ 470104.996395873953588, 5541353.524883563630283 ], [ 470110.276600930141285, 5541355.465663532726467 ], [ 470109.182165863690898, 5541358.440490746870637 ], [ 470118.031313759740442, 5541361.69450459908694 ], [ 470119.102886819338892, 5541358.729813689365983 ], [ 470124.449717295588925, 5541360.673571462742984 ], [ 470123.355979401094373, 5541363.64616809412837 ], [ 470132.074474370048847, 5541366.853123028762639 ], [ 470133.150277574779466, 5541363.875068821012974 ], [ 470138.500093148264568, 5541365.842173369601369 ], [ 470137.410590660932939, 5541368.804736556485295 ], [ 470144.344486547575798, 5541371.334520666860044 ], [ 470145.419042726512998, 5541368.38872042298317 ], [ 470150.852028168097604, 5541370.370939932763577 ], [ 470150.725723080104217, 5541370.715214731171727 ], [ 470151.61590831540525, 5541371.061607441864908 ], [ 470160.141987320850603, 5541389.494649878703058 ], [ 470163.828411482449155, 5541390.812814801931381 ], [ 470188.013660936674569, 5541379.699433041736484 ], [ 470213.03680465958314, 5541388.878864566795528 ], [ 470216.593567112286109, 5541387.235739402472973 ], [ 470226.643232356873341, 5541359.962159926071763 ], [ 470238.36135815421585, 5541364.271163414232433 ], [ 470216.400303661997896, 5541424.101185600273311 ], [ 470204.647950543847401, 5541419.800204401835799 ], [ 470208.966460668540094, 5541408.040289887227118 ], [ 470188.886178282438777, 5541400.680194230750203 ], [ 470169.462655475654174, 5541409.642246128991246 ], [ 470173.520181917585433, 5541418.431294717825949 ], [ 470162.157569111208431, 5541423.663717220537364 ], [ 470156.387623244372662, 5541411.207232498563826 ], [ 470152.687322492129169, 5541409.839115517213941 ], [ 470134.223187773954123, 5541418.311169891618192 ], [ 470133.420128636993468, 5541418.044349580071867 ], [ 470133.282395945396274, 5541418.394247964955866 ], [ 470127.729426053119823, 5541416.340443578548729 ], [ 470128.815223035635427, 5541413.486862953752279 ], [ 470121.837462076044176, 5541410.918428150005639 ], [ 470120.782556276535615, 5541413.787404179573059 ], [ 470115.501683586335275, 5541411.844394223764539 ], [ 470116.579043497273233, 5541408.891900856979191 ], [ 470107.844100957212504, 5541405.679503893479705 ], [ 470106.756025388545822, 5541408.636506373994052 ], [ 470101.409105591184925, 5541406.669417527504265 ], [ 470102.510577449633274, 5541403.674535246565938 ], [ 470093.815811766020488, 5541400.476391182281077 ], [ 470092.741153979615774, 5541403.39774146489799 ], [ 470087.304498887096997, 5541401.39781132992357 ], [ 470088.382897132600192, 5541398.505347928032279 ], [ 470086.081000814505387, 5541397.677623510360718 ], [ 470088.848274152784143, 5541390.12584538012743 ], [ 470131.457907418720424, 5541405.806823986582458 ], [ 470143.166292408131994, 5541400.405626953579485 ], [ 470146.818924639199395, 5541390.521779368631542 ], [ 470141.426346467167605, 5541378.823733024299145 ] ] ] } },
{ "type": "Feature", "properties": { "name": "24e77037-f47c-7d8a-e053-84002d0a9694" }, "geometry": { "type": "Polygon", "coordinates": [ [ [ 465508.256597734289244, 5543104.947747205384076 ], [ 465519.360077986319084, 5543074.511536171659827 ], [ 465530.874973062134814, 5543078.697033874690533 ], [ 465531.443991371779703, 5543077.094468266703188 ], [ 465590.743167234119028, 5543098.666149367578328 ], [ 465597.647789928712882, 5543101.206918245181441 ], [ 465594.138279754843097, 5543110.812876109033823 ], [ 465592.606915165146347, 5543114.996763786301017 ], [ 465588.841424343292601, 5543113.632216195575893 ], [ 465582.227798042236827, 5543131.844172673299909 ], [ 465508.256597734289244, 5543104.947747205384076 ] ] ] } },
{ "type": "Feature", "properties": { "name": "1502e1af-6235-42fb-9cbf-b9ccdf085a05" }, "geometry": { "type": "Polygon", "coordinates": [ [ [ 470302.307680353871547, 5542022.317066179588437 ], [ 470306.357886289595626, 5542017.894892711192369 ], [ 470308.722771090629976, 5542020.061064730398357 ], [ 470304.672564884182066, 5542024.483236425556242 ], [ 470302.307680353871547, 5542022.317066179588437 ] ] ] } },
{ "type": "Feature", "properties": { "name": "24e77037-f44a-7d8a-e053-84002d0a9694" }, "geometry": { "type": "Polygon", "coordinates": [ [ [ 471154.15284718858311, 5544709.355903971008956 ], [ 471153.027802616416011, 5544696.670930223539472 ], [ 471188.475345773389563, 5544692.88519599288702 ], [ 471189.652076018217485, 5544705.877889772877097 ], [ 471154.15284718858311, 5544709.355903971008956 ] ] ] } },
{ "type": "Feature", "properties": { "name": "24e77037-eb26-7d8a-e053-84002d0a9694" }, "geometry": { "type": "Polygon", "coordinates": [ [ [ 468002.854791744495742, 5543832.907060515135527 ], [ 468035.933532157388981, 5543742.248373575508595 ], [ 468052.424258005863521, 5543748.250833875499666 ], [ 468048.869714310683776, 5543757.928803634829819 ], [ 468052.207919158856384, 5543759.148629614152014 ], [ 468056.271220276365057, 5543748.094443418085575 ], [ 468272.273292284458876, 5543826.619681173935533 ], [ 468285.283493326744065, 5543831.382610098458827 ], [ 468283.770132003526669, 5543835.537808801047504 ], [ 468287.093132166366559, 5543836.746751642785966 ], [ 468284.515980359050445, 5543843.834743179380894 ], [ 468287.113588603853714, 5543844.790027117356658 ], [ 468288.022780587722082, 5543845.129324519075453 ], [ 468286.895513082738034, 5543848.224829157814384 ], [ 468262.209462329512462, 5543916.026225341483951 ], [ 468258.555808845499996, 5543926.059335776604712 ], [ 468233.380848161235917, 5543916.925567298196256 ], [ 468002.854791744495742, 5543832.907060515135527 ] ] ] } },
{ "type": "Feature", "properties": { "name": "f312e47f-d844-4017-b407-e913fee74e2b" }, "geometry": { "type": "Polygon", "coordinates": [ [ [ 469891.339348841051105, 5542239.375442264601588 ], [ 469891.081665459147189, 5542239.275710083544254 ], [ 469892.086695762875024, 5542236.504808436147869 ], [ 469896.606678333308082, 5542238.147216010838747 ], [ 469896.529109488008544, 5542238.363357200287282 ], [ 469908.500868422095664, 5542242.724685311317444 ], [ 469907.571426435024478, 5542245.310586626641452 ], [ 469907.561549676291179, 5542245.337327300570905 ], [ 469907.696475601987913, 5542245.386603645980358 ], [ 469906.75748023140477, 5542247.929195425473154 ], [ 469920.61893432715442, 5542252.989310201257467 ], [ 469919.395189340633806, 5542256.351844446733594 ], [ 469893.422017197823152, 5542246.873380645178258 ], [ 469893.343688653607387, 5542247.081742987036705 ], [ 469888.815086947521195, 5542245.433827269822359 ], [ 469889.829444180068094, 5542242.66620834171772 ], [ 469890.087812356243376, 5542242.760377202183008 ], [ 469890.16388541390188, 5542242.787746438756585 ], [ 469890.167422624130268, 5542242.779943373985589 ], [ 469891.401135531370528, 5542239.409563148394227 ], [ 469891.404666493355762, 5542239.40064824000001 ], [ 469891.339348841051105, 5542239.375442264601588 ] ] ] } },
{ "type": "Feature", "properties": { "name": "24e77037-f2e7-7d8a-e053-84002d0a9694" }, "geometry": { "type": "Polygon", "coordinates": [ [ [ 469493.268368878460024, 5544510.153466654010117 ], [ 469493.887964372697752, 5544508.453194975852966 ], [ 469511.802271566644777, 5544514.975701991468668 ], [ 469508.981341696926393, 5544522.724948362447321 ], [ 469491.066340879362542, 5544516.202454884536564 ], [ 469493.268368878460024, 5544510.153466654010117 ] ] ] } },
{ "type": "Feature", "properties": { "name": "24e77037-f21f-7d8a-e053-84002d0a9694" }, "geometry": { "type": "Polygon", "coordinates": [ [ [ 470467.381946795561817, 5541376.432660933583975 ], [ 470464.821404658141546, 5541382.470942468382418 ], [ 470459.317124425200745, 5541380.136333196423948 ], [ 470461.876951358048245, 5541374.099164826795459 ], [ 470467.381946795561817, 5541376.432660933583975 ] ] ] } },
{ "type": "Feature", "properties": { "name": "d7e46696-dca2-4941-809b-3a407e251d48" }, "geometry": { "type": "Polygon", "coordinates": [ [ [ 470189.585068201820832, 5542198.884152283892035 ], [ 470189.744012947776355, 5542199.131216835230589 ], [ 470189.930778106208891, 5542199.358112637884915 ], [ 470190.143190310627688, 5542199.56040427275002 ], [ 470190.379094767267816, 5542199.736991857178509 ], [ 470190.63345330755692, 5542199.883455918170512 ], [ 470190.904117330326699, 5542199.999808422289789 ], [ 470191.186048670555465, 5542200.081629898399115 ], [ 470191.476388718234375, 5542200.130048140883446 ], [ 470191.77011169004254, 5542200.142867368645966 ], [ 470192.062926574435551, 5542200.121223350055516 ], [ 470192.351968571834732, 5542200.065132039599121 ], [ 470192.6315080782515, 5542199.974625329487026 ], [ 470192.898686482338235, 5542199.850831015966833 ], [ 470194.360264953516889, 5542199.165558992885053 ], [ 470194.331441833346616, 5542199.005608561448753 ], [ 470218.913914608943742, 5542187.589899302460253 ], [ 470218.96829153719591, 5542187.708568125031888 ], [ 470220.790612985030748, 5542186.851179108954966 ], [ 470221.062602042744402, 5542186.690667384304106 ], [ 470221.312209494644776, 5542186.498035602271557 ], [ 470221.53658908145735, 5542186.276635233312845 ], [ 470221.73144976887852, 5542186.027602019719779 ], [ 470221.893247642205097, 5542185.757626954466105 ], [ 470222.02127886202652, 5542185.468937709927559 ], [ 470222.111993326165248, 5542185.167113435454667 ], [ 470222.164693376340438, 5542184.855493650771677 ], [ 470222.17798370111268, 5542184.540757400915027 ], [ 470222.152599047403783, 5542184.226236238144338 ], [ 470222.087854122743011, 5542183.9174933899194 ], [ 470221.985206061974168, 5542183.618968269787729 ], [ 470226.923737380246166, 5542194.208856776356697 ], [ 470232.941869296715595, 5542207.166613708250225 ], [ 470232.942597859771922, 5542207.168833423405886 ], [ 470236.879914262040984, 5542215.587234357371926 ], [ 470256.055380973557476, 5542256.728127776645124 ], [ 470274.424736086395569, 5542296.176834555342793 ], [ 470293.917856623593252, 5542338.004354161210358 ], [ 470312.805498934816569, 5542378.542184067890048 ], [ 470312.998474289488513, 5542378.986978400498629 ], [ 470331.961935344384983, 5542419.687901899218559 ], [ 470355.538345973123796, 5542470.266874661669135 ], [ 470323.164251846785191, 5542485.588943602517247 ], [ 470299.417085135006346, 5542434.611891811713576 ], [ 470280.530254759592935, 5542394.075213852338493 ], [ 470261.434517058776692, 5542353.113912242464721 ], [ 470242.546378767292481, 5542312.572927772067487 ], [ 470223.579034070018679, 5542271.877898822538555 ], [ 470204.518364473246038, 5542230.937730546109378 ], [ 470200.520740418112837, 5542222.371808286756277 ], [ 470200.411282596876845, 5542222.136698682792485 ], [ 470189.585068201820832, 5542198.884152283892035 ] ] ] } },
{ "type": "Feature", "properties": { "name": "f115c09a-d135-4c1b-93d6-5052d60ba8a6" }, "geometry": { "type": "Polygon", "coordinates": [ [ [ 468045.591798609704711, 5543355.933088571764529 ], [ 468053.621886538458057, 5543358.819424113258719 ], [ 468070.751996355247684, 5543364.977132641710341 ], [ 468077.410701860382687, 5543367.370223640464246 ], [ 468081.900060407235287, 5543368.982371659018099 ], [ 468089.615784726396669, 5543371.753887392580509 ], [ 468088.822059415280819, 5543373.982394577004015 ], [ 468088.225532683485653, 5543375.657118062488735 ], [ 468088.224829896702431, 5543375.659346028231084 ], [ 468088.163548239623196, 5543375.829830190166831 ], [ 468070.447999525640626, 5543369.47430723067373 ], [ 468044.12961284420453, 5543360.016886120662093 ], [ 468044.105936817475595, 5543360.009244265966117 ], [ 468044.962424721685238, 5543357.621355703100562 ], [ 468045.591798609704711, 5543355.933088571764529 ] ] ] } },
{ "type": "Feature", "properties": { "name": "24e77037-e9b9-7d8a-e053-84002d0a9694" }, "geometry": { "type": "Polygon", "coordinates": [ [ [ 470459.498043903440703, 5541654.215835928916931 ], [ 470468.479437946982216, 5541643.521164200268686 ], [ 470471.214802314527333, 5541645.827685215510428 ], [ 470470.851764235063456, 5541646.239970618858933 ], [ 470472.481747726676986, 5541647.613049307838082 ], [ 470472.864614711026661, 5541647.159515134990215 ], [ 470477.77000046352623, 5541651.350941580720246 ], [ 470468.777147140935995, 5541662.046772879548371 ], [ 470459.498043903440703, 5541654.215835928916931 ] ] ] } },
{ "type": "Feature", "properties": { "name": "24e77037-fbc5-7d8a-e053-84002d0a9694" }, "geometry": { "type": "Polygon", "coordinates": [ [ [ 469327.670747196942102, 5544507.56444432400167 ], [ 469330.60063000372611, 5544508.625067041255534 ], [ 469333.66610850521829, 5544509.736060957424343 ], [ 469340.040968407760374, 5544512.044495391659439 ], [ 469337.156015818240121, 5544520.072173316963017 ], [ 469324.775756221322808, 5544515.5866271359846 ], [ 469327.670747196942102, 5544507.56444432400167 ] ] ] } },
{ "type": "Feature", "properties": { "name": "24e77037-f2e2-7d8a-e053-84002d0a9694" }, "geometry": { "type": "Polygon", "coordinates": [ [ [ 469386.946219662087969, 5544478.114651198498905 ], [ 469389.703565810341388, 5544470.540269530378282 ], [ 469418.458966095757205, 5544481.009916685521603 ], [ 469422.124943120405078, 5544482.344353789463639 ], [ 469419.392226267198566, 5544489.850752647034824 ], [ 469419.367557582445443, 5544489.918718731030822 ], [ 469386.946219662087969, 5544478.114651198498905 ] ] ] } },
{ "type": "Feature", "properties": { "name": "3f366887-589f-a92a-e053-b4472c0a365b" }, "geometry": { "type": "Polygon", "coordinates": [ [ [ 466548.033297135785688, 5543184.15322189964354 ], [ 466552.611852284171619, 5543185.842479988001287 ], [ 466550.814120134280529, 5543190.718234682455659 ], [ 466546.234859424526803, 5543189.030094454996288 ], [ 466548.033297135785688, 5543184.15322189964354 ] ] ] } },
{ "type": "Feature", "properties": { "name": "3f366887-5930-a92a-e053-b4472c0a365b" }, "geometry": { "type": "Polygon", "coordinates": [ [ [ 468544.460220469161868, 5541369.370049710385501 ], [ 468568.184581679699477, 5541378.030203178524971 ], [ 468564.758924956433475, 5541387.404580687172711 ], [ 468571.768283909244929, 5541389.970808963291347 ], [ 468568.496962284261826, 5541398.911756099201739 ], [ 468561.491201428812928, 5541396.34662293177098 ], [ 468555.806714100122917, 5541411.89965845644474 ], [ 468532.06241176702315, 5541403.237454053014517 ], [ 468544.460220469161868, 5541369.370049710385501 ] ] ] } },
{ "type": "Feature", "properties": { "name": "c46d95e4-b267-4cae-9a42-321dc1b4001d" }, "geometry": { "type": "Polygon", "coordinates": [ [ [ 468749.189665190817323, 5541354.536504901945591 ], [ 468537.004628359223716, 5541277.315468391403556 ], [ 468544.532212500809692, 5541256.610245933756232 ], [ 468548.439938185736537, 5541245.878753772005439 ], [ 468550.272188843518961, 5541240.845619993284345 ], [ 468542.523426698055118, 5541238.049153923988342 ], [ 468548.281110772571992, 5541222.247730312868953 ], [ 468555.983299999730662, 5541225.161225949414074 ], [ 468559.709879062604159, 5541214.925594286993146 ], [ 468559.404055094928481, 5541214.813977504149079 ], [ 468562.220216987363528, 5541207.029834221117198 ], [ 468585.864284244249575, 5541215.56267546582967 ], [ 468587.045271396695171, 5541212.337960375472903 ], [ 468594.443055280076806, 5541215.01646557636559 ], [ 468593.296467869891785, 5541218.244312939234078 ], [ 468593.271800426242407, 5541218.313394310884178 ], [ 468593.169620708678849, 5541218.601971087045968 ], [ 468650.860658739751671, 5541239.629919489845634 ], [ 468662.182439853902906, 5541243.756571686826646 ], [ 468669.103053734521382, 5541224.760709876194596 ], [ 468681.758722062339075, 5541229.379947852343321 ], [ 468674.983682674006559, 5541248.041376878507435 ], [ 468743.997768635046668, 5541273.178115799091756 ], [ 468745.226004629221279, 5541269.934258374385536 ], [ 468752.613599575415719, 5541272.613040152937174 ], [ 468751.437742353533395, 5541275.872156608849764 ], [ 468775.072229028737638, 5541284.464813648723066 ], [ 468772.18254843557952, 5541292.21702737454325 ], [ 468771.906271219369955, 5541292.134135199710727 ], [ 468762.541114171559457, 5541317.867673886939883 ], [ 468749.189665190817323, 5541354.536504901945591 ] ] ] } },
{ "type": "Feature", "properties": { "name": "24e77037-f972-7d8a-e053-84002d0a9694" }, "geometry": { "type": "Polygon", "coordinates": [ [ [ 467840.363568995497189, 5541796.965256525203586 ], [ 467848.076318247010931, 5541799.798725035972893 ], [ 467844.451017317245714, 5541809.666236869990826 ], [ 467836.738280220190063, 5541806.832773588597775 ], [ 467840.363568995497189, 5541796.965256525203586 ] ] ] } },
{ "type": "Feature", "properties": { "name": "d9406c49-81b8-4d31-86a9-b75f0b8aa197" }, "geometry": { "type": "Polygon", "coordinates": [ [ [ 465799.750990984437522, 5538539.658965950831771 ], [ 465799.061753366258927, 5538539.024030077271163 ], [ 465798.398139200988226, 5538538.361133702099323 ], [ 465797.762305662035942, 5538537.671374944038689 ], [ 465797.154274033673573, 5538536.958089303225279 ], [ 465796.57547061186051, 5538536.220155790448189 ], [ 465796.027342977700755, 5538535.459788922220469 ], [ 465795.510607831412926, 5538534.676984121091664 ], [ 465795.02528646402061, 5538533.875076891854405 ], [ 465794.572095579118468, 5538533.054062654264271 ], [ 465794.153192363970447, 5538532.215039517730474 ], [ 465793.768591020372696, 5538531.360231151804328 ], [ 465793.41829865652835, 5538530.490749389864504 ], [ 465793.103039075853303, 5538529.607701487839222 ], [ 465792.824252777965739, 5538528.712190133519471 ], [ 465792.581237274687737, 5538527.80644357111305 ], [ 465792.374716372345574, 5538526.891569061204791 ], [ 465792.206137669854797, 5538525.969781129620969 ], [ 465792.074067795532756, 5538525.04108892288059 ], [ 465791.979961444041692, 5538524.108818802982569 ], [ 465791.923094844562002, 5538523.171863506548107 ], [ 465791.904213092580903, 5538522.234665810130537 ], [ 465791.923891000275034, 5538521.274984369054437 ], [ 465791.983718074159697, 5538520.317270487546921 ], [ 465792.082268038706388, 5538519.362645152024925 ], [ 465792.220264705712907, 5538518.41221563052386 ], [ 465792.397729380580131, 5538517.469317440874875 ], [ 465792.613228691159748, 5538516.53395973611623 ], [ 465792.867493542085867, 5538515.608361623249948 ], [ 465793.159814350889064, 5538514.693639521487057 ], [ 465793.490205324196722, 5538513.792017113417387 ], [ 465793.856523483234923, 5538512.90461996011436 ], [ 465794.259499728970695, 5538512.033667181618512 ], [ 465794.697707775805611, 5538511.180279765278101 ], [ 465795.17114763596328, 5538510.344457724131644 ], [ 465795.678407209576108, 5538509.529545726254582 ], [ 465796.219493600248825, 5538508.736655617132783 ], [ 465796.792263817682397, 5538507.966912972740829 ], [ 465797.396001170331147, 5538507.220322369597852 ], [ 465798.030726944387425, 5538506.500219335779548 ], [ 465798.694291049789172, 5538505.806617598049343 ], [ 465799.385983882995788, 5538505.140633583068848 ], [ 465800.104386234714184, 5538504.50450012087822 ], [ 465800.850200613436755, 5538503.895988971926272 ], [ 465801.621305295149796, 5538503.319561220705509 ], [ 465802.414833481074311, 5538502.775235164910555 ], [ 465803.230792256188579, 5538502.264122654683888 ], [ 465804.067038609471638, 5538501.787349255755544 ], [ 465804.922139133093879, 5538501.344924118369818 ], [ 465805.794674603035673, 5538500.939080069772899 ], [ 465806.683211607800331, 5538500.569826269522309 ], [ 465807.586316735658329, 5538500.237171859480441 ], [ 465808.502563665271737, 5538499.942237836308777 ], [ 465809.430518981826026, 5538499.685033342801034 ], [ 465810.368039663124364, 5538499.46668394189328 ], [ 465811.313692292489577, 5538499.287198774516582 ], [ 465812.266050543519668, 5538499.147698830813169 ], [ 465813.222957208927255, 5538499.047085985541344 ], [ 465814.183702659851406, 5538498.986476648598909 ], [ 465815.146129688539077, 5538498.964772697538137 ], [ 465816.108819056826178, 5538498.984206947498024 ], [ 465817.069606467150152, 5538499.042569438926876 ], [ 465818.027065590838902, 5538499.140981140546501 ], [ 465818.979755920183379, 5538499.278339356184006 ], [ 465819.925534428097308, 5538499.455769632942975 ], [ 465820.86367021757178, 5538499.671052856370807 ], [ 465821.792027352144942, 5538499.926426411606371 ], [ 465822.708434450672939, 5538500.21856848243624 ], [ 465823.612905673449859, 5538500.549702742137015 ], [ 465824.502552945050411, 5538500.916511943563819 ], [ 465825.375957029871643, 5538501.321228898130357 ], [ 465826.232379951397888, 5538501.760522648692131 ], [ 465827.06967869080836, 5538502.235518729314208 ], [ 465827.886412752559409, 5538502.745114435441792 ], [ 465828.681851253903005, 5538503.28709064796567 ], [ 465829.453844093251973, 5538503.861461061052978 ], [ 465830.20095786859747, 5538504.468234801664948 ], [ 465830.923178400960751, 5538505.105188183486462 ], [ 465831.618348507443443, 5538505.771223060786724 ], [ 465832.285027704841923, 5538506.465236723423004 ], [ 465832.922492209938355, 5538507.186121889390051 ], [ 465833.530018241202924, 5538507.93277127481997 ], [ 465834.105448624468409, 5538508.70408673863858 ], [ 465834.648776279413141, 5538509.498956430703402 ], [ 465835.158553647052031, 5538510.315165794454515 ], [ 465835.634773650730494, 5538511.15160299371928 ], [ 465836.075279124546796, 5538512.007169872522354 ], [ 465836.480779691541102, 5538512.880750018171966 ], [ 465836.849111103569157, 5538513.77013345528394 ], [ 465837.180975901079364, 5538514.67309192288667 ], [ 465837.474940707441419, 5538515.589634555391967 ], [ 465837.730274672387168, 5538516.517542230896652 ], [ 465837.947687424835749, 5538517.455698541365564 ], [ 465838.125731420877855, 5538518.401888938620687 ], [ 465838.264392508717719, 5538519.353889746591449 ], [ 465838.363670709717553, 5538520.311700951308012 ], [ 465838.423544787918217, 5538521.271987045183778 ], [ 465838.443298068828881, 5538522.234752589836717 ], [ 465838.42428602417931, 5538523.187758225016296 ], [ 465838.365131968166679, 5538524.139907794073224 ], [ 465838.267971836496145, 5538525.088963920250535 ], [ 465838.13135808770312, 5538526.03271206561476 ], [ 465837.956717046734411, 5538526.970031253993511 ], [ 465837.743324951734394, 5538527.899814222939312 ], [ 465837.492601040285081, 5538528.819828160107136 ], [ 465837.203821549483109, 5538529.72896580491215 ], [ 465836.878405713767279, 5538530.624994347803295 ], [ 465836.516353549028281, 5538531.507913795299828 ], [ 465836.118360506603494, 5538532.374384071677923 ], [ 465835.685143294103909, 5538533.224400618113577 ], [ 465835.217404445458669, 5538534.055735195986927 ], [ 465834.71657027315814, 5538534.867266840301454 ], [ 465834.182626613590401, 5538535.656771883368492 ], [ 465833.616290167963598, 5538536.424245767295361 ], [ 465833.019703936879523, 5538537.168562958948314 ], [ 465832.392137057788204, 5538537.887504360638559 ], [ 465831.736449220741633, 5538538.579939867369831 ], [ 465831.05263333930634, 5538539.244757656008005 ], [ 465830.342832405178342, 5538539.880832185968757 ], [ 465829.607039328897372, 5538540.487051636911929 ], [ 465828.846687492448837, 5538541.063406876288354 ], [ 465828.063912794226781, 5538541.607660532929003 ], [ 465827.258715226722416, 5538542.119812616147101 ], [ 465826.433954464853741, 5538542.598733022809029 ], [ 465825.590340102789924, 5538543.043305347673595 ], [ 465824.728581733128522, 5538543.452413201332092 ], [ 465823.851546113088261, 5538543.826038310304284 ], [ 465822.959226139821112, 5538544.163068840280175 ], [ 465822.054488567577209, 5538544.463486527092755 ], [ 465821.137333379941992, 5538544.727291368879378 ], [ 465820.210613151255529, 5538544.952241422608495 ], [ 465819.27577542612562, 5538545.140551226213574 ], [ 465818.333515609672759, 5538545.288880701176822 ], [ 465817.385997938341461, 5538545.399439813569188 ], [ 465816.435358289512806, 5538545.469991181045771 ], [ 465815.482327515026554, 5538545.502753911539912 ], [ 465814.528324798680842, 5538545.495495188049972 ], [ 465813.57550728705246, 5538545.449313135817647 ], [ 465812.626025036908686, 5538545.364194043911994 ], [ 465811.679878027702216, 5538545.240137908607721 ], [ 465810.74065679271007, 5538545.078233713284135 ], [ 465809.80835422151722, 5538544.877369612455368 ], [ 465808.884410771541297, 5538544.638648301362991 ], [ 465807.971693194587715, 5538544.362051488831639 ], [ 465807.071641950577032, 5538544.048681866377592 ], [ 465806.184249931480736, 5538543.697427582927048 ], [ 465805.312405169184785, 5538543.311605870723724 ], [ 465804.456817250407767, 5538542.890100305899978 ], [ 465803.619636240822729, 5538542.432897163555026 ], [ 465802.801593007694464, 5538541.942215541377664 ], [ 465802.00484471290838, 5538541.419153556227684 ], [ 465801.229391349013895, 5538540.863711193203926 ], [ 465800.478099680971354, 5538540.275870155543089 ], [ 465799.750990984437522, 5538539.658965950831771 ] ] ] } },
{ "type": "Feature", "properties": { "name": "24e77037-f60c-7d8a-e053-84002d0a9694" }, "geometry": { "type": "Polygon", "coordinates": [ [ [ 468955.949610944255255, 5541673.859715070575476 ], [ 468967.028364753117785, 5541677.903908865526319 ], [ 468969.423711205017753, 5541678.778422640636563 ], [ 468965.717687191034202, 5541688.929149916395545 ], [ 468974.314208068943117, 5541692.067105409689248 ], [ 468974.692847869242541, 5541691.029748937115073 ], [ 469006.774672077794094, 5541702.741120344959199 ], [ 469059.009444415103644, 5541721.810278006829321 ], [ 469032.082341018423904, 5541795.572561210952699 ], [ 468976.033794105984271, 5541775.111448859795928 ], [ 468976.424417714471929, 5541774.041778291575611 ], [ 468948.155919983400963, 5541763.72168046142906 ], [ 468964.771387171931565, 5541718.208282351493835 ], [ 468956.183516808552667, 5541715.07362790685147 ], [ 468955.697008080256637, 5541716.407371927052736 ], [ 468955.137155223987065, 5541717.939456323161721 ], [ 468953.600041088240687, 5541722.147948872298002 ], [ 468935.798598100082017, 5541770.886051780544221 ], [ 468922.324696524825413, 5541765.967428920790553 ], [ 468924.205133379204199, 5541760.816281441599131 ], [ 468955.949610944255255, 5541673.859715070575476 ] ] ] } },
{ "type": "Feature", "properties": { "name": "661e4af6-1ecc-bde8-e053-b4472c0a3fef" }, "geometry": { "type": "Polygon", "coordinates": [ [ [ 466277.81858466862468, 5542855.046851631253958 ], [ 466268.169404889922589, 5542851.660785034298897 ], [ 466269.717749903269578, 5542847.234599734656513 ], [ 466279.3601816566661, 5542850.685201325453818 ], [ 466277.81858466862468, 5542855.046851631253958 ] ] ] } },
{ "type": "Feature", "properties": { "name": "510812f9-4c3b-4429-a771-6d87b536e98d" }, "geometry": { "type": "Polygon", "coordinates": [ [ [ 470173.115510881005321, 5542207.370576763525605 ], [ 470172.071949359087739, 5542205.180424912832677 ], [ 470174.751097030064557, 5542203.851256757974625 ], [ 470175.826288192882203, 5542206.062358679249883 ], [ 470173.115510881005321, 5542207.370576763525605 ] ] ] } },
{ "type": "Feature", "properties": { "name": "815e7400-7473-4596-ae3f-3abf8e767a45" }, "geometry": { "type": "Polygon", "coordinates": [ [ [ 465919.800924479262903, 5542837.534729479812086 ], [ 465919.082232985820156, 5542839.497345427051187 ], [ 465917.11480857024435, 5542838.796037223190069 ], [ 465917.82970648718765, 5542836.80008842330426 ], [ 465919.800924479262903, 5542837.534729479812086 ] ] ] } },
{ "type": "Feature", "properties": { "name": "10c9b059-1d82-42a3-85f3-3bc97712015e" }, "geometry": { "type": "Polygon", "coordinates": [ [ [ 468510.060651392617729, 5543335.311122242361307 ], [ 468512.080509081366472, 5543329.679764593951404 ], [ 468517.778183799178805, 5543331.725475701503456 ], [ 468515.764745773165487, 5543337.353457743301988 ], [ 468510.060651392617729, 5543335.311122242361307 ] ] ] } },
{ "type": "Feature", "properties": { "name": "bd4495b1-5010-473c-908e-b9ccc79d6988" }, "geometry": { "type": "Polygon", "coordinates": [ [ [ 470598.286454068205785, 5544135.863255301490426 ], [ 470600.573654396168422, 5544136.720181421376765 ], [ 470598.481394889357034, 5544142.414514930918813 ], [ 470596.192783084523398, 5544141.560933125205338 ], [ 470598.286454068205785, 5544135.863255301490426 ] ] ] } },
{ "type": "Feature", "properties": { "name": "7087598f-5f73-4f03-af59-a384173f3bd4" }, "geometry": { "type": "Polygon", "coordinates": [ [ [ 469882.940185542509425, 5544212.482242053374648 ], [ 469877.311014500271995, 5544214.71212596911937 ], [ 469876.40470599202672, 5544212.438975253142416 ], [ 469880.765877695113886, 5544210.709904758259654 ], [ 469882.040297430765349, 5544210.204606732353568 ], [ 469882.524739629530814, 5544211.430513189174235 ], [ 469882.940185542509425, 5544212.482242053374648 ] ] ] } },
{ "type": "Feature", "properties": { "name": "3f366887-5863-a92a-e053-b4472c0a365b" }, "geometry": { "type": "Polygon", "coordinates": [ [ [ 465971.887615515734069, 5542957.606743771582842 ], [ 465978.253870160027873, 5542959.949061146005988 ], [ 465978.085597893921658, 5542960.402670395560563 ], [ 466006.636978727881797, 5542970.884319026954472 ], [ 465999.123779484652914, 5542991.358591184020042 ], [ 466036.653808731061872, 5543004.900005650706589 ], [ 466032.303106247622054, 5543017.049450728110969 ], [ 465994.790205127792433, 5543003.374531531706452 ], [ 465995.344593483489007, 5543001.813249934464693 ], [ 465966.342002253397368, 5542991.188873555511236 ], [ 465966.956347169121727, 5542989.484885673969984 ], [ 465961.014517168747261, 5542987.325568895787001 ], [ 465961.574739363742992, 5542985.782036916352808 ], [ 465943.00953253818443, 5542978.97859849780798 ], [ 465947.709902851260267, 5542966.098566477186978 ], [ 465964.186248630692717, 5542972.121412335895002 ], [ 465963.730140633124392, 5542973.370742660947144 ], [ 465965.851944754191209, 5542974.145582711324096 ], [ 465971.887615515734069, 5542957.606743771582842 ] ] ] } },
{ "type": "Feature", "properties": { "name": "24e77037-ea9f-7d8a-e053-84002d0a9694" }, "geometry": { "type": "Polygon", "coordinates": [ [ [ 467893.110708011663519, 5544062.414438482373953 ], [ 467893.63473441125825, 5544061.925398787483573 ], [ 467894.47941900434671, 5544061.180924537591636 ], [ 467894.849684722197708, 5544060.959660874679685 ], [ 467895.492115075467154, 5544060.634470554068685 ], [ 467896.049211411504075, 5544060.40652662049979 ], [ 467896.678056578501128, 5544060.203725741244853 ], [ 467897.024780473322608, 5544060.116030158475041 ], [ 467897.384471588768065, 5544060.041599471122026 ], [ 467897.925258970470168, 5544059.959411040879786 ], [ 467898.361061311035883, 5544059.921216153539717 ], [ 467898.789101557049435, 5544059.901969979517162 ], [ 467899.19870042783441, 5544059.911743585951626 ], [ 467899.536763958341908, 5544059.93195335380733 ], [ 467900.094905390462372, 5544059.997542282566428 ], [ 467900.535703775472939, 5544060.076065951958299 ], [ 467900.95012524491176, 5544060.173649996519089 ], [ 467901.292235382832587, 5544060.271667834371328 ], [ 467901.597845212905668, 5544060.372128420509398 ], [ 467902.222921389096882, 5544060.615218312479556 ], [ 467902.91239762614714, 5544060.97133466694504 ], [ 467903.234311896027066, 5544061.16398433689028 ], [ 467903.519685839128215, 5544061.352405644953251 ], [ 467903.824583904875908, 5544061.572954639792442 ], [ 467904.094360214832705, 5544061.787042982876301 ], [ 467904.404563334886916, 5544062.056483310647309 ], [ 467904.649401267815847, 5544062.29073526058346 ], [ 467904.971473044541199, 5544062.629041555337608 ], [ 467905.225282480183523, 5544062.926617396995425 ], [ 467905.433084159740247, 5544063.193336303345859 ], [ 467905.601308335142676, 5544063.426935920491815 ], [ 467905.800002642383333, 5544063.727066135033965 ], [ 467906.067652731435373, 5544064.183559136465192 ], [ 467906.234262466372456, 5544064.506119581870735 ], [ 467906.368447574554011, 5544064.794405940920115 ], [ 467906.582887884171214, 5544065.332385999150574 ], [ 467906.68348985054763, 5544065.631992674432695 ], [ 467906.749087697593495, 5544066.064124085009098 ], [ 467906.848717198357917, 5544066.798485210165381 ], [ 467906.927230625413358, 5544067.474042863585055 ], [ 467907.029107297712471, 5544068.583097122609615 ], [ 467907.07714813540224, 5544069.311096323654056 ], [ 467907.104062033409718, 5544069.859096207655966 ], [ 467907.133580782567151, 5544070.960801215842366 ], [ 467907.135958916856907, 5544071.476703471504152 ], [ 467907.127319481340237, 5544072.185028612613678 ], [ 467907.107540672586765, 5544072.826707215048373 ], [ 467907.076366655121092, 5544073.478461167775095 ], [ 467907.037719718064182, 5544074.078001151792705 ], [ 467906.973602832527831, 5544074.84781291987747 ], [ 467906.871904856117908, 5544075.797976111061871 ], [ 467906.767138828057796, 5544076.59471701644361 ], [ 467911.399615798844025, 5544078.283692174591124 ], [ 467915.950725627539214, 5544065.805469117127359 ], [ 467942.043220781139098, 5544075.261367020197213 ], [ 467955.252317139296792, 5544080.048986104317009 ], [ 467955.450030023057479, 5544079.707564081065357 ], [ 467955.97641106613446, 5544079.371957093477249 ], [ 467958.106061244092416, 5544079.906253760680556 ], [ 467958.69409307121532, 5544080.061732797883451 ], [ 467959.415857617976144, 5544080.310921701602638 ], [ 467961.556019345123786, 5544081.046408697962761 ], [ 467963.061272699793335, 5544081.569991271011531 ], [ 467963.409540584194474, 5544081.740248973481357 ], [ 467965.9845943528926, 5544083.003505080938339 ], [ 467966.241263220494147, 5544083.301066663116217 ], [ 467966.221564769512042, 5544083.718142944388092 ], [ 467966.152556026296224, 5544084.030996855348349 ], [ 467973.117825163237285, 5544086.585564655251801 ], [ 467982.669860794499982, 5544090.089782773517072 ], [ 467991.994415806140751, 5544093.50976309645921 ], [ 468001.638267336238641, 5544097.046822317875922 ], [ 468011.207481201272458, 5544100.556547773070633 ], [ 468018.050007316283882, 5544103.066320014186203 ], [ 468012.879645439621527, 5544117.266024962998927 ], [ 468013.678797665168531, 5544117.526989296078682 ], [ 468013.9588425369584, 5544117.783273516222835 ], [ 468013.974831490835641, 5544118.182346059940755 ], [ 468011.02166308456799, 5544126.242292287759483 ], [ 468010.760593026527204, 5544126.525160913355649 ], [ 468010.400506078556646, 5544126.532873046584427 ], [ 468009.604808454285376, 5544126.250762670300901 ], [ 468004.435061982483603, 5544140.426011514849961 ], [ 467952.480615364504047, 5544121.505688384175301 ], [ 467952.343673044757452, 5544121.832292033359408 ], [ 467952.032226539275143, 5544122.191073718480766 ], [ 467951.698186399822589, 5544122.244221252389252 ], [ 467951.422857192461379, 5544122.178045042790473 ], [ 467950.699382898863405, 5544122.001140281558037 ], [ 467949.878400137706194, 5544121.801469980739057 ], [ 467949.567220338911284, 5544121.726613484323025 ], [ 467949.449578871019185, 5544121.689513888210058 ], [ 467949.170556664990727, 5544121.604457799345255 ], [ 467948.575203146843705, 5544121.421226471662521 ], [ 467947.930356113240123, 5544121.222725227475166 ], [ 467947.203744726139121, 5544121.000252273865044 ], [ 467947.129835840256419, 5544120.972897768951952 ], [ 467946.141065078729298, 5544120.611897308379412 ], [ 467945.633043379930314, 5544120.425919385626912 ], [ 467945.563416830438655, 5544120.39631547126919 ], [ 467945.086054200830404, 5544120.189028048887849 ], [ 467944.095451619359665, 5544119.761325592175126 ], [ 467943.824111465073656, 5544119.643978976644576 ], [ 467943.311354300298262, 5544119.384644966572523 ], [ 467941.695533878868446, 5544118.569303598254919 ], [ 467941.457346660958137, 5544118.249394671060145 ], [ 467941.491621718683746, 5544117.875594600103796 ], [ 467941.565460323181469, 5544117.532690396532416 ], [ 467928.38346273091156, 5544112.713810312561691 ], [ 467902.310850703914184, 5544103.204490121454 ], [ 467903.333620791032445, 5544100.399730303324759 ], [ 467895.140705583675299, 5544097.412310481071472 ], [ 467894.758873816870619, 5544097.614741439931095 ], [ 467894.631861900852527, 5544097.686664395965636 ], [ 467894.503398078260943, 5544097.755260400474072 ], [ 467894.40775448794011, 5544097.804757372476161 ], [ 467894.27854136726819, 5544097.867798430845141 ], [ 467894.169314770726487, 5544097.920712574385107 ], [ 467894.036501899710856, 5544097.980439570732415 ], [ 467893.840116372681223, 5544098.065009566023946 ], [ 467893.640840373118408, 5544098.145149355754256 ], [ 467892.991330689925235, 5544098.363641089759767 ], [ 467892.307148645224515, 5544098.531194045208395 ], [ 467891.674114639987238, 5544098.631726830266416 ], [ 467890.965625855606049, 5544098.686013117432594 ], [ 467890.241079312225338, 5544098.689248957671225 ], [ 467889.439319126133341, 5544098.59176632668823 ], [ 467888.8422134310822, 5544098.475265470333397 ], [ 467888.112832722603343, 5544098.269495447166264 ], [ 467887.396627943497151, 5544097.992485549300909 ], [ 467886.787681931280531, 5544097.692594264633954 ], [ 467886.167556221887935, 5544097.31938546244055 ], [ 467885.705915333295707, 5544096.988589253276587 ], [ 467885.174126702186186, 5544096.541465724818408 ], [ 467884.682893491873983, 5544096.051847056485713 ], [ 467884.292822527291719, 5544095.597201731055975 ], [ 467884.065490202105138, 5544095.297244179993868 ], [ 467883.676759518915787, 5544094.708052270114422 ], [ 467883.370543076249305, 5544094.148386146873236 ], [ 467883.104948820080608, 5544093.557343327440321 ], [ 467882.887725407257676, 5544092.913751408457756 ], [ 467882.743032063008286, 5544091.948388207703829 ], [ 467882.631585998053197, 5544091.035084245726466 ], [ 467882.514131015748717, 5544089.717088709585369 ], [ 467882.44008576462511, 5544088.116412786766887 ], [ 467882.45113743894035, 5544086.14051947183907 ], [ 467882.573381674126722, 5544084.20065111387521 ], [ 467882.73377067653928, 5544082.770910924300551 ], [ 467882.832194311486091, 5544082.110969932749867 ], [ 467882.89001851901412, 5544081.724797344766557 ], [ 467878.938814821187407, 5544080.338638629764318 ], [ 467873.227947304374538, 5544096.0405526868999 ], [ 467863.959710251248907, 5544092.71161525696516 ], [ 467865.271928790141828, 5544089.226857333444059 ], [ 467857.983831537305377, 5544086.574298497289419 ], [ 467856.735543610295281, 5544090.093142773024738 ], [ 467838.582363889727276, 5544083.485295695252717 ], [ 467839.898770481988322, 5544079.984939835034311 ], [ 467832.623635168594774, 5544077.349015754647553 ], [ 467831.38039999816101, 5544080.872283222153783 ], [ 467822.155970849329606, 5544077.455315133556724 ], [ 467830.997308012214489, 5544053.115160415880382 ], [ 467824.847008929587901, 5544050.848303123377264 ], [ 467828.661832288315054, 5544040.500363813713193 ], [ 467834.7682677169214, 5544042.734132547862828 ], [ 467836.615010422363412, 5544037.649482027627528 ], [ 467845.892138314899057, 5544041.00945242587477 ], [ 467844.602937496441882, 5544044.511866757646203 ], [ 467851.828670117538422, 5544047.14143284689635 ], [ 467853.100712083105464, 5544043.642459035851061 ], [ 467871.233191623818129, 5544050.241585313342512 ], [ 467869.957673205062747, 5544053.759477737359703 ], [ 467877.19469570775982, 5544056.365660401061177 ], [ 467878.464750874321908, 5544052.891166201792657 ], [ 467887.69675373181235, 5544056.257038938812912 ], [ 467883.344543322862592, 5544068.224847436882555 ], [ 467887.305442447133828, 5544069.674328953027725 ], [ 467887.747893086168915, 5544068.954505283385515 ], [ 467888.349529570899904, 5544068.035810123197734 ], [ 467888.991995584918186, 5544067.120205689221621 ], [ 467889.412450234987773, 5544066.55284296348691 ], [ 467889.90126282570418, 5544065.922804289497435 ], [ 467890.362526985642035, 5544065.355196757242084 ], [ 467890.878686119045597, 5544064.748343751765788 ], [ 467891.401409035897814, 5544064.161465412937105 ], [ 467891.95772182487417, 5544063.56437857914716 ], [ 467892.507804641092662, 5544063.002909634262323 ], [ 467893.110708011663519, 5544062.414438482373953 ] ] ] } },
{ "type": "Feature", "properties": { "name": "24e77037-fe9f-7d8a-e053-84002d0a9694" }, "geometry": { "type": "Polygon", "coordinates": [ [ [ 468921.052978685009293, 5544161.11188058834523 ], [ 468947.535088553850073, 5544170.742739663459361 ], [ 468941.620402290951461, 5544187.003947395831347 ], [ 468946.016376525512896, 5544188.604012264870107 ], [ 468944.737299066444393, 5544192.117215639911592 ], [ 468943.422885349486023, 5544191.638949725776911 ], [ 468942.780180777539499, 5544193.40502111800015 ], [ 468944.094594122027047, 5544193.883286870084703 ], [ 468942.829618516145274, 5544197.358604746870697 ], [ 468935.532180691661779, 5544194.702415187843144 ], [ 468936.682274943275843, 5544191.541314648464322 ], [ 468934.299540747248102, 5544190.674533070996404 ], [ 468924.681460492196493, 5544217.077660107985139 ], [ 468908.451532347884495, 5544211.177757547236979 ], [ 468906.852878911129665, 5544215.626812607049942 ], [ 468903.426884389074985, 5544214.370275349356234 ], [ 468903.917264526244253, 5544213.006475535221398 ], [ 468902.058973274368327, 5544212.324569512158632 ], [ 468901.568593544070609, 5544213.6883694967255 ], [ 468898.066546079062391, 5544212.404480484314263 ], [ 468900.725271734350827, 5544205.078368661925197 ], [ 468903.910124704125337, 5544206.234011990949512 ], [ 468904.786454946675804, 5544203.892844283953309 ], [ 468878.353028682700824, 5544194.247459430247545 ], [ 468884.264993953052908, 5544178.045125455595553 ], [ 468874.411865012778435, 5544174.46433621365577 ], [ 468875.695854233345017, 5544170.941080157645047 ], [ 468877.979600513761397, 5544171.772831141017377 ], [ 468879.895012088760268, 5544166.515807207673788 ], [ 468877.604085093247704, 5544165.680761498399079 ], [ 468878.901603857229929, 5544162.144084963947535 ], [ 468891.611058955139015, 5544166.76679266244173 ], [ 468890.447570308519062, 5544169.960225576534867 ], [ 468892.842524240724742, 5544170.8324761595577 ], [ 468901.156823853729293, 5544148.012699262239039 ], [ 468917.403533621691167, 5544153.932497566565871 ], [ 468919.045551619841717, 5544149.425376345403492 ], [ 468922.54902157234028, 5544150.701487845741212 ], [ 468922.069801663223188, 5544152.016297865658998 ], [ 468923.835522309411317, 5544152.658720633946359 ], [ 468924.3147425907664, 5544151.343910774216056 ], [ 468927.769422734214459, 5544152.602518826723099 ], [ 468925.101319310488179, 5544159.927558560855687 ], [ 468921.907091217988636, 5544158.764173720963299 ], [ 468921.052978685009293, 5544161.11188058834523 ] ] ] } },
{ "type": "Feature", "properties": { "name": "24e77037-edce-7d8a-e053-84002d0a9694" }, "geometry": { "type": "Polygon", "coordinates": [ [ [ 470495.100280228361953, 5544417.730134683661163 ], [ 470463.396896845835727, 5544406.183569603599608 ], [ 470469.266021386953071, 5544390.349071717821062 ], [ 470500.907745484088082, 5544401.864879230968654 ], [ 470495.100280228361953, 5544417.730134683661163 ] ] ] } },
{ "type": "Feature", "properties": { "name": "3f366887-581d-a92a-e053-b4472c0a365b" }, "geometry": { "type": "Polygon", "coordinates": [ [ [ 470239.084511655149981, 5544470.027903376147151 ], [ 470255.231274651247077, 5544475.935620544478297 ], [ 470250.515589073067531, 5544488.824124594219029 ], [ 470234.36885941401124, 5544482.916421670466661 ], [ 470239.084511655149981, 5544470.027903376147151 ] ] ] } },
{ "type": "Feature", "properties": { "name": "3fa73544-cce5-48ae-af86-88c1d032719f" }, "geometry": { "type": "Polygon", "coordinates": [ [ [ 466876.116391600691713, 5543101.197313182987273 ], [ 466880.862728540960234, 5543102.926953107118607 ], [ 466880.945010465453379, 5543102.684052074328065 ], [ 466881.026596953219268, 5543102.444491016678512 ], [ 466881.668329283769708, 5543102.691807491704822 ], [ 466881.588822225749027, 5543102.920236775651574 ], [ 466881.507910527288914, 5543103.153122313320637 ], [ 466881.506499000650365, 5543103.15646671783179 ], [ 466884.516654150793329, 5543104.254180137999356 ], [ 466890.995582333591301, 5543106.615782449021935 ], [ 466891.084398797771428, 5543106.387295723892748 ], [ 466891.177436110679992, 5543106.146552103571594 ], [ 466891.821260747034103, 5543106.384961728006601 ], [ 466891.740403677104041, 5543106.626741886138916 ], [ 466891.663072005962022, 5543106.859605124220252 ], [ 466896.402947178459726, 5543108.588186814449728 ], [ 466893.248789810982998, 5543117.2048245286569 ], [ 466893.712732453248464, 5543117.420997275039554 ], [ 466893.478259368566796, 5543118.066231547854841 ], [ 466892.993859904468991, 5543117.900220380164683 ], [ 466892.025568902783561, 5543120.544723399914801 ], [ 466891.861208356451243, 5543120.484586098231375 ], [ 466871.861068030586466, 5543113.19869869761169 ], [ 466871.7325936491834, 5543113.151682582683861 ], [ 466872.701605906710029, 5543110.509395146742463 ], [ 466872.23994078929536, 5543110.314336014911532 ], [ 466872.466727456077933, 5543109.700281277298927 ], [ 466872.935402048111428, 5543109.870835475623608 ], [ 466876.116391600691713, 5543101.197313182987273 ] ] ] } },
{ "type": "Feature", "properties": { "name": "24e77037-f594-7d8a-e053-84002d0a9694" }, "geometry": { "type": "Polygon", "coordinates": [ [ [ 470457.424464762210846, 5541345.183733077719808 ], [ 470439.014434168522712, 5541338.145940254442394 ], [ 470436.709060580469668, 5541344.209511691704392 ], [ 470432.035730184405111, 5541342.402933484874666 ], [ 470434.350980434159283, 5541336.312620390206575 ], [ 470344.54010567208752, 5541302.171900851652026 ], [ 470361.988215875288006, 5541256.242545048706234 ], [ 470474.909055875556078, 5541299.096661740913987 ], [ 470457.424464762210846, 5541345.183733077719808 ] ] ] } },
{ "type": "Feature", "properties": { "name": "24e77037-efb8-7d8a-e053-84002d0a9694" }, "geometry": { "type": "Polygon", "coordinates": [ [ [ 467696.30128382332623, 5541303.672834447585046 ], [ 467690.911462124553509, 5541318.03865173459053 ], [ 467653.064017723139841, 5541304.282928997650743 ], [ 467658.345111077709589, 5541289.838785789906979 ], [ 467696.30128382332623, 5541303.672834447585046 ] ] ] } },
{ "type": "Feature", "properties": { "name": "24e77037-fc92-7d8a-e053-84002d0a9694" }, "geometry": { "type": "Polygon", "coordinates": [ [ [ 466336.622023338684812, 5541608.589146267622709 ], [ 466337.686364658758976, 5541605.496966288425028 ], [ 466342.928492842242122, 5541607.346444316208363 ], [ 466341.846972094499506, 5541610.440954983234406 ], [ 466336.622023338684812, 5541608.589146267622709 ] ] ] } },
{ "type": "Feature", "properties": { "name": "24e77037-f1ca-7d8a-e053-84002d0a9694" }, "geometry": { "type": "Polygon", "coordinates": [ [ [ 468016.150258543901145, 5544144.226459598168731 ], [ 468018.077450587414205, 5544137.965012931264937 ], [ 468022.038317351019941, 5544139.184432621113956 ], [ 468020.11112114979187, 5544145.44587785564363 ], [ 468016.150258543901145, 5544144.226459598168731 ] ] ] } },
{ "type": "Feature", "properties": { "name": "286b913f-1ec7-4b6a-bf41-4042faca3781" }, "geometry": { "type": "Polygon", "coordinates": [ [ [ 468082.005922692012973, 5543698.185015634633601 ], [ 468065.251347145240288, 5543743.980233116075397 ], [ 468058.570335950294975, 5543741.61175518669188 ], [ 468055.289030543412082, 5543740.449403719045222 ], [ 468054.769054136064369, 5543741.864605532959104 ], [ 468052.424258005863521, 5543748.250833875499666 ], [ 468035.821521653444506, 5543742.555923733860254 ], [ 468038.275387678761035, 5543735.852148464880884 ], [ 468038.656963863933925, 5543734.762442933395505 ], [ 468036.693069633853156, 5543734.069235067814589 ], [ 468036.374022202391643, 5543734.958427403122187 ], [ 468031.765601048129611, 5543733.263639223761857 ], [ 468034.437713524152059, 5543725.937013095244765 ], [ 468039.0231152594788, 5543727.613038988783956 ], [ 468038.707500944961794, 5543728.47774912416935 ], [ 468040.706023795879446, 5543729.214114581234753 ], [ 468056.597635731159244, 5543685.940173141658306 ], [ 468072.866893910977524, 5543691.881753596477211 ], [ 468072.765480938774999, 5543692.16589005663991 ], [ 468072.869526865251828, 5543692.203073532320559 ], [ 468072.081897573778406, 5543694.363723331131041 ], [ 468074.020105082250666, 5543695.070440134964883 ], [ 468074.4576521833078, 5543693.879221615381539 ], [ 468079.066106418205891, 5543695.576270236633718 ], [ 468078.604347243614029, 5543696.909954459406435 ], [ 468082.005922692012973, 5543698.185015634633601 ] ] ] } },
{ "type": "Feature", "properties": { "name": "24e77037-ef2c-7d8a-e053-84002d0a9694" }, "geometry": { "type": "Polygon", "coordinates": [ [ [ 468670.516874899738468, 5544108.729746070690453 ], [ 468671.554331409686711, 5544105.919491661712527 ], [ 468677.230541678261943, 5544107.996624699793756 ], [ 468676.207505684345961, 5544110.82458377815783 ], [ 468670.516874899738468, 5544108.729746070690453 ] ] ] } },
{ "type": "Feature", "properties": { "name": "24e77037-eb3a-7d8a-e053-84002d0a9694" }, "geometry": { "type": "Polygon", "coordinates": [ [ [ 468566.373300791252404, 5542864.33211619220674 ], [ 468573.43433331255801, 5542856.266180318780243 ], [ 468584.762061561224982, 5542866.733694150112569 ], [ 468577.643862360157073, 5542874.455266223289073 ], [ 468566.373300791252404, 5542864.33211619220674 ] ] ] } },
{ "type": "Feature", "properties": { "name": "a74ea335-e2b9-437b-8925-8d3faea05ad2" }, "geometry": { "type": "Polygon", "coordinates": [ [ [ 468490.955180895456579, 5542010.995722557418048 ], [ 468496.560499054263346, 5542013.053083252161741 ], [ 468495.355022652307525, 5542016.335786717012525 ], [ 468503.818370596214663, 5542019.400385273620486 ], [ 468501.964967745298054, 5542024.435892377048731 ], [ 468487.929510970890988, 5542019.355995510704815 ], [ 468490.955180895456579, 5542010.995722557418048 ] ] ] } },
{ "type": "Feature", "properties": { "name": "6f35caa1-59fd-4b13-8d6c-ce81085120b7" }, "geometry": { "type": "Polygon", "coordinates": [ [ [ 467991.594718666514382, 5543812.778056290932 ], [ 468012.400565472897142, 5543755.751655779778957 ], [ 468024.05485162360128, 5543760.003918058238924 ], [ 468003.24889171886025, 5543817.029161337763071 ], [ 467991.594718666514382, 5543812.778056290932 ] ] ] } },
{ "type": "Feature", "properties": { "name": "b627fc39-22d3-4a22-b712-0323bcc4a273" }, "geometry": { "type": "Polygon", "coordinates": [ [ [ 470176.484097257896792, 5542214.605725219473243 ], [ 470175.437556014047004, 5542212.394463572651148 ], [ 470178.135569771809969, 5542211.109667226672173 ], [ 470179.177893445710652, 5542213.33540733717382 ], [ 470176.484097257896792, 5542214.605725219473243 ] ] ] } },
{ "type": "Feature", "properties": { "name": "661e4af6-1d19-bde8-e053-b4472c0a3fef" }, "geometry": { "type": "Polygon", "coordinates": [ [ [ 471085.743975592951756, 5544166.814806367270648 ], [ 471083.646626313799061, 5544166.095633064396679 ], [ 471084.210514204285573, 5544164.452558651566505 ], [ 471086.307864046364557, 5544165.17173217330128 ], [ 471085.743975592951756, 5544166.814806367270648 ] ] ] } },
{ "type": "Feature", "properties": { "name": "e231bd8f-77ac-47bb-befb-d602c7f911f7" }, "geometry": { "type": "Polygon", "coordinates": [ [ [ 469983.792356681311503, 5542165.133034704253078 ], [ 469977.051590375369415, 5542183.593592405319214 ], [ 469976.575743658759166, 5542183.41724771168083 ], [ 469971.074378770194016, 5542198.480737337842584 ], [ 469971.030603174585849, 5542198.465416508726776 ], [ 469971.647072768770158, 5542196.769675375893712 ], [ 469967.765839705709368, 5542195.36267617251724 ], [ 469967.558438198291697, 5542195.927563455887139 ], [ 469954.309120007616002, 5542191.098498584702611 ], [ 469954.512048405420501, 5542190.502503196708858 ], [ 469950.623681615048554, 5542189.10222767200321 ], [ 469950.019934660638683, 5542190.766767171211541 ], [ 469949.962526130664628, 5542190.747075499966741 ], [ 469949.93812532100128, 5542190.738317390903831 ], [ 469961.435719932720531, 5542159.083022662438452 ], [ 469961.761563970590942, 5542159.203501600772142 ], [ 469962.244157836015802, 5542157.901004734449089 ], [ 469962.789533826289698, 5542156.426925963722169 ], [ 469983.792356681311503, 5542165.133034704253078 ] ] ] } },
{ "type": "Feature", "properties": { "name": "8e896e4d-99d8-42c5-9978-37f79e079012" }, "geometry": { "type": "Polygon", "coordinates": [ [ [ 467031.628708472242579, 5541440.055343376472592 ], [ 467031.535055246495176, 5541440.318325075320899 ], [ 467023.419378712773323, 5541462.597123180516064 ], [ 467023.330099419108592, 5541462.872308856807649 ], [ 467015.227331217611209, 5541485.142146301455796 ], [ 467005.34557840967318, 5541481.531568826176226 ], [ 467013.313764476857614, 5541459.630579529330134 ], [ 467013.549051078385673, 5541458.986459972336888 ], [ 467021.535281734541059, 5541437.096492102369666 ], [ 467021.7662040606956, 5541436.441280959174037 ], [ 467030.142589127703104, 5541413.45260507427156 ], [ 467040.000674569921102, 5541417.041136980056763 ], [ 467031.628708472242579, 5541440.055343376472592 ] ] ] } },
{ "type": "Feature", "properties": { "name": "1131a5d2-b89e-42f2-8e71-05de04e6bed8" }, "geometry": { "type": "Polygon", "coordinates": [ [ [ 466006.006042552355211, 5542863.748716500587761 ], [ 466005.285919280780945, 5542865.715777308680117 ], [ 466003.301953645481262, 5542865.000088087283075 ], [ 466004.032712100539356, 5542863.016281100921333 ], [ 466006.006042552355211, 5542863.748716500587761 ] ] ] } },
{ "type": "Feature", "properties": { "name": "6ab7a811-1aec-478f-bc77-57224f256a6e" }, "geometry": { "type": "Polygon", "coordinates": [ [ [ 470287.120723908476066, 5542011.795089201070368 ], [ 470289.98217390011996, 5542008.703749797306955 ], [ 470293.938269489328377, 5542012.364349273964763 ], [ 470291.095552134909667, 5542015.475596493110061 ], [ 470287.120723908476066, 5542011.795089201070368 ] ] ] } },
{ "type": "Feature", "properties": { "name": "4f021686-4636-49cb-9f89-c1a727fafac5" }, "geometry": { "type": "Polygon", "coordinates": [ [ [ 467587.960928204120137, 5543722.182396144606173 ], [ 467592.573556885472499, 5543723.836750197224319 ], [ 467590.531560932286084, 5543729.529757595621049 ], [ 467585.918929744861089, 5543727.874293457716703 ], [ 467587.960928204120137, 5543722.182396144606173 ] ] ] } },
{ "type": "Feature", "properties": { "name": "24e77037-f26f-7d8a-e053-84002d0a9694" }, "geometry": { "type": "Polygon", "coordinates": [ [ [ 464222.399451463657897, 5543099.081231002695858 ], [ 464218.532936415809672, 5543097.658276211470366 ], [ 464219.422700205934234, 5543095.246186426840723 ], [ 464223.293535543140024, 5543096.67244868259877 ], [ 464222.399451463657897, 5543099.081231002695858 ] ] ] } },
{ "type": "Feature", "properties": { "name": "24e77037-faf8-7d8a-e053-84002d0a9694" }, "geometry": { "type": "Polygon", "coordinates": [ [ [ 468461.522716982522979, 5544132.18521786481142 ], [ 468454.977881638507824, 5544130.092307756654918 ], [ 468452.311988578701857, 5544132.341807432472706 ], [ 468449.531846036901698, 5544131.364171186462045 ], [ 468449.312390275707003, 5544129.844402345828712 ], [ 468385.826857374049723, 5544106.723798636347055 ], [ 468384.662629512196872, 5544107.683565232902765 ], [ 468381.891630869009532, 5544106.68256023619324 ], [ 468381.627950188529212, 5544105.194188213907182 ], [ 468366.102312392089516, 5544099.539711803197861 ], [ 468358.794282145507168, 5544057.750353582203388 ], [ 468398.618086795439012, 5544024.34851557482034 ], [ 468413.521057227917481, 5544029.769930792972445 ], [ 468414.628043898264877, 5544028.812732454389334 ], [ 468418.942945975228213, 5544030.456208973191679 ], [ 468419.086871754727326, 5544031.792960711754858 ], [ 468472.126315334811807, 5544051.150606314651668 ], [ 468473.272600229596719, 5544050.178734058514237 ], [ 468477.351013822946697, 5544051.670210163109004 ], [ 468477.63401409634389, 5544053.160696507431567 ], [ 468492.529025571595412, 5544058.595719927921891 ], [ 468494.175386963994242, 5544068.014834907837212 ], [ 468527.790294677019119, 5544080.273502250202 ], [ 468528.957620452332776, 5544079.348217446357012 ], [ 468533.062388095306233, 5544080.822902389802039 ], [ 468533.376886301091872, 5544082.315430131740868 ], [ 468535.476509892032482, 5544083.111426169984043 ], [ 468546.878699661989231, 5544073.537752516567707 ], [ 468546.79778211255325, 5544071.830368617549539 ], [ 468549.897083372983616, 5544069.244803295470774 ], [ 468551.795419664995279, 5544069.901890941895545 ], [ 468552.100007520639338, 5544071.414491931907833 ], [ 468581.019337255042046, 5544081.956538259983063 ], [ 468586.680740206968039, 5544114.308140400797129 ], [ 468539.527700269944035, 5544153.898181488737464 ], [ 468505.956458999833558, 5544141.676991066895425 ], [ 468504.720394284115173, 5544142.598238193430007 ], [ 468501.945798082102556, 5544141.587185566313565 ], [ 468501.667215794848744, 5544140.11557393334806 ], [ 468467.374703259149101, 5544127.632016773335636 ], [ 468461.522716982522979, 5544132.18521786481142 ] ] ] } },
{ "type": "Feature", "properties": { "name": "24e77037-f224-7d8a-e053-84002d0a9694" }, "geometry": { "type": "Polygon", "coordinates": [ [ [ 468306.731563717243262, 5541843.283329430967569 ], [ 468306.212040274462197, 5541840.341022741980851 ], [ 468330.155044688202906, 5541836.113190262578428 ], [ 468330.673839075083379, 5541839.055503439158201 ], [ 468306.731563717243262, 5541843.283329430967569 ] ] ] } },
{ "type": "Feature", "properties": { "name": "24e77037-ea31-7d8a-e053-84002d0a9694" }, "geometry": { "type": "Polygon", "coordinates": [ [ [ 469646.17347211932065, 5544596.689190752804279 ], [ 469652.770483848173171, 5544564.2447275146842 ], [ 469664.652481078112032, 5544566.655738793313503 ], [ 469660.416679806774482, 5544587.14736071228981 ], [ 469703.781237869814504, 5544596.003527322784066 ], [ 469701.379468451079447, 5544607.902080850675702 ], [ 469646.17347211932065, 5544596.689190752804279 ] ] ] } },
{ "type": "Feature", "properties": { "name": "33d49e2a-4129-41e6-b3de-e33f3cb139e2" }, "geometry": { "type": "Polygon", "coordinates": [ [ [ 468986.956933654262684, 5544186.59644410200417 ], [ 468984.5203879668843, 5544185.708826260641217 ], [ 468986.349946281581651, 5544180.692506524734199 ], [ 468987.365121004870161, 5544177.841303849592805 ], [ 469029.183765013585798, 5544193.066553482785821 ], [ 469027.203936018340755, 5544198.474000462330878 ], [ 469029.680663945735432, 5544199.379195249639452 ], [ 469028.792183248267975, 5544201.857174362055957 ], [ 469026.734609379898757, 5544207.438525988720357 ], [ 468988.470230591192376, 5544193.472477770410478 ], [ 468984.92222329537617, 5544192.163225000724196 ], [ 468986.956933654262684, 5544186.59644410200417 ] ] ] } },
{ "type": "Feature", "properties": { "name": "24e77037-ede7-7d8a-e053-84002d0a9694" }, "geometry": { "type": "Polygon", "coordinates": [ [ [ 468290.970837153785396, 5543826.079671506769955 ], [ 468274.65766428533243, 5543820.107672721147537 ], [ 468289.691169731784612, 5543779.047729756683111 ], [ 468295.791975990170613, 5543781.282058032229543 ], [ 468298.347623852139805, 5543774.303165454417467 ], [ 468295.26779642602196, 5543773.17505441699177 ], [ 468292.410419268067926, 5543772.129018717445433 ], [ 468292.246094789763447, 5543772.068838503211737 ], [ 468294.744662821118254, 5543765.244834886863828 ], [ 468308.867097225273028, 5543770.39261716324836 ], [ 468312.305396940617356, 5543760.957904355600476 ], [ 468317.138926498184446, 5543762.719425476156175 ], [ 468311.378590895561501, 5543778.444490237161517 ], [ 468310.621829480398446, 5543780.511523036286235 ], [ 468316.584070304175839, 5543782.684429725632071 ], [ 468315.181979924673215, 5543786.532079069875181 ], [ 468309.219742777058855, 5543784.359173947945237 ], [ 468298.362091466551647, 5543814.094206459820271 ], [ 468301.947797818284016, 5543815.410567351616919 ], [ 468301.299930870125536, 5543817.244572126306593 ], [ 468308.32125397247728, 5543819.803692541085184 ], [ 468307.108383701357525, 5543823.197685494087636 ], [ 468300.072180215502158, 5543820.664228258654475 ], [ 468299.42266525584273, 5543822.461550753563643 ], [ 468295.755222060543019, 5543821.125661839731038 ], [ 468293.120352972764522, 5543820.167258745059371 ], [ 468290.970837153785396, 5543826.079671506769955 ] ] ] } },
{ "type": "Feature", "properties": { "name": "24e77037-ea45-7d8a-e053-84002d0a9694" }, "geometry": { "type": "Polygon", "coordinates": [ [ [ 468917.811086530564353, 5544272.283850768581033 ], [ 468916.882141514972318, 5544267.908411122858524 ], [ 468926.113101395021658, 5544265.851174248382449 ], [ 468927.088116646220442, 5544270.270823361352086 ], [ 468917.811086530564353, 5544272.283850768581033 ] ] ] } },
{ "type": "Feature", "properties": { "name": "24e77037-ed7e-7d8a-e053-84002d0a9694" }, "geometry": { "type": "Polygon", "coordinates": [ [ [ 466963.068910424481146, 5543304.978537753224373 ], [ 466920.018033549946267, 5543423.155917650088668 ], [ 466899.008547487610485, 5543415.500357292592525 ], [ 466942.035335038090125, 5543297.312947400845587 ], [ 466963.068910424481146, 5543304.978537753224373 ] ] ] } },
{ "type": "Feature", "properties": { "name": "24e77037-ea04-7d8a-e053-84002d0a9694" }, "geometry": { "type": "Polygon", "coordinates": [ [ [ 466643.944250377302524, 5543231.063514132983983 ], [ 466662.592744576453697, 5543237.846610746346414 ], [ 466645.844578598451335, 5543283.894260530360043 ], [ 466627.214603823667858, 5543277.073303502053022 ], [ 466643.944250377302524, 5543231.063514132983983 ] ] ] } },
{ "type": "Feature", "properties": { "name": "24e77037-eb1c-7d8a-e053-84002d0a9694" }, "geometry": { "type": "Polygon", "coordinates": [ [ [ 469318.661245333321858, 5543948.987692661583424 ], [ 469315.085881661914755, 5543950.662679371424019 ], [ 469307.104705701698549, 5543933.556498175486922 ], [ 469311.487116057425737, 5543931.526633906178176 ], [ 469311.630903056706302, 5543931.629214710555971 ], [ 469311.757325541460887, 5543931.450587964616716 ], [ 469292.244219249405432, 5543917.827399081550539 ], [ 469292.158288470294792, 5543917.950199635699391 ], [ 469289.226718675112352, 5543915.904474481940269 ], [ 469286.148286226496566, 5543917.337573013268411 ], [ 469280.279919230029918, 5543920.069804864935577 ], [ 469276.69162269536173, 5543912.385035404935479 ], [ 469283.310263078077696, 5543909.261556790210307 ], [ 469282.523597357794642, 5543907.552656107582152 ], [ 469281.521600021224003, 5543905.376887643709779 ], [ 469284.811347399605438, 5543903.834720704704523 ], [ 469285.351504741294775, 5543905.133638783358037 ], [ 469285.932890578231309, 5543904.883463209494948 ], [ 469286.071143688226584, 5543904.894900449551642 ], [ 469288.14888945769053, 5543880.802863089367747 ], [ 469288.429465382185299, 5543877.542315406724811 ], [ 469285.398544056864921, 5543875.405987789854407 ], [ 469280.37335990765132, 5543871.863455069251359 ], [ 469282.310720350127667, 5543869.094857103191316 ], [ 469283.455521716328803, 5543867.458261273801327 ], [ 469285.232382326677907, 5543864.918522263877094 ], [ 469291.235755282337777, 5543869.107011259533465 ], [ 469292.379363461222965, 5543867.511563985608518 ], [ 469293.294245394878089, 5543866.234316867776215 ], [ 469296.36580081959255, 5543868.339283005334437 ], [ 469295.97029888042016, 5543868.916397182270885 ], [ 469296.344810017151758, 5543869.173317809589207 ], [ 469318.136082389741205, 5543859.014677572995424 ], [ 469321.056017405702733, 5543857.653667312115431 ], [ 469321.419364472443704, 5543853.465334451757371 ], [ 469321.685351694410201, 5543850.403900044970214 ], [ 469321.900302823458333, 5543847.932057680562139 ], [ 469325.314453946717549, 5543848.223814521916211 ], [ 469330.392663676175289, 5543848.651693427935243 ], [ 469329.728775973722804, 5543855.996167855337262 ], [ 469333.286034678749274, 5543856.272655035369098 ], [ 469333.004700698889792, 5543859.905686049722135 ], [ 469332.306391166057438, 5543859.869659962132573 ], [ 469332.265904627100099, 5543860.301303648389876 ], [ 469352.65784132637782, 5543874.583400929346681 ], [ 469356.018395048566163, 5543873.020858773961663 ], [ 469358.367077280592639, 5543871.92999265063554 ], [ 469360.84500875568483, 5543870.778345734812319 ], [ 469363.113707062206231, 5543869.723520005121827 ], [ 469365.529773982008919, 5543874.899970918893814 ], [ 469366.351717007521074, 5543876.646485675126314 ], [ 469367.623019665828906, 5543879.343314356170595 ], [ 469360.572951621143147, 5543882.662625960074365 ], [ 469362.395138862601016, 5543886.533786346204579 ], [ 469359.100410712824669, 5543888.087052603252232 ], [ 469358.473935806483496, 5543886.840880154632032 ], [ 469358.023358195554465, 5543887.053606547415257 ], [ 469356.146280773216859, 5543909.107490127906203 ], [ 469357.240878305630758, 5543911.455084325745702 ], [ 469359.621449019410647, 5543916.561687236651778 ], [ 469361.569968159834389, 5543920.74011645745486 ], [ 469362.959583240794018, 5543923.718685742467642 ], [ 469364.377476106281392, 5543926.759359106421471 ], [ 469368.57751426944742, 5543935.768276135437191 ], [ 469376.414733987126965, 5543932.133141499012709 ], [ 469381.050242511322722, 5543942.047986804507673 ], [ 469373.21899116365239, 5543945.723108551464975 ], [ 469386.631532886181958, 5543974.48645565006882 ], [ 469376.740455326624215, 5543979.041740008629858 ], [ 469384.384425237134565, 5543995.451688371598721 ], [ 469381.406824511534069, 5543996.859694105572999 ], [ 469376.408931660524104, 5543999.181002266705036 ], [ 469364.323733072669711, 5544004.791816202923656 ], [ 469348.181139097956475, 5544012.287194343283772 ], [ 469345.684681969229132, 5544006.943316321820021 ], [ 469339.664963867864572, 5544009.739728619344532 ], [ 469336.77635233552428, 5544003.558627686463296 ], [ 469342.840210737544112, 5544000.717483903281391 ], [ 469340.517748559825122, 5543995.627233345061541 ], [ 469339.906115317950025, 5543994.220866323448718 ], [ 469337.546041812223848, 5543995.312918473035097 ], [ 469336.403689007158391, 5543992.876650852151215 ], [ 469338.625729228195269, 5543991.810962494462729 ], [ 469326.035064348776359, 5543964.570752952247858 ], [ 469318.661245333321858, 5543948.987692661583424 ] ] ] } },
{ "type": "Feature", "properties": { "name": "3f366887-594e-a92a-e053-b4472c0a365b" }, "geometry": { "type": "Polygon", "coordinates": [ [ [ 468829.811685583496001, 5544167.697941370308399 ], [ 468833.138364624057431, 5544168.858276147395372 ], [ 468854.177398230414838, 5544176.195424918085337 ], [ 468856.896412177011371, 5544177.143605315126479 ], [ 468842.667343694425654, 5544216.235894815996289 ], [ 468824.19853029504884, 5544209.477564462460577 ], [ 468826.97223460522946, 5544201.872773300856352 ], [ 468825.16000834456645, 5544201.235100986436009 ], [ 468825.721108249737881, 5544199.724112695083022 ], [ 468819.055408580519725, 5544197.245638565160334 ], [ 468829.811685583496001, 5544167.697941370308399 ] ] ] } },
{ "type": "Feature", "properties": { "name": "48a0ca35-6356-3345-e053-b4472c0a7470" }, "geometry": { "type": "Polygon", "coordinates": [ [ [ 471252.2347905303468, 5544340.259831276722252 ], [ 471252.152220979041886, 5544334.219415578991175 ], [ 471257.10575156781124, 5544334.213929201476276 ], [ 471257.105221678328235, 5544340.245896264910698 ], [ 471252.2347905303468, 5544340.259831276722252 ] ] ] } },
{ "type": "Feature", "properties": { "name": "24e77037-eed7-7d8a-e053-84002d0a9694" }, "geometry": { "type": "Polygon", "coordinates": [ [ [ 467417.805135860457085, 5544123.032322984188795 ], [ 467424.432101187179796, 5544104.673585115931928 ], [ 467432.818784346745815, 5544107.692464298568666 ], [ 467438.647680188994855, 5544091.480102728120983 ], [ 467430.460427475278266, 5544088.41107723955065 ], [ 467435.018947088741697, 5544075.805632838979363 ], [ 467449.129020502092317, 5544080.678811141289771 ], [ 467442.894998973759357, 5544097.976606396958232 ], [ 467436.557095121359453, 5544115.609720903448761 ], [ 467433.588606613397133, 5544114.540357923135161 ], [ 467429.273695027804933, 5544127.168783446773887 ], [ 467417.805135860457085, 5544123.032322984188795 ] ] ] } },
{ "type": "Feature", "properties": { "name": "24e77037-f10c-7d8a-e053-84002d0a9694" }, "geometry": { "type": "Polygon", "coordinates": [ [ [ 468722.544897662126459, 5544140.914731723256409 ], [ 468716.212971016648225, 5544138.602328769862652 ], [ 468715.808481319865678, 5544139.709909752011299 ], [ 468693.682941406965256, 5544131.631358424201608 ], [ 468708.059870983299334, 5544092.257609124295413 ], [ 468715.273774915374815, 5544072.499441136606038 ], [ 468737.398808461031877, 5544080.578086041845381 ], [ 468737.01122629508609, 5544081.639979072846472 ], [ 468743.423624425544403, 5544083.990853012539446 ], [ 468737.218824867741205, 5544100.996725019998848 ], [ 468735.181818844925147, 5544100.25031924340874 ], [ 468735.264272489235736, 5544100.025236236862838 ], [ 468733.631221553543583, 5544099.426575636491179 ], [ 468733.54876796802273, 5544099.651658670045435 ], [ 468730.802148508431856, 5544098.645883628167212 ], [ 468722.455077232909389, 5544121.506149359978735 ], [ 468725.120609414763749, 5544122.482373026199639 ], [ 468725.038156556605827, 5544122.707456199452281 ], [ 468726.671201416582335, 5544123.306114173494279 ], [ 468726.753654333588202, 5544123.081031023524702 ], [ 468728.814331078901887, 5544123.836190310306847 ], [ 468722.544897662126459, 5544140.914731723256409 ] ] ] } },
{ "type": "Feature", "properties": { "name": "24e77037-f83c-7d8a-e053-84002d0a9694" }, "geometry": { "type": "Polygon", "coordinates": [ [ [ 470687.822314959135838, 5541609.331069595180452 ], [ 470687.886498380277772, 5541609.148370105773211 ], [ 470688.00998457102105, 5541609.199952522292733 ], [ 470693.652867469005287, 5541593.990807359106839 ], [ 470661.101827750215307, 5541581.820509593933821 ], [ 470661.710310372058302, 5541580.182713733054698 ], [ 470662.854571455565747, 5541577.103211251087487 ], [ 470662.085524276830256, 5541575.451836233958602 ], [ 470663.758951468917076, 5541574.692150567658246 ], [ 470673.340090560202952, 5541549.023091699928045 ], [ 470672.590309443767183, 5541547.358267189003527 ], [ 470674.244425411219709, 5541546.602026320062578 ], [ 470676.433765199966729, 5541540.769351207651198 ], [ 470692.804142533335835, 5541546.887359963729978 ], [ 470711.872594981396105, 5541554.012478937394917 ], [ 470701.261764728638809, 5541582.004256730899215 ], [ 470710.359074471227359, 5541585.452464706264436 ], [ 470699.845890540746041, 5541613.603823868557811 ], [ 470699.451257344451733, 5541614.660044451244175 ], [ 470701.689961466297973, 5541615.493936129845679 ], [ 470699.451447704748716, 5541621.502547580748796 ], [ 470697.277887518925127, 5541627.337351511232555 ], [ 470683.010121885105036, 5541622.008372563868761 ], [ 470683.123095168266445, 5541621.709770481102169 ], [ 470650.390007417008746, 5541609.493836319074035 ], [ 470655.003233529627323, 5541597.120025077834725 ], [ 470687.812985061958898, 5541609.327785024419427 ], [ 470687.822314959135838, 5541609.331069595180452 ] ] ] } },
{ "type": "Feature", "properties": { "name": "24e77037-ec25-7d8a-e053-84002d0a9694" }, "geometry": { "type": "Polygon", "coordinates": [ [ [ 470705.051993737812154, 5541497.328391615301371 ], [ 470695.896413083537482, 5541494.255213755182922 ], [ 470695.765311494469643, 5541494.645088746212423 ], [ 470682.686973951174878, 5541490.22801223769784 ], [ 470688.014487865264527, 5541474.308988919481635 ], [ 470686.15785851329565, 5541473.667590037919581 ], [ 470686.279854981868993, 5541473.315568543039262 ], [ 470686.475065405131318, 5541473.383436535485089 ], [ 470688.049621202459093, 5541468.818338627927005 ], [ 470689.674358111864422, 5541469.364273842424154 ], [ 470696.206058789044619, 5541449.911789589561522 ], [ 470709.294359014020301, 5541454.301048182882369 ], [ 470709.230925717565697, 5541454.490414515137672 ], [ 470709.934972725459374, 5541454.734512913972139 ], [ 470714.502823889197316, 5541503.308645704761147 ], [ 470712.959402209788095, 5541507.805741091258824 ], [ 470702.310689451405779, 5541503.882347540929914 ], [ 470692.691238748724572, 5541500.339164355769753 ], [ 470692.884400380542502, 5541499.771049037575722 ], [ 470702.988341957330704, 5541503.492818395607173 ], [ 470705.051993737812154, 5541497.328391615301371 ] ] ] } },
{ "type": "Feature", "properties": { "name": "3f366887-5912-a92a-e053-b4472c0a365b" }, "geometry": { "type": "Polygon", "coordinates": [ [ [ 470363.718289464421105, 5544351.902171325869858 ], [ 470424.770137966552284, 5544374.136725986376405 ], [ 470422.177023291878868, 5544381.258225705474615 ], [ 470420.734130299999379, 5544385.220063491724432 ], [ 470395.447336837882176, 5544376.011191016994417 ], [ 470393.701920348685235, 5544380.803064092993736 ], [ 470383.225337722455151, 5544376.987239081412554 ], [ 470384.970746158040129, 5544372.19536258559674 ], [ 470359.682390358182602, 5544362.98555492144078 ], [ 470360.513120588322636, 5544360.703813414089382 ], [ 470363.718289464421105, 5544351.902171325869858 ] ] ] } },
{ "type": "Feature", "properties": { "name": "24e77037-ef18-7d8a-e053-84002d0a9694" }, "geometry": { "type": "Polygon", "coordinates": [ [ [ 470779.075115873652976, 5542279.168982953764498 ], [ 470793.176286611007527, 5542272.282888331450522 ], [ 470796.5567026087665, 5542279.222594767808914 ], [ 470782.445416217320599, 5542286.089833932928741 ], [ 470779.075115873652976, 5542279.168982953764498 ] ] ] } },
{ "type": "Feature", "properties": { "name": "3f366887-5895-a92a-e053-b4472c0a365b" }, "geometry": { "type": "Polygon", "coordinates": [ [ [ 468686.103285480698105, 5544113.819907775148749 ], [ 468688.509154904459137, 5544114.712017509154975 ], [ 468685.143802858830895, 5544124.204992636106908 ], [ 468682.59595879301196, 5544123.275911191478372 ], [ 468686.103285480698105, 5544113.819907775148749 ] ] ] } },
{ "type": "Feature", "properties": { "name": "24e77037-d122-7d8a-e053-84002d0a9694" }, "geometry": { "type": "Polygon", "coordinates": [ [ [ 471190.299349592765793, 5544267.679014404304326 ], [ 471196.336817736446392, 5544267.794390870258212 ], [ 471195.767112500907388, 5544294.693903205916286 ], [ 471189.725373170746025, 5544294.577438767999411 ], [ 471190.299349592765793, 5544267.679014404304326 ] ] ] } },
{ "type": "Feature", "properties": { "name": "3f366887-576e-a92a-e053-b4472c0a365b" }, "geometry": { "type": "Polygon", "coordinates": [ [ [ 470192.292120607628021, 5541309.904059547930956 ], [ 470196.625252933241427, 5541311.573337660171092 ], [ 470195.239880179869942, 5541315.183536911383271 ], [ 470193.763024320651311, 5541319.345737967640162 ], [ 470192.268236591888126, 5541323.374613725580275 ], [ 470187.97843807056779, 5541321.767363230697811 ], [ 470189.433604263060261, 5541317.827657162211835 ], [ 470190.902478674659505, 5541313.647709247656167 ], [ 470192.292120607628021, 5541309.904059547930956 ] ] ] } },
{ "type": "Feature", "properties": { "name": "24e77037-fb07-7d8a-e053-84002d0a9694" }, "geometry": { "type": "Polygon", "coordinates": [ [ [ 469489.921271685278043, 5541569.820915346965194 ], [ 469488.73077576875221, 5541564.03924322873354 ], [ 469496.408242657897063, 5541562.41441204212606 ], [ 469497.56201567791868, 5541568.289692977443337 ], [ 469489.921271685278043, 5541569.820915346965194 ] ] ] } },
{ "type": "Feature", "properties": { "name": "50aca4c3-87b7-4ad8-bf55-cfe751986035" }, "geometry": { "type": "Polygon", "coordinates": [ [ [ 463380.537384740659036, 5542170.259664660319686 ], [ 463381.705869484692812, 5542169.359932675026357 ], [ 463383.096989182871766, 5542171.166145049035549 ], [ 463381.928504608455114, 5542172.065876732580364 ], [ 463380.537384740659036, 5542170.259664660319686 ] ] ] } },
{ "type": "Feature", "properties": { "name": "1ca7f2de-d91e-45a1-8182-a26ef55660fb" }, "geometry": { "type": "Polygon", "coordinates": [ [ [ 463382.336911347752903, 5542172.611248367466033 ], [ 463383.517510593868792, 5542171.702538754791021 ], [ 463384.915867201867513, 5542173.519821062684059 ], [ 463383.735268128570169, 5542174.428530369885266 ], [ 463383.664440984663088, 5542174.335615472868085 ], [ 463382.336911347752903, 5542172.611248367466033 ] ] ] } },
{ "type": "Feature", "properties": { "name": "51ce378a-723d-4f28-9037-c6290606ac98" }, "geometry": { "type": "Polygon", "coordinates": [ [ [ 470772.933963539428078, 5544208.550961376167834 ], [ 470774.061032018333208, 5544205.56495747808367 ], [ 470778.271663264837116, 5544207.157527584582567 ], [ 470777.135273532534484, 5544210.141357722692192 ], [ 470772.933963539428078, 5544208.550961376167834 ] ] ] } },
{ "type": "Feature", "properties": { "name": "661e4af6-1b75-bde8-e053-b4472c0a3fef" }, "geometry": { "type": "Polygon", "coordinates": [ [ [ 468543.329177107021678, 5544009.887482174672186 ], [ 468544.363164116279222, 5544007.103908766061068 ], [ 468550.067458279547282, 5544009.181854939088225 ], [ 468549.020686014788225, 5544011.983292575925589 ], [ 468543.329177107021678, 5544009.887482174672186 ] ] ] } },
{ "type": "Feature", "properties": { "name": "24e77037-f92c-7d8a-e053-84002d0a9694" }, "geometry": { "type": "Polygon", "coordinates": [ [ [ 467976.231571204087231, 5543384.907582432031631 ], [ 467965.003854115435388, 5543381.001997685991228 ], [ 467963.109681821777485, 5543385.878956011496484 ], [ 467953.888143492047675, 5543382.889812755398452 ], [ 467951.27170958876377, 5543389.242127452977002 ], [ 467933.551868259150069, 5543383.147263690829277 ], [ 467936.681149618700147, 5543374.072190413251519 ], [ 467919.27273323549889, 5543367.499619795009494 ], [ 467922.245764685794711, 5543359.597404403612018 ], [ 467963.550997530692257, 5543374.430542207323015 ], [ 467964.730253250862006, 5543370.942163362167776 ], [ 467979.32172775833169, 5543376.223041451536119 ], [ 467976.231571204087231, 5543384.907582432031631 ] ] ] } },
{ "type": "Feature", "properties": { "name": "661e4af6-1aee-bde8-e053-b4472c0a3fef" }, "geometry": { "type": "Polygon", "coordinates": [ [ [ 467231.861321700154804, 5543606.2938223015517 ], [ 467226.81828419334488, 5543604.430041971616447 ], [ 467227.964913563861046, 5543601.313065038993955 ], [ 467233.00794677156955, 5543603.17573460098356 ], [ 467231.861321700154804, 5543606.2938223015517 ] ] ] } },
{ "type": "Feature", "properties": { "name": "24e77037-f48b-7d8a-e053-84002d0a9694" }, "geometry": { "type": "Polygon", "coordinates": [ [ [ 471277.597710330912378, 5544266.943948763422668 ], [ 471318.591802443668712, 5544268.912236347794533 ], [ 471316.972081442829221, 5544302.654325041919947 ], [ 471275.977531015349086, 5544300.686054565943778 ], [ 471276.119818721665069, 5544297.717675791122019 ], [ 471276.263472795137204, 5544294.737058985978365 ], [ 471273.306470244657248, 5544294.572808735072613 ], [ 471273.356584727298468, 5544292.572262706235051 ], [ 471270.379630614828784, 5544292.425911298021674 ], [ 471270.943144917779136, 5544280.437902106903493 ], [ 471272.466317706275731, 5544280.505332096479833 ], [ 471272.635096836427692, 5544276.737367438152432 ], [ 471277.121839394385461, 5544276.856713324785233 ], [ 471277.597710330912378, 5544266.943948763422668 ] ] ] } },
{ "type": "Feature", "properties": { "name": "24e77037-ed92-7d8a-e053-84002d0a9694" }, "geometry": { "type": "Polygon", "coordinates": [ [ [ 470608.165917739388533, 5544975.867685971781611 ], [ 470607.801950871769805, 5545002.519349811598659 ], [ 470607.237562522874214, 5545004.679508133791387 ], [ 470606.133044165675528, 5545006.118797092698514 ], [ 470604.6085302765714, 5545007.074500318616629 ], [ 470602.584705517976545, 5545007.442536816000938 ], [ 470600.612248650402762, 5545006.997503678314388 ], [ 470598.554766079236288, 5545005.800192272290587 ], [ 470559.180268231371883, 5544982.251309242099524 ], [ 470554.883908559859265, 5544979.682039398699999 ], [ 470553.550634962681215, 5544978.576381106860936 ], [ 470552.630264860577881, 5544976.924738321453333 ], [ 470552.389076127088629, 5544975.373874159529805 ], [ 470552.833987971302122, 5544973.360024616122246 ], [ 470554.330559098394588, 5544971.489378932863474 ], [ 470556.484986438299529, 5544970.266677591018379 ], [ 470601.21279525232967, 5544945.115569565445185 ], [ 470602.189702523639426, 5544944.812215804122388 ], [ 470604.829721017507836, 5544944.932246691547334 ], [ 470606.918813682976179, 5544946.146065193228424 ], [ 470607.993243411998264, 5544947.566710461862385 ], [ 470608.53060604451457, 5544949.216019341722131 ], [ 470608.516672551399097, 5544950.197890450246632 ], [ 470608.165917739388533, 5544975.867685971781611 ] ] ] } },
{ "type": "Feature", "properties": { "name": "24e77037-f6f7-7d8a-e053-84002d0a9694" }, "geometry": { "type": "Polygon", "coordinates": [ [ [ 469752.176965602149721, 5544394.006890980526805 ], [ 469757.873807820375077, 5544398.218756428919733 ], [ 469756.222702277067583, 5544400.341784031130373 ], [ 469750.595511456660461, 5544396.166218791157007 ], [ 469752.176965602149721, 5544394.006890980526805 ] ] ] } },
{ "type": "Feature", "properties": { "name": "24e77037-f107-7d8a-e053-84002d0a9694" }, "geometry": { "type": "Polygon", "coordinates": [ [ [ 467878.963672111800406, 5543420.845146125182509 ], [ 467886.781689670402557, 5543399.366591994650662 ], [ 467894.198444765643217, 5543402.066235974431038 ], [ 467886.380401675996836, 5543423.544779255054891 ], [ 467878.963672111800406, 5543420.845146125182509 ] ] ] } },
{ "type": "Feature", "properties": { "name": "cdad3e50-583e-454d-a588-df649a10ca48" }, "geometry": { "type": "Polygon", "coordinates": [ [ [ 470923.077676311077084, 5544568.932770098559558 ], [ 470922.291047053004149, 5544558.290757538750768 ], [ 470917.157690909109078, 5544558.76118883676827 ], [ 470916.591558959102258, 5544550.228334083221853 ], [ 470920.008315279497765, 5544549.915112782269716 ], [ 470919.41778017708566, 5544542.818944389931858 ], [ 470921.069293002772611, 5544542.670982588082552 ], [ 470920.712870060757268, 5544537.947413635440171 ], [ 470933.509781175700482, 5544536.899418481625617 ], [ 470933.35587284329813, 5544534.793234889395535 ], [ 470937.864940881845541, 5544534.447405740618706 ], [ 470938.010444009734783, 5544536.588103500194848 ], [ 470940.83207422401756, 5544536.367078981362283 ], [ 470943.74029428861104, 5544536.00771211553365 ], [ 470943.194781755795702, 5544528.891283115372062 ], [ 470997.005925508972723, 5544524.617655428126454 ], [ 470997.952837108226959, 5544531.837542289867997 ], [ 470998.132185996684711, 5544534.01919768191874 ], [ 471002.683580162352882, 5544533.688760138116777 ], [ 471003.118313364626374, 5544539.269171724095941 ], [ 471012.417000134068076, 5544538.561660309322178 ], [ 471012.456979266251437, 5544539.069574517197907 ], [ 471016.158737418241799, 5544538.76710133254528 ], [ 471018.001290561864153, 5544561.06595316901803 ], [ 471014.2127269092598, 5544561.332203353755176 ], [ 471014.252687661559321, 5544561.836782042868435 ], [ 471011.592082060116809, 5544562.045776647515595 ], [ 471011.689043676131405, 5544563.425098918378353 ], [ 471008.747042081726249, 5544563.625612653791904 ], [ 471008.646361714811064, 5544562.220737250521779 ], [ 470966.111365865916014, 5544565.620260522700846 ], [ 470923.077676311077084, 5544568.932770098559558 ] ] ] } },
{ "type": "Feature", "properties": { "name": "661e4af6-1b66-bde8-e053-b4472c0a3fef" }, "geometry": { "type": "Polygon", "coordinates": [ [ [ 468535.417625112226233, 5544006.978598563931882 ], [ 468536.452324568526819, 5544004.195019418373704 ], [ 468542.156624970491976, 5544006.272957172244787 ], [ 468541.109856238064822, 5544009.074396356940269 ], [ 468535.417625112226233, 5544006.978598563931882 ] ] ] } },
{ "type": "Feature", "properties": { "name": "661e4af6-19fe-bde8-e053-b4472c0a3fef" }, "geometry": { "type": "Polygon", "coordinates": [ [ [ 466237.382412775885314, 5543092.375743188895285 ], [ 466236.068958055810072, 5543095.992114207707345 ], [ 466224.836060407513287, 5543091.912291803397238 ], [ 466226.149508617352694, 5543088.295918020419776 ], [ 466237.382412775885314, 5543092.375743188895285 ] ] ] } },
{ "type": "Feature", "properties": { "name": "24e77037-ebfd-7d8a-e053-84002d0a9694" }, "geometry": { "type": "Polygon", "coordinates": [ [ [ 469412.470781776413787, 5541425.669210749678314 ], [ 469349.259870399662759, 5541401.651491330005229 ], [ 469427.774460696673486, 5541195.146694066934288 ], [ 469490.952466415474191, 5541219.188889435492456 ], [ 469412.470781776413787, 5541425.669210749678314 ] ] ] } },
{ "type": "Feature", "properties": { "name": "24e77037-efbd-7d8a-e053-84002d0a9694" }, "geometry": { "type": "Polygon", "coordinates": [ [ [ 467700.248668580024969, 5541293.151724047027528 ], [ 467696.30128382332623, 5541303.672834447585046 ], [ 467678.189405616489239, 5541297.07188381254673 ], [ 467681.976427116547711, 5541286.809684763662517 ], [ 467700.248668580024969, 5541293.151724047027528 ] ] ] } },
{ "type": "Feature", "properties": { "name": "24e77037-fbb6-7d8a-e053-84002d0a9694" }, "geometry": { "type": "Polygon", "coordinates": [ [ [ 469233.432878427149262, 5544250.152222260832787 ], [ 469240.674253265548032, 5544252.81025027949363 ], [ 469237.507797482481692, 5544261.436680134385824 ], [ 469237.498471267987043, 5544261.433398094959557 ], [ 469233.579680058464874, 5544272.07222318649292 ], [ 469230.184099267178681, 5544270.85533076710999 ], [ 469230.177055108535569, 5544270.875385234132409 ], [ 469226.357338031113613, 5544269.483032417483628 ], [ 469229.001134390942752, 5544262.227221893146634 ], [ 469229.011892460985109, 5544262.230495682917535 ], [ 469229.755538228549995, 5544260.199249827302992 ], [ 469229.746212007186841, 5544260.195967797189951 ], [ 469233.432878427149262, 5544250.152222260832787 ] ] ] } },
{ "type": "Feature", "properties": { "name": "1af26f5e-d153-47f0-bb08-d924b52609e1" }, "geometry": { "type": "Polygon", "coordinates": [ [ [ 466911.061413432355039, 5541499.757805624045432 ], [ 466886.061454684531782, 5541490.681443965993822 ], [ 466886.01165888790274, 5541490.621709978207946 ], [ 466872.886009720037691, 5541435.082975660450757 ], [ 466863.059667183610145, 5541393.570324188098311 ], [ 466884.731389251828659, 5541388.411662922240794 ], [ 466911.061413432355039, 5541499.757805624045432 ] ] ] } },
{ "type": "Feature", "properties": { "name": "24e77037-f15c-7d8a-e053-84002d0a9694" }, "geometry": { "type": "Polygon", "coordinates": [ [ [ 469903.703688797657378, 5544502.825477889738977 ], [ 469917.000174641259946, 5544410.981221131049097 ], [ 469931.094644437136594, 5544413.01791179087013 ], [ 469929.090030670573469, 5544426.899949679151177 ], [ 469952.373729571001604, 5544430.277138641104102 ], [ 469954.398510033381172, 5544416.406115575693548 ], [ 469968.524985119292978, 5544418.410480170510709 ], [ 469955.219370474864263, 5544510.312471026554704 ], [ 469941.127226411132142, 5544508.260139572434127 ], [ 469943.147599836054724, 5544494.380239670164883 ], [ 469919.867602502927184, 5544490.976387050002813 ], [ 469917.81858972721966, 5544504.845338399522007 ], [ 469903.703688797657378, 5544502.825477889738977 ] ] ] } },
{ "type": "Feature", "properties": { "name": "3f366887-5967-a92a-e053-b4472c0a365b" }, "geometry": { "type": "Polygon", "coordinates": [ [ [ 468856.112624045345001, 5544170.902696464210749 ], [ 468853.654882290167734, 5544170.4377784691751 ], [ 468852.006114148302004, 5544170.084900594316423 ], [ 468849.736145647941157, 5544169.529940372332931 ], [ 468848.862786234996747, 5544169.303752163425088 ], [ 468846.731417853501625, 5544168.69795139785856 ], [ 468844.920377829752397, 5544168.142545088194311 ], [ 468844.223164794617333, 5544167.919779590331018 ], [ 468842.296236576279625, 5544167.258307750336826 ], [ 468841.989857393142302, 5544167.144455498084426 ], [ 468839.995086485811044, 5544166.389980995096266 ], [ 468839.234404198941775, 5544166.087529861368239 ], [ 468838.681823275750503, 5544165.866146597079933 ], [ 468837.164533791074064, 5544165.22341690864414 ], [ 468834.968602744629607, 5544164.227724371477962 ], [ 468833.580025989038404, 5544163.557560743764043 ], [ 468841.188121915678494, 5544142.824366643093526 ], [ 468842.762654848920647, 5544143.214365790598094 ], [ 468844.233408334548585, 5544143.610529091209173 ], [ 468845.029456873133313, 5544143.838278596289456 ], [ 468846.837641303078271, 5544144.39370162691921 ], [ 468847.816785558068659, 5544144.711560313589871 ], [ 468848.902199768112041, 5544145.082171102054417 ], [ 468850.353643764916342, 5544145.605203630402684 ], [ 468851.445024619693868, 5544146.016920023597777 ], [ 468852.442532823130023, 5544146.414728531613946 ], [ 468854.695458370202687, 5544147.361173475161195 ], [ 468855.056502338440623, 5544147.518071886152029 ], [ 468857.115465100447182, 5544148.475653783418238 ], [ 468858.779889465717133, 5544149.30321800429374 ], [ 468860.392894964199513, 5544150.153319713659585 ], [ 468863.116078825900331, 5544151.693003076128662 ], [ 468865.554864473931957, 5544153.205433514900506 ], [ 468863.082493714347947, 5544159.947849131189287 ], [ 468863.520987473719288, 5544160.126535172574222 ], [ 468863.979833782766946, 5544160.480780999176204 ], [ 468864.310779151099268, 5544160.879134689457715 ], [ 468864.569293832057156, 5544161.380203478038311 ], [ 468864.706234611396212, 5544161.905329311266541 ], [ 468864.730462339241058, 5544162.377740406431258 ], [ 468864.681358002882916, 5544162.67490001488477 ], [ 468864.632247202738654, 5544162.970947776921093 ], [ 468864.472806302946992, 5544163.377714354544878 ], [ 468864.265048139845021, 5544163.724720174446702 ], [ 468864.049632448353805, 5544163.986155248247087 ], [ 468863.622152180294506, 5544164.346670380793512 ], [ 468863.126765527063981, 5544164.603063299320638 ], [ 468862.703615376201924, 5544164.723385672084987 ], [ 468862.124647085671313, 5544164.765670817345381 ], [ 468861.659607925044838, 5544164.700551865622401 ], [ 468861.376307297090534, 5544164.615473275072873 ], [ 468858.913860414293595, 5544171.338931209407747 ], [ 468856.112624045345001, 5544170.902696464210749 ] ] ] } },
{ "type": "Feature", "properties": { "name": "24e77037-f841-7d8a-e053-84002d0a9694" }, "geometry": { "type": "Polygon", "coordinates": [ [ [ 467627.825722792476881, 5543821.981105231679976 ], [ 467662.309324201021809, 5543727.501105189323425 ], [ 467666.342831958492752, 5543716.384529796428978 ], [ 467675.142912646988407, 5543692.340141955763102 ], [ 467769.55172908375971, 5543726.765209120698273 ], [ 467773.819656276842579, 5543715.063563661649823 ], [ 467892.809293057653122, 5543758.466989281587303 ], [ 467888.541136170562822, 5543770.167427841573954 ], [ 467945.592094064981211, 5543790.97797076497227 ], [ 467936.801998614391778, 5543815.069658285006881 ], [ 467913.333478254266083, 5543806.506456274539232 ], [ 467901.610314093122724, 5543802.229274618439376 ], [ 467897.548536990652792, 5543813.358070229180157 ], [ 467909.291787872673012, 5543817.645129394717515 ], [ 467912.991645279864315, 5543818.996126558631659 ], [ 467895.854254906764254, 5543865.959456268697977 ], [ 467915.643617290712427, 5543873.192580590955913 ], [ 467898.283365928102285, 5543920.695398416370153 ], [ 467875.078565564646851, 5543912.224183478392661 ], [ 467627.825722792476881, 5543821.981105231679976 ] ] ] } },
{ "type": "Feature", "properties": { "name": "24e77037-ea09-7d8a-e053-84002d0a9694" }, "geometry": { "type": "Polygon", "coordinates": [ [ [ 467597.814704756718129, 5541751.534735254012048 ], [ 467590.87863103376003, 5541749.008252725936472 ], [ 467571.512576418346725, 5541741.953830307349563 ], [ 467570.097648793656845, 5541741.438700713217258 ], [ 467564.992123966338113, 5541739.578304454684258 ], [ 467570.130602916993666, 5541725.471822711639106 ], [ 467602.953974112577271, 5541737.42828072886914 ], [ 467597.814704756718129, 5541751.534735254012048 ] ] ] } },
{ "type": "Feature", "properties": { "name": "e139c68f-62af-45dd-801b-819ff4ecf3f0" }, "geometry": { "type": "Polygon", "coordinates": [ [ [ 471040.940743751241826, 5544150.018600665032864 ], [ 471041.507803008717019, 5544148.434434315189719 ], [ 471043.61900250450708, 5544149.196879680268466 ], [ 471043.066165234777145, 5544150.763178709894419 ], [ 471040.940743751241826, 5544150.018600665032864 ] ] ] } },
{ "type": "Feature", "properties": { "name": "24e77037-eba3-7d8a-e053-84002d0a9694" }, "geometry": { "type": "Polygon", "coordinates": [ [ [ 470667.403188170981593, 5544460.745537970215082 ], [ 470668.529091622913256, 5544457.698362383060157 ], [ 470671.576495684683323, 5544458.824673928320408 ], [ 470670.450590749736875, 5544461.871848871000111 ], [ 470667.403188170981593, 5544460.745537970215082 ] ] ] } },
{ "type": "Feature", "properties": { "name": "168615e7-809c-4379-b5f9-710f3e77fb76" }, "geometry": { "type": "Polygon", "coordinates": [ [ [ 466680.699731136788614, 5543015.568226751871407 ], [ 466678.699457358568907, 5543014.854613909497857 ], [ 466679.589284245215822, 5543012.388462631031871 ], [ 466681.572469439241104, 5543013.117748635821044 ], [ 466680.699731136788614, 5543015.568226751871407 ] ] ] } },
{ "type": "Feature", "properties": { "name": "01d5864d-b9dc-4894-836b-3e43477dc8be" }, "geometry": { "type": "Polygon", "coordinates": [ [ [ 471023.621305480890442, 5543057.311397381126881 ], [ 471009.375610781891737, 5543035.726866866461933 ], [ 471016.647507566143759, 5543030.928636891767383 ], [ 471015.874910042737611, 5543029.754226402379572 ], [ 471011.738224960572552, 5543023.460031155496836 ], [ 471011.951589445117861, 5543023.321002444252372 ], [ 471017.008114932046738, 5543020.025803283788264 ], [ 471017.137992010160815, 5543019.941708992235363 ], [ 471017.67104589601513, 5543019.594139707274735 ], [ 471018.116333663754631, 5543019.304863481782377 ], [ 471021.660759322810918, 5543016.9951993227005 ], [ 471033.904825059464201, 5543035.781981783919036 ], [ 471031.905594207288232, 5543037.132617308758199 ], [ 471034.745237350114621, 5543041.284580481238663 ], [ 471036.762562067597173, 5543039.96942828875035 ], [ 471041.830103602202144, 5543047.711835135705769 ], [ 471035.835918007302098, 5543051.615836104378104 ], [ 471031.119958384952042, 5543044.266249842941761 ], [ 471030.179133192927111, 5543044.821722673252225 ], [ 471027.664564405800775, 5543046.484251834452152 ], [ 471031.406800106226001, 5543052.146821807138622 ], [ 471023.621305480890442, 5543057.311397381126881 ] ] ] } },
{ "type": "Feature", "properties": { "name": "52dae36e-c05b-4888-81d9-e6e7befbf997" }, "geometry": { "type": "Polygon", "coordinates": [ [ [ 465785.825512473005801, 5542882.135603522881866 ], [ 465789.136011485825293, 5542876.721771357581019 ], [ 465805.312918323732447, 5542886.582071880809963 ], [ 465802.013257543381769, 5542892.012503149919212 ], [ 465785.825512473005801, 5542882.135603522881866 ] ] ] } },
{ "type": "Feature", "properties": { "name": "24e77037-fdbe-7d8a-e053-84002d0a9694" }, "geometry": { "type": "Polygon", "coordinates": [ [ [ 469877.189842087740544, 5544575.704251773655415 ], [ 469878.137293222884182, 5544569.146573963575065 ], [ 469881.741233905195259, 5544569.66666139382869 ], [ 469880.793784720473923, 5544576.225450405851007 ], [ 469877.189842087740544, 5544575.704251773655415 ] ] ] } },
{ "type": "Feature", "properties": { "name": "9009ee7b-7703-4c31-b90e-d11b3067a29b" }, "geometry": { "type": "Polygon", "coordinates": [ [ [ 466067.5310878243763, 5542939.397257030010223 ], [ 466070.543269247864373, 5542931.169072083197534 ], [ 466077.816697153961286, 5542933.825982306152582 ], [ 466072.187509144889191, 5542949.133481392636895 ], [ 466068.621422245982103, 5542947.817368002608418 ], [ 466071.238577323907521, 5542940.76362047996372 ], [ 466067.5310878243763, 5542939.397257030010223 ] ] ] } },
{ "type": "Feature", "properties": { "name": "24e77037-fdb4-7d8a-e053-84002d0a9694" }, "geometry": { "type": "Polygon", "coordinates": [ [ [ 469657.432776957808528, 5544395.010335935279727 ], [ 469662.365641715878155, 5544396.795850140973926 ], [ 469662.399475725542288, 5544396.702259878627956 ], [ 469663.25678201689152, 5544397.014286492951214 ], [ 469663.189823576482013, 5544397.200351099483669 ], [ 469673.638796843471937, 5544400.983794642612338 ], [ 469673.435798099613748, 5544401.546447660773993 ], [ 469674.245727064204402, 5544401.836506838910282 ], [ 469674.482572675624397, 5544401.182487362064421 ], [ 469702.722340986540075, 5544411.407519320957363 ], [ 469722.123662188882008, 5544418.43155384529382 ], [ 469730.010729744331911, 5544421.287837685085833 ], [ 469729.738624051737133, 5544422.037676343694329 ], [ 469730.567216917232145, 5544422.337645377032459 ], [ 469729.559187228383962, 5544425.120839289389551 ], [ 469732.925258572911844, 5544426.348220755346119 ], [ 469734.15193694800837, 5544422.983386208303273 ], [ 469757.847092519281432, 5544431.617734634317458 ], [ 469777.265755951113533, 5544438.696352303959429 ], [ 469794.106806012918241, 5544444.845600312575698 ], [ 469793.863605168648064, 5544445.517440469004214 ], [ 469794.378689191828016, 5544445.703553145751357 ], [ 469779.04320431582164, 5544487.967318977229297 ], [ 469770.181675608444493, 5544512.44106722343713 ], [ 469769.531745537882671, 5544512.20901960786432 ], [ 469769.334367765346542, 5544512.753847096115351 ], [ 469708.490756338753272, 5544490.725715736858547 ], [ 469709.742647514678538, 5544487.267333790659904 ], [ 469707.364506002806593, 5544486.406855385750532 ], [ 469707.063916225626599, 5544486.297368667088449 ], [ 469706.013624872430228, 5544489.198666730895638 ], [ 469705.38808623526711, 5544488.976495732553303 ], [ 469705.214683077996597, 5544489.455588592216372 ], [ 469632.575831239810213, 5544463.156535999849439 ], [ 469657.432776957808528, 5544395.010335935279727 ] ] ] } },
{ "type": "Feature", "properties": { "name": "24e77037-f463-7d8a-e053-84002d0a9694" }, "geometry": { "type": "Polygon", "coordinates": [ [ [ 466979.461365166120231, 5543480.801706590689719 ], [ 467001.795350481464993, 5543419.264287311583757 ], [ 467014.905617140932009, 5543424.227005800232291 ], [ 467015.306914184591733, 5543423.113754704594612 ], [ 467025.276159535511397, 5543426.743799027986825 ], [ 467024.235757570480928, 5543429.539940607734025 ], [ 467022.734352281142492, 5543428.988798822276294 ], [ 467000.918237177364063, 5543488.493737322278321 ], [ 466979.461365166120231, 5543480.801706590689719 ] ] ] } },
{ "type": "Feature", "properties": { "name": "24e77037-f53f-7d8a-e053-84002d0a9694" }, "geometry": { "type": "Polygon", "coordinates": [ [ [ 466227.341591418953612, 5542958.182711276225746 ], [ 466229.219403584720567, 5542958.882474275305867 ], [ 466230.553979202290066, 5542955.203703539445996 ], [ 466235.414596056914888, 5542957.057697094976902 ], [ 466234.042219234223012, 5542960.647753784433007 ], [ 466235.950990321638528, 5542961.374009220860898 ], [ 466230.544029364944436, 5542976.10286490060389 ], [ 466221.886664961231872, 5542972.910766575485468 ], [ 466227.341591418953612, 5542958.182711276225746 ] ] ] } },
{ "type": "Feature", "properties": { "name": "661e4af6-1a58-bde8-e053-b4472c0a3fef" }, "geometry": { "type": "Polygon", "coordinates": [ [ [ 466684.497471413284075, 5543267.673442700877786 ], [ 466686.555904780572746, 5543261.984430831857026 ], [ 466691.132034557755105, 5543263.647136171348393 ], [ 466689.060666414909065, 5543269.329555408097804 ], [ 466684.497471413284075, 5543267.673442700877786 ] ] ] } },
{ "type": "Feature", "properties": { "name": "3f366887-5958-a92a-e053-b4472c0a365b" }, "geometry": { "type": "Polygon", "coordinates": [ [ [ 468863.116078825900331, 5544151.693003076128662 ], [ 468861.880435589235276, 5544150.974131056107581 ], [ 468860.749108155956492, 5544150.341379459947348 ], [ 468860.392894964199513, 5544150.153319713659585 ], [ 468860.151536432269495, 5544150.016850287094712 ], [ 468859.09439700609073, 5544149.460387518629432 ], [ 468858.779889465717133, 5544149.30321800429374 ], [ 468858.485441202006768, 5544149.148155541159213 ], [ 468857.323657524713781, 5544148.572288163937628 ], [ 468857.115465100447182, 5544148.475653783418238 ], [ 468856.893585659272503, 5544148.364644539542496 ], [ 468855.195750904385932, 5544147.578415191732347 ], [ 468855.056502338440623, 5544147.518071886152029 ], [ 468854.950967731536366, 5544147.468651223927736 ], [ 468854.695458370202687, 5544147.361173475161195 ], [ 468853.302972454810515, 5544146.757740711793303 ], [ 468852.442532823130023, 5544146.414728531613946 ], [ 468851.941562957887072, 5544146.204162336885929 ], [ 468851.445024619693868, 5544146.016920023597777 ], [ 468850.960624892730266, 5544145.824047658592463 ], [ 468850.353643764916342, 5544145.605203630402684 ], [ 468849.605246658611577, 5544145.322693463414907 ], [ 468848.902199768112041, 5544145.082171102054417 ], [ 468848.371992535248864, 5544144.891789417713881 ], [ 468847.816785558068659, 5544144.711560313589871 ], [ 468847.331824992084876, 5544144.54537683352828 ], [ 468846.837641303078271, 5544144.39370162691921 ], [ 468846.23939355625771, 5544144.199268735945225 ], [ 468845.223807282687631, 5544143.893853272311389 ], [ 468845.029456873133313, 5544143.838278596289456 ], [ 468844.962751276732888, 5544143.817541120573878 ], [ 468846.452871059183963, 5544139.792728695087135 ], [ 468843.83907989639556, 5544138.843940786086023 ], [ 468844.104286479298025, 5544138.157474089413881 ], [ 468867.952384515723679, 5544146.887083672918379 ], [ 468867.687923621502705, 5544147.579104270786047 ], [ 468865.010181942488998, 5544146.589538330212235 ], [ 468863.116078825900331, 5544151.693003076128662 ] ] ] } },
{ "type": "Feature", "properties": { "name": "24e77037-ed83-7d8a-e053-84002d0a9694" }, "geometry": { "type": "Polygon", "coordinates": [ [ [ 466999.914441872679163, 5543283.063832079060376 ], [ 466968.080936782469507, 5543271.471940847113729 ], [ 466971.641315527202096, 5543261.723158883862197 ], [ 466972.862134416529443, 5543262.169276678003371 ], [ 466997.529609358229209, 5543194.40645691473037 ], [ 466996.309500149684027, 5543193.96144091617316 ], [ 467000.395799934514798, 5543182.735072164796293 ], [ 467032.229041452286765, 5543194.327160365879536 ], [ 467028.129973260045517, 5543205.582492196001112 ], [ 467026.909146282705478, 5543205.136361797340214 ], [ 467002.233455352834426, 5543272.895758925005794 ], [ 467003.45498514623614, 5543273.341879270970821 ], [ 466999.914441872679163, 5543283.063832079060376 ] ] ] } },
{ "type": "Feature", "properties": { "name": "3f366887-57dc-a92a-e053-b4472c0a365b" }, "geometry": { "type": "Polygon", "coordinates": [ [ [ 467339.82690582505893, 5544047.090818861499429 ], [ 467351.760942298569717, 5544047.801876001060009 ], [ 467350.956996533030178, 5544062.487067501060665 ], [ 467339.085470641497523, 5544061.806763865984976 ], [ 467339.82690582505893, 5544047.090818861499429 ] ] ] } },
{ "type": "Feature", "properties": { "name": "24e77037-ea2c-7d8a-e053-84002d0a9694" }, "geometry": { "type": "Polygon", "coordinates": [ [ [ 467824.129259345296305, 5541572.758869127370417 ], [ 467896.557912281539757, 5541599.076139186508954 ], [ 467897.200400587404147, 5541600.503283360973001 ], [ 467821.085684147954453, 5541809.742104211822152 ], [ 467819.67217822506791, 5541810.409946458414197 ], [ 467747.32477302744519, 5541784.094355297274888 ], [ 467746.666615289519541, 5541782.685113051906228 ], [ 467822.746450250793714, 5541573.419853930361569 ], [ 467824.129259345296305, 5541572.758869127370417 ] ] ] } },
{ "type": "Feature", "properties": { "name": "24e77037-edc4-7d8a-e053-84002d0a9694" }, "geometry": { "type": "Polygon", "coordinates": [ [ [ 470463.396896845835727, 5544406.183569603599608 ], [ 470431.575017019524239, 5544394.595594525337219 ], [ 470434.23231115040835, 5544387.427045479416847 ], [ 470437.439833061478566, 5544378.773315793834627 ], [ 470469.266021386953071, 5544390.349071717821062 ], [ 470463.396896845835727, 5544406.183569603599608 ] ] ] } },
{ "type": "Feature", "properties": { "name": "7e0090a7-a5c2-4d24-8419-77145fa1cdfe" }, "geometry": { "type": "Polygon", "coordinates": [ [ [ 468030.223372387059499, 5544103.370506281033158 ], [ 468028.060642920376267, 5544102.569525383412838 ], [ 468027.937220866035204, 5544102.523563493043184 ], [ 468025.643889202212449, 5544101.673328915610909 ], [ 468026.237753645633347, 5544100.049758326262236 ], [ 468028.772382295632269, 5544093.113105813041329 ], [ 468033.364652549149469, 5544094.792419283650815 ], [ 468030.817251303116791, 5544101.749159895814955 ], [ 468030.223372387059499, 5544103.370506281033158 ] ] ] } },
{ "type": "Feature", "properties": { "name": "24e77037-f170-7d8a-e053-84002d0a9694" }, "geometry": { "type": "Polygon", "coordinates": [ [ [ 468054.489865578128956, 5543576.336166967637837 ], [ 468058.253743923269212, 5543565.717410417273641 ], [ 468059.431744184345007, 5543566.095093111507595 ], [ 468055.697890809329692, 5543576.825970281846821 ], [ 468054.489865578128956, 5543576.336166967637837 ] ] ] } },
{ "type": "Feature", "properties": { "name": "77e87241-e358-450f-b3cd-0e94e7bf16df" }, "geometry": { "type": "Polygon", "coordinates": [ [ [ 466907.063841783092357, 5543191.549284734763205 ], [ 466906.917227231722791, 5543191.463463806547225 ], [ 466906.791916059912182, 5543191.348602038808167 ], [ 466906.693664327263832, 5543191.209111403673887 ], [ 466906.626823451602831, 5543191.053860110230744 ], [ 466906.594278339762241, 5543190.886165987700224 ], [ 466906.596813807846047, 5543190.717143084853888 ], [ 466906.635889497178141, 5543190.551229931414127 ], [ 466907.331488787720446, 5543188.625583962537348 ], [ 466907.363168922194745, 5543188.537548813037574 ], [ 466907.404185474908445, 5543188.453903502784669 ], [ 466907.425440755847376, 5543188.417079730890691 ], [ 466907.521347300324123, 5543188.293067033402622 ], [ 466907.639596400607843, 5543188.192265884950757 ], [ 466907.775898505235091, 5543188.115814701654017 ], [ 466907.925275486602914, 5543188.069303704425693 ], [ 466908.080573507642839, 5543188.053889016620815 ], [ 466908.236057124624494, 5543188.068494206294417 ], [ 466908.385295444692019, 5543188.115382811054587 ], [ 466909.378605847479776, 5543188.476165464147925 ], [ 466911.966661271406338, 5543189.41527942661196 ], [ 466912.639820154523477, 5543189.651286357082427 ], [ 466913.383626571623608, 5543187.646399040706456 ], [ 466917.797344651073217, 5543189.218014987185597 ], [ 466917.53623852529563, 5543189.956811618991196 ], [ 466918.514269959763624, 5543190.278774254955351 ], [ 466919.184467952640262, 5543190.499233847483993 ], [ 466925.52776510786498, 5543173.132346138358116 ], [ 466925.213390063727275, 5543173.015316533856094 ], [ 466896.730464912950993, 5543162.704051135107875 ], [ 466899.804287335486151, 5543154.30139422416687 ], [ 466900.724675265257247, 5543153.869848979637027 ], [ 466898.433489393384662, 5543148.946115831844509 ], [ 466903.449246478499845, 5543146.54121564514935 ], [ 466903.010108916729223, 5543145.472069385461509 ], [ 466904.405289906775579, 5543141.684130057692528 ], [ 466927.117527126567438, 5543149.956303956918418 ], [ 466927.780302816536278, 5543148.047542051412165 ], [ 466925.37446414551232, 5543147.1640007449314 ], [ 466923.655476346844807, 5543146.529726930893958 ], [ 466923.495434029377066, 5543146.472897646948695 ], [ 466923.350959882489406, 5543146.385951149277389 ], [ 466923.22778938699048, 5543146.269963882863522 ], [ 466923.130260225269012, 5543146.131580374203622 ], [ 466923.064135364082176, 5543145.976324458606541 ], [ 466923.030881312093697, 5543145.809746522456408 ], [ 466923.032701267686207, 5543145.64072806481272 ], [ 466923.068920382065699, 5543145.475944593548775 ], [ 466923.097791701031383, 5543145.396822026930749 ], [ 466923.802698288462125, 5543143.468897162936628 ], [ 466923.873481507122051, 5543143.335033020935953 ], [ 466923.967998324078508, 5543143.217700563371181 ], [ 466924.08268209680682, 5543143.119145609438419 ], [ 466924.213270716136321, 5543143.044953947886825 ], [ 466924.356190666614566, 5543142.996259548701346 ], [ 466924.504288048192393, 5543142.974218511022627 ], [ 466924.653996214678045, 5543142.981076649390161 ], [ 466924.798863601288758, 5543143.015761945396662 ], [ 466929.063485382124782, 5543144.558287708088756 ], [ 466929.816640952776652, 5543142.557792740873992 ], [ 466934.216282404959202, 5543144.16397799924016 ], [ 466933.967001599841751, 5543144.847106203436852 ], [ 466935.637000143702608, 5543145.433874690905213 ], [ 466949.563495512527879, 5543107.230071764439344 ], [ 466949.385488481610082, 5543107.163345620967448 ], [ 466947.930537576437928, 5543106.613049124367535 ], [ 466943.525829645106569, 5543105.002436141483486 ], [ 466944.205054552236106, 5543102.972378995269537 ], [ 466939.93023496872047, 5543101.406554276123643 ], [ 466939.782206945703365, 5543101.324076840654016 ], [ 466939.65547597873956, 5543101.211446852423251 ], [ 466939.555095847987104, 5543101.075304440222681 ], [ 466939.485397385200486, 5543100.921182292513549 ], [ 466939.450002208352089, 5543100.755729381926358 ], [ 466939.450390556361526, 5543100.586719791404903 ], [ 466939.485887553135399, 5543100.420829020440578 ], [ 466939.521796584478579, 5543100.321649073623121 ], [ 466939.757012694841251, 5543099.679747981950641 ], [ 466940.219698651111685, 5543098.417119575664401 ], [ 466940.300377579231281, 5543098.262068650685251 ], [ 466940.412694632774219, 5543098.127948224544525 ], [ 466940.550969218718819, 5543098.022576605901122 ], [ 466940.709486406529322, 5543097.948212874121964 ], [ 466940.880403616756666, 5543097.910464911721647 ], [ 466941.055141584773082, 5543097.911609487608075 ], [ 466941.156219147203956, 5543097.928775455802679 ], [ 466941.254521646187641, 5543097.960413125343621 ], [ 466942.262216120259836, 5543098.328896368853748 ], [ 466945.48117377771996, 5543099.495403460226953 ], [ 466946.247197246411815, 5543097.48927216976881 ], [ 466947.682707830914296, 5543093.731116831302643 ], [ 466950.098632937471848, 5543094.621277360245585 ], [ 466951.797535695077386, 5543095.247900539077818 ], [ 466951.305061710299924, 5543096.441774683073163 ], [ 466950.391967700677924, 5543098.984743982553482 ], [ 466950.597227323509287, 5543099.057973227463663 ], [ 466950.666129161487333, 5543099.083121263422072 ], [ 466950.403485636808909, 5543099.806359136477113 ], [ 466951.225777649146039, 5543100.070359309203923 ], [ 466952.058831411646679, 5543100.337628833949566 ], [ 466967.518759298720397, 5543057.954825760796666 ], [ 466967.956248368718661, 5543056.669005755335093 ], [ 466964.328578781220131, 5543058.321423024870455 ], [ 466965.129350514383987, 5543059.970972263254225 ], [ 466958.580571611470077, 5543063.582780739292502 ], [ 466950.823235811607447, 5543052.966539946384728 ], [ 466960.217190047260374, 5543049.360509408637881 ], [ 466964.73535055614775, 5543049.273693177849054 ], [ 466962.656591753358953, 5543048.598263340070844 ], [ 466925.569426356814802, 5543035.123256280086935 ], [ 466925.338322826311924, 5543035.040180651471019 ], [ 466925.253827699460089, 5543035.27308761421591 ], [ 466924.72854101244593, 5543036.719565724022686 ], [ 466923.120815881062299, 5543041.117015553638339 ], [ 466922.538072434894275, 5543040.91380513459444 ], [ 466921.099873205239419, 5543040.412335384637117 ], [ 466919.555439069634303, 5543044.62148592621088 ], [ 466919.486912821768783, 5543044.773126375861466 ], [ 466919.39317913033301, 5543044.901572931557894 ], [ 466919.276400008762721, 5543045.009036012925208 ], [ 466919.140851382748224, 5543045.092153528705239 ], [ 466918.991525267367251, 5543045.147558957338333 ], [ 466918.834845856705215, 5543045.171876934356987 ], [ 466918.675832649169024, 5543045.166188324801624 ], [ 466918.52092358097434, 5543045.12934145424515 ], [ 466918.441252061282285, 5543045.09981282800436 ], [ 466917.524709271616302, 5543044.766351082362235 ], [ 466916.528494825819507, 5543044.403360895812511 ], [ 466916.37472928094212, 5543044.319807664491236 ], [ 466916.242970111721661, 5543044.204985522665083 ], [ 466916.138264307635836, 5543044.064422717317939 ], [ 466916.065672604017891, 5543043.905871202237904 ], [ 466916.02952590433415, 5543043.734863648191094 ], [ 466916.029872315644752, 5543043.559182984754443 ], [ 466916.068205869174562, 5543043.388826983980834 ], [ 466916.765425654361024, 5543041.489858249202371 ], [ 466917.617299828503747, 5543039.122940260916948 ], [ 466915.84878387011122, 5543038.475632115267217 ], [ 466915.628435436054133, 5543038.394714212045074 ], [ 466917.191647671745159, 5543033.979746975004673 ], [ 466917.911529739503749, 5543034.241039397194982 ], [ 466918.218062900996301, 5543033.319612439721823 ], [ 466918.474674430442974, 5543032.547487199306488 ], [ 466880.272122680675238, 5543018.583782674744725 ], [ 466880.150997754186392, 5543018.914763268083334 ], [ 466879.652389597496949, 5543020.27324154227972 ], [ 466878.044592988095246, 5543024.654027231968939 ], [ 466877.1109060626477, 5543024.328461663797498 ], [ 466876.026502392312977, 5543023.949346321634948 ], [ 466875.001843426667619, 5543026.744305826723576 ], [ 466874.493507905513979, 5543028.150656062178314 ], [ 466874.42291011888301, 5543028.314540696330369 ], [ 466874.318532149889506, 5543028.458620370365679 ], [ 466874.18462927028304, 5543028.576197411864996 ], [ 466874.027618787134998, 5543028.662784553132951 ], [ 466873.882520410814323, 5543028.707046184688807 ], [ 466873.732237373653334, 5543028.723542667925358 ], [ 466873.580350134288892, 5543028.712251846678555 ], [ 466873.434012732235715, 5543028.672017556615174 ], [ 466871.449469257204328, 5543027.949340536259115 ], [ 466871.295007078209892, 5543027.869128571823239 ], [ 466871.161841871682554, 5543027.758763786405325 ], [ 466871.055000045453198, 5543027.620438851416111 ], [ 466870.980981481960043, 5543027.463008652441204 ], [ 466870.942698722064961, 5543027.294238389469683 ], [ 466870.942334452702198, 5543027.119674002751708 ], [ 466870.979241397639271, 5543026.950438386760652 ], [ 466872.513211539830081, 5543022.675736880861223 ], [ 466870.526317888812628, 5543021.920829935930669 ], [ 466872.113142960763071, 5543017.507926947437227 ], [ 466872.843812184466515, 5543017.775817926041782 ], [ 466873.386948903906159, 5543016.091279836371541 ], [ 466846.195347405679058, 5543006.187019549310207 ], [ 466835.176530380384065, 5543002.167971724644303 ], [ 466835.128648729296401, 5543002.299471342936158 ], [ 466834.605420982232317, 5543003.728155455552042 ], [ 466832.582269512815401, 5543009.258998460136354 ], [ 466830.570549830212258, 5543008.544288099743426 ], [ 466829.456593419483397, 5543011.602215737104416 ], [ 466829.413883125293069, 5543011.759256825782359 ], [ 466829.340304981567897, 5543011.904258409515023 ], [ 466829.238688918587286, 5543012.031643509864807 ], [ 466829.114013148995582, 5543012.135821833275259 ], [ 466828.970553568913601, 5543012.213431206531823 ], [ 466828.814734357467387, 5543012.26109616085887 ], [ 466828.652979691978544, 5543012.275441212579608 ], [ 466828.491025215480477, 5543012.257542713545263 ], [ 466828.336038759269286, 5543012.208468133583665 ], [ 466828.294408819230739, 5543012.193159660324454 ], [ 466826.45698313054163, 5543011.522958219982684 ], [ 466826.318432356230915, 5543011.468222392722964 ], [ 466826.192626579839271, 5543011.390057902783155 ], [ 466826.083153163664974, 5543011.28955440595746 ], [ 466825.993620142748114, 5543011.171137101016939 ], [ 466825.91743107244838, 5543011.010385297238827 ], [ 466825.87840312247863, 5543010.83717240486294 ], [ 466825.878023610275704, 5543010.660384324379265 ], [ 466825.916333883069456, 5543010.486692131496966 ], [ 466825.991963770706207, 5543010.326111329719424 ], [ 466827.090963174356148, 5543007.281618324108422 ], [ 466824.715843520651106, 5543006.399043132551014 ], [ 466825.860218387213536, 5543003.280883967876434 ], [ 466826.751065190706868, 5543000.85255584679544 ], [ 466827.72148694092175, 5543001.21124173514545 ], [ 466828.294777360220905, 5542999.656603188253939 ], [ 466822.816239077423234, 5542997.661357992328703 ], [ 466821.08001164579764, 5542997.028335371054709 ], [ 466817.453966234170366, 5542995.707649437710643 ], [ 466800.691022378043272, 5542989.602797782048583 ], [ 466782.710597900731955, 5542983.031888200901449 ], [ 466778.741105020337272, 5542981.415373171679676 ], [ 466778.881488715996966, 5542980.957515309564769 ], [ 466773.910409047151916, 5542979.154863045550883 ], [ 466798.356304501590785, 5542911.643805214203894 ], [ 466803.243446553184185, 5542913.413644412532449 ], [ 466807.395392137521412, 5542901.946556081064045 ], [ 466875.067254293768201, 5542926.450369470752776 ], [ 466952.428126250510104, 5542954.615588120184839 ], [ 466956.873827121104114, 5542956.234851383604109 ], [ 466957.667647653550375, 5542956.523490029387176 ], [ 466959.096673104853835, 5542957.043928476050496 ], [ 466961.319518409436569, 5542957.853006486780941 ], [ 467033.829011061810888, 5542984.251414146274328 ], [ 467056.135451203794219, 5542992.373196743428707 ], [ 467053.875558012223337, 5542998.571432100608945 ], [ 466977.459153729432728, 5543208.154226067475975 ], [ 466980.857788752822671, 5543209.438617520034313 ], [ 466979.891311373678036, 5543212.033058527857065 ], [ 466976.500760287453886, 5543210.781974509358406 ], [ 466969.570948536042124, 5543229.786898637190461 ], [ 466969.855885121272877, 5543229.891881694085896 ], [ 466976.604490324680228, 5543211.229426012374461 ], [ 466980.393206236127298, 5543212.599249771796167 ], [ 466970.003098735876847, 5543241.331205327995121 ], [ 466966.642864840803668, 5543240.116632936522365 ], [ 466965.997675645863637, 5543241.858498296700418 ], [ 466969.402565270953346, 5543243.115046506747603 ], [ 466970.014092208468355, 5543243.344769570976496 ], [ 466965.467967135075014, 5543255.813758637756109 ], [ 466964.893097810738254, 5543255.60604764521122 ], [ 466961.372212951362599, 5543254.350218339823186 ], [ 466960.719287841347978, 5543256.114369955845177 ], [ 466964.166376187698916, 5543257.363982961513102 ], [ 466958.028038878110237, 5543274.295924655161798 ], [ 466954.464697407267522, 5543273.004781596362591 ], [ 466950.120328248187434, 5543284.738692068494856 ], [ 466958.311723590595648, 5543287.770276607014239 ], [ 466959.657771319674794, 5543284.027129754424095 ], [ 466966.865404771233443, 5543286.617820526473224 ], [ 466969.009106370678637, 5543287.388473013415933 ], [ 466968.110873841913417, 5543290.014740320853889 ], [ 466967.274077847716399, 5543289.716358719393611 ], [ 466966.457028981356416, 5543292.037467513233423 ], [ 466973.405568745452911, 5543294.535255420021713 ], [ 466972.144000156258699, 5543298.044380671344697 ], [ 466956.62425891176099, 5543292.466197310946882 ], [ 466957.145920190145262, 5543291.015296397730708 ], [ 466948.898290113720577, 5543288.037431628443301 ], [ 466948.710233527002856, 5543288.54561460390687 ], [ 466943.210519200947601, 5543286.544820173643529 ], [ 466942.362918569415342, 5543286.236502171494067 ], [ 466935.432110402907711, 5543283.715295108966529 ], [ 466935.13642136217095, 5543283.608156545087695 ], [ 466931.197688886313699, 5543282.17480231076479 ], [ 466930.350093724497128, 5543281.867598053999245 ], [ 466919.140346878091805, 5543277.789519882760942 ], [ 466918.292743441881612, 5543277.481205682270229 ], [ 466907.136813085933682, 5543273.423945765942335 ], [ 466906.289924310985953, 5543273.115629037842155 ], [ 466895.138994848472066, 5543269.059474932961166 ], [ 466894.291388616082259, 5543268.751164524815977 ], [ 466891.836844180710614, 5543267.857932884246111 ], [ 466891.546179548313376, 5543267.752989411354065 ], [ 466888.856229898927268, 5543266.774487867020071 ], [ 466889.009848079294898, 5543266.37214532867074 ], [ 466889.050698656705208, 5543266.261815527454019 ], [ 466887.94546189304674, 5543265.863924900069833 ], [ 466885.411157172406092, 5543264.926714015193284 ], [ 466883.139542041637469, 5543264.086837185546756 ], [ 466883.914400576497428, 5543261.89606758672744 ], [ 466886.203835485212039, 5543262.722491826862097 ], [ 466889.856274226563983, 5543264.058625996112823 ], [ 466889.902061608445365, 5543263.936034875921905 ], [ 466893.235246010415722, 5543254.756780546158552 ], [ 466896.262318271677941, 5543246.446695789694786 ], [ 466909.869868069246877, 5543209.097569812089205 ], [ 466910.184616634796839, 5543208.232797608710825 ], [ 466912.436015477753244, 5543209.042789995670319 ], [ 466912.643426517606713, 5543209.11711635068059 ], [ 466916.867050857632421, 5543197.430622301995754 ], [ 466915.063341300468892, 5543196.757958866655827 ], [ 466910.625620228878688, 5543195.125339665450156 ], [ 466911.350841640611179, 5543193.126126375980675 ], [ 466907.063841783092357, 5543191.549284734763205 ] ] ] } },
{ "type": "Feature", "properties": { "name": "24e77037-f116-7d8a-e053-84002d0a9694" }, "geometry": { "type": "Polygon", "coordinates": [ [ [ 470868.862976929871365, 5542418.169507058337331 ], [ 470809.468858300009742, 5542447.1561713302508 ], [ 470801.028782712761313, 5542429.861309464089572 ], [ 470823.515399073599838, 5542418.886766862124205 ], [ 470821.034733830485493, 5542413.803426847793162 ], [ 470813.821087027085014, 5542417.324043757282197 ], [ 470800.256634626013692, 5542389.529838427901268 ], [ 470796.470158256939612, 5542391.378422035835683 ], [ 470786.209075955091976, 5542370.353151720017195 ], [ 470790.024854347284418, 5542368.49105859361589 ], [ 470776.463781290047336, 5542340.704678107984364 ], [ 470783.686794074252248, 5542337.179513385519385 ], [ 470781.214745422243141, 5542332.113934835419059 ], [ 470758.711945319140796, 5542343.062054290436208 ], [ 470750.256099660356995, 5542325.824064265936613 ], [ 470809.724802541837562, 5542296.795211957767606 ], [ 470818.15705406741472, 5542314.067890645936131 ], [ 470785.394116266688798, 5542330.071953685954213 ], [ 470787.866040533641353, 5542335.115297195501626 ], [ 470793.639031108934432, 5542332.297430397942662 ], [ 470807.382561596285086, 5542360.458674050867558 ], [ 470820.425888809608296, 5542354.128797361627221 ], [ 470808.142807278432883, 5542328.867124578915536 ], [ 470821.853323562711012, 5542322.202274444513023 ], [ 470824.89114225259982, 5542328.451164441183209 ], [ 470826.596730620134622, 5542326.929713662713766 ], [ 470829.529469735221937, 5542329.010740243829787 ], [ 470832.459077321633231, 5542331.963499493896961 ], [ 470835.201833700644784, 5542336.245974898338318 ], [ 470836.396475809684489, 5542339.272676451131701 ], [ 470837.308908727369271, 5542343.478396489284933 ], [ 470837.241451145149767, 5542348.844697456806898 ], [ 470835.32100802421337, 5542349.183162949047983 ], [ 470854.304711039934773, 5542388.924011913128197 ], [ 470835.157851319760084, 5542398.249100611545146 ], [ 470827.415806015022099, 5542382.35025333892554 ], [ 470832.879509111866355, 5542379.689776849001646 ], [ 470830.451649220369291, 5542374.703990483656526 ], [ 470817.415662017243449, 5542381.059376542456448 ], [ 470831.003945991047658, 5542408.902417240664363 ], [ 470825.254592424316797, 5542411.708997066132724 ], [ 470828.435625959886238, 5542418.22618405520916 ], [ 470829.65206785663031, 5542417.632483396679163 ], [ 470828.999491129012313, 5542416.295111362822354 ], [ 470860.45565277338028, 5542400.943312020041049 ], [ 470868.862976929871365, 5542418.169507058337331 ] ] ] } },
{ "type": "Feature", "properties": { "name": "24e77037-f4fe-7d8a-e053-84002d0a9694" }, "geometry": { "type": "Polygon", "coordinates": [ [ [ 469883.81176303391112, 5544658.078847924247384 ], [ 469883.754594877478667, 5544650.975329955108464 ], [ 469883.823846844898071, 5544650.941583548672497 ], [ 469895.951482287142426, 5544651.004531918093562 ], [ 469895.948383415699936, 5544655.034024189226329 ], [ 469891.214612229843624, 5544654.986166198737919 ], [ 469891.199339955579489, 5544658.123994460329413 ], [ 469883.81176303391112, 5544658.078847924247384 ] ] ] } },
{ "type": "Feature", "properties": { "name": "b3f2379b-a4db-4a2d-b300-de05fabd1f3d" }, "geometry": { "type": "Polygon", "coordinates": [ [ [ 470166.383729084103834, 5542202.870494683273137 ], [ 470165.098214376834221, 5542200.190240846946836 ], [ 470167.304668570286594, 5542199.120547499507666 ], [ 470168.597344426962081, 5542201.800761952064931 ], [ 470166.383729084103834, 5542202.870494683273137 ] ] ] } },
{ "type": "Feature", "properties": { "name": "7c70f6b5-675f-4b87-abeb-95eb8e08a5f5" }, "geometry": { "type": "Polygon", "coordinates": [ [ [ 469146.446777017379645, 5543558.908667758107185 ], [ 469152.154847624129616, 5543560.980563518591225 ], [ 469150.104343686951324, 5543566.612964415922761 ], [ 469144.414824226521887, 5543564.528733180835843 ], [ 469146.446777017379645, 5543558.908667758107185 ] ] ] } },
{ "type": "Feature", "properties": { "name": "3feb9801-4fde-030b-e053-b4472c0aa7e0" }, "geometry": { "type": "Polygon", "coordinates": [ [ [ 469918.721658546768595, 5544265.495792540721595 ], [ 469918.745931240904611, 5544265.483425344340503 ], [ 469919.161399507138412, 5544265.267607665620744 ], [ 469927.844431234349031, 5544283.232453459873796 ], [ 469931.105534397647716, 5544290.234569967724383 ], [ 469887.247154334909283, 5544310.655266541987658 ], [ 469885.355017707392108, 5544306.601974393241107 ], [ 469815.925849544117227, 5544338.974352123215795 ], [ 469817.782678413845133, 5544342.980008405633271 ], [ 469769.870843916782178, 5544365.306966398842633 ], [ 469759.939907979220152, 5544369.957396450452507 ], [ 469759.544621214037761, 5544369.054555517621338 ], [ 469757.861178146034945, 5544365.204714836552739 ], [ 469756.763787889969535, 5544362.695831965655088 ], [ 469729.898243693110999, 5544375.209699518047273 ], [ 469731.052031195024028, 5544377.688237058930099 ], [ 469732.831974114582408, 5544381.508614610880613 ], [ 469733.183467153052334, 5544382.262708649039268 ], [ 469717.387697790167294, 5544389.572672278620303 ], [ 469711.40886614471674, 5544392.339529907330871 ], [ 469711.503814514842816, 5544392.544691308401525 ], [ 469708.269065805303399, 5544394.031805050559342 ], [ 469697.826333259756211, 5544390.210454562678933 ], [ 469696.414019373769406, 5544390.881137287244201 ], [ 469657.31413865822833, 5544376.362456724047661 ], [ 469644.197091573383659, 5544371.49119011964649 ], [ 469644.180174643930513, 5544371.537985309958458 ], [ 469628.603609966812655, 5544365.864586789160967 ], [ 469634.411957557196729, 5544349.963894888758659 ], [ 469675.672388055711053, 5544365.043897714465857 ], [ 469704.355044676049147, 5544373.796516312286258 ], [ 469755.108147649618331, 5544350.213154023513198 ], [ 469754.369279338628985, 5544348.562844642437994 ], [ 469734.869191662175581, 5544357.529280057176948 ], [ 469734.456341555225663, 5544356.686582124792039 ], [ 469728.985025046975352, 5544359.193703173659742 ], [ 469727.030453662213404, 5544354.879525781609118 ], [ 469761.041975470841862, 5544339.217534197494388 ], [ 469764.22457643749658, 5544345.977603948675096 ], [ 469781.93125385302119, 5544337.758584911935031 ], [ 469826.131251663318835, 5544317.212784406729043 ], [ 469871.083548067719676, 5544296.325103593058884 ], [ 469910.936780373740476, 5544277.523463806137443 ], [ 469918.721658546768595, 5544265.495792540721595 ] ] ] } },
{ "type": "Feature", "properties": { "name": "24e77037-ea4f-7d8a-e053-84002d0a9694" }, "geometry": { "type": "Polygon", "coordinates": [ [ [ 468566.734604213794228, 5544323.096615706570446 ], [ 468568.573869591578841, 5544317.126090700738132 ], [ 468572.825679857051, 5544318.436493444256485 ], [ 468570.986410223704297, 5544324.407016984187067 ], [ 468566.734604213794228, 5544323.096615706570446 ] ] ] } },
{ "type": "Feature", "properties": { "name": "24e77037-f5a3-7d8a-e053-84002d0a9694" }, "geometry": { "type": "Polygon", "coordinates": [ [ [ 470027.789880767581053, 5544378.871974918060005 ], [ 470027.831197321880609, 5544378.579317653551698 ], [ 470028.027512332773767, 5544378.606015086174011 ], [ 470034.866075397876557, 5544329.384582239203155 ], [ 470034.668320561584551, 5544329.356780719943345 ], [ 470034.711692263488658, 5544329.047433750703931 ], [ 470047.00550807575928, 5544330.786523495800793 ], [ 470047.033696719387081, 5544330.578443174250424 ], [ 470057.855806131788995, 5544332.110090954229236 ], [ 470052.848526270128787, 5544368.436716900207102 ], [ 470050.334352478093933, 5544368.086091040633619 ], [ 470049.608330094313715, 5544373.318239188753068 ], [ 470052.12250770709943, 5544373.669976550154388 ], [ 470050.930963324033655, 5544382.198134181089699 ], [ 470040.100063177756965, 5544380.741046760231256 ], [ 470040.128967170021497, 5544380.532962378114462 ], [ 470027.789880767581053, 5544378.871974918060005 ] ] ] } },
{ "type": "Feature", "properties": { "name": "24e77037-fbca-7d8a-e053-84002d0a9694" }, "geometry": { "type": "Polygon", "coordinates": [ [ [ 469033.72380925930338, 5544340.430913264863193 ], [ 469035.436525499972049, 5544335.6387745635584 ], [ 469025.472590192628559, 5544332.018323442898691 ], [ 469027.103439721453469, 5544327.431243255734444 ], [ 469060.3436194016831, 5544339.520835652016103 ], [ 469058.699033637240063, 5544344.089082904160023 ], [ 469046.115017174568493, 5544339.517515649087727 ], [ 469044.361446950875688, 5544344.303215915337205 ], [ 469033.72380925930338, 5544340.430913264863193 ] ] ] } },
{ "type": "Feature", "properties": { "name": "3f366887-584a-a92a-e053-b4472c0a365b" }, "geometry": { "type": "Polygon", "coordinates": [ [ [ 465841.583307672990486, 5542906.10881704557687 ], [ 465850.456086612073705, 5542909.336733707226813 ], [ 465847.6421640937333, 5542917.047863157466054 ], [ 465838.772919884475414, 5542913.811033549718559 ], [ 465841.583307672990486, 5542906.10881704557687 ] ] ] } },
{ "type": "Feature", "properties": { "name": "76073190-fcd8-48a8-8a0f-a4334a55e29e" }, "geometry": { "type": "Polygon", "coordinates": [ [ [ 469753.93853532691719, 5543857.141991225071251 ], [ 469753.938459917262662, 5543857.128649031743407 ], [ 469753.838009085739031, 5543857.091412692330778 ], [ 469698.153610931942239, 5543836.706467278301716 ], [ 469661.951995526556857, 5543823.378823562525213 ], [ 469651.785800507292151, 5543819.660504808649421 ], [ 469652.844491527823266, 5543816.832536907866597 ], [ 469652.874108943797182, 5543816.752313230186701 ], [ 469655.874391401477624, 5543808.959888287819922 ], [ 469655.920915185182821, 5543808.830645828507841 ], [ 469655.720732609275728, 5543808.757284611463547 ], [ 469661.998986987222452, 5543791.504150348715484 ], [ 469666.350136100081727, 5543779.746875469572842 ], [ 469666.376205491134897, 5543779.672231413424015 ], [ 469668.954538709367625, 5543772.465945920906961 ], [ 469669.067351751611568, 5543772.157314410433173 ], [ 469703.588447760674171, 5543784.661720156669617 ], [ 469754.537739386665635, 5543803.157707558944821 ], [ 469760.733913978736382, 5543805.407615079544485 ], [ 469762.686178394244052, 5543806.115973410196602 ], [ 469771.590275159513112, 5543809.376863341778517 ], [ 469760.133397089899518, 5543840.671099645085633 ], [ 469753.93853532691719, 5543857.141991225071251 ] ] ] } },
{ "type": "Feature", "properties": { "name": "24e77037-cdda-7d8a-e053-84002d0a9694" }, "geometry": { "type": "Polygon", "coordinates": [ [ [ 463337.860307054768782, 5542061.086667453870177 ], [ 463395.484208951878827, 5542016.808128643780947 ], [ 463406.995227823674213, 5542031.788964899256825 ], [ 463349.37139569176361, 5542076.067381173372269 ], [ 463337.860307054768782, 5542061.086667453870177 ] ] ] } },
{ "type": "Feature", "properties": { "name": "d3e387d9-237a-41da-8af6-94ecea7ad169" }, "geometry": { "type": "Polygon", "coordinates": [ [ [ 471156.510809788655024, 5543520.282587269321084 ], [ 471156.498531936493237, 5543517.738668405450881 ], [ 471160.9766687679803, 5543517.736773893237114 ], [ 471160.981772268132772, 5543520.278507640585303 ], [ 471156.510809788655024, 5543520.282587269321084 ] ] ] } },
{ "type": "Feature", "properties": { "name": "23abc65e-eaf7-4004-9e00-c347189b816e" }, "geometry": { "type": "Polygon", "coordinates": [ [ [ 467159.717086802644189, 5543708.483965761959553 ], [ 467160.552482824597973, 5543699.931741004809737 ], [ 467168.644018894294277, 5543700.698222517035902 ], [ 467167.887499593547545, 5543709.154339443892241 ], [ 467159.717086802644189, 5543708.483965761959553 ] ] ] } },
{ "type": "Feature", "properties": { "name": "70cf2d93-38d2-4e26-a09b-e3566ea22beb" }, "geometry": { "type": "Polygon", "coordinates": [ [ [ 469593.762565840675961, 5541526.568553293123841 ], [ 469592.24005905672675, 5541518.687289268709719 ], [ 469599.880067850754131, 5541517.135092410258949 ], [ 469600.875075647141784, 5541522.1907271547243 ], [ 469601.367784125846811, 5541524.694110439158976 ], [ 469601.444499992881902, 5541525.085057135671377 ], [ 469593.762565840675961, 5541526.568553293123841 ] ] ] } },
{ "type": "Feature", "properties": { "name": "24e77037-f5fd-7d8a-e053-84002d0a9694" }, "geometry": { "type": "Polygon", "coordinates": [ [ [ 466597.460206584248226, 5543205.0838763108477 ], [ 466604.984390387777239, 5543184.449165643192828 ], [ 466666.246875912940595, 5543206.786548471078277 ], [ 466658.722496652393602, 5543227.422284695319831 ], [ 466658.347830735030584, 5543227.283408475108445 ], [ 466658.484427335322835, 5543226.910074355080724 ], [ 466651.681121331872419, 5543224.429578421637416 ], [ 466651.544538992689922, 5543224.805136409588158 ], [ 466651.169872701808345, 5543224.666260693222284 ], [ 466651.305752806947567, 5543224.292930850759149 ], [ 466645.295522731088568, 5543222.101040824316442 ], [ 466645.158224709797651, 5543222.476603440009058 ], [ 466644.783551157684997, 5543222.336616321466863 ], [ 466644.919437809672672, 5543221.964398162439466 ], [ 466638.533833259425592, 5543219.635868617333472 ], [ 466638.396535644482356, 5543220.011431403458118 ], [ 466638.022570875997189, 5543219.870328447781503 ], [ 466638.157741058385, 5543219.498114581219852 ], [ 466631.77213055716129, 5543217.169593085534871 ], [ 466631.63483334868215, 5543217.545156045816839 ], [ 466631.260868225537706, 5543217.404053563252091 ], [ 466631.396044936089311, 5543217.032951370812953 ], [ 466625.02908783685416, 5543214.71099291741848 ], [ 466624.891791033558547, 5543215.086556054651737 ], [ 466624.518534691655077, 5543214.944337727501988 ], [ 466624.653717934561428, 5543214.574347213841975 ], [ 466618.258049798838329, 5543212.242568774148822 ], [ 466618.120753402472474, 5543212.618132084608078 ], [ 466617.748198903922457, 5543212.473686067387462 ], [ 466617.882672612322494, 5543212.104811696335673 ], [ 466611.477668816223741, 5543209.769763856194913 ], [ 466611.340372827427927, 5543210.145327338948846 ], [ 466610.965002247132361, 5543210.008682592771947 ], [ 466611.102298213460017, 5543209.633119100704789 ], [ 466604.734607239428442, 5543207.311189205385745 ], [ 466604.59802772430703, 5543207.686748394742608 ], [ 466604.221940727147739, 5543207.550108586438 ], [ 466604.359236288117245, 5543207.174544919282198 ], [ 466597.972873039601836, 5543204.844956283457577 ], [ 466597.836300869414117, 5543205.221627491526306 ], [ 466597.460206584248226, 5543205.0838763108477 ] ] ] } },
{ "type": "Feature", "properties": { "name": "661e4af6-1afd-bde8-e053-b4472c0a3fef" }, "geometry": { "type": "Polygon", "coordinates": [ [ [ 467229.959592289989814, 5543612.50425149127841 ], [ 467225.986117317224853, 5543611.074231342412531 ], [ 467226.846461620240007, 5543608.680623707361519 ], [ 467230.819938122935127, 5543610.110644496046007 ], [ 467229.959592289989814, 5543612.50425149127841 ] ] ] } },
{ "type": "Feature", "properties": { "name": "4daad46b-42d6-4e10-af3e-38d192e8b953" }, "geometry": { "type": "Polygon", "coordinates": [ [ [ 468734.260520997166168, 5544019.647208349779248 ], [ 468731.776033933507279, 5544026.38197182584554 ], [ 468729.544519519608002, 5544025.558872458525002 ], [ 468732.031835534493439, 5544018.818531963042915 ], [ 468734.260520997166168, 5544019.647208349779248 ] ] ] } },
{ "type": "Feature", "properties": { "name": "24e77037-f968-7d8a-e053-84002d0a9694" }, "geometry": { "type": "Polygon", "coordinates": [ [ [ 465719.061338548432104, 5542774.264494123868644 ], [ 465701.005866566672921, 5542767.375229869037867 ], [ 465700.363208601542283, 5542769.010492444038391 ], [ 465692.868406041990966, 5542766.070865720510483 ], [ 465692.29603425093228, 5542767.610056174919009 ], [ 465685.282666887389496, 5542765.034278884530067 ], [ 465683.179983252426609, 5542758.547639115713537 ], [ 465685.424143432639539, 5542752.582409740425646 ], [ 465696.358936741366051, 5542756.679698867723346 ], [ 465695.780224609305151, 5542758.235607903450727 ], [ 465703.359593278786633, 5542761.071291065774858 ], [ 465703.020912330714054, 5542761.975204952992499 ], [ 465717.503478498430923, 5542767.408540074713528 ], [ 465721.164316245762166, 5542757.877312750555575 ], [ 465733.816797187027987, 5542762.705311022698879 ], [ 465738.211208063934464, 5542751.190233435481787 ], [ 465762.394049981667195, 5542760.417655228637159 ], [ 465757.731090622954071, 5542773.060776478610933 ], [ 465760.834616648033261, 5542774.246216014027596 ], [ 465759.221631949068978, 5542778.469489593990147 ], [ 465756.171952610719018, 5542777.304832499474287 ], [ 465756.005011533561628, 5542777.740649963729084 ], [ 465746.739661851956043, 5542774.201845997944474 ], [ 465746.167019429965876, 5542775.701004188507795 ], [ 465760.853500002238434, 5542781.117584556341171 ], [ 465757.142059113248251, 5542791.255089055746794 ], [ 465724.290389337751549, 5542779.135564900934696 ], [ 465719.061338548432104, 5542774.264494123868644 ] ] ] } },
{ "type": "Feature", "properties": { "name": "661e4af6-1a85-bde8-e053-b4472c0a3fef" }, "geometry": { "type": "Polygon", "coordinates": [ [ [ 467122.051915469870437, 5543018.041720625944436 ], [ 467119.874367681448348, 5543024.01593224145472 ], [ 467115.092611692612991, 5543022.34745217859745 ], [ 467117.262093431083485, 5543016.343267133459449 ], [ 467122.051915469870437, 5543018.041720625944436 ] ] ] } },
{ "type": "Feature", "properties": { "name": "661e4af6-1bc0-bde8-e053-b4472c0a3fef" }, "geometry": { "type": "Polygon", "coordinates": [ [ [ 469782.121440926974174, 5544588.067485400475562 ], [ 469786.974648815696128, 5544596.8306481288746 ], [ 469781.712241008062847, 5544599.781293041072786 ], [ 469776.817738317069598, 5544591.059508047997952 ], [ 469782.121440926974174, 5544588.067485400475562 ] ] ] } },
{ "type": "Feature", "properties": { "name": "24e77037-fe4a-7d8a-e053-84002d0a9694" }, "geometry": { "type": "Polygon", "coordinates": [ [ [ 466248.413686750398483, 5543098.098014174960554 ], [ 466249.898908269940875, 5543094.010233360342681 ], [ 466252.08950646937592, 5543094.806990111246705 ], [ 466250.604276504775044, 5543098.89365846849978 ], [ 466248.413686750398483, 5543098.098014174960554 ] ] ] } },
{ "type": "Feature", "properties": { "name": "24e77037-ef0e-7d8a-e053-84002d0a9694" }, "geometry": { "type": "Polygon", "coordinates": [ [ [ 466548.532901404600125, 5542992.752645165659487 ], [ 466605.230098237167113, 5543013.436702635139227 ], [ 466600.039150071912445, 5543027.588981284759939 ], [ 466543.315884531126358, 5543007.06747860275209 ], [ 466548.532901404600125, 5542992.752645165659487 ] ] ] } },
{ "type": "Feature", "properties": { "name": "24e77037-ea63-7d8a-e053-84002d0a9694" }, "geometry": { "type": "Polygon", "coordinates": [ [ [ 470428.366250594204757, 5544502.371623061597347 ], [ 470388.544829995604232, 5544487.869401412084699 ], [ 470388.711245989019517, 5544487.410383874550462 ], [ 470368.653654528490733, 5544480.088479812256992 ], [ 470344.952484889363404, 5544471.437016079202294 ], [ 470344.774080582254101, 5544471.928346103057265 ], [ 470327.057235425221734, 5544465.475348302163184 ], [ 470327.229293911601417, 5544465.001843029633164 ], [ 470316.513926537183579, 5544461.096298962831497 ], [ 470283.32322362868581, 5544448.997548660263419 ], [ 470283.146231281047221, 5544449.484425384551287 ], [ 470265.444300786359236, 5544443.037107004784048 ], [ 470265.616385485569481, 5544442.569159001111984 ], [ 470265.02884512959281, 5544442.353382904082537 ], [ 470268.154565410281066, 5544433.850107188336551 ], [ 470268.546288351528347, 5544433.999146779067814 ], [ 470268.607638923451304, 5544433.83091124612838 ], [ 470268.938349519448821, 5544433.951380896382034 ], [ 470276.988720343448222, 5544411.877990558743477 ], [ 470276.653700791532174, 5544411.755320576019585 ], [ 470300.315332893282175, 5544346.792151878587902 ], [ 470306.166334896697663, 5544348.92340524494648 ], [ 470316.643028543156106, 5544352.739079630933702 ], [ 470344.981814652739558, 5544363.05922825820744 ], [ 470349.219458576757461, 5544351.437675039283931 ], [ 470352.470508445519954, 5544342.520135971717536 ], [ 470347.056367021752521, 5544340.540962965227664 ], [ 470339.225335937342606, 5544337.679013803601265 ], [ 470341.303410627064295, 5544331.943512786179781 ], [ 470343.055731371627189, 5544332.794398515485227 ], [ 470344.757668818405364, 5544328.171756432391703 ], [ 470346.750631682341918, 5544328.909009304828942 ], [ 470344.974840340320952, 5544333.77000336535275 ], [ 470349.520007340994198, 5544336.037520247511566 ], [ 470350.264121694723144, 5544334.016438208520412 ], [ 470352.25713706278475, 5544334.763699780218303 ], [ 470351.464905387314502, 5544337.016320149414241 ], [ 470353.365225002926309, 5544337.960899335332215 ], [ 470353.774641260853969, 5544337.426038157194853 ], [ 470355.500416033552028, 5544338.655115763656795 ], [ 470355.322952667658683, 5544338.929622583091259 ], [ 470364.84696451225318, 5544343.694659478962421 ], [ 470363.799146070610732, 5544346.59469854645431 ], [ 470362.110805197386071, 5544346.048108045011759 ], [ 470354.645661620423198, 5544366.579272978939116 ], [ 470383.225337722455151, 5544376.987239081412554 ], [ 470393.701920348685235, 5544380.803064092993736 ], [ 470421.642975665163249, 5544390.977936551906168 ], [ 470425.808043974626344, 5544379.541418865323067 ], [ 470429.089471255138051, 5544370.530360792763531 ], [ 470429.288881715561729, 5544370.081169279292226 ], [ 470429.583446906472091, 5544369.620333043858409 ], [ 470429.808206149376929, 5544369.353350505232811 ], [ 470430.021818073990289, 5544369.142023806460202 ], [ 470430.321889336104505, 5544368.900198422372341 ], [ 470430.710733587970026, 5544368.657882454805076 ], [ 470431.089220166089945, 5544368.484560594893992 ], [ 470431.365767742798198, 5544368.390745896846056 ], [ 470431.713974020385649, 5544368.308765943162143 ], [ 470432.076695145398844, 5544368.26228610239923 ], [ 470432.478296663146466, 5544368.255619270727038 ], [ 470432.88374193245545, 5544368.296742256730795 ], [ 470433.159687170991674, 5544368.353035382926464 ], [ 470433.513949326763395, 5544368.460042438469827 ], [ 470433.780172846803907, 5544368.570871652103961 ], [ 470434.101847124751657, 5544368.740324347279966 ], [ 470434.377776806126349, 5544368.923372447490692 ], [ 470434.660419990716036, 5544369.155306379310787 ], [ 470434.863425019197166, 5544369.356547611765563 ], [ 470435.103432976524346, 5544369.646535146981478 ], [ 470435.314970352104865, 5544369.966700886376202 ], [ 470435.501739572326187, 5544370.339262058958411 ], [ 470435.569253089721315, 5544370.507895446382463 ], [ 470435.661036725272425, 5544370.793142598122358 ], [ 470435.741153636598028, 5544371.169628739356995 ], [ 470435.776669057784602, 5544371.507445368915796 ], [ 470435.781759909004904, 5544371.780940813012421 ], [ 470435.760558661830146, 5544372.090161833912134 ], [ 470435.700962422124576, 5544372.44740603864193 ], [ 470435.618174454546534, 5544372.753631703555584 ], [ 470434.54837625316577, 5544375.69825357105583 ], [ 470432.092756472469773, 5544382.439836028032005 ], [ 470428.123731349187437, 5544393.338225038722157 ], [ 470431.575017019524239, 5544394.595594525337219 ], [ 470463.39618707774207, 5544406.184685405343771 ], [ 470428.366250594204757, 5544502.371623061597347 ] ] ] } },
{ "type": "Feature", "properties": { "name": "24e77037-f1e3-7d8a-e053-84002d0a9694" }, "geometry": { "type": "Polygon", "coordinates": [ [ [ 469901.714798438712023, 5541393.514763102866709 ], [ 469904.340512226568535, 5541394.47067887429148 ], [ 469902.805460822593886, 5541398.685548428446054 ], [ 469916.975630319677293, 5541403.861792434006929 ], [ 469919.789096075226553, 5541396.15956128295511 ], [ 469957.535900271963328, 5541409.900671204552054 ], [ 469954.779686187568586, 5541417.601449175737798 ], [ 469973.583653607172891, 5541424.561989108100533 ], [ 469975.112897676997818, 5541420.324935084208846 ], [ 469979.586823561228812, 5541421.939878115430474 ], [ 469978.057576444698498, 5541426.176930862478912 ], [ 469978.310220602666959, 5541426.265576905570924 ], [ 469972.522607144783251, 5541442.163442654535174 ], [ 469887.591726230399217, 5541411.24636491946876 ], [ 469893.357602754142135, 5541395.342968875542283 ], [ 469900.193158711132128, 5541397.69397787284106 ], [ 469901.714798438712023, 5541393.514763102866709 ] ] ] } },
{ "type": "Feature", "properties": { "name": "dcaa7825-30a5-43cb-9be6-bb937735ee66" }, "geometry": { "type": "Polygon", "coordinates": [ [ [ 469076.756676435528789, 5541913.397453811950982 ], [ 469078.546167666791007, 5541908.233542897738516 ], [ 469084.266029979917221, 5541910.303086531348526 ], [ 469082.40682759671472, 5541915.427370224148035 ], [ 469076.756676435528789, 5541913.397453811950982 ] ] ] } },
{ "type": "Feature", "properties": { "name": "3f366887-5935-a92a-e053-b4472c0a365b" }, "geometry": { "type": "Polygon", "coordinates": [ [ [ 468509.926593098673038, 5541352.610100238583982 ], [ 468538.277998813369777, 5541362.990798496641219 ], [ 468524.285374103055801, 5541401.564183970913291 ], [ 468495.934859824541491, 5541391.183555676601827 ], [ 468509.926593098673038, 5541352.610100238583982 ] ] ] } },
{ "type": "Feature", "properties": { "name": "24e77037-eff4-7d8a-e053-84002d0a9694" }, "geometry": { "type": "Polygon", "coordinates": [ [ [ 470058.643573554814793, 5544453.179975766688585 ], [ 470061.712031608331017, 5544431.943586250767112 ], [ 470078.659504939510953, 5544434.392777272500098 ], [ 470151.542827459750697, 5544444.923300843685865 ], [ 470148.474737498909235, 5544466.159633917734027 ], [ 470058.643573554814793, 5544453.179975766688585 ] ] ] } },
{ "type": "Feature", "properties": { "name": "24e77037-fd7d-7d8a-e053-84002d0a9694" }, "geometry": { "type": "Polygon", "coordinates": [ [ [ 466529.36180054594297, 5542954.660156669095159 ], [ 466533.006903813860845, 5542944.694845195859671 ], [ 466532.856862776854541, 5542944.635741196572781 ], [ 466527.186990230227821, 5542942.533027963712811 ], [ 466530.476589395955671, 5542933.664037807844579 ], [ 466536.17041437671287, 5542935.702115221880376 ], [ 466536.282363055681344, 5542935.739219645038247 ], [ 466541.406102850625757, 5542921.730734257958829 ], [ 466564.199033037584741, 5542930.067590331658721 ], [ 466552.155326806765515, 5542962.996956878341734 ], [ 466529.36180054594297, 5542954.660156669095159 ] ] ] } },
{ "type": "Feature", "properties": { "name": "24e77037-efae-7d8a-e053-84002d0a9694" }, "geometry": { "type": "Polygon", "coordinates": [ [ [ 467485.312042054778431, 5541509.419731569476426 ], [ 467319.578312297759112, 5541448.995722913183272 ], [ 467367.506371619587298, 5541317.534338454715908 ], [ 467533.226951688644476, 5541377.933248564600945 ], [ 467485.312042054778431, 5541509.419731569476426 ] ] ] } },
{ "type": "Feature", "properties": { "name": "24e77037-f585-7d8a-e053-84002d0a9694" }, "geometry": { "type": "Polygon", "coordinates": [ [ [ 468101.889421205793042, 5541615.116731683723629 ], [ 468164.222100598504767, 5541637.845209756866097 ], [ 468161.402859488967806, 5541645.577335382811725 ], [ 468156.108657714677975, 5541643.647450089454651 ], [ 468153.414885438105557, 5541651.035261807031929 ], [ 468091.611374993808568, 5541628.49944877717644 ], [ 468094.739221356750932, 5541619.920414957217872 ], [ 468099.504405357583892, 5541621.657699596136808 ], [ 468101.889421205793042, 5541615.116731683723629 ] ] ] } },
{ "type": "Feature", "properties": { "name": "24e77037-f445-7d8a-e053-84002d0a9694" }, "geometry": { "type": "Polygon", "coordinates": [ [ [ 469391.338648665812798, 5544242.503011390566826 ], [ 469378.188577740162145, 5544237.717084639705718 ], [ 469379.532065298233647, 5544234.026828779838979 ], [ 469374.601044945709873, 5544232.231555866077542 ], [ 469400.689160259847995, 5544160.780377751216292 ], [ 469423.640511077595875, 5544169.128422237932682 ], [ 469397.612461608427111, 5544240.612499875947833 ], [ 469392.681453518336639, 5544238.817210328765213 ], [ 469391.338648665812798, 5544242.503011390566826 ] ] ] } },
{ "type": "Feature", "properties": { "name": "24e77037-fc8d-7d8a-e053-84002d0a9694" }, "geometry": { "type": "Polygon", "coordinates": [ [ [ 467438.474202580517158, 5544132.979121336713433 ], [ 467440.009944212797564, 5544116.385934910736978 ], [ 467439.67203105345834, 5544116.39021485671401 ], [ 467450.655057348427363, 5544085.787558204494417 ], [ 467458.251428984163795, 5544080.936879508197308 ], [ 467465.288752167951316, 5544081.522305339574814 ], [ 467464.998193160165101, 5544084.487258844077587 ], [ 467470.765954794420395, 5544085.051501934416592 ], [ 467470.544033787271474, 5544087.412281597964466 ], [ 467478.333864963846281, 5544088.119905430823565 ], [ 467484.947248250420671, 5544094.2318030083552 ], [ 467483.947403689089697, 5544104.661847308278084 ], [ 467486.504898350045551, 5544104.903153574094176 ], [ 467485.470829725963995, 5544115.47461573779583 ], [ 467488.049959675525315, 5544115.742476587183774 ], [ 467487.072672570706345, 5544125.996704954653978 ], [ 467489.675349249097053, 5544126.25219267513603 ], [ 467488.817743751918897, 5544134.875662927515805 ], [ 467484.082334656675812, 5544134.407421441748738 ], [ 467483.772883813420776, 5544137.32801328971982 ], [ 467438.474202580517158, 5544132.979121336713433 ] ] ] } },
{ "type": "Feature", "properties": { "name": "1fdb7d4f-1e95-439f-a33a-859fb1cb6a6d" }, "geometry": { "type": "Polygon", "coordinates": [ [ [ 469854.387234925525263, 5543884.974960335530341 ], [ 469854.172440579044633, 5543885.484301656484604 ], [ 469853.923901456932072, 5543885.977154809981585 ], [ 469853.643049517530017, 5543886.453511733561754 ], [ 469853.33057568827644, 5543886.908921003341675 ], [ 469852.988621637050528, 5543887.342258675955236 ], [ 469852.617897078511305, 5543887.752408871427178 ], [ 469852.220531149709132, 5543888.136023947969079 ], [ 469851.798665513109881, 5543888.491979961283505 ], [ 469851.353009878308512, 5543888.819161034189165 ], [ 469850.887137855752371, 5543889.116435153409839 ], [ 469850.401746623800136, 5543889.380462740547955 ], [ 469849.900416052900255, 5543889.611223638057709 ], [ 469849.383862111135386, 5543889.808713807724416 ], [ 469848.85565213864902, 5543889.970689390785992 ], [ 469848.317927786323708, 5543890.096026437357068 ], [ 469847.772843235230539, 5543890.185824695043266 ], [ 469847.222533870663028, 5543890.237848369404674 ], [ 469846.670592087670229, 5543890.25430098362267 ], [ 469846.118431030714419, 5543890.231838923878968 ], [ 469845.568933384434786, 5543890.173781601712108 ], [ 469845.024950508843176, 5543890.077889175154269 ], [ 469844.488642849435564, 5543889.946373244747519 ], [ 469843.962152056861669, 5543889.778109848499298 ], [ 469840.988036440685391, 5543888.6596360784024 ], [ 469840.789754816214554, 5543889.176668085157871 ], [ 469828.864886204071809, 5543884.746313535608351 ], [ 469791.899051173822954, 5543871.130790936760604 ], [ 469754.023912876727991, 5543857.172641451470554 ], [ 469753.93853532691719, 5543857.141991225071251 ], [ 469760.133397089899518, 5543840.671099645085633 ], [ 469771.590275159513112, 5543809.376863341778517 ], [ 469815.288346040237229, 5543825.379292436875403 ], [ 469855.559721829602495, 5543840.17608065251261 ], [ 469856.462010315153748, 5543837.782669953070581 ], [ 469857.70542542001931, 5543838.240434001199901 ], [ 469869.459386750822887, 5543842.568410245701671 ], [ 469869.892031402676366, 5543842.72719759028405 ], [ 469854.387234925525263, 5543884.974960335530341 ] ] ] } },
{ "type": "Feature", "properties": { "name": "7583db1c-e07b-4cbd-e053-b3472c0ada59" }, "geometry": { "type": "Polygon", "coordinates": [ [ [ 466883.468325674999505, 5542924.384758050553501 ], [ 466882.715946334647015, 5542926.513121174648404 ], [ 466875.213463044085074, 5542923.807615828700364 ], [ 466876.057370728289243, 5542921.657559368759394 ], [ 466883.468325674999505, 5542924.384758050553501 ] ] ] } },
{ "type": "Feature", "properties": { "name": "87d878ab-86d0-4570-9e93-ecd0b2d92b27" }, "geometry": { "type": "Polygon", "coordinates": [ [ [ 470905.35300690412987, 5544744.357673625461757 ], [ 470903.876282867277041, 5544728.324551804922521 ], [ 470924.880918112932704, 5544725.669702115468681 ], [ 471003.561976929369848, 5544715.703823069110513 ], [ 471003.901108399732038, 5544719.365642617456615 ], [ 471005.42187939042924, 5544735.787709758616984 ], [ 471007.284789088123944, 5544755.900490287691355 ], [ 470956.003292087814771, 5544760.619511785916984 ], [ 470953.096840092504863, 5544760.886577248573303 ], [ 470953.463265660044271, 5544764.822881337255239 ], [ 470942.910796342417598, 5544765.800825293175876 ], [ 470942.932084361091256, 5544766.029757806099951 ], [ 470908.423927926691249, 5544769.200480709783733 ], [ 470907.638285596854985, 5544769.272577884607017 ], [ 470905.35300690412987, 5544744.357673625461757 ] ] ] } },
{ "type": "Feature", "properties": { "name": "e2c3f75e-20d5-4ebd-8096-ccd6ef37a7ae" }, "geometry": { "type": "Polygon", "coordinates": [ [ [ 470648.242256488534622, 5544950.840377022512257 ], [ 470646.753056832414586, 5544934.752900462597609 ], [ 470646.973188483156264, 5544933.775457561016083 ], [ 470649.999849488725886, 5544920.339511215686798 ], [ 470650.426176772278268, 5544918.453639082610607 ], [ 470683.323323168791831, 5544901.053495136089623 ], [ 470683.496778659755364, 5544900.962481906637549 ], [ 470692.80993129190756, 5544922.486467401497066 ], [ 470704.069004628981929, 5544948.509617548435926 ], [ 470679.20566404145211, 5544950.810675157234073 ], [ 470648.501789596688468, 5544953.652022184804082 ], [ 470648.242256488534622, 5544950.840377022512257 ] ] ] } },
{ "type": "Feature", "properties": { "name": "320811cd-f530-4dd4-b505-2d4935a0c94e" }, "geometry": { "type": "Polygon", "coordinates": [ [ [ 471017.387324914569035, 5544747.846857633441687 ], [ 471016.184773184126243, 5544734.788735877722502 ], [ 471014.67784726730315, 5544718.405506928451359 ], [ 471014.315019325120375, 5544714.46473228931427 ], [ 471046.925142100488301, 5544711.178213194943964 ], [ 471050.035222339734901, 5544744.566822135820985 ], [ 471050.311179843964055, 5544747.540730194188654 ], [ 471050.44999049755279, 5544747.527748334221542 ], [ 471056.023773102322593, 5544807.852875010110438 ], [ 471042.805335891025607, 5544809.071871294640005 ], [ 471040.623727093392517, 5544809.272700566798449 ], [ 471034.611970311787445, 5544809.827832137234509 ], [ 471023.16372789174784, 5544810.883852965198457 ], [ 471022.868001641938463, 5544807.698795004747808 ], [ 471017.404867873876356, 5544748.045789828523993 ], [ 471017.387324914569035, 5544747.846857633441687 ] ] ] } },
{ "type": "Feature", "properties": { "name": "6814ea84-018d-4188-bab8-c2ca9f2556ab" }, "geometry": { "type": "Polygon", "coordinates": [ [ [ 470539.482660910347477, 5544950.616537933237851 ], [ 470526.952197898295708, 5544920.186546758748591 ], [ 470526.884148766752332, 5544919.918957330286503 ], [ 470526.83969162858557, 5544919.645678498782218 ], [ 470526.818135152512696, 5544919.371161612682045 ], [ 470526.824141041317489, 5544919.032003532163799 ], [ 470526.865235212084372, 5544918.694875906221569 ], [ 470526.942158011428546, 5544918.364222199656069 ], [ 470527.052780310041271, 5544918.043389797210693 ], [ 470527.197120490018278, 5544917.735714257694781 ], [ 470527.372339708206709, 5544917.445658763870597 ], [ 470527.577012418070808, 5544917.174343056045473 ], [ 470527.809021736436989, 5544916.927338229492307 ], [ 470528.066226276510861, 5544916.705767965875566 ], [ 470528.344343262200709, 5544916.511879639700055 ], [ 470528.641953266866039, 5544916.347904837690294 ], [ 470543.306778224592563, 5544910.318549806252122 ], [ 470543.545910669956356, 5544910.194925705902278 ], [ 470543.764815985516179, 5544910.038056434132159 ], [ 470543.958495548053179, 5544909.850193286314607 ], [ 470544.12412273674272, 5544909.638023131527007 ], [ 470544.256698924349621, 5544909.403797263279557 ], [ 470544.354107202263549, 5544909.153086759150028 ], [ 470544.414940376882441, 5544908.890346905216575 ], [ 470544.437803498003632, 5544908.622256693430245 ], [ 470544.421289370511658, 5544908.353271411731839 ], [ 470544.366860275331419, 5544908.088942434638739 ], [ 470544.275268778204918, 5544907.835936930030584 ], [ 470538.744096370879561, 5544887.608959424309433 ], [ 470538.690260178234894, 5544887.32238954026252 ], [ 470538.674332967784721, 5544887.030051462352276 ], [ 470538.696351484453771, 5544886.738616296090186 ], [ 470538.75706219120184, 5544886.453639360144734 ], [ 470538.854335938522127, 5544886.178468031808734 ], [ 470538.986049698316492, 5544885.917561551555991 ], [ 470539.15151824784698, 5544885.676483117043972 ], [ 470539.347186872793827, 5544885.459699848666787 ], [ 470539.568778892105911, 5544885.270570955239236 ], [ 470539.814159024972469, 5544885.111331972293556 ], [ 470540.059049875417259, 5544884.993235443718731 ], [ 470540.316281485604122, 5544884.906203753314912 ], [ 470540.582280765287578, 5544884.851368463598192 ], [ 470540.852752658713143, 5544884.828753225505352 ], [ 470550.637923741480336, 5544883.924285817891359 ], [ 470550.870480576821137, 5544883.906327346339822 ], [ 470551.103202667727601, 5544883.918388871476054 ], [ 470551.332510800508317, 5544883.960490099154413 ], [ 470551.554819641110953, 5544884.031538877636194 ], [ 470551.788802281138487, 5544884.142551270313561 ], [ 470552.004350510891527, 5544884.285909813828766 ], [ 470552.197157035989221, 5544884.459414450451732 ], [ 470552.363618164905347, 5544884.658637468703091 ], [ 470552.499414366320707, 5544884.87915510777384 ], [ 470552.602373636094853, 5544885.116531777195632 ], [ 470552.670330091554206, 5544885.36744374409318 ], [ 470561.027917208266445, 5544915.91607675421983 ], [ 470561.131444542377722, 5544916.256855783984065 ], [ 470561.196365581126884, 5544916.606742344796658 ], [ 470561.223377813585103, 5544916.962396944873035 ], [ 470561.211018980073277, 5544917.318268203176558 ], [ 470561.159270732663572, 5544917.6710205655545 ], [ 470561.069540279975627, 5544918.01619874779135 ], [ 470560.943234829290304, 5544918.349347467534244 ], [ 470560.780329912435263, 5544918.666019323281944 ], [ 470560.584386364615057, 5544918.962859068065882 ], [ 470560.356823626440018, 5544919.237635118886828 ], [ 470560.101190292043611, 5544919.484768530353904 ], [ 470559.818911917274818, 5544919.703139575198293 ], [ 470559.515696841233876, 5544919.889381183311343 ], [ 470559.192964496847708, 5544920.041261782869697 ], [ 470551.324825687275734, 5544923.267896013334394 ], [ 470551.101374735182617, 5544923.379202711395919 ], [ 470550.895269130240194, 5544923.520434833131731 ], [ 470550.712229447381105, 5544923.690449002198875 ], [ 470550.555810387304518, 5544923.8847781047225 ], [ 470550.428134976595175, 5544924.098962912335992 ], [ 470550.332764033635613, 5544924.3296481622383 ], [ 470550.271104745217599, 5544924.572378567419946 ], [ 470550.24455205531558, 5544924.82047513872385 ], [ 470550.254513149149716, 5544925.069482581689954 ], [ 470550.300247702049091, 5544925.314957437105477 ], [ 470550.380299553275108, 5544925.552460180595517 ], [ 470556.776859148347285, 5544941.096986060030758 ], [ 470556.871441351715475, 5544941.373324910178781 ], [ 470556.929571073502302, 5544941.659871355630457 ], [ 470556.949786053737625, 5544941.951074018143117 ], [ 470556.932067940128036, 5544942.243597342632711 ], [ 470556.876373902952764, 5544942.529658369719982 ], [ 470556.784839211439248, 5544942.807021576911211 ], [ 470556.657433273096103, 5544943.07012770883739 ], [ 470556.496994950284716, 5544943.31451360322535 ], [ 470556.318471085920464, 5544943.524530602619052 ], [ 470556.115474249236286, 5544943.71022083144635 ], [ 470555.890861655934714, 5544943.870456683449447 ], [ 470542.085984478530008, 5544951.612905501388013 ], [ 470541.845312059624121, 5544951.716524239629507 ], [ 470541.592280688986648, 5544951.78574260044843 ], [ 470541.332610902492888, 5544951.819417205639184 ], [ 470541.07058544724714, 5544951.81530069373548 ], [ 470540.811227393278386, 5544951.775589179247618 ], [ 470540.560973109211773, 5544951.699135331436992 ], [ 470540.323414000682533, 5544951.588143141008914 ], [ 470540.103573140571825, 5544951.444808713160455 ], [ 470539.905763892980758, 5544951.272443949244916 ], [ 470539.734299624047708, 5544951.074360748752952 ], [ 470539.592777868616395, 5544950.853874954394996 ], [ 470539.482660910347477, 5544950.616537933237851 ] ] ] } },
{ "type": "Feature", "properties": { "name": "52932b82-488d-4963-bdf5-df42e7b5df61" }, "geometry": { "type": "Polygon", "coordinates": [ [ [ 470908.874332096311264, 5544773.961343534290791 ], [ 470919.187191344506573, 5544773.025774412788451 ], [ 470919.436101822124328, 5544775.751873354427516 ], [ 470928.068173911713529, 5544774.965555374510586 ], [ 470928.148870125995018, 5544775.851288562640548 ], [ 470932.0667332119192, 5544775.563147571869195 ], [ 470933.459087354829535, 5544790.710564140230417 ], [ 470945.368847651116084, 5544789.608481650240719 ], [ 470947.827888402563985, 5544797.519525907933712 ], [ 470955.531125560693908, 5544796.807232864201069 ], [ 470957.322871025127824, 5544816.175423385575414 ], [ 470957.411046319990419, 5544817.121158164925873 ], [ 470936.22481840843102, 5544819.097508939914405 ], [ 470916.78293547523208, 5544820.896566087380052 ], [ 470912.471981176815461, 5544821.29582054913044 ], [ 470910.68926586949965, 5544801.906468510627747 ], [ 470908.087968558538705, 5544774.032332686707377 ], [ 470908.874332096311264, 5544773.961343534290791 ] ] ] } },
{ "type": "Feature", "properties": { "name": "82a70082-85d9-4771-8728-98b416f15b67" }, "geometry": { "type": "Polygon", "coordinates": [ [ [ 470708.071845933503937, 5544840.086710978299379 ], [ 470708.280739609035663, 5544842.283763322979212 ], [ 470693.909777017775923, 5544843.610003441572189 ], [ 470693.708072500128765, 5544841.419583522714674 ], [ 470692.410677143721841, 5544827.393593478016555 ], [ 470690.983955527364742, 5544827.525940760038793 ], [ 470689.507192605582532, 5544811.59961143322289 ], [ 470690.938219642965123, 5544811.468352096155286 ], [ 470689.120239751471672, 5544791.800176869146526 ], [ 470688.774051768705249, 5544788.065029183402658 ], [ 470703.15372243366437, 5544786.733169649727643 ], [ 470706.2647942113108, 5544820.309505184181035 ], [ 470713.743289901060052, 5544819.615884155966341 ], [ 470715.573203023639508, 5544839.389631404541433 ], [ 470708.071845933503937, 5544840.086710978299379 ] ] ] } },
{ "type": "Feature", "properties": { "name": "2bc7cabb-b00c-4907-b735-e5408d46a1e4" }, "geometry": { "type": "Polygon", "coordinates": [ [ [ 470719.098708080942743, 5544775.011114717461169 ], [ 470721.537184709042776, 5544774.785399009473622 ], [ 470720.272184612811543, 5544761.173959852196276 ], [ 470719.992961591924541, 5544758.160057093948126 ], [ 470719.890217206906527, 5544757.045399200171232 ], [ 470719.608730592182837, 5544754.010383058339357 ], [ 470719.758994102943689, 5544753.997329925186932 ], [ 470728.061167224368546, 5544753.231396935880184 ], [ 470729.340979177271947, 5544767.067357241176069 ], [ 470730.851120514096692, 5544783.357099111191928 ], [ 470719.96525759762153, 5544784.359545247629285 ], [ 470719.098708080942743, 5544775.011114717461169 ] ] ] } },
{ "type": "Feature", "properties": { "name": "6caaca36-64b0-4ced-8a8f-22e92c28c0c3" }, "geometry": { "type": "Polygon", "coordinates": [ [ [ 470965.145838281488977, 5544816.424273772165179 ], [ 470964.138708164042328, 5544805.495470758527517 ], [ 470966.091321631975006, 5544805.310307557694614 ], [ 470963.029910135315731, 5544772.142740532755852 ], [ 470963.013959869043902, 5544771.9738207180053 ], [ 471007.346188547089696, 5544767.890714812092483 ], [ 471008.619228511641268, 5544781.667842386290431 ], [ 471005.340709524753038, 5544781.968028595671058 ], [ 470978.158793791430071, 5544784.459267814643681 ], [ 470979.621897943143267, 5544800.532511068508029 ], [ 471006.825821532984264, 5544798.022257175296545 ], [ 471010.080707585497294, 5544797.722199840471148 ], [ 471011.368851759587415, 5544811.514813113957644 ], [ 470975.035775782831479, 5544814.871787430718541 ], [ 470975.089287557755597, 5544815.49859977979213 ], [ 470965.145838281488977, 5544816.424273772165179 ] ] ] } },
{ "type": "Feature", "properties": { "name": "da741d7b-63a2-4a06-a8a2-55f8c0e70559" }, "geometry": { "type": "Polygon", "coordinates": [ [ [ 470723.644877900660504, 5544913.081203203648329 ], [ 470731.830238296242896, 5544912.337038669735193 ], [ 470730.385312226135284, 5544897.101003559306264 ], [ 470724.50285167444963, 5544883.193492047488689 ], [ 470757.729320423211902, 5544880.120866693556309 ], [ 470758.269353702955414, 5544885.93307182751596 ], [ 470759.055333933327347, 5544894.439141291193664 ], [ 470730.385312226135284, 5544897.101003559306264 ], [ 470731.830238296242896, 5544912.337038669735193 ], [ 470770.336774937983137, 5544908.751934972591698 ], [ 470768.922077790542971, 5544893.525732342153788 ], [ 470768.141888485406525, 5544885.028525020927191 ], [ 470767.769126678991597, 5544881.004427430219948 ], [ 470767.76302326034056, 5544880.935523930937052 ], [ 470766.182792460196652, 5544863.977910776622593 ], [ 470756.866933318378869, 5544864.840501856058836 ], [ 470749.552333067171276, 5544865.516488786786795 ], [ 470704.94929602619959, 5544869.644363421015441 ], [ 470717.320001653337386, 5544898.386682197451591 ], [ 470720.229023931606207, 5544905.144361979328096 ], [ 470723.644877900660504, 5544913.081203203648329 ] ] ] } },
{ "type": "Feature", "properties": { "name": "a4b5c1c6-ccd0-4ad4-8ffe-ff4e45939bbe" }, "geometry": { "type": "Polygon", "coordinates": [ [ [ 470735.468345532659441, 5544782.931561666540802 ], [ 470733.958915775758214, 5544766.638479087501764 ], [ 470732.469336839043535, 5544750.573224993422627 ], [ 470732.431068241596222, 5544750.120897346176207 ], [ 470732.22213279461721, 5544747.914949588477612 ], [ 470746.855177706398536, 5544746.552913567051291 ], [ 470747.059830238460563, 5544748.762220908887684 ], [ 470747.100936727772932, 5544749.21008559409529 ], [ 470750.328879951906856, 5544784.045568564906716 ], [ 470752.376099879562389, 5544806.140864946879447 ], [ 470749.888272981450427, 5544806.372395976446569 ], [ 470737.750357177632395, 5544807.499511897563934 ], [ 470735.468345532659441, 5544782.931561666540802 ] ] ] } },
{ "type": "Feature", "properties": { "name": "f6265d1d-9212-419b-8e25-6358d4d7441c" }, "geometry": { "type": "Polygon", "coordinates": [ [ [ 470901.703705108899157, 5544815.479183371178806 ], [ 470901.6250038362341, 5544815.487394629046321 ], [ 470862.299759095127229, 5544819.123815927654505 ], [ 470858.210055578965694, 5544774.848619013093412 ], [ 470871.950903032382485, 5544773.58740680012852 ], [ 470874.500726489932276, 5544801.439569321461022 ], [ 470886.471275242685806, 5544800.332576886750758 ], [ 470885.194349134108052, 5544786.687810500152409 ], [ 470898.823655730986502, 5544785.456183078698814 ], [ 470898.913095266849268, 5544785.447913370095193 ], [ 470901.703705108899157, 5544815.479183371178806 ] ] ] } },
{ "type": "Feature", "properties": { "name": "ca89fca0-b9f3-4041-b3ac-310ea2bbc291" }, "geometry": { "type": "Polygon", "coordinates": [ [ [ 470750.79809671343537, 5544816.183138805441558 ], [ 470753.285925157077145, 5544815.952720031142235 ], [ 470755.127813857106958, 5544835.717518804594874 ], [ 470752.639284775650594, 5544835.94905253034085 ], [ 470739.778059791482519, 5544837.14349636528641 ], [ 470739.913203882751986, 5544838.55485072825104 ], [ 470726.662742958578747, 5544839.783699751831591 ], [ 470726.528317326854449, 5544838.373453643172979 ], [ 470715.573203023639508, 5544839.389631404541433 ], [ 470713.743289901060052, 5544819.615884155966341 ], [ 470750.79809671343537, 5544816.183138805441558 ] ] ] } },
{ "type": "Feature", "properties": { "name": "4a761f66-dbd7-44a3-8cb2-26990243217a" }, "geometry": { "type": "Polygon", "coordinates": [ [ [ 470775.062981930444948, 5544833.68390640988946 ], [ 470774.765947284118738, 5544833.693312266841531 ], [ 470774.469434118946083, 5544833.667134985327721 ], [ 470774.178453369415365, 5544833.605347190983593 ], [ 470773.897300121316221, 5544833.507925415411592 ], [ 470773.628862061188556, 5544833.37930142134428 ], [ 470773.378859900170937, 5544833.218332069925964 ], [ 470773.150175252812915, 5544833.028337267227471 ], [ 470772.944973887060769, 5544832.812640834599733 ], [ 470772.768278892501257, 5544832.573439095169306 ], [ 470772.620824342942797, 5544832.314063687808812 ], [ 470772.506219856906682, 5544832.040054314769804 ], [ 470772.425193436560221, 5544831.753630764782429 ], [ 470772.379207156365737, 5544831.46034447196871 ], [ 470770.770001575001515, 5544814.047016904689372 ], [ 470769.491805813275278, 5544800.354471042752266 ], [ 470766.269037114281673, 5544765.524508012458682 ], [ 470766.25953442370519, 5544765.226574896834791 ], [ 470766.285830697510391, 5544764.929558046162128 ], [ 470766.347950244031381, 5544764.637904865667224 ], [ 470766.445201512833592, 5544764.356066675856709 ], [ 470766.574739304254763, 5544764.087394678033888 ], [ 470766.73659399925964, 5544763.837448128499091 ], [ 470766.927192386297975, 5544763.607358442619443 ], [ 470767.144417269795667, 5544763.402696615085006 ], [ 470767.383985652239062, 5544763.225709819234908 ], [ 470767.643762108753435, 5544763.078633496537805 ], [ 470767.918753855512477, 5544762.964830583892763 ], [ 470768.206097456160933, 5544762.884316726587713 ], [ 470768.500794049643446, 5544762.83934301417321 ], [ 470782.188661653723102, 5544761.574854209087789 ], [ 470782.494126664474607, 5544761.535381878726184 ], [ 470782.791510786162689, 5544761.458149627782404 ], [ 470783.077240805665497, 5544761.344288852997124 ], [ 470783.347033722442575, 5544761.196046711876988 ], [ 470783.59589067613706, 5544761.01567426789552 ], [ 470783.82024452148471, 5544760.80541477072984 ], [ 470784.016534183057956, 5544760.568623315542936 ], [ 470784.182636372453999, 5544760.309759033843875 ], [ 470784.314274152216967, 5544760.032180931419134 ], [ 470784.410749875532929, 5544759.739228470250964 ], [ 470784.470668250753079, 5544759.43758057244122 ], [ 470784.491899912187364, 5544759.130584521219134 ], [ 470784.47519107023254, 5544758.823795662261546 ], [ 470783.32626244489802, 5544746.381411937996745 ], [ 470783.316760686342604, 5544746.08347880281508 ], [ 470783.34305801615119, 5544745.786462048999965 ], [ 470783.405894588620868, 5544745.494805172085762 ], [ 470783.502425183774903, 5544745.211859362199903 ], [ 470783.632686237862799, 5544744.944295730441809 ], [ 470783.794536245521158, 5544744.693237859755754 ], [ 470783.984426266048104, 5544744.464264555834234 ], [ 470784.201652583666146, 5544744.259603430517018 ], [ 470784.441222389810719, 5544744.082617409527302 ], [ 470784.701000244589522, 5544743.935541925020516 ], [ 470784.97598726436263, 5544743.820628045126796 ], [ 470785.26333214569604, 5544743.740115113556385 ], [ 470785.558029930689372, 5544743.695142345502973 ], [ 470795.505202299216762, 5544742.775786633603275 ], [ 470795.802248090563808, 5544742.767493800260127 ], [ 470796.098050310800318, 5544742.793676186352968 ], [ 470796.388325928186532, 5544742.856580942869186 ], [ 470796.66947742580669, 5544742.952892050147057 ], [ 470796.936499843082856, 5544743.083748715929687 ], [ 470797.186505456629675, 5544743.244719159789383 ], [ 470797.4151869622292, 5544743.433603121899068 ], [ 470797.618965055269655, 5544743.650420137681067 ], [ 470797.795655739901122, 5544743.888510822318494 ], [ 470797.942389506788459, 5544744.146778948605061 ], [ 470798.057000569824595, 5544744.421900681219995 ], [ 470798.138020799029619, 5544744.707212730310857 ], [ 470798.184006340394262, 5544745.000499201007187 ], [ 470801.410890819039196, 5544779.833791716955602 ], [ 470801.42039153771475, 5544780.131724894978106 ], [ 470801.393377546453848, 5544780.428745480254292 ], [ 470801.331256289617158, 5544780.720398253761232 ], [ 470801.234719354717527, 5544781.002231903374195 ], [ 470801.104464397067204, 5544781.270906971767545 ], [ 470800.942614714091178, 5544781.521964333951473 ], [ 470800.752009456628002, 5544781.75094096083194 ], [ 470800.535499911115039, 5544781.955597520805895 ], [ 470800.295215438120067, 5544782.1325867427513 ], [ 470800.03615488728974, 5544782.279657578095794 ], [ 470799.76045368477935, 5544782.394574603065848 ], [ 470799.473826532601379, 5544782.475082862190902 ], [ 470799.179130778473336, 5544782.520054873079062 ], [ 470785.491319293505512, 5544783.785612290725112 ], [ 470785.185861606674735, 5544783.826196305453777 ], [ 470784.888478699722327, 5544783.90342843066901 ], [ 470784.602749854500871, 5544784.017289116978645 ], [ 470784.332958063634578, 5544784.165531204082072 ], [ 470784.084102173743304, 5544784.345903624780476 ], [ 470783.859749318973627, 5544784.556163121946156 ], [ 470783.663460560026579, 5544784.792954595759511 ], [ 470783.498081100231502, 5544785.052926847711205 ], [ 470783.366443997481838, 5544785.330504983663559 ], [ 470783.269962741527706, 5544785.622345626354218 ], [ 470783.210044748848304, 5544785.923993549309671 ], [ 470783.188813290151302, 5544786.230989621020854 ], [ 470783.206237998325378, 5544786.5377745795995 ], [ 470784.360194922890514, 5544798.984579060226679 ], [ 470785.515693969500717, 5544811.452501368708909 ], [ 470785.973673358443193, 5544816.401222259737551 ], [ 470786.014247329498176, 5544816.621153831481934 ], [ 470786.091268974356353, 5544816.829767527990043 ], [ 470786.203998152341228, 5544817.022619850933552 ], [ 470786.348819177597761, 5544817.193059240467846 ], [ 470786.520690735895187, 5544817.335553806275129 ], [ 470786.714583658264019, 5544817.446795362047851 ], [ 470786.924740783753805, 5544817.521255919709802 ], [ 470787.144719459291082, 5544817.558970665559173 ], [ 470787.368064890033565, 5544817.557751077227294 ], [ 470802.2993505076156, 5544816.177558105438948 ], [ 470802.596380092902109, 5544816.167041927576065 ], [ 470802.892894074553624, 5544816.193220770917833 ], [ 470803.184585204871837, 5544816.253894370049238 ], [ 470803.466448590275832, 5544816.350201926194131 ], [ 470803.734892835374922, 5544816.479939265176654 ], [ 470803.985604627698194, 5544816.639794271439314 ], [ 470804.215004710538778, 5544816.829786479473114 ], [ 470804.420205407950561, 5544817.045484103262424 ], [ 470804.597615330771077, 5544817.284682973288 ], [ 470804.745062657631934, 5544817.542947399429977 ], [ 470804.860387703927699, 5544817.818065396510065 ], [ 470804.942128434136976, 5544818.104485519230366 ], [ 470807.121177747729234, 5544827.931660383939743 ], [ 470807.167174282483757, 5544828.22717067040503 ], [ 470807.17739655089099, 5544828.526211826130748 ], [ 470807.15182029013522, 5544828.824336441233754 ], [ 470807.08969932096079, 5544829.115989170968533 ], [ 470806.993169061839581, 5544829.398934592492878 ], [ 470806.862921097897924, 5544829.66872139647603 ], [ 470806.701072644034866, 5544829.919778607785702 ], [ 470806.509759115229826, 5544830.149870809167624 ], [ 470806.292535488435533, 5544830.354531065560877 ], [ 470806.052259092219174, 5544830.532631900161505 ], [ 470805.791769051051233, 5544830.679710289463401 ], [ 470805.51534832053585, 5544830.79351908992976 ], [ 470805.227291990420781, 5544830.874034869484603 ], [ 470804.931883013807237, 5544830.919010482728481 ], [ 470775.062981930444948, 5544833.68390640988946 ] ] ] } },
{ "type": "Feature", "properties": { "name": "e3575b48-dcfb-4634-80b1-c70384129331" }, "geometry": { "type": "Polygon", "coordinates": [ [ [ 470810.697854567843024, 5544741.369730995036662 ], [ 470841.803726954909507, 5544738.493780321441591 ], [ 470842.101488893444184, 5544738.485486157238483 ], [ 470842.398006960866041, 5544738.511667202226818 ], [ 470842.688998103491031, 5544738.574570565484464 ], [ 470842.970148968801368, 5544738.670884104445577 ], [ 470843.237886305432767, 5544738.801739174872637 ], [ 470843.48789070424391, 5544738.962711777538061 ], [ 470843.716576797072776, 5544739.152709564194083 ], [ 470843.921062959590927, 5544739.368412583135068 ], [ 470844.097763826895971, 5544739.608728490769863 ], [ 470844.244495461054612, 5544739.866997875273228 ], [ 470844.359104222618043, 5544740.142120591364801 ], [ 470844.440128096670378, 5544740.428545179776847 ], [ 470844.486111129459459, 5544740.721832039766014 ], [ 470846.673125800210983, 5544764.36747635435313 ], [ 470847.941018235404044, 5544778.043416013941169 ], [ 470852.199325135152321, 5544824.080024250783026 ], [ 470852.208107132755686, 5544824.377961426973343 ], [ 470852.18109058419941, 5544824.67498176638037 ], [ 470852.118245206074789, 5544824.965526010841131 ], [ 470852.020990587538108, 5544825.24736265745014 ], [ 470851.890728143334854, 5544825.514924651011825 ], [ 470851.728877460525837, 5544825.765980489552021 ], [ 470851.538271650555544, 5544825.994955320842564 ], [ 470851.321040089358576, 5544826.198501887731254 ], [ 470851.081471815763507, 5544826.375484941527247 ], [ 470850.821690144250169, 5544826.521445379592478 ], [ 470850.546706018561963, 5544826.636355900205672 ], [ 470850.259358599840198, 5544826.715753498487175 ], [ 470849.964664887229446, 5544826.760722721926868 ], [ 470827.572007508773822, 5544828.820798318833113 ], [ 470827.274978590197861, 5544828.831313110888004 ], [ 470826.978471503010951, 5544828.806244770996273 ], [ 470826.687491122866049, 5544828.744454122148454 ], [ 470826.405634879716672, 5544828.64925719704479 ], [ 470826.137913713697344, 5544828.520626668818295 ], [ 470825.88720314425882, 5544828.360770625993609 ], [ 470825.657094542228151, 5544828.171893245540559 ], [ 470825.451901192136575, 5544827.95730665884912 ], [ 470825.273776705493219, 5544827.71811100281775 ], [ 470825.126336711342447, 5544827.460957863368094 ], [ 470825.010303125891369, 5544827.186955185607076 ], [ 470824.927847755025141, 5544826.900538659654558 ], [ 470822.768844326434191, 5544817.067688105627894 ], [ 470822.722132717142813, 5544816.772181597538292 ], [ 470822.71119545417605, 5544816.473144326359034 ], [ 470822.736772650503553, 5544816.175019794143736 ], [ 470822.79817271680804, 5544815.882259308360517 ], [ 470822.894704063539393, 5544815.599314182065427 ], [ 470823.02495318534784, 5544815.329527779482305 ], [ 470823.1860809372738, 5544815.077363124117255 ], [ 470823.376679875189438, 5544814.847275434061885 ], [ 470823.593898723600432, 5544814.641504030674696 ], [ 470823.834892269049305, 5544814.463400088250637 ], [ 470824.09466774307657, 5544814.316326489672065 ], [ 470824.371083652775269, 5544814.20140680577606 ], [ 470824.659141162817832, 5544814.120892063714564 ], [ 470824.955261012364645, 5544814.074801788665354 ], [ 470834.897321728058159, 5544813.159993479959667 ], [ 470835.116160079138353, 5544813.119884502142668 ], [ 470835.325492342934012, 5544813.043135169893503 ], [ 470835.518166070978623, 5544812.930896359495819 ], [ 470835.687756787927356, 5544812.78653874155134 ], [ 470835.830709482950624, 5544812.614529235288501 ], [ 470835.941333711496554, 5544812.421570165082812 ], [ 470836.0160744592431, 5544812.212128448300064 ], [ 470836.054246176849119, 5544811.991767239756882 ], [ 470836.053033943520859, 5544811.769396960735321 ], [ 470834.327030758082401, 5544793.116938271559775 ], [ 470834.287174466357101, 5544792.897002445533872 ], [ 470834.209438522462733, 5544792.68839197140187 ], [ 470834.097426438587718, 5544792.495534746907651 ], [ 470833.952606289705727, 5544792.325094074010849 ], [ 470833.781451069342438, 5544792.182594086974859 ], [ 470833.587558233586606, 5544792.071350833401084 ], [ 470833.377400780154858, 5544791.996888442896307 ], [ 470833.157421399839222, 5544791.959171794354916 ], [ 470832.934074907680042, 5544791.96038946788758 ], [ 470820.504842945665587, 5544793.104471791535616 ], [ 470820.205664491455536, 5544793.114998682402074 ], [ 470819.907717618101742, 5544793.088826685212553 ], [ 470819.61530957283685, 5544793.028156074695289 ], [ 470819.332013555511367, 5544792.931855480186641 ], [ 470819.062136814696714, 5544792.802125168032944 ], [ 470818.809980535355862, 5544792.640053564682603 ], [ 470818.579858033510391, 5544792.448952789418399 ], [ 470818.373935064359102, 5544792.232146682217717 ], [ 470818.196518882585224, 5544791.99183551222086 ], [ 470818.048343538714107, 5544791.731350928544998 ], [ 470817.933728419884574, 5544791.455116902478039 ], [ 470817.852691725536715, 5544791.166468986310065 ], [ 470815.685071551823057, 5544781.333668590523303 ], [ 470815.637643412104808, 5544781.038166062906384 ], [ 470815.626705709553789, 5544780.739128820598125 ], [ 470815.651566856075078, 5544780.441008175723255 ], [ 470815.712966974417213, 5544780.148247624747455 ], [ 470815.808782764594071, 5544779.865306293591857 ], [ 470815.938316571468022, 5544779.595523638650775 ], [ 470816.099445092491806, 5544779.343358788639307 ], [ 470816.290045023662969, 5544779.113270862028003 ], [ 470816.507265073421877, 5544778.907499185763299 ], [ 470816.747544157144148, 5544778.729398843832314 ], [ 470817.007315124035813, 5544778.581213066354394 ], [ 470817.283726677473169, 5544778.465181175619364 ], [ 470817.571070160483941, 5544778.384669968858361 ], [ 470817.867191935074516, 5544778.338579311035573 ], [ 470831.565780290751718, 5544777.076381830498576 ], [ 470831.7853359542205, 5544777.036268819123507 ], [ 470831.993947672774084, 5544776.958411417901516 ], [ 470832.185906786529813, 5544776.846176399849355 ], [ 470832.356214428960811, 5544776.701814786531031 ], [ 470832.498452142754104, 5544776.529809108003974 ], [ 470832.609077017114032, 5544776.336849980987608 ], [ 470832.683818159857765, 5544776.12740823160857 ], [ 470832.72199608158553, 5544775.908158862031996 ], [ 470832.720777662005275, 5544775.684676745906472 ], [ 470831.91233919019578, 5544766.979694108478725 ], [ 470830.872758704586886, 5544755.796469840221107 ], [ 470830.832908077398315, 5544755.577645902521908 ], [ 470830.755887336737942, 5544755.369031585752964 ], [ 470830.643158507125918, 5544755.176178342662752 ], [ 470830.499053113686386, 5544755.005733866244555 ], [ 470830.327180762193166, 5544754.863237896934152 ], [ 470830.133292574901134, 5544754.753106621094048 ], [ 470829.92384341073921, 5544754.677528611384332 ], [ 470829.703862474183552, 5544754.63981209974736 ], [ 470829.481230282573961, 5544754.641026007942855 ], [ 470813.322650587069802, 5544756.13457768317312 ], [ 470813.024191999575123, 5544756.146212913095951 ], [ 470812.725527172442526, 5544756.120045214891434 ], [ 470812.43311702774372, 5544756.059374993667006 ], [ 470812.149818930076435, 5544755.963074775412679 ], [ 470811.879934094031341, 5544755.832232975400984 ], [ 470811.627781934279483, 5544755.671273563988507 ], [ 470811.397657602385152, 5544755.480173101648688 ], [ 470811.19172687275568, 5544755.262255425564945 ], [ 470811.013593305717222, 5544755.021948407404125 ], [ 470810.866132472117897, 5544754.761460126377642 ], [ 470810.751516217307653, 5544754.485226266086102 ], [ 470810.671194463269785, 5544754.196574565954506 ], [ 470808.499894987326115, 5544744.350454851053655 ], [ 470808.454613734327722, 5544744.054940684698522 ], [ 470808.445113373163622, 5544743.757007512263954 ], [ 470808.472121903963853, 5544743.458875130861998 ], [ 470808.534953806025442, 5544743.166106701828539 ], [ 470808.6322076972574, 5544742.884269298054278 ], [ 470808.763179854897317, 5544742.615590528585017 ], [ 470808.925746967375744, 5544742.364529516547918 ], [ 470809.117779655090999, 5544742.134433540515602 ], [ 470809.335722881485708, 5544741.929769536480308 ], [ 470809.576731402252335, 5544741.753888683393598 ], [ 470809.837225911614951, 5544741.606810516677797 ], [ 470810.114367228932679, 5544741.492998065426946 ], [ 470810.402434528630693, 5544741.413594430312514 ], [ 470810.697854567843024, 5544741.369730995036662 ] ] ] } },
{ "type": "Feature", "properties": { "name": "1efe5016-29be-4b97-a219-b553758190bf" }, "geometry": { "type": "Polygon", "coordinates": [ [ [ 470581.992779509106185, 5544881.065458269789815 ], [ 470582.222601586894598, 5544881.070865786634386 ], [ 470582.449021758744493, 5544881.108536687679589 ], [ 470582.667744966398459, 5544881.178494587540627 ], [ 470582.875173652952071, 5544881.277423615567386 ], [ 470583.066290805872995, 5544881.404239472001791 ], [ 470583.238214712648187, 5544881.555622345767915 ], [ 470583.387360047490802, 5544881.730480064637959 ], [ 470583.510838986490853, 5544881.924380967393517 ], [ 470583.605763707309961, 5544882.132893390022218 ], [ 470588.542139817436691, 5544900.191674099303782 ], [ 470588.619204710586928, 5544900.406956113874912 ], [ 470588.729834599245805, 5544900.607599087059498 ], [ 470588.871839172206819, 5544900.785831872373819 ], [ 470589.040911165066063, 5544900.939454379491508 ], [ 470589.232731088763103, 5544901.064042815938592 ], [ 470589.442263616947457, 5544901.155177333392203 ], [ 470589.664485649846029, 5544901.210661771707237 ], [ 470589.892238795291632, 5544901.230535491369665 ], [ 470601.662240827688947, 5544900.154026443138719 ], [ 470601.912075021769851, 5544900.153765399940312 ], [ 470602.159247485222295, 5544900.190211199223995 ], [ 470602.398747334140353, 5544900.263391381129622 ], [ 470602.624119786836673, 5544900.371117641218007 ], [ 470602.831063691352028, 5544900.512301730923355 ], [ 470603.014543728379067, 5544900.682523777708411 ], [ 470603.170956259942614, 5544900.877356038428843 ], [ 470603.295994029438589, 5544901.09459841158241 ], [ 470603.387472862144932, 5544901.327591586858034 ], [ 470603.443214694503695, 5544901.570788107812405 ], [ 470603.49518490122864, 5544902.169808563776314 ], [ 470603.628086757496931, 5544903.687913231551647 ], [ 470604.192241227836348, 5544909.951397343538702 ], [ 470605.364806226221845, 5544922.455885020084679 ], [ 470605.363990549056325, 5544922.69828044809401 ], [ 470605.328796380956192, 5544922.937529120594263 ], [ 470605.260637071740348, 5544923.17028761934489 ], [ 470605.160907642683014, 5544923.389876968227327 ], [ 470605.031749497458804, 5544923.595173518173397 ], [ 470604.87455765507184, 5544923.779498295858502 ], [ 470604.693608807574492, 5544923.939492145553231 ], [ 470604.49176019144943, 5544924.074027488939464 ], [ 470604.273282386537176, 5544924.178633319213986 ], [ 470604.042458190175239, 5544924.251062334515154 ], [ 470603.804298454488162, 5544924.291287000291049 ], [ 470588.104258714593016, 5544925.752984058111906 ], [ 470581.234821649326477, 5544926.39228623919189 ], [ 470580.930591229407582, 5544926.393959287554026 ], [ 470580.628300426178612, 5544926.357817591167986 ], [ 470580.332250365521759, 5544926.284949382767081 ], [ 470580.048167732311413, 5544926.175323165953159 ], [ 470579.779650047246832, 5544926.032254810445011 ], [ 470579.530282602587249, 5544925.856836481951177 ], [ 470579.305088480294216, 5544925.651264324784279 ], [ 470579.106955484196078, 5544925.419969989918172 ], [ 470578.938765305269044, 5544925.166273284703493 ], [ 470578.803399636177346, 5544924.893494012765586 ], [ 470578.703030449745711, 5544924.606067764572799 ], [ 470567.699337688623928, 5544884.357425274327397 ], [ 470567.658577804453671, 5544884.105251610279083 ], [ 470567.657170874357689, 5544883.84952578227967 ], [ 470567.69300608051708, 5544883.596930715255439 ], [ 470567.766107896226458, 5544883.351913814432919 ], [ 470567.875081344333012, 5544883.121154066175222 ], [ 470568.017087528249249, 5544882.909114632755518 ], [ 470568.188571707578376, 5544882.720262612216175 ], [ 470568.386701098992489, 5544882.56017302069813 ], [ 470568.607186765875667, 5544882.429981337860227 ], [ 470568.805738243099768, 5544882.346609508618712 ], [ 470569.01374247809872, 5544882.289870925247669 ], [ 470581.992779509106185, 5544881.065458269789815 ] ] ] } },
{ "type": "Feature", "properties": { "name": "babd51d2-76de-4fa3-9f44-d65d4865dbc8" }, "geometry": { "type": "Polygon", "coordinates": [ [ [ 470661.891219383222051, 5544780.318003711290658 ], [ 470660.343875500606373, 5544763.679351658560336 ], [ 470669.508196068229154, 5544762.82854378502816 ], [ 470669.418324018944986, 5544761.843906690366566 ], [ 470676.366720456513576, 5544761.203175288625062 ], [ 470683.484697714447975, 5544760.547069147229195 ], [ 470696.675990867544897, 5544759.329557998105884 ], [ 470703.783956927247345, 5544758.674645628780127 ], [ 470710.733077043783851, 5544758.033954977057874 ], [ 470710.822892840020359, 5544759.009697923436761 ], [ 470719.992961591924541, 5544758.160057093948126 ], [ 470720.272184612811543, 5544761.173959852196276 ], [ 470721.537184709042776, 5544774.785399009473622 ], [ 470719.098708080942743, 5544775.011114717461169 ], [ 470668.265020849241409, 5544779.728223642334342 ], [ 470665.123907287314069, 5544780.017858179286122 ], [ 470661.891219383222051, 5544780.318003711290658 ] ] ] } },
{ "type": "Feature", "properties": { "name": "444bcc6f-832e-4fe7-96dc-867b279b0e1c" }, "geometry": { "type": "Polygon", "coordinates": [ [ [ 471014.801135880930815, 5544854.528355449438095 ], [ 471002.258953091979492, 5544855.680411787703633 ], [ 471003.002738676790614, 5544863.340597979724407 ], [ 470983.32982707238989, 5544865.149562022648752 ], [ 470972.215120710548945, 5544866.171639415435493 ], [ 470966.97617182158865, 5544866.653717618435621 ], [ 470965.732830158027355, 5544853.221120258793235 ], [ 470965.838011227664538, 5544853.211654341779649 ], [ 470970.958924990263768, 5544852.74244637042284 ], [ 470985.676917162723839, 5544851.379488402046263 ], [ 470985.001210811024066, 5544844.001353870145977 ], [ 470984.976832316024229, 5544843.730186342261732 ], [ 471013.570021188876126, 5544841.084563217125833 ], [ 471021.00201764178928, 5544840.396071243099868 ], [ 471021.027922381588724, 5544840.685020792298019 ], [ 471021.03016628860496, 5544840.702798785641789 ], [ 471022.223097957903519, 5544853.841031238436699 ], [ 471014.801135880930815, 5544854.528355449438095 ] ] ] } },
{ "type": "Feature", "properties": { "name": "ea5f39cf-edd7-4331-b9e4-cd3b100c57a0" }, "geometry": { "type": "Polygon", "coordinates": [ [ [ 470885.82796470465837, 5544495.569770630449057 ], [ 470885.709881497081369, 5544503.076740687713027 ], [ 470881.015234055696055, 5544503.003331487067044 ], [ 470881.133310680859722, 5544495.496361301280558 ], [ 470885.82796470465837, 5544495.569770630449057 ] ] ] } },
{ "type": "Feature", "properties": { "name": "ec93de1a-b8c7-47a5-88e8-4e23762d46e1" }, "geometry": { "type": "Polygon", "coordinates": [ [ [ 471212.95995592494728, 5544912.230341245420277 ], [ 471204.836176012642682, 5544823.880410085432231 ], [ 471191.957008344761562, 5544872.14768753759563 ], [ 471194.209262986085378, 5544896.637032753787935 ], [ 471183.158981520042289, 5544897.652765867300332 ], [ 471180.906682603876106, 5544873.164536928758025 ], [ 471191.957008344761562, 5544872.14768753759563 ], [ 471204.836176012642682, 5544823.880410085432231 ], [ 471137.967798715806566, 5544830.052564468234777 ], [ 471141.803003480657935, 5544871.378390238620341 ], [ 471147.476256991853006, 5544870.853001268580556 ], [ 471165.992193708661944, 5544869.146498922258615 ], [ 471170.30598733748775, 5544916.169283138588071 ], [ 471212.95995592494728, 5544912.230341245420277 ] ] ] } },
{ "type": "Feature", "properties": { "name": "7e5a197b-96a8-421a-ac65-222563327354" }, "geometry": { "type": "Polygon", "coordinates": [ [ [ 471088.759797540667932, 5544299.75524939969182 ], [ 471088.737132336129434, 5544301.655580017715693 ], [ 471085.675571660627611, 5544301.618753062561154 ], [ 471085.69823577842908, 5544299.718422427773476 ], [ 471088.759797540667932, 5544299.75524939969182 ] ] ] } },
{ "type": "Feature", "properties": { "name": "e3b6b507-8bd9-4cca-9010-a16045c090ad" }, "geometry": { "type": "Polygon", "coordinates": [ [ [ 468253.895115832681768, 5544052.495325987227261 ], [ 468254.895654164254665, 5544049.651851346716285 ], [ 468257.20672433328582, 5544050.477617190219462 ], [ 468256.207577273831703, 5544053.314411808736622 ], [ 468253.895115832681768, 5544052.495325987227261 ] ] ] } },
{ "type": "Feature", "properties": { "name": "ac2126e6-a15a-46fd-ae75-9cc3e3725db0" }, "geometry": { "type": "Polygon", "coordinates": [ [ [ 468608.852226841554511, 5544276.625946530140936 ], [ 468612.515802617301233, 5544277.857552288100123 ], [ 468611.714401107281446, 5544280.255036250688136 ], [ 468608.032219274318777, 5544279.024652099236846 ], [ 468608.852226841554511, 5544276.625946530140936 ] ] ] } },
{ "type": "Feature", "properties": { "name": "d48f7d8c-7eb3-41b3-b24c-cc1601ea8019" }, "geometry": { "type": "Polygon", "coordinates": [ [ [ 470406.015735172550194, 5544896.900851417332888 ], [ 470404.273016453371383, 5544893.09227782022208 ], [ 470406.740885623090435, 5544891.98008269071579 ], [ 470408.472112579678651, 5544895.782049325294793 ], [ 470406.015735172550194, 5544896.900851417332888 ] ] ] } },
{ "type": "Feature", "properties": { "name": "041112bf-65a1-4371-b6c3-f5ead5f7054a" }, "geometry": { "type": "Polygon", "coordinates": [ [ [ 470402.423286743229255, 5544898.537407274357975 ], [ 470400.192011309787631, 5544893.632995203137398 ], [ 470403.755186720285565, 5544892.009942457079887 ], [ 470405.997882219497114, 5544896.908733377233148 ], [ 470402.423286743229255, 5544898.537407274357975 ] ] ] } },
{ "type": "Feature", "properties": { "name": "2379d8f4-6b26-4743-9faa-e498ecd6b2e7" }, "geometry": { "type": "Polygon", "coordinates": [ [ [ 470188.064470126177184, 5544383.550440294668078 ], [ 470189.81564562197309, 5544381.752772429957986 ], [ 470193.661882684915327, 5544385.525096094235778 ], [ 470194.450132254394703, 5544386.297912591136992 ], [ 470192.669462014629971, 5544388.070169911719859 ], [ 470191.916483985027298, 5544387.331625606864691 ], [ 470188.064470126177184, 5544383.550440294668078 ] ] ] } },
{ "type": "Feature", "properties": { "name": "279eb638-4386-4266-8a2b-6d9a99d95a46" }, "geometry": { "type": "Polygon", "coordinates": [ [ [ 469911.150571889360435, 5541927.212310975417495 ], [ 469918.71022496180376, 5541918.967490055598319 ], [ 469918.194730751623865, 5541918.495612714439631 ], [ 469919.817146188521292, 5541916.725278760306537 ], [ 469920.332646668073721, 5541917.198268102481961 ], [ 469961.631053424614947, 5541872.158742910251021 ], [ 469989.644974101567641, 5541841.608403671532869 ], [ 469990.873244672489818, 5541842.734526824206114 ], [ 469996.486742726818193, 5541836.612187659367919 ], [ 470144.206723980896641, 5541972.064203382469714 ], [ 470138.593202856951393, 5541978.186388874426484 ], [ 470139.818527366733178, 5541979.309226623736322 ], [ 470115.977749219338875, 5542005.309026156552136 ], [ 470070.505922961572651, 5542054.899385727010667 ], [ 470071.022113097889815, 5542055.372385567985475 ], [ 470069.398968379187863, 5542057.141566217876971 ], [ 470068.883494486857671, 5542056.668562525883317 ], [ 470060.722969968570396, 5542065.5692068208009 ], [ 470059.498358168289997, 5542064.4452711828053 ], [ 470057.970621391898021, 5542066.111628825776279 ], [ 470053.106030587223358, 5542061.651281274855137 ], [ 469910.250265668553766, 5541930.659754236228764 ], [ 469911.150571889360435, 5541927.212310975417495 ] ] ] } },
{ "type": "Feature", "properties": { "name": "ecf95ed7-bcb0-46da-baa3-c39d2bef5114" }, "geometry": { "type": "Polygon", "coordinates": [ [ [ 469600.333501440531109, 5542106.738883811980486 ], [ 469600.332778913900256, 5542106.737776032648981 ], [ 469581.943101113080047, 5542067.350385178811848 ], [ 469584.408287691592705, 5542066.19447842054069 ], [ 469584.454624680161942, 5542066.282053893432021 ], [ 469589.450735297694337, 5542063.942073453217745 ], [ 469589.414463336637709, 5542063.861112066544592 ], [ 469589.420896685216576, 5542063.858851762488484 ], [ 469591.868263049807865, 5542062.717504152096808 ], [ 469598.810880870441906, 5542077.616217211820185 ], [ 469599.932574540493079, 5542080.02374466881156 ], [ 469602.07081976783229, 5542084.612573243677616 ], [ 469603.20410256460309, 5542087.043385115452111 ], [ 469603.758787151542492, 5542088.234397611580789 ], [ 469601.307176938804332, 5542089.383547189645469 ], [ 469601.363729851611424, 5542089.504421272315085 ], [ 469597.140481621026993, 5542091.469745698384941 ], [ 469603.540210414095782, 5542105.245211067609489 ], [ 469600.333501440531109, 5542106.738883811980486 ] ] ] } },
{ "type": "Feature", "properties": { "name": "cb503495-2a80-4309-99c1-b379930c13a6" }, "geometry": { "type": "Polygon", "coordinates": [ [ [ 469508.251177169498987, 5542149.626303650438786 ], [ 469597.410392500343733, 5542108.100857981480658 ], [ 469606.118299718596973, 5542104.045309769921005 ], [ 469671.335714270477183, 5542073.644685312174261 ], [ 469676.808395586907864, 5542071.094165366142988 ], [ 469680.052289599552751, 5542069.582538239657879 ], [ 469725.717736831109505, 5542048.302912543527782 ], [ 469731.192618263943586, 5542045.752436336129904 ], [ 469773.556556894560345, 5542025.994039588607848 ], [ 469776.572790168866049, 5542032.485968972556293 ], [ 469816.083716623426881, 5542014.04380558617413 ], [ 469816.189576772565488, 5542014.272256448864937 ], [ 469818.824301136715803, 5542013.065468065440655 ], [ 469828.872514991089702, 5542033.649809303693473 ], [ 469825.819213155249599, 5542035.057978436350822 ], [ 469825.897511389106512, 5542035.225431323051453 ], [ 469786.480414988240227, 5542053.645868877880275 ], [ 469789.442303919931874, 5542060.159237892366946 ], [ 469785.101824699202552, 5542062.181780497543514 ], [ 469761.209962671389803, 5542073.31538796890527 ], [ 469755.332197427051142, 5542076.05379366222769 ], [ 469752.496895418211352, 5542077.374046963639557 ], [ 469695.975527434027754, 5542103.707226032391191 ], [ 469693.153831107425503, 5542105.021874680183828 ], [ 469690.014967917581089, 5542106.485088646411896 ], [ 469689.920673129730858, 5542106.528985824435949 ], [ 469687.267565609596204, 5542107.764851528219879 ], [ 469608.989341147302184, 5542144.236895748414099 ], [ 469602.835999891103711, 5542147.104901251383126 ], [ 469600.27865173126338, 5542148.295791597105563 ], [ 469524.171722575498279, 5542183.753844072110951 ], [ 469518.726374522550032, 5542186.292135964147747 ], [ 469515.472588460717816, 5542187.807254185900092 ], [ 469437.19312638201518, 5542224.285179676488042 ], [ 469434.595148716762196, 5542225.497507699765265 ], [ 469431.362128918641247, 5542227.00366397574544 ], [ 469430.984972979582381, 5542227.180382862687111 ], [ 469428.481979436415713, 5542228.344360632821918 ], [ 469361.077548698754981, 5542259.736729676835239 ], [ 469354.031577809539158, 5542263.020417102612555 ], [ 469352.486524939362425, 5542263.740865947678685 ], [ 469350.206438340886962, 5542264.802423426881433 ], [ 469317.593997001182288, 5542280.00852851010859 ], [ 469313.040317035745829, 5542282.134972922503948 ], [ 469313.117905320250429, 5542282.301310680806637 ], [ 469311.416616750124376, 5542283.127183974720538 ], [ 469306.568526257236954, 5542272.751084883697331 ], [ 469306.802102777117398, 5542272.641893217340112 ], [ 469300.362244153453503, 5542258.838094572536647 ], [ 469300.215097104432061, 5542258.90676315035671 ], [ 469295.296296196174808, 5542248.572219346649945 ], [ 469297.0157023005886, 5542247.781817421317101 ], [ 469297.117219296633266, 5542247.999164347536862 ], [ 469301.683813832351007, 5542245.872632683254778 ], [ 469334.295786936942022, 5542230.680890253745019 ], [ 469340.152457942254841, 5542227.952145754359663 ], [ 469345.180528272525407, 5542225.609527540393174 ], [ 469412.563757225463632, 5542194.207077499479055 ], [ 469418.240487944800407, 5542191.560614729300141 ], [ 469421.287801846978255, 5542190.14112632907927 ], [ 469466.594802687352058, 5542169.033655893057585 ], [ 469506.133172734233085, 5542150.61348651535809 ], [ 469508.251177169498987, 5542149.626303650438786 ] ] ] } },
{ "type": "Feature", "properties": { "name": "7c6cf3a0-7a21-401d-aa1b-f9c4f25c0a2c" }, "geometry": { "type": "Polygon", "coordinates": [ [ [ 469609.351548963575624, 5542160.857478815130889 ], [ 469602.896003614529036, 5542147.076763547956944 ], [ 469606.164118822372984, 5542145.553834508173168 ], [ 469622.642540897650179, 5542180.914907831698656 ], [ 469622.836083413101733, 5542180.817076023668051 ], [ 469624.837857625389006, 5542185.095361076295376 ], [ 469622.173414155957289, 5542186.343554719351232 ], [ 469622.044548466743436, 5542186.100783640518785 ], [ 469622.012587636592798, 5542186.022021333687007 ], [ 469617.042266480624676, 5542188.345148226246238 ], [ 469617.070583263179287, 5542188.412812358699739 ], [ 469617.154448206420057, 5542188.676964440383017 ], [ 469614.492904646380339, 5542189.930704901926219 ], [ 469612.506911906471942, 5542185.657893465831876 ], [ 469612.716939367935993, 5542185.562191494740546 ], [ 469607.659627744404133, 5542174.704456680454314 ], [ 469606.527081124135293, 5542172.273639551363885 ], [ 469604.388867267873138, 5542167.6836968800053 ], [ 469603.25486637186259, 5542165.249553048051894 ], [ 469602.713238904252648, 5542164.086263464763761 ], [ 469605.205607177398633, 5542162.931323286145926 ], [ 469605.211324206204154, 5542162.929067067801952 ], [ 469605.161287417344283, 5542162.820386652834713 ], [ 469609.351548963575624, 5542160.857478815130889 ] ] ] } },
{ "type": "Feature", "properties": { "name": "04a789fc-8fc6-4637-8a84-d81cebab51ca" }, "geometry": { "type": "Polygon", "coordinates": [ [ [ 469327.238667229539715, 5542186.013615794479847 ], [ 469327.13124235329451, 5542185.765169442631304 ], [ 469329.796328595082741, 5542184.515712762251496 ], [ 469331.773953912896104, 5542188.788469447754323 ], [ 469331.576068736612797, 5542188.877441643737257 ], [ 469341.036297274462413, 5542209.1940684216097 ], [ 469341.583054502611049, 5542210.368421578779817 ], [ 469339.120920947985724, 5542211.536654768511653 ], [ 469339.180387927626725, 5542211.665292642079294 ], [ 469334.992911710462067, 5542213.590593431144953 ], [ 469334.94005301175639, 5542213.615357589907944 ], [ 469341.333885195024777, 5542227.392774868756533 ], [ 469341.336794552917127, 5542227.400541390292346 ], [ 469340.152457942254841, 5542227.952145754359663 ], [ 469338.142374403192662, 5542228.888743069954216 ], [ 469321.654329582932405, 5542193.528581001795828 ], [ 469321.464354828698561, 5542193.623067666776478 ], [ 469319.446564629266504, 5542189.34164978004992 ], [ 469322.119582892570179, 5542188.102150730788708 ], [ 469322.251358868088573, 5542188.350457463413477 ], [ 469322.284660961769987, 5542188.412532094866037 ], [ 469327.274955111613963, 5542186.096799126826227 ], [ 469327.238667229539715, 5542186.013615794479847 ] ] ] } },
{ "type": "Feature", "properties": { "name": "c77b6fc7-67bc-4ec7-ad7c-c5fa3f7720b0" }, "geometry": { "type": "Polygon", "coordinates": [ [ [ 469764.942174612486269, 5542114.644083870574832 ], [ 469758.752025941153988, 5542101.377599556930363 ], [ 469756.60163335892139, 5542096.768764386884868 ], [ 469755.474233868881129, 5542094.352341934107244 ], [ 469754.922492616635282, 5542093.169080588035285 ], [ 469757.387540515919682, 5542091.984345517121255 ], [ 469757.400394723459613, 5542091.977601625025272 ], [ 469757.361241792677902, 5542091.89331974927336 ], [ 469761.582354667363688, 5542089.920351134613156 ], [ 469761.57727208500728, 5542089.908149138092995 ], [ 469755.18330545182107, 5542076.195843666791916 ], [ 469758.057893984194379, 5542074.856467922218144 ], [ 469758.400070801086258, 5542074.696648108772933 ], [ 469774.851558742986526, 5542109.996065088547766 ], [ 469775.050873934931587, 5542109.904877549037337 ], [ 469777.057552560407203, 5542114.180966670624912 ], [ 469774.385147906723432, 5542115.426904927939177 ], [ 469774.269110286666546, 5542115.171827148646116 ], [ 469774.233393792354036, 5542115.188706996850669 ], [ 469769.292174626665656, 5542117.488177242688835 ], [ 469769.265750093443785, 5542117.50166901666671 ], [ 469769.378188009490259, 5542117.753431370481849 ], [ 469766.723032498557586, 5542119.009283042512834 ], [ 469764.728566901292652, 5542114.74091190751642 ], [ 469764.942174612486269, 5542114.644083870574832 ] ] ] } },
{ "type": "Feature", "properties": { "name": "4be42ec9-178d-4518-b5b2-baa338fa63dd" }, "geometry": { "type": "Polygon", "coordinates": [ [ [ 470031.961265251098666, 5542084.711028230376542 ], [ 470037.044715271971654, 5542089.372494365088642 ], [ 470038.039658771071117, 5542090.28422886133194 ], [ 470028.513820735737681, 5542100.672477792948484 ], [ 470012.313857014698442, 5542085.817273660562932 ], [ 469894.563024295144714, 5541977.847220159135759 ], [ 469878.363034945272375, 5541962.992417194880545 ], [ 469887.212530948221684, 5541953.340436210855842 ], [ 469880.802637534099631, 5541947.463502272963524 ], [ 469900.579752121062484, 5541925.894099466502666 ], [ 469904.751474003656767, 5541921.345294834114611 ], [ 469911.150571889360435, 5541927.212310975417495 ], [ 469910.250265668553766, 5541930.659754236228764 ], [ 470053.106030587223358, 5542061.651281274855137 ], [ 470031.961265251098666, 5542084.711028230376542 ], [ 470031.961265251098666, 5542084.711028230376542 ] ] ] } },
{ "type": "Feature", "properties": { "name": "3abe84ab-9dca-416c-b146-dd833e3f24ca" }, "geometry": { "type": "Polygon", "coordinates": [ [ [ 469696.335260735882912, 5542120.317818424664438 ], [ 469689.938082552864216, 5542106.567803142592311 ], [ 469689.920673129730858, 5542106.528985824435949 ], [ 469690.014967917581089, 5542106.485088646411896 ], [ 469693.153831107425503, 5542105.021874680183828 ], [ 469709.623975063848775, 5542140.393262902274728 ], [ 469709.817539483658038, 5542140.298769794404507 ], [ 469711.832841346855275, 5542144.572562520392239 ], [ 469709.159053284383845, 5542145.821877154521644 ], [ 469709.015231998288073, 5542145.593643100000918 ], [ 469708.978309078491293, 5542145.523803417570889 ], [ 469704.002133115252946, 5542147.837986784987152 ], [ 469704.029010292957537, 5542147.90454762801528 ], [ 469704.144258887390606, 5542148.146285805851221 ], [ 469701.471266086446121, 5542149.408942403271794 ], [ 469699.474491018685512, 5542145.119482290931046 ], [ 469699.683076600951608, 5542145.021568161435425 ], [ 469694.618654882360715, 5542134.148227122612298 ], [ 469693.507161458139308, 5542131.761748168617487 ], [ 469691.361756628495641, 5542127.156245974823833 ], [ 469690.233579778519925, 5542124.733170027844608 ], [ 469689.681820778583642, 5542123.548803457990289 ], [ 469692.151250999013428, 5542122.384027093648911 ], [ 469693.031308115110733, 5542121.96987313311547 ], [ 469692.98998056963319, 5542121.881156497634947 ], [ 469696.335260735882912, 5542120.317818424664438 ] ] ] } },
{ "type": "Feature", "properties": { "name": "f155984e-ee35-4a63-9652-2ff6cfe6e058" }, "geometry": { "type": "Polygon", "coordinates": [ [ [ 469491.553350952686742, 5542109.47127734683454 ], [ 469491.45091407262953, 5542109.217239951714873 ], [ 469494.103887927951291, 5542107.965711191296577 ], [ 469496.091442192322575, 5542112.239582367241383 ], [ 469495.870017803739756, 5542112.346472647041082 ], [ 469500.95489345130045, 5542123.215065389871597 ], [ 469502.079461594577879, 5542125.618108950555325 ], [ 469504.227096859016456, 5542130.209069697186351 ], [ 469505.355287485872395, 5542132.619876488111913 ], [ 469505.914311961096246, 5542133.81530191283673 ], [ 469503.447747243568301, 5542134.972365125082433 ], [ 469503.495593397994526, 5542135.073273906484246 ], [ 469499.283882230578456, 5542137.039722515270114 ], [ 469499.256742252153344, 5542137.053219704888761 ], [ 469505.63654150115326, 5542150.815341892652214 ], [ 469505.647417601547204, 5542150.838629480451345 ], [ 469502.47576839645626, 5542152.316595433279872 ], [ 469485.96430422749836, 5542116.968303999863565 ], [ 469485.765013128460851, 5542117.062837861478329 ], [ 469483.763128049962688, 5542112.789052099920809 ], [ 469486.399783858039882, 5542111.565409538336098 ], [ 469486.54584659228567, 5542111.808079400099814 ], [ 469486.587779811292421, 5542111.876777139492333 ], [ 469491.57805698516313, 5542109.53340198751539 ], [ 469491.553350952686742, 5542109.47127734683454 ] ] ] } },
{ "type": "Feature", "properties": { "name": "380adc73-f1bc-464b-8202-bb9f6daf16a2" }, "geometry": { "type": "Polygon", "coordinates": [ [ [ 469404.57869302056497, 5542149.985316155478358 ], [ 469404.465509617642965, 5542149.731341784819961 ], [ 469407.122753299423493, 5542148.481968824751675 ], [ 469409.107561453653034, 5542152.766943029128015 ], [ 469408.912576625938527, 5542152.862567061558366 ], [ 469413.956539952370804, 5542163.691285188309848 ], [ 469417.236268725246191, 5542170.733005604706705 ], [ 469418.91927120363107, 5542174.345906438305974 ], [ 469416.462035311502405, 5542175.499621227383614 ], [ 469416.516417518083472, 5542175.616058273240924 ], [ 469412.326940332364757, 5542177.576889607124031 ], [ 469412.289083112846129, 5542177.594895998016 ], [ 469418.694089187425561, 5542191.350101872347295 ], [ 469418.240487944800407, 5542191.560614729300141 ], [ 469415.496058015385643, 5542192.840501294471323 ], [ 469398.976240533578675, 5542157.489183566533029 ], [ 469398.779132852214389, 5542157.589267635717988 ], [ 469396.779315886495169, 5542153.311054244637489 ], [ 469399.448072540923022, 5542152.071618572808802 ], [ 469399.573380837508012, 5542152.3166284840554 ], [ 469399.604527269257233, 5542152.377604024484754 ], [ 469399.622387990180869, 5542152.369718769565225 ], [ 469404.613515748584177, 5542150.062948955222964 ], [ 469404.57869302056497, 5542149.985316155478358 ] ] ] } },
{ "type": "Feature", "properties": { "name": "b8dd0cee-c624-4a85-ae5f-a239abd40de6" }, "geometry": { "type": "Polygon", "coordinates": [ [ [ 469717.492288889363408, 5542004.213278692215681 ], [ 469717.374103823443875, 5542003.959326167590916 ], [ 469720.022878267802298, 5542002.706822415813804 ], [ 469722.028188577736728, 5542006.979563097469509 ], [ 469721.823957414075267, 5542007.08857047278434 ], [ 469727.838946489966474, 5542019.996864529326558 ], [ 469728.946080485591665, 5542022.371144212782383 ], [ 469731.828856381587684, 5542028.558035898022354 ], [ 469729.387966525740921, 5542029.71262501180172 ], [ 469729.435840740508866, 5542029.819095013663173 ], [ 469725.206222791050095, 5542031.814374166540802 ], [ 469725.185508873313665, 5542031.824498220346868 ], [ 469731.59408547799103, 5542045.564482618123293 ], [ 469731.192618263943586, 5542045.752436336129904 ], [ 469728.353021165123209, 5542047.074950306676328 ], [ 469711.889207689382602, 5542011.710143570788205 ], [ 469711.699967356806155, 5542011.810171489603817 ], [ 469709.694612780993339, 5542007.530763541348279 ], [ 469712.348510481358971, 5542006.298240844160318 ], [ 469712.475956380483694, 5542006.543245825916529 ], [ 469712.510034142527729, 5542006.616437263786793 ], [ 469712.542176327784546, 5542006.600689111277461 ], [ 469717.519160304334946, 5542004.278727744705975 ], [ 469717.492288889363408, 5542004.213278692215681 ] ] ] } },
{ "type": "Feature", "properties": { "name": "5338c4d8-c565-4d7a-8a54-2b86a88da518" }, "geometry": { "type": "Polygon", "coordinates": [ [ [ 469894.563024295144714, 5541977.847220159135759 ], [ 470012.313857014698442, 5542085.817273660562932 ], [ 470003.463306267396547, 5542110.111421030014753 ], [ 470005.993918822903652, 5542111.033448656089604 ], [ 470008.156652963836677, 5542105.098342126235366 ], [ 470010.131765405880287, 5542105.817785243503749 ], [ 470010.097910240874626, 5542105.91137289814651 ], [ 470012.348621107928921, 5542106.731566296890378 ], [ 470009.433235895936377, 5542114.733426631428301 ], [ 470006.99736508494243, 5542113.846446895971894 ], [ 470006.962793814425822, 5542113.940038583241403 ], [ 470002.641518938180525, 5542112.365360902622342 ], [ 469991.544413650932256, 5542142.825268231332302 ], [ 469992.164501857711002, 5542143.050840550102293 ], [ 469987.801732556079514, 5542155.025794775225222 ], [ 469987.181639307469595, 5542154.799111114814878 ], [ 469983.792356681311503, 5542165.133034704253078 ], [ 469962.789533826289698, 5542156.426925963722169 ], [ 469958.557157754315995, 5542152.821489604189992 ], [ 469958.18342570355162, 5542153.229423264041543 ], [ 469957.919067823211662, 5542152.961831193417311 ], [ 469955.674475355248433, 5542150.677278432995081 ], [ 469953.088363256771117, 5542148.542523342184722 ], [ 469952.914229738991708, 5542148.398955933749676 ], [ 469953.287955495296046, 5542147.989910062402487 ], [ 469950.367895217146724, 5542145.312208347022533 ], [ 469949.984908699814696, 5542145.730201445519924 ], [ 469920.337789502809756, 5542118.545497138984501 ], [ 469920.720059490588028, 5542118.127505959942937 ], [ 469918.108821063826326, 5542115.732728464528918 ], [ 469917.735089436057024, 5542116.140664924867451 ], [ 469915.226102519489359, 5542113.588539050891995 ], [ 469912.46581436850829, 5542111.309125545434654 ], [ 469912.840262154582888, 5542110.901184694841504 ], [ 469910.331972582731396, 5542108.60145428031683 ], [ 469909.948986493749544, 5542109.019450219348073 ], [ 469880.302177730482072, 5542081.834963520988822 ], [ 469880.685163502057549, 5542081.41696547716856 ], [ 469878.176846358459443, 5542079.117250121198595 ], [ 469877.80239893036196, 5542079.525193376466632 ], [ 469875.293369657243602, 5542076.971974371932447 ], [ 469872.533768147637602, 5542074.693689258769155 ], [ 469872.907499303051736, 5542074.285749665461481 ], [ 469870.29694066522643, 5542071.892103299498558 ], [ 469869.916084890894126, 5542072.306754450313747 ], [ 469840.267444176657591, 5542045.123609282076359 ], [ 469840.649719560344238, 5542044.706724273972213 ], [ 469837.728830611566082, 5542042.029088008217514 ], [ 469837.354383601166774, 5542042.437034070491791 ], [ 469834.845317753264681, 5542039.88383402209729 ], [ 469832.085679962357972, 5542037.605569742619991 ], [ 469832.459410695242696, 5542037.197627350687981 ], [ 469828.872514991089702, 5542033.649809303693473 ], [ 469818.824301136715803, 5542013.065468065440655 ], [ 469828.013665602658875, 5542008.850795372389257 ], [ 469827.735257543856278, 5542008.253060016781092 ], [ 469839.287417567742523, 5542002.870960378088057 ], [ 469839.565824601915665, 5542003.468696325086057 ], [ 469861.342183761182241, 5541993.323582909069955 ], [ 469860.204633272020146, 5541990.880511023104191 ], [ 469854.478173524606973, 5541993.547905992716551 ], [ 469853.477658631454688, 5541991.400936360470951 ], [ 469853.567665657959878, 5541991.358178126625717 ], [ 469852.668649086379446, 5541989.428565973415971 ], [ 469860.388940826058388, 5541985.831531970761716 ], [ 469861.287961445574183, 5541987.762257246300578 ], [ 469861.377968594548292, 5541987.719499141909182 ], [ 469863.517469389014877, 5541992.31064635142684 ], [ 469894.563024295144714, 5541977.847220159135759 ] ] ] } },
{ "type": "Feature", "properties": { "name": "1005ade4-6171-448d-979f-ecce03680055" }, "geometry": { "type": "Polygon", "coordinates": [ [ [ 469257.437758372456301, 5542218.52289333101362 ], [ 469257.337499249668326, 5542218.275519080460072 ], [ 469259.99897863244405, 5542217.027159872464836 ], [ 469261.978182818624191, 5542221.317672488279641 ], [ 469261.797507909650449, 5542221.409884136170149 ], [ 469266.857028632657602, 5542232.287300664000213 ], [ 469271.239952608710155, 5542241.710926386527717 ], [ 469271.78817353938939, 5542242.888599842786789 ], [ 469269.309533642488532, 5542244.045841386541724 ], [ 469269.369001958053559, 5542244.174478497356176 ], [ 469265.173141126753762, 5542246.12767967954278 ], [ 469265.151706318894867, 5542246.136697784997523 ], [ 469276.257580160803627, 5542270.007352254353464 ], [ 469277.53023055579979, 5542272.741953184828162 ], [ 469279.893915500550065, 5542271.64875218924135 ], [ 469301.645723272988107, 5542261.589317249134183 ], [ 469305.557787696307059, 5542269.974947896786034 ], [ 469284.452129761164542, 5542279.801612539216876 ], [ 469280.44558463874273, 5542281.666989131830633 ], [ 469278.670811549935024, 5542286.536101443693042 ], [ 469263.170402768824715, 5542329.058973111212254 ], [ 469255.375530054385308, 5542350.445215160027146 ], [ 469253.974498834402766, 5542354.288145977072418 ], [ 469254.167547415883746, 5542354.355974132195115 ], [ 469252.56944197928533, 5542358.801565939560533 ], [ 469249.809187904233113, 5542357.803381003439426 ], [ 469249.901500520471018, 5542357.540446358732879 ], [ 469249.92686794832116, 5542357.46802824921906 ], [ 469244.737742928031366, 5542355.558709564618766 ], [ 469244.700277126976289, 5542355.644539795815945 ], [ 469244.591415927978233, 5542355.894226994365454 ], [ 469241.832514547510073, 5542354.882695775479078 ], [ 469243.457232396525797, 5542350.458073621615767 ], [ 469243.663946186483372, 5542350.53582985047251 ], [ 469245.071340054564644, 5542346.679517147131264 ], [ 469251.786759895796422, 5542328.27041104529053 ], [ 469254.362643701548222, 5542329.212949802167714 ], [ 469254.384173928934615, 5542329.220609346404672 ], [ 469254.415200800460298, 5542329.135928048752248 ], [ 469258.767291555297561, 5542330.70426650904119 ], [ 469259.699449319916312, 5542328.149366204626858 ], [ 469275.240919409145135, 5542285.547304974868894 ], [ 469277.144755740475375, 5542280.329431508667767 ], [ 469277.17718374816468, 5542280.239182900637388 ], [ 469276.960752077109646, 5542280.340494305826724 ], [ 469275.27854214515537, 5542276.752093765884638 ], [ 469275.428546772687696, 5542276.682296210899949 ], [ 469274.361124333285261, 5542274.390159368515015 ], [ 469251.844273937342223, 5542226.043544943444431 ], [ 469251.662921472918242, 5542226.14243212621659 ], [ 469249.647248422785196, 5542221.86325150821358 ], [ 469252.308749793970492, 5542220.619335842318833 ], [ 469252.44410924159456, 5542220.867620315402746 ], [ 469252.479586089029908, 5542220.934129565022886 ], [ 469257.468272849393543, 5542218.59832616802305 ], [ 469257.437758372456301, 5542218.52289333101362 ], [ 469257.437758372456301, 5542218.52289333101362 ] ] ] } },
{ "type": "Feature", "properties": { "name": "3dccc7d5-9c91-4f3f-b9c1-3e68951d67af" }, "geometry": { "type": "Polygon", "coordinates": [ [ [ 469437.767897155485116, 5542240.785573517903686 ], [ 469431.534704220131971, 5542227.374047515913844 ], [ 469431.362128918641247, 5542227.00366397574544 ], [ 469434.595148716762196, 5542225.497507699765265 ], [ 469434.732198523648549, 5542225.792486121878028 ], [ 469451.066497747669928, 5542260.841428143903613 ], [ 469451.255084360251203, 5542260.754737166687846 ], [ 469453.266277893795632, 5542265.03290590737015 ], [ 469450.592571430257522, 5542266.27567929122597 ], [ 469450.479373559879605, 5542266.018368381075561 ], [ 469450.430944564228412, 5542265.940812916494906 ], [ 469445.441554381977767, 5542268.28533539455384 ], [ 469445.464853242214303, 5542268.351915398612618 ], [ 469445.585910389083438, 5542268.605845705606043 ], [ 469442.916580767836422, 5542269.861940577626228 ], [ 469440.922575656091794, 5542265.584789408370852 ], [ 469441.128249034460168, 5542265.480210424400866 ], [ 469436.062725626572501, 5542254.61267361138016 ], [ 469434.941728543664794, 5542252.208511137403548 ], [ 469432.79906254785601, 5542247.611989416182041 ], [ 469431.668631424661726, 5542245.186755712144077 ], [ 469431.121181284310296, 5542244.01239747274667 ], [ 469433.584124515356962, 5542242.859768313355744 ], [ 469433.530465885240119, 5542242.744438843801618 ], [ 469437.767897155485116, 5542240.785573517903686 ] ] ] } },
{ "type": "Feature", "properties": { "name": "b7662d9c-2a7d-4876-a636-39aaad1fba71" }, "geometry": { "type": "Polygon", "coordinates": [ [ [ 469860.267322874744423, 5541888.763864716514945 ], [ 469871.956662990618497, 5541876.01263047195971 ], [ 469873.014534574002028, 5541874.856993447057903 ], [ 469877.310652864747681, 5541878.794457169249654 ], [ 469877.22096272977069, 5541878.893919136375189 ], [ 469880.676383462327067, 5541880.066418800503016 ], [ 469881.069399909465574, 5541881.047111167572439 ], [ 469882.816119248047471, 5541882.657297614961863 ], [ 469883.829872687114403, 5541882.954027689062059 ], [ 469882.882076818146743, 5541884.069015756249428 ], [ 469885.573834051378071, 5541886.366589943878353 ], [ 469890.074453460401855, 5541890.499716691672802 ], [ 469877.329465735587291, 5541904.420989570207894 ], [ 469860.267322874744423, 5541888.763864716514945 ] ] ] } },
{ "type": "Feature", "properties": { "name": "7fae9403-7425-47fb-86ad-a7a52513892c" }, "geometry": { "type": "Polygon", "coordinates": [ [ [ 469360.456968755170237, 5542276.8243617862463 ], [ 469360.434486863785423, 5542276.775567592121661 ], [ 469354.031577809539158, 5542263.020417102612555 ], [ 469357.233124617952853, 5542261.528848229907453 ], [ 469373.727854734752327, 5542296.882409770973027 ], [ 469373.73142295848811, 5542296.880165596492589 ], [ 469373.92926664132392, 5542296.784523850306869 ], [ 469375.930501596594695, 5542301.066056865267456 ], [ 469373.256121000740677, 5542302.309985022060573 ], [ 469373.095734404516406, 5542302.067400115542114 ], [ 469373.061007573443931, 5542302.006445202045143 ], [ 469368.108025518304203, 5542304.318587657064199 ], [ 469368.133473756723106, 5542304.385155038908124 ], [ 469368.251700854627416, 5542304.644659246318042 ], [ 469365.58667241333751, 5542305.895209067501128 ], [ 469363.594025151396636, 5542301.613630683161318 ], [ 469363.799004913656972, 5542301.513500194996595 ], [ 469358.742794527031947, 5542290.668219095095992 ], [ 469357.611609580286313, 5542288.240781172178686 ], [ 469355.468890839954838, 5542283.644289935939014 ], [ 469354.338438250590116, 5542281.220184159465134 ], [ 469353.790245715761557, 5542280.043614114634693 ], [ 469356.274482598819304, 5542278.863030052743852 ], [ 469356.28876824042527, 5542278.856276992708445 ], [ 469356.2488813707605, 5542278.769778413698077 ], [ 469360.456968755170237, 5542276.8243617862463 ] ] ] } },
{ "type": "Feature", "properties": { "name": "65b252f5-4364-4bb4-90dd-a78462fe7943" }, "geometry": { "type": "Polygon", "coordinates": [ [ [ 469528.108355337753892, 5542224.950033227913082 ], [ 469521.936526336241513, 5542211.712620651349425 ], [ 469519.786669071763754, 5542207.100539558567107 ], [ 469518.662068491394166, 5542204.687485456466675 ], [ 469518.103035040083341, 5542203.488723073154688 ], [ 469520.617436299857218, 5542202.31026813108474 ], [ 469520.571752313233446, 5542202.211570651270449 ], [ 469524.738444360613357, 5542200.27096770144999 ], [ 469518.514019089168869, 5542186.859293048270047 ], [ 469518.334920451976359, 5542186.474489438347518 ], [ 469518.726374522550032, 5542186.292135964147747 ], [ 469521.523698148899712, 5542184.988651970401406 ], [ 469538.041156850347761, 5542220.334794661030173 ], [ 469538.241148529399652, 5542220.238034950569272 ], [ 469540.244377156253904, 5542224.510721466504037 ], [ 469537.579281857935712, 5542225.763408898375928 ], [ 469537.473255666845944, 5542225.507167276926339 ], [ 469537.434765794721898, 5542225.413988137617707 ], [ 469537.409762116265483, 5542225.425249218940735 ], [ 469532.419485510326922, 5542227.753016575239599 ], [ 469532.443626189022325, 5542227.841829803772271 ], [ 469532.563913265708834, 5542228.086871353909373 ], [ 469529.905241989472415, 5542229.335078560747206 ], [ 469527.91840977431275, 5542225.050071793608367 ], [ 469528.108355337753892, 5542224.950033227913082 ] ] ] } },
{ "type": "Feature", "properties": { "name": "e10457c0-9671-4492-9895-fe569b219e93" }, "geometry": { "type": "Polygon", "coordinates": [ [ [ 469663.123348367982544, 5542029.53504132758826 ], [ 469663.010212619090453, 5542029.287732657045126 ], [ 469665.671163000224624, 5542028.039580272510648 ], [ 469667.665720249293372, 5542032.304578834213316 ], [ 469667.459298385248985, 5542032.405817546881735 ], [ 469672.520877714210656, 5542043.25691107660532 ], [ 469673.651956697867718, 5542045.682190549559891 ], [ 469675.794474243419245, 5542050.275471171364188 ], [ 469676.928446671518032, 5542052.706294356845319 ], [ 469677.474410238559358, 5542053.877349816262722 ], [ 469675.021556639869232, 5542055.065388188697398 ], [ 469675.065775054157712, 5542055.158535839058459 ], [ 469670.846921524556819, 5542057.150461781769991 ], [ 469677.232721350621432, 5542070.896071139723063 ], [ 469676.808395586907864, 5542071.094165366142988 ], [ 469674.039554495597258, 5542072.385175053030252 ], [ 469657.532539270003326, 5542037.030782953836024 ], [ 469657.329698893881869, 5542037.132001764141023 ], [ 469655.327890963118989, 5542032.852593583986163 ], [ 469658.001101820787881, 5542031.619934211485088 ], [ 469658.128581135766581, 5542031.870497148483992 ], [ 469658.161899161641486, 5542031.935909380204976 ], [ 469663.15307892562123, 5542029.599362034350634 ], [ 469663.123348367982544, 5542029.53504132758826 ] ] ] } },
{ "type": "Feature", "properties": { "name": "8d978c14-1a9c-4ab4-b429-baab0ac3d912" }, "geometry": { "type": "Polygon", "coordinates": [ [ [ 469874.483051352843177, 5542481.96505965385586 ], [ 469892.031780465622433, 5542488.335272829979658 ], [ 469900.48143436544342, 5542491.409926316700876 ], [ 469900.55688856652705, 5542491.200468246825039 ], [ 469905.08024172304431, 5542492.84397448785603 ], [ 469904.072315206169151, 5542495.60154889896512 ], [ 469903.814700577757321, 5542495.511822738684714 ], [ 469903.814700577757321, 5542495.511822738684714 ], [ 469903.745095370220952, 5542495.48775261733681 ], [ 469903.74085465160897, 5542495.497783396393061 ], [ 469902.509518967417534, 5542498.899281959980726 ], [ 469886.192926743067801, 5542492.95573818217963 ], [ 469886.220431802619714, 5542492.879975477233529 ], [ 469887.131736310722772, 5542490.389792834408581 ], [ 469887.106614337477367, 5542490.379927195608616 ], [ 469880.545544871070888, 5542487.944008726626635 ], [ 469873.270654420019127, 5542485.293074217624962 ], [ 469874.483051352843177, 5542481.96505965385586 ] ] ] } },
{ "type": "Feature", "properties": { "name": "18561288-7fdb-4b28-bff4-f90c0a9e1a18" }, "geometry": { "type": "Polygon", "coordinates": [ [ [ 469679.89876440068474, 5541549.356308372691274 ], [ 469679.892281671869569, 5541547.705201778560877 ], [ 469683.078252277744468, 5541547.672710448503494 ], [ 469683.079908830695786, 5541549.357200789265335 ], [ 469679.89876440068474, 5541549.356308372691274 ] ] ] } },
{ "type": "Feature", "properties": { "name": "b2a66cdd-09e1-452b-b4ec-27a2cdeca3a2" }, "geometry": { "type": "Polygon", "coordinates": [ [ [ 470325.018415699829347, 5541954.977978329174221 ], [ 470327.138774400751572, 5541952.56567807123065 ], [ 470329.042492365464568, 5541954.229620894417167 ], [ 470326.916366646415554, 5541956.635281077586114 ], [ 470325.018415699829347, 5541954.977978329174221 ] ] ] } },
{ "type": "Feature", "properties": { "name": "24e77037-ef13-7d8a-e053-84002d0a9694" }, "geometry": { "type": "Polygon", "coordinates": [ [ [ 470629.035552964603994, 5541652.31819617189467 ], [ 470648.121013674361166, 5541659.200603666715324 ], [ 470645.859438351530116, 5541665.430629044771194 ], [ 470626.773990644258447, 5541658.547117770649493 ], [ 470629.035552964603994, 5541652.31819617189467 ] ] ] } },
{ "type": "Feature", "properties": { "name": "df22bcb8-89a5-4a2c-a9c8-856799a4df65" }, "geometry": { "type": "Polygon", "coordinates": [ [ [ 470392.572271010896657, 5541957.083520990796387 ], [ 470394.774374338041525, 5541954.55293648224324 ], [ 470396.106614627118688, 5541955.719716467894614 ], [ 470393.901597050135024, 5541958.241421503014863 ], [ 470392.572271010896657, 5541957.083520990796387 ] ] ] } },
{ "type": "Feature", "properties": { "name": "24e77037-f61b-7d8a-e053-84002d0a9694" }, "geometry": { "type": "Polygon", "coordinates": [ [ [ 468579.606512592639774, 5541993.189437193796039 ], [ 468592.249240986187942, 5541958.530114898458123 ], [ 468628.606733192980755, 5541971.765218852087855 ], [ 468615.976884041388985, 5542006.456623148173094 ], [ 468579.606512592639774, 5541993.189437193796039 ] ] ] } },
{ "type": "Feature", "properties": { "name": "35b2ff38-eb1a-454b-930f-cc28c3b3644d" }, "geometry": { "type": "Polygon", "coordinates": [ [ [ 467881.380115810025018, 5541830.415876181796193 ], [ 467885.93884212395642, 5541795.715508215129375 ], [ 467910.219157199957408, 5541798.905607189051807 ], [ 467905.66027682449203, 5541833.605954010970891 ], [ 467881.380115810025018, 5541830.415876181796193 ] ] ] } },
{ "type": "Feature", "properties": { "name": "24e77037-f620-7d8a-e053-84002d0a9694" }, "geometry": { "type": "Polygon", "coordinates": [ [ [ 468562.561683873005677, 5542015.127997184172273 ], [ 468569.442542405973654, 5541996.185574017465115 ], [ 468588.685744289483409, 5542003.199830793775618 ], [ 468581.834199128497858, 5542022.143168738111854 ], [ 468562.561683873005677, 5542015.127997184172273 ] ] ] } },
{ "type": "Feature", "properties": { "name": "70b33992-2e07-4069-836f-929502416931" }, "geometry": { "type": "Polygon", "coordinates": [ [ [ 466997.458256125159096, 5542334.468827593140304 ], [ 466997.554444229113869, 5542334.503815098665655 ], [ 466998.017432132037356, 5542334.671080099418759 ], [ 467000.133549406949896, 5542335.437470314092934 ], [ 467000.58290222263895, 5542335.600372024811804 ], [ 467002.7234238559613, 5542336.375507943332195 ], [ 467003.161290147225372, 5542336.534033107571304 ], [ 467003.052840974240098, 5542336.833799342624843 ], [ 467002.231714461930096, 5542339.101552031002939 ], [ 467002.109890878433362, 5542339.439204906113446 ], [ 467001.699301471060608, 5542339.290518706664443 ], [ 467000.24788726324914, 5542338.76575815398246 ], [ 466997.010548363847192, 5542337.593768731690943 ], [ 466996.967474483593833, 5542337.577355926856399 ], [ 466996.503047573962249, 5542337.40898800175637 ], [ 466996.406859514536336, 5542337.374000512994826 ], [ 466997.458256125159096, 5542334.468827593140304 ] ] ] } },
{ "type": "Feature", "properties": { "name": "459768ab-0b2c-4314-ab9a-6f21bf52b5a6" }, "geometry": { "type": "Polygon", "coordinates": [ [ [ 470840.157921158941463, 5543795.366493154317141 ], [ 470837.262251856504008, 5543794.291515223681927 ], [ 470839.365597531490494, 5543788.588326323777437 ], [ 470842.262652983074076, 5543789.654402795247734 ], [ 470840.157921158941463, 5543795.366493154317141 ] ] ] } },
{ "type": "Feature", "properties": { "name": "5533e741-7226-4595-a9ee-9ca88bc6cf89" }, "geometry": { "type": "Polygon", "coordinates": [ [ [ 470009.865607576153707, 5544212.144052996300161 ], [ 470011.242082453682087, 5544208.384838371537626 ], [ 470015.108947063214146, 5544209.788604415021837 ], [ 470013.748425976780709, 5544213.584420828148723 ], [ 470009.865607576153707, 5544212.144052996300161 ] ] ] } },
{ "type": "Feature", "properties": { "name": "70350000-e7fc-43df-a235-250a02e36756" }, "geometry": { "type": "Polygon", "coordinates": [ [ [ 466510.518911093880888, 5541299.001215105876327 ], [ 466510.983613051706925, 5541297.821932687424123 ], [ 466511.461994897632394, 5541296.653683649376035 ], [ 466514.349730599496979, 5541297.818676075898111 ], [ 466513.873469399870373, 5541298.982464045286179 ], [ 466513.403098889626563, 5541300.171788635663688 ], [ 466510.518911093880888, 5541299.001215105876327 ] ] ] } },
{ "type": "Feature", "properties": { "name": "44f66656-ec23-45c2-b973-69441f308f16" }, "geometry": { "type": "Polygon", "coordinates": [ [ [ 468608.617517256527208, 5543389.012245227582753 ], [ 468606.250855252204929, 5543388.147736236453056 ], [ 468607.355104575282894, 5543385.108033241704106 ], [ 468609.729657252202742, 5543385.974720221012831 ], [ 468608.617517256527208, 5543389.012245227582753 ] ] ] } },
{ "type": "Feature", "properties": { "name": "c1a89253-4e78-4e37-9905-0c7a0e38fa55" }, "geometry": { "type": "Polygon", "coordinates": [ [ [ 467748.480120791646186, 5543343.005996506661177 ], [ 467750.538994580274448, 5543337.327408904209733 ], [ 467752.82491776056122, 5543331.062601102516055 ], [ 467755.790339756873436, 5543332.156623646616936 ], [ 467753.507812995230779, 5543338.391388721764088 ], [ 467751.444800977245905, 5543344.096685411408544 ], [ 467748.480120791646186, 5543343.005996506661177 ] ] ] } },
{ "type": "Feature", "properties": { "name": "55b228b2-9c1f-4349-a932-04124b00dec2" }, "geometry": { "type": "Polygon", "coordinates": [ [ [ 467744.849751231726259, 5543344.216481763869524 ], [ 467750.5550064893323, 5543346.283571135252714 ], [ 467749.722430454508867, 5543348.577965397387743 ], [ 467744.022979397734161, 5543346.523072717711329 ], [ 467744.849751231726259, 5543344.216481763869524 ] ] ] } }
]
}
