{
"type": "FeatureCollection",
"name": "fence",
"crs": { "type": "name", "properties": { "name": "urn:ogc:def:crs:EPSG::32632" } },
"features": [
{ "type": "Feature", "properties": { "name": "0195534a-5c7e-7c53-a0ed-8c874cbfcf7b" }, "geometry": { "type": "LineString", "coordinates": [ [ 463588.045893094851635, 5542639.740864429622889 ], [ 463563.053305540815927, 5542708.107836021110415 ], [ 463472.833990848739631, 5542675.177473888732493 ], [ 463457.314250251278281, 5542687.275758190080523 ], [ 463460.271096229262184, 5542690.639403083361685 ], [ 463556.737939752580132, 5542725.840824438259006 ], [ 463502.309620145941153, 5542875.420688766986132 ], [ 463593.855994022043888, 5542994.640736063010991 ], [ 463746.091779590176884, 5543050.101759802550077 ] ] } },
{ "type": "Feature", "properties": { "name": "0195534a-5c7e-7483-a062-02a320dea5db" }, "geometry": { "type": "LineString", "coordinates": [ [ 463589.978087858937215, 5542634.419968100264668 ], [ 463610.35359843209153, 5542578.611032187007368 ] ] } },
{ "type": "Feature", "properties": { "name": "0195534a-5c7e-715e-b051-df982f62384a" }, "geometry": { "type": "LineString", "coordinates": [ [ 463610.436564688454382, 5542578.505073806270957 ], [ 463632.971462464949582, 5542558.978700440376997 ], [ 463818.198139592190273, 5542519.300248322077096 ], [ 463836.87600633688271, 5542515.335818178020418 ], [ 464373.070023947861046, 5542710.553802009671926 ] ] } },
{ "type": "Feature", "properties": { "name": "0195534a-5c7e-75d0-b4d3-f434ab88f2fc" }, "geometry": { "type": "LineString", "coordinates": [ [ 463755.662993980920874, 5543053.606308177113533 ], [ 464366.390534437261522, 5543276.175953761674464 ] ] } },
{ "type": "Feature", "properties": { "name": "0195534a-5c7e-7b84-81e2-49e18fa4cab0" }, "geometry": { "type": "LineString", "coordinates": [ [ 464371.164648180012591, 5543277.921228002756834 ], [ 464428.505991914309561, 5543298.784550396725535 ], [ 464505.819146290654317, 5543283.163245821371675 ], [ 464515.846482560271397, 5543330.549338084645569 ], [ 464678.050394563702866, 5543389.649756924249232 ], [ 464928.585406508122105, 5543480.926790645346045 ], [ 465275.513333550596144, 5543607.321213360875845 ] ] } },
{ "type": "Feature", "properties": { "name": "0195534a-5c7e-783f-879b-99a7d5a2d3f4" }, "geometry": { "type": "LineString", "coordinates": [ [ 464382.841634304611944, 5542714.147844123654068 ], [ 464423.906937526422553, 5542729.083096112124622 ], [ 464426.41494302166393, 5542729.475923221558332 ], [ 464821.498839280742686, 5542873.374074034392834 ], [ 464833.392121135897469, 5542874.928376641124487 ], [ 464845.374351907346863, 5542874.178594780154526 ], [ 464850.062481368076988, 5542873.218945049680769 ], [ 464861.680834432656411, 5542869.186470843851566 ], [ 465010.406196576077491, 5542795.174905517138541 ], [ 465011.213869510451332, 5542794.305245905183256 ], [ 465018.296914911072236, 5542774.018264945596457 ], [ 465028.916594956652261, 5542759.714881207793951 ], [ 465096.386944259225857, 5542725.718888049945235 ], [ 465100.864163663820364, 5542723.882690018042922 ], [ 465103.781907230091747, 5542723.429916750639677 ], [ 465109.491636101214681, 5542723.505337583832443 ], [ 465112.258460014825687, 5542722.801035436801612 ], [ 465202.477031515911222, 5542678.262108313851058 ] ] } },
{ "type": "Feature", "properties": { "name": "0195534a-5c7e-7a67-b76b-7185df8790f0" }, "geometry": { "type": "LineString", "coordinates": [ [ 465256.463060520822182, 5542699.567068421281874 ], [ 465219.470266636519227, 5542676.943519028834999 ], [ 465212.063201200158801, 5542675.406179806217551 ], [ 465207.114174705930054, 5542676.248877819627523 ], [ 465202.477032117487397, 5542678.262108322232962 ] ] } },
{ "type": "Feature", "properties": { "name": "0195534a-5c7e-7ee9-89d6-8f0a9ae54754" }, "geometry": { "type": "LineString", "coordinates": [ [ 466365.924511048418935, 5544004.58592929225415 ], [ 466166.588268772931769, 5543932.004131577908993 ], [ 465880.326370795839466, 5543827.711525339633226 ], [ 465527.308848324348219, 5543699.059049532748759 ], [ 465285.132465200556908, 5543610.844414968974888 ] ] } },
{ "type": "Feature", "properties": { "name": "0195534a-5c7e-7df0-855e-dac08de59ff9" }, "geometry": { "type": "LineString", "coordinates": [ [ 465324.990149975754321, 5542653.331202221103013 ], [ 465300.717697411135305, 5542638.188385544344783 ], [ 465340.660680833098013, 5542618.381993827410042 ], [ 465383.181654984364286, 5542600.886665925383568 ], [ 465406.064488711417653, 5542590.923474428243935 ], [ 465415.595675530901644, 5542587.472782735712826 ], [ 465425.370769629895221, 5542584.645841392688453 ], [ 465435.308805054635741, 5542582.714542836882174 ], [ 465445.409780300862622, 5542581.458974506705999 ], [ 465455.525755500886589, 5542581.069061867892742 ], [ 465465.67972029192606, 5542581.368874723091722 ], [ 465475.755721786001232, 5542582.503356228582561 ], [ 465559.213615761138499, 5542593.799306251108646 ], [ 465606.527860176633112, 5542602.10768595058471 ], [ 465636.676905408035964, 5542606.881585903465748 ], [ 465638.7590799696045, 5542607.239429669454694 ], [ 465639.597797096299473, 5542614.65147687215358 ], [ 465647.816536129685119, 5542615.652024 ] ] } },
{ "type": "Feature", "properties": { "name": "0195534a-5c7e-70f5-ac31-8be6b52496a3" }, "geometry": { "type": "LineString", "coordinates": [ [ 465346.468493001011666, 5542782.600658893585205 ], [ 465348.487683474260848, 5542781.627032511867583 ], [ 465352.182008037052583, 5542778.103500541299582 ], [ 465356.190559798269533, 5542772.678539060987532 ], [ 465357.386049154563807, 5542767.509586316533387 ], [ 465354.810019291646313, 5542759.577757382765412 ], [ 465343.672210815479048, 5542752.779210519976914 ] ] } },
{ "type": "Feature", "properties": { "name": "0195534a-5c7e-7c9d-b65a-7da52ea46c6f" }, "geometry": { "type": "LineString", "coordinates": [ [ 465346.468492370797321, 5542782.600658886134624 ], [ 465212.805093239527196, 5542849.461967702955008 ], [ 465191.701552419690415, 5542859.489121853373945 ], [ 465185.582988768350333, 5542860.018952096812427 ], [ 465159.52632004301995, 5542855.791807057335973 ], [ 465151.192626240313984, 5542854.726286425255239 ], [ 465150.003102009359282, 5542855.138130616396666 ], [ 465135.71782702289056, 5542861.762592134065926 ], [ 465125.19405221863417, 5542867.765275727026165 ], [ 465103.337845949048642, 5542882.967377248220146 ], [ 465097.565171166672371, 5542887.366666619665921 ], [ 465090.392067747015972, 5542893.89811756182462 ], [ 465081.910520166391507, 5542905.648502145893872 ], [ 465077.11958656727802, 5542929.324120455421507 ], [ 465082.202669404388871, 5542944.547033665701747 ], [ 465087.430664765415713, 5542955.393685963004827 ], [ 465101.406198683951516, 5542968.667314791120589 ], [ 465111.295311063760892, 5542975.15566882956773 ], [ 465126.956113142077811, 5542984.322426090016961 ], [ 465177.102337028714828, 5543003.102116998285055 ], [ 465179.604351534740999, 5543004.46555813588202 ], [ 465482.438175387040246, 5543114.787726225331426 ] ] } },
{ "type": "Feature", "properties": { "name": "0195534a-5c7e-7825-88be-1c538ad12ba6" }, "geometry": { "type": "LineString", "coordinates": [ [ 465658.425096110266168, 5542733.137155868113041 ], [ 465641.418849399604369, 5542728.35625328682363 ], [ 465633.843854526407085, 5542727.374694308266044 ], [ 465626.556739771505818, 5542725.598449378274381 ], [ 465609.11866062117042, 5542723.757298227399588 ], [ 465563.474793869652785, 5542721.583468205295503 ], [ 465480.912561908247881, 5542712.960449516773224 ], [ 465471.632252329436596, 5542713.042479009367526 ], [ 465455.524665800039656, 5542714.37005893420428 ], [ 465438.427518860902637, 5542722.457957440055907 ], [ 465430.538628499663901, 5542718.50258295238018 ] ] } },
{ "type": "Feature", "properties": { "name": "0195534a-5c7e-7ccc-b513-112504fba2e2" }, "geometry": { "type": "LineString", "coordinates": [ [ 465482.438175387040246, 5543114.787726225331426 ], [ 465499.571565977006685, 5543067.860210116952658 ], [ 465502.936823493335396, 5543069.073857374489307 ] ] } },
{ "type": "Feature", "properties": { "name": "0195534a-5c7e-70c8-9b3b-fea4b2db1417" }, "geometry": { "type": "LineString", "coordinates": [ [ 465509.661383432336152, 5543071.499004255980253 ], [ 465519.203147074265871, 5543074.940148139372468 ] ] } },
{ "type": "Feature", "properties": { "name": "0195534a-5c7e-7f21-b4d0-bc6ba88f7b77" }, "geometry": { "type": "LineString", "coordinates": [ [ 465829.999925503856502, 5541148.773153595626354 ], [ 465826.418524719774723, 5541151.040196838788688 ], [ 465816.483479869144503, 5541151.739984962157905 ], [ 465801.461180353362579, 5541152.813058643601835 ], [ 465786.412116521329153, 5541154.624898742884398 ], [ 465766.419959102408029, 5541158.039954376406968 ], [ 465746.305845096649136, 5541162.17672383505851 ], [ 465706.944195725664031, 5541172.387506633065641 ], [ 465687.776638513372745, 5541178.455531812272966 ], [ 465617.078979388810694, 5541204.860964341089129 ], [ 465603.444238783151377, 5541210.426352418959141 ], [ 465577.691890226793475, 5541264.933920664712787 ], [ 465562.139538429037202, 5541296.350232540629804 ], [ 465558.084275259985588, 5541305.788456723093987 ], [ 465549.796733729250263, 5541329.712999030947685 ], [ 465539.99289859761484, 5541368.808519097976387 ], [ 465539.342244403145742, 5541381.575446983799338 ], [ 465539.328383535495959, 5541393.833542943000793 ], [ 465543.731884275970515, 5541438.050961581990123 ], [ 465562.270484473963734, 5541580.439220619387925 ] ] } },
{ "type": "Feature", "properties": { "name": "0195534a-5c7e-7129-87ef-681f46caeb87" }, "geometry": { "type": "LineString", "coordinates": [ [ 465567.508200575481169, 5541461.524449149146676 ], [ 465564.180391434929334, 5541431.866144272498786 ], [ 465561.950323862081859, 5541396.059316872619092 ], [ 465561.953661901294254, 5541384.23901691287756 ], [ 465562.862092073191889, 5541366.775850106962025 ] ] } },
{ "type": "Feature", "properties": { "name": "0195534a-5c7e-71e8-aafa-9c2e976e50e3" }, "geometry": { "type": "LineString", "coordinates": [ [ 465568.291734969010577, 5541466.79137965105474 ], [ 465587.124009138904512, 5541612.212110892869532 ], [ 465601.53463921911316, 5541634.187796527519822 ], [ 465606.754870083008427, 5541692.295846429653466 ], [ 465605.415888095332775, 5541695.665398145094514 ] ] } },
{ "type": "Feature", "properties": { "name": "0195534a-5c7e-7bfc-824e-95c0132a60fa" }, "geometry": { "type": "LineString", "coordinates": [ [ 465592.19286160019692, 5541280.50394438020885 ], [ 465598.185612599714659, 5541284.583244325593114 ], [ 465598.675193262810353, 5541285.364696331322193 ], [ 465606.100243644032162, 5541290.01240870449692 ], [ 465611.393754489137791, 5541281.45855759177357 ], [ 465626.334114048397169, 5541264.61893972940743 ], [ 465643.826231937215198, 5541240.297306870110333 ], [ 465653.403521856875159, 5541232.093530967831612 ], [ 465664.354366722574923, 5541225.36877777799964 ], [ 465675.791756421152968, 5541219.421155340969563 ], [ 465687.470275778672658, 5541213.991390375420451 ], [ 465696.999030858569313, 5541210.165391060523689 ], [ 465721.486508091096766, 5541201.798569394275546 ], [ 465746.243005934520625, 5541195.423375989310443 ] ] } },
{ "type": "Feature", "properties": { "name": "0195534a-5c7e-714f-bbf8-6dba9c736913" }, "geometry": { "type": "LineString", "coordinates": [ [ 465598.787455637590028, 5543117.312882169149816 ], [ 465592.648881492030341, 5543115.141786567866802 ] ] } },
{ "type": "Feature", "properties": { "name": "0195534a-5c7e-77fb-a2b5-1b8548be9a8b" }, "geometry": { "type": "LineString", "coordinates": [ [ 465598.28525919263484, 5541713.609644576907158 ], [ 465596.619154226849787, 5541717.80240211635828 ], [ 465612.23690809472464, 5541924.960486628115177 ], [ 465615.225281562132295, 5541939.859652382321656 ] ] } },
{ "type": "Feature", "properties": { "name": "0195534a-5c7e-7ede-8e86-8eecde6678f9" }, "geometry": { "type": "LineString", "coordinates": [ [ 465604.507041133590974, 5543119.621224709786475 ], [ 465607.32608361862367, 5543120.66949029173702 ], [ 465596.113752354402095, 5543151.528295415453613 ], [ 465598.345897819148377, 5543156.354361519217491 ], [ 465603.08102726994548, 5543158.129623911343515 ], [ 465611.259794602461625, 5543160.939451854676008 ] ] } },
{ "type": "Feature", "properties": { "name": "0195534a-5c7e-7db1-bb19-98a4fb9185f0" }, "geometry": { "type": "LineString", "coordinates": [ [ 465664.261101202049758, 5542630.807887590490282 ], [ 465654.300163019332103, 5542499.181291861459613 ], [ 465655.312743446498644, 5542496.696273183450103 ], [ 465640.904173103277571, 5542306.378044380806386 ], [ 465640.680239845823962, 5542303.112344398163259 ], [ 465626.92314203758724, 5542119.901915645226836 ], [ 465615.078739668941125, 5541960.349496114067733 ], [ 465615.703936751990113, 5541945.061600764282048 ] ] } },
{ "type": "Feature", "properties": { "name": "0195534a-5c7e-74fc-ae1b-5dee81e7d95b" }, "geometry": { "type": "LineString", "coordinates": [ [ 465623.622910117846914, 5543165.487560592591763 ], [ 465795.277090103074443, 5543228.322425175458193 ], [ 465797.421765377977863, 5543229.537527780979872 ] ] } },
{ "type": "Feature", "properties": { "name": "0195534a-5c7e-7d1d-92cd-1f742f5ac2af" }, "geometry": { "type": "LineString", "coordinates": [ [ 465654.338280133029912, 5541199.838942462578416 ], [ 465655.564807395800017, 5541202.031062628142536 ], [ 465671.287501744693145, 5541194.114105637185276 ], [ 465680.514805175247602, 5541190.066653397865593 ], [ 465706.502407555060927, 5541180.62023601680994 ], [ 465726.815291564329527, 5541174.875384656712413 ], [ 465726.629735329363029, 5541174.045011090114713 ], [ 465727.720367642003112, 5541173.752926618792117 ] ] } },
{ "type": "Feature", "properties": { "name": "0195534a-5c7e-7724-8239-5e4526f2c2ea" }, "geometry": { "type": "LineString", "coordinates": [ [ 465765.187225159141235, 5541049.523287542164326 ], [ 465765.323543144273572, 5540524.525726623833179 ], [ 465765.02438001264818, 5540336.551473384723067 ], [ 465765.636191617581062, 5539904.675198161974549 ] ] } },
{ "type": "Feature", "properties": { "name": "0195534a-5c7e-71c5-a18a-b5e6784626d1" }, "geometry": { "type": "LineString", "coordinates": [ [ 465765.204910330590792, 5541055.878651977516711 ], [ 465765.284344559069723, 5541079.471063293516636 ], [ 465846.539100891153794, 5541085.535050190985203 ] ] } },
{ "type": "Feature", "properties": { "name": "0195534a-5c7e-75d9-afe9-1e56dbce4778" }, "geometry": { "type": "LineString", "coordinates": [ [ 465765.440225052123424, 5539898.150793806649745 ], [ 465765.309291285753716, 5539460.195941487327218 ], [ 465765.282421661016997, 5538435.358414376154542 ], [ 465804.873431785032153, 5538395.845853532664478 ], [ 465844.208867586683482, 5538356.461739092133939 ], [ 465849.170666070305742, 5538356.649168912321329 ] ] } },
{ "type": "Feature", "properties": { "name": "0195534a-5c7e-7cea-8a09-89d882879c99" }, "geometry": { "type": "LineString", "coordinates": [ [ 465774.513666741724592, 5541057.773059422150254 ], [ 465775.680211069702636, 5541057.505198144353926 ], [ 465790.316182040493004, 5541064.9116853447631 ], [ 465788.813390621682629, 5541078.254339937120676 ], [ 465772.989705070212949, 5541077.173305477946997 ], [ 465773.818628237524536, 5541068.784665522165596 ], [ 465769.162754015356768, 5541059.186343195848167 ], [ 465770.347290801175404, 5541058.861504452303052 ] ] } },
{ "type": "Feature", "properties": { "name": "0195534a-5c7e-78be-992b-6a7bce0a390e" }, "geometry": { "type": "LineString", "coordinates": [ [ 465784.663070725917351, 5538492.685074279084802 ], [ 465784.654145330365282, 5538492.456313407048583 ] ] } },
{ "type": "Feature", "properties": { "name": "0195534a-5c7e-75b8-b33e-ebde848d3943" }, "geometry": { "type": "LineString", "coordinates": [ [ 465797.484221097372938, 5543229.572913146577775 ], [ 466065.210440432012547, 5543327.103335550054908 ] ] } },
{ "type": "Feature", "properties": { "name": "0195534a-5c7e-7f62-9b72-20bb8fd760fd" }, "geometry": { "type": "LineString", "coordinates": [ [ 465841.72108536894666, 5541135.050596919842064 ], [ 465843.326671843125951, 5541132.010650590062141 ], [ 465843.873423331766389, 5541127.451459803618491 ], [ 465843.920297396252863, 5541111.727711734361947 ], [ 465835.317594752646983, 5541093.665951139293611 ], [ 465831.903923893871251, 5541089.532617485150695 ] ] } },
{ "type": "Feature", "properties": { "name": "0195534a-5c7e-7ac5-a21d-517c2eca89d2" }, "geometry": { "type": "LineString", "coordinates": [ [ 465844.208544301451184, 5538356.461243539117277 ], [ 465843.831495255290065, 5538324.519939434714615 ], [ 465899.195053546049166, 5538268.685717715881765 ], [ 465931.56873371329857, 5538268.638147700577974 ] ] } },
{ "type": "Feature", "properties": { "name": "0195534a-5c7e-7a45-b172-331eb3ad4ff7" }, "geometry": { "type": "LineString", "coordinates": [ [ 465846.538996281567961, 5541085.503950920887291 ], [ 465846.539100891153794, 5541085.535050190985203 ] ] } },
{ "type": "Feature", "properties": { "name": "0195534a-5c7e-7bfe-9e8d-157c10dc0a76" }, "geometry": { "type": "LineString", "coordinates": [ [ 465846.539100891153794, 5541085.535050190985203 ], [ 465850.732490977738053, 5541085.848000025376678 ] ] } },
{ "type": "Feature", "properties": { "name": "0195534a-5c7e-7ea5-8317-f03a1f1f1e1f" }, "geometry": { "type": "LineString", "coordinates": [ [ 465846.539100891153794, 5541085.535050190985203 ], [ 465846.778426792414393, 5541156.683973640203476 ] ] } },
{ "type": "Feature", "properties": { "name": "0195534a-5c7e-70ef-b1df-3ce5299a9443" }, "geometry": { "type": "LineString", "coordinates": [ [ 465846.645101949805394, 5541095.314220047555864 ], [ 465850.895411201228853, 5541095.206234578974545 ], [ 465851.074500544695184, 5541095.085552680306137 ], [ 465851.074500548129436, 5541095.085552678443491 ] ] } },
{ "type": "Feature", "properties": { "name": "0195534a-5c7e-7764-98d2-d17f36c7297e" }, "geometry": { "type": "LineString", "coordinates": [ [ 465848.854178740875795, 5539889.627736957743764 ], [ 465848.901675876870286, 5539766.058288502506912 ], [ 465849.233834039187059, 5538901.913498024456203 ] ] } },
{ "type": "Feature", "properties": { "name": "0195534a-5c7e-7df9-8e48-b7b67007ab1a" }, "geometry": { "type": "LineString", "coordinates": [ [ 465849.16129370755516, 5540532.835982742719352 ], [ 465849.158013447304256, 5540525.302477156743407 ], [ 465848.883979997481219, 5539895.949223110452294 ] ] } },
{ "type": "Feature", "properties": { "name": "0195534a-5c7e-7bec-b6c9-12daaa4c7d3b" }, "geometry": { "type": "LineString", "coordinates": [ [ 465851.074500548129436, 5541095.085552678443491 ], [ 465852.752393819857389, 5541140.404832564294338 ], [ 465849.004471801454201, 5541144.042570658959448 ], [ 465848.887279525573831, 5541156.72982432693243 ] ] } },
{ "type": "Feature", "properties": { "name": "0195534a-5c7e-7103-89d4-8178295c7cb0" }, "geometry": { "type": "LineString", "coordinates": [ [ 465849.139824509911705, 5538387.43627199716866 ], [ 465849.1177523410297, 5538362.923762738704681 ] ] } },
{ "type": "Feature", "properties": { "name": "0195534a-5c7e-7ad2-821e-f220ce81260b" }, "geometry": { "type": "LineString", "coordinates": [ [ 465849.913518197136, 5541065.371066266670823 ], [ 465849.322846381110139, 5541031.14142722915858 ], [ 465849.183108095370699, 5540539.148472536355257 ] ] } },
{ "type": "Feature", "properties": { "name": "0195534a-5c7e-77c1-b2a8-508f6a8c6e03" }, "geometry": { "type": "LineString", "coordinates": [ [ 465849.250014405755792, 5538895.575018358416855 ], [ 465849.275635916623287, 5538708.19507351052016 ] ] } },
{ "type": "Feature", "properties": { "name": "0195534a-5c7e-73a7-a374-3df29916c8b8" }, "geometry": { "type": "LineString", "coordinates": [ [ 465849.867616314440966, 5541065.376102833077312 ], [ 465849.913518197136, 5541065.371066266670823 ] ] } },
{ "type": "Feature", "properties": { "name": "0195534a-5c7e-762f-a97d-3acbe5e94803" }, "geometry": { "type": "LineString", "coordinates": [ [ 465849.928443566372152, 5541066.235996652394533 ], [ 465849.913518197136, 5541065.371066266670823 ] ] } },
{ "type": "Feature", "properties": { "name": "0195534a-5c7e-73bf-918b-20ad99522777" }, "geometry": { "type": "LineString", "coordinates": [ [ 465849.913518197136, 5541065.371066266670823 ], [ 465850.505362254451029, 5541065.306126401759684 ] ] } },
{ "type": "Feature", "properties": { "name": "0195534a-5c7e-7431-9b84-149a27e0789e" }, "geometry": { "type": "LineString", "coordinates": [ [ 465850.254928296373691, 5541072.949207671917975 ], [ 465850.691263853688724, 5541084.734470574185252 ], [ 465850.732490977738053, 5541085.848000025376678 ] ] } },
{ "type": "Feature", "properties": { "name": "0195534a-5c7e-733f-9ebb-3f4f222231b9" }, "geometry": { "type": "LineString", "coordinates": [ [ 465850.732490977738053, 5541085.848000025376678 ], [ 465850.732490982103627, 5541085.848000025376678 ] ] } },
{ "type": "Feature", "properties": { "name": "0195534a-5c7e-7118-9b50-50cf0acdcc63" }, "geometry": { "type": "LineString", "coordinates": [ [ 465850.732490977738053, 5541085.848000025376678 ], [ 465851.074500548129436, 5541095.085552678443491 ] ] } },
{ "type": "Feature", "properties": { "name": "0195534a-5c7e-776e-a7f4-2f67e2af8ddf" }, "geometry": { "type": "LineString", "coordinates": [ [ 465851.074500548129436, 5541095.085552678443491 ], [ 465851.637112878262997, 5541094.706428367644548 ] ] } },
{ "type": "Feature", "properties": { "name": "0195534a-5c7e-714c-a727-e87664faf171" }, "geometry": { "type": "LineString", "coordinates": [ [ 465939.0505927457707, 5538268.689785813912749 ], [ 466199.748610124574043, 5538268.752735098823905 ], [ 466220.241624418064021, 5538288.452403729781508 ] ] } },
{ "type": "Feature", "properties": { "name": "0195534a-5c7e-79cf-8f29-8382b25036c0" }, "geometry": { "type": "LineString", "coordinates": [ [ 465966.035728047892917, 5542574.236359586939216 ], [ 465999.055684309452772, 5542586.701181832700968 ], [ 466026.551748868718278, 5542586.28116444312036 ], [ 466088.807998724048957, 5542586.755558198317885 ], [ 466141.065344814443961, 5542604.884998786263168 ] ] } },
{ "type": "Feature", "properties": { "name": "0195534a-5c7e-7574-833b-6e1718568afc" }, "geometry": { "type": "LineString", "coordinates": [ [ 466073.071334738167934, 5543329.996132493019104 ], [ 466189.762708870403003, 5543372.493184459395707 ], [ 466330.52661267737858, 5543423.798103637062013 ], [ 466449.655317632597871, 5543434.051225060597062 ], [ 466454.300484065606724, 5543436.001418340951204 ], [ 466574.130336337198969, 5543508.539768122136593 ], [ 466614.709368893993087, 5543532.894810473546386 ], [ 466619.330545797478408, 5543534.979950220324099 ], [ 466640.508177885611076, 5543542.613772089593112 ] ] } },
{ "type": "Feature", "properties": { "name": "0195534a-5c7e-7d0c-b685-5afc189fdbdd" }, "geometry": { "type": "LineString", "coordinates": [ [ 466089.372334532206878, 5543033.331323341466486 ], [ 466087.550269785628188, 5543038.598786057904363 ] ] } },
{ "type": "Feature", "properties": { "name": "0195534a-5c7e-795c-ad47-820dad9c3142" }, "geometry": { "type": "LineString", "coordinates": [ [ 466101.189415093860589, 5543034.453128760680556 ], [ 466101.827599619398825, 5543032.735717354342341 ], [ 466104.533813180285506, 5543025.353814415633678 ], [ 466103.977484565170016, 5543019.529164186678827 ], [ 466106.812616554030683, 5543011.766935584135354 ] ] } },
{ "type": "Feature", "properties": { "name": "0195534a-5c7e-7e7d-821f-4ccd30bcfba7" }, "geometry": { "type": "LineString", "coordinates": [ [ 466106.755766728427261, 5543011.745450524613261 ], [ 466106.812616554030683, 5543011.766935584135354 ] ] } },
{ "type": "Feature", "properties": { "name": "0195534a-5c7e-7039-870d-04fb89d4f791" }, "geometry": { "type": "LineString", "coordinates": [ [ 466106.812616554030683, 5543011.766935584135354 ], [ 466107.607430305040907, 5543012.067316823638976 ] ] } },
{ "type": "Feature", "properties": { "name": "0195534a-5c7e-7adc-a152-d7199f61c89e" }, "geometry": { "type": "LineString", "coordinates": [ [ 466106.812616554030683, 5543011.766935584135354 ], [ 466109.287803816492669, 5543004.990189584903419 ], [ 466108.796065915434156, 5543001.563735337927938 ] ] } },
{ "type": "Feature", "properties": { "name": "0195534a-5c7e-7e6b-8977-2136eb8023d9" }, "geometry": { "type": "LineString", "coordinates": [ [ 466112.810373026935849, 5543013.737617728300393 ], [ 466113.297171214479022, 5543012.529095006175339 ] ] } },
{ "type": "Feature", "properties": { "name": "0195534a-5c7e-75b4-abfa-94c725462daa" }, "geometry": { "type": "LineString", "coordinates": [ [ 466117.236624275450595, 5543015.365940545685589 ], [ 466117.711427136324346, 5543014.143423457629979 ] ] } },
{ "type": "Feature", "properties": { "name": "0195534a-5c7e-7dd1-84bf-5aa1190499d6" }, "geometry": { "type": "LineString", "coordinates": [ [ 466124.819622856331989, 5543017.353099480271339 ], [ 466122.319663199305069, 5543024.136419038288295 ], [ 466122.690516849921551, 5543024.297352559864521 ] ] } },
{ "type": "Feature", "properties": { "name": "0195534a-5c7e-7986-8594-27fc65037363" }, "geometry": { "type": "LineString", "coordinates": [ [ 466126.798904213530477, 5543027.350111112929881 ], [ 466127.231725138844922, 5543026.327514821663499 ] ] } },
{ "type": "Feature", "properties": { "name": "0195534a-5c7e-7289-960c-064630b9b596" }, "geometry": { "type": "LineString", "coordinates": [ [ 466130.646495857217815, 5543045.119019902311265 ], [ 466136.233168909850065, 5543029.656130816787481 ], [ 466135.480538363044616, 5543029.382319871336222 ] ] } },
{ "type": "Feature", "properties": { "name": "0195534a-5c7e-763e-8dfd-5aef9dcc6b1d" }, "geometry": { "type": "LineString", "coordinates": [ [ 466130.950264246028382, 5543028.902465980499983 ], [ 466131.404076009523124, 5543027.760916833765805 ] ] } },
{ "type": "Feature", "properties": { "name": "0195534a-5c7e-742d-857f-34863b3585d2" }, "geometry": { "type": "LineString", "coordinates": [ [ 466137.990414512576535, 5543060.611649886704981 ], [ 466141.046662904089317, 5543052.121244580484927 ] ] } },
{ "type": "Feature", "properties": { "name": "0195534a-5c7e-7e65-84ac-ee23b553c54c" }, "geometry": { "type": "LineString", "coordinates": [ [ 466216.616165139479563, 5543014.813388302922249 ], [ 466228.600667579914443, 5542981.471103016287088 ] ] } },
{ "type": "Feature", "properties": { "name": "0195534a-5c7e-71ea-beda-5a520b313408" }, "geometry": { "type": "LineString", "coordinates": [ [ 466218.106221924826968, 5543092.81099837180227 ], [ 466223.916628049977589, 5543076.778804561123252 ], [ 466244.0436753280228, 5543084.062773006036878 ], [ 466243.568905300693586, 5543085.244292337447405 ] ] } },
{ "type": "Feature", "properties": { "name": "0195534a-5c7e-7629-aea8-500f8073aa86" }, "geometry": { "type": "LineString", "coordinates": [ [ 466225.748319957812782, 5538294.076452077366412 ], [ 466291.280778370331973, 5538359.566036473959684 ], [ 466332.836520025099162, 5538402.236802290193737 ] ] } },
{ "type": "Feature", "properties": { "name": "0195534a-5c7e-7dbe-8c10-03d39aeb9884" }, "geometry": { "type": "LineString", "coordinates": [ [ 466235.853847812046297, 5542961.493755908682942 ], [ 466230.49383233016124, 5542976.084579073823988 ] ] } },
{ "type": "Feature", "properties": { "name": "0195534a-5c7e-7538-b9c2-1ccafb6531f1" }, "geometry": { "type": "LineString", "coordinates": [ [ 466236.143976367311552, 5542961.195681383833289 ], [ 466254.452355276851449, 5542911.213432710617781 ], [ 466347.932649306254461, 5542945.203616241924465 ], [ 466350.92843512701802, 5542943.701649024151266 ], [ 466356.410082787799183, 5542951.600058673880994 ], [ 466395.822999530355446, 5542965.844549694098532 ], [ 466428.92434055544436, 5542948.612369161099195 ], [ 466440.855466819251888, 5542953.014968324452639 ] ] } },
{ "type": "Feature", "properties": { "name": "0195534a-5c7e-7a5a-883b-c7837cfeb885" }, "geometry": { "type": "LineString", "coordinates": [ [ 466242.12331127433572, 5543088.975043751299381 ], [ 466241.779615091858432, 5543089.851486471481621 ], [ 466246.542506504512858, 5543091.562668699771166 ], [ 466242.714305813540705, 5543101.899019757285714 ] ] } },
{ "type": "Feature", "properties": { "name": "0195534a-5c7e-7dde-803b-a51ec7ee2fbf" }, "geometry": { "type": "LineString", "coordinates": [ [ 466256.608882055967115, 5543106.948851108551025 ], [ 466260.413251787482295, 5543096.496718919835985 ] ] } },
{ "type": "Feature", "properties": { "name": "0195534a-5c7e-73eb-a576-892391903ada" }, "geometry": { "type": "LineString", "coordinates": [ [ 466260.413251787482295, 5543096.496718919835985 ], [ 466259.466383976745419, 5543096.15538009442389 ] ] } },
{ "type": "Feature", "properties": { "name": "0195534a-5c7f-7b23-bb92-f5d2ea57f836" }, "geometry": { "type": "LineString", "coordinates": [ [ 466268.080033449048642, 5543099.272512648254633 ], [ 466260.413251787482295, 5543096.496718919835985 ] ] } },
{ "type": "Feature", "properties": { "name": "0195534a-5c7f-7d95-a135-dbf6a601d6df" }, "geometry": { "type": "LineString", "coordinates": [ [ 466270.780237582919654, 5543112.252384355291724 ], [ 466274.717599510448053, 5543101.635579423978925 ], [ 466269.763368409767281, 5543099.894254106096923 ] ] } },
{ "type": "Feature", "properties": { "name": "0195534a-5c7f-7905-beaa-f1cf9b69090a" }, "geometry": { "type": "LineString", "coordinates": [ [ 466280.588327556848526, 5538376.645718827843666 ], [ 466278.69760344887618, 5538368.348956180736423 ] ] } },
{ "type": "Feature", "properties": { "name": "0195534a-5c7f-7a14-b573-39709262df41" }, "geometry": { "type": "LineString", "coordinates": [ [ 466278.69760344887618, 5538368.348956180736423 ], [ 466278.075087668723427, 5538365.617269600741565 ], [ 466280.265283686225303, 5538363.535162460058928 ] ] } },
{ "type": "Feature", "properties": { "name": "0195534a-5c7f-75c2-a39f-9797e57918e5" }, "geometry": { "type": "LineString", "coordinates": [ [ 466280.588327556848526, 5538376.645718827843666 ], [ 466281.461304009193555, 5538380.476461975835264 ], [ 466282.916278924443759, 5538395.428570282645524 ], [ 466283.052902850788087, 5538659.22498366702348 ], [ 466283.017109393666033, 5538876.578663734719157 ] ] } },
{ "type": "Feature", "properties": { "name": "0195534a-5c7f-790d-9379-8e33187e99ff" }, "geometry": { "type": "LineString", "coordinates": [ [ 466282.911392893642187, 5539861.822517355903983 ], [ 466282.968833392544184, 5539660.073631005361676 ], [ 466283.045753772486933, 5538883.289125154726207 ] ] } },
{ "type": "Feature", "properties": { "name": "0195534a-5c7f-7751-830b-653d9197894b" }, "geometry": { "type": "LineString", "coordinates": [ [ 466283.08072423673002, 5540534.124181555584073 ], [ 466283.122484361752868, 5540423.77760945353657 ], [ 466283.173179896140937, 5540289.830891714431345 ], [ 466283.169964123866521, 5540137.891309118829668 ], [ 466282.962376338429749, 5539954.685300850309432 ], [ 466282.915213325468358, 5539867.97007280215621 ] ] } },
{ "type": "Feature", "properties": { "name": "0195534a-5c7f-7574-8be4-87a94e1400ac" }, "geometry": { "type": "LineString", "coordinates": [ [ 466283.239871238358319, 5541108.295847991481423 ], [ 466283.080536737630609, 5540540.338710411451757 ] ] } },
{ "type": "Feature", "properties": { "name": "0195534a-5c7f-79d1-928d-99e3c545d4d3" }, "geometry": { "type": "LineString", "coordinates": [ [ 466287.991067165276036, 5538356.461292205378413 ], [ 466285.041257344069891, 5538359.202222591266036 ] ] } },
{ "type": "Feature", "properties": { "name": "0195534a-5c7f-784e-a774-57cc4060181f" }, "geometry": { "type": "LineString", "coordinates": [ [ 466484.680473352258559, 5541308.328012183308601 ], [ 466482.947592336509842, 5541314.590769444592297 ], [ 466444.740689475787804, 5541300.729537309147418 ], [ 466385.14824635424884, 5541280.487985469400883 ], [ 466334.765169599326327, 5541264.370731829665601 ], [ 466299.258214693400078, 5541253.654230930842459 ], [ 466293.991301052330527, 5541252.501724483445287 ] ] } },
{ "type": "Feature", "properties": { "name": "0195534a-5c7f-7119-ab37-7d7ce3fc8d1d" }, "geometry": { "type": "LineString", "coordinates": [ [ 466332.974861154623795, 5539869.921732377260923 ], [ 466332.729136446141638, 5540555.18874339107424 ], [ 466332.721281388076022, 5540575.961483371444046 ], [ 466332.76683035917813, 5541098.356758517213166 ] ] } },
{ "type": "Feature", "properties": { "name": "0195534a-5c7f-7fec-9461-cd7bea647d76" }, "geometry": { "type": "LineString", "coordinates": [ [ 466332.921456733194645, 5538402.383493152447045 ], [ 466332.960825901012868, 5539863.93761201761663 ] ] } },
{ "type": "Feature", "properties": { "name": "0195534a-5c7f-7197-9c04-c5836a7a8f20" }, "geometry": { "type": "LineString", "coordinates": [ [ 466365.925510627857875, 5544004.581930883228779 ], [ 466367.986700697918423, 5544005.982360147871077 ], [ 466413.51770972594386, 5544022.311560513451695 ], [ 466415.221039893338457, 5544023.392119375988841 ], [ 466583.915427883330267, 5544084.959692422300577 ], [ 466586.334507478808518, 5544084.919492065906525 ] ] } },
{ "type": "Feature", "properties": { "name": "0195534a-5c7f-7fda-859f-b2a29456b2cd" }, "geometry": { "type": "LineString", "coordinates": [ [ 466869.32221611472778, 5541349.039438671432436 ], [ 466831.28743890451733, 5541359.373013254255056 ], [ 466816.654150050366297, 5541363.562074044719338 ], [ 466767.926516194012947, 5541376.282871653325856 ], [ 466738.394553475314751, 5541381.458572159521282 ], [ 466710.802439298364334, 5541383.97497542668134 ], [ 466684.512014676001854, 5541384.746975185349584 ], [ 466674.128640594775788, 5541413.614073139615357 ], [ 466612.968813097453676, 5541391.395556483417749 ], [ 466581.583769862307236, 5541383.41290024202317 ], [ 466499.285959884175099, 5541354.40490486100316 ], [ 466485.198868274048436, 5541343.732740973122418 ], [ 466476.301836754137184, 5541338.586164089851081 ], [ 466427.480775370902847, 5541320.932066282257438 ], [ 466397.9668924601865, 5541310.946868562139571 ] ] } },
{ "type": "Feature", "properties": { "name": "0195534a-5c7f-7514-86a8-c0bfee65e902" }, "geometry": { "type": "LineString", "coordinates": [ [ 466448.726256610883866, 5542955.828076819889247 ], [ 466511.827484548673965, 5542978.802826954051852 ], [ 466520.397057914698962, 5542975.972894572652876 ], [ 466526.346582323138136, 5542959.88025348354131 ], [ 466525.38975806866074, 5542956.270145412534475 ], [ 466527.510094574594405, 5542950.356562578119338 ], [ 466525.903772834979463, 5542948.833119153045118 ] ] } },
{ "type": "Feature", "properties": { "name": "0195534a-5c7f-7188-9e78-5f07194bf1be" }, "geometry": { "type": "LineString", "coordinates": [ [ 466504.395045579061843, 5543224.197865742258728 ], [ 466508.457707195309922, 5543217.555234380066395 ] ] } },
{ "type": "Feature", "properties": { "name": "0195534a-5c7f-76cd-b3b7-c42103506918" }, "geometry": { "type": "LineString", "coordinates": [ [ 466526.241419823840261, 5542946.089357887394726 ], [ 466526.326619656640105, 5542945.769040621817112 ] ] } },
{ "type": "Feature", "properties": { "name": "0195534a-5c7f-7559-a8d9-6a42244c002f" }, "geometry": { "type": "LineString", "coordinates": [ [ 466527.421935621590819, 5542957.081888973712921 ], [ 466529.823174089659005, 5542950.239673499949276 ], [ 466528.468818276363891, 5542946.685046039521694 ], [ 466526.384670885105152, 5542945.799342239275575 ] ] } },
{ "type": "Feature", "properties": { "name": "0195534a-5c7f-7f9d-a56b-1be61c63e662" }, "geometry": { "type": "LineString", "coordinates": [ [ 466540.945412190514617, 5542961.985328235663474 ], [ 466542.625728173123207, 5542962.582139614969492 ] ] } },
{ "type": "Feature", "properties": { "name": "0195534a-5c7f-766d-9597-b230b4c3e017" }, "geometry": { "type": "LineString", "coordinates": [ [ 466550.19638219679473, 5543252.208981405943632 ], [ 466554.015211195393931, 5543245.944167502224445 ] ] } },
{ "type": "Feature", "properties": { "name": "0195534a-5c7f-7c42-b468-27dd57953548" }, "geometry": { "type": "LineString", "coordinates": [ [ 466558.140439238923136, 5542968.201754434034228 ], [ 466557.404656689439435, 5542967.941259808838367 ] ] } },
{ "type": "Feature", "properties": { "name": "0195534a-5c7f-7a1a-94e4-1ba5975b2888" }, "geometry": { "type": "LineString", "coordinates": [ [ 466558.14614766970044, 5542968.203775432892144 ], [ 466558.140439238923136, 5542968.201754434034228 ] ] } },
{ "type": "Feature", "properties": { "name": "0195534a-5c7f-7c0c-88d5-51ee6fec95b0" }, "geometry": { "type": "LineString", "coordinates": [ [ 466558.140439238923136, 5542968.201754434034228 ], [ 466557.706567432149313, 5542969.371323142200708 ], [ 466558.781314416439272, 5542972.19470124039799 ], [ 466560.772218019410502, 5542974.415228902362287 ], [ 466725.824789712321945, 5543034.490913255140185 ], [ 466730.932163752964698, 5543020.567595244385302 ], [ 466744.252721093187574, 5543025.482031401246786 ], [ 466763.462629960617051, 5542972.388703749515116 ] ] } },
{ "type": "Feature", "properties": { "name": "0195534a-5c7f-7173-bcbf-e182084fb9a9" }, "geometry": { "type": "LineString", "coordinates": [ [ 466563.543266298831441, 5542962.141255772672594 ], [ 466560.74217050767038, 5542961.188384515233338 ], [ 466558.140439238923136, 5542968.201754434034228 ] ] } },
{ "type": "Feature", "properties": { "name": "0195534a-5c7f-758a-925b-b028bd0687af" }, "geometry": { "type": "LineString", "coordinates": [ [ 466567.809347413654905, 5542936.744950453750789 ], [ 466563.96712815342471, 5542947.282498239539564 ], [ 466565.788257484324276, 5542955.970602320507169 ] ] } },
{ "type": "Feature", "properties": { "name": "0195534a-5c7f-7a80-b178-0935c714d21f" }, "geometry": { "type": "LineString", "coordinates": [ [ 466595.980609449848998, 5544088.496088362298906 ], [ 466641.457651447912212, 5544105.370997158810496 ], [ 466651.577638741815463, 5544106.963295742869377 ], [ 466793.357355551212095, 5544119.674284715205431 ], [ 466803.655257076839916, 5544119.071454890072346 ], [ 466879.838871603889856, 5544105.108492599800229 ], [ 466920.482666325115133, 5544098.435871346853673 ], [ 466955.72262664034497, 5544094.259294058196247 ], [ 467001.265487941273022, 5544089.692802159115672 ], [ 467001.975201630790252, 5544089.090037041343749 ], [ 467018.824189727543853, 5544043.400091024115682 ], [ 467065.625699267548043, 5543914.530017886310816 ], [ 467077.942561914038379, 5543879.447884532622993 ] ] } },
{ "type": "Feature", "properties": { "name": "0195534a-5c7f-74ed-905b-3bfe870c1a69" }, "geometry": { "type": "LineString", "coordinates": [ [ 466650.036859629559331, 5541347.71825164463371 ], [ 466640.621345550811384, 5541366.612817569635808 ], [ 466622.54927142028464, 5541363.400884010829031 ], [ 466617.344710871984717, 5541361.354059820994735 ] ] } },
{ "type": "Feature", "properties": { "name": "0195534a-5c7f-77a4-a84d-353837f621e3" }, "geometry": { "type": "LineString", "coordinates": [ [ 466683.372137548925821, 5543569.430582903325558 ], [ 466640.516773997456767, 5543542.295729495584965 ] ] } },
{ "type": "Feature", "properties": { "name": "0195534a-5c7f-730a-b3fd-333c75a78aa1" }, "geometry": { "type": "LineString", "coordinates": [ [ 466704.642780797497835, 5541214.156244205310941 ], [ 466691.762381809065118, 5541241.205222646705806 ], [ 466780.972222362819593, 5541283.241521591320634 ], [ 466757.828041701286566, 5541332.214636152610183 ], [ 466745.235915627563372, 5541326.221392835490406 ], [ 466674.829861636739224, 5541292.728319538757205 ], [ 466650.105474249168765, 5541347.703633991070092 ] ] } },
{ "type": "Feature", "properties": { "name": "0195534a-5c7f-76c2-afcc-539fc74a7a20" }, "geometry": { "type": "LineString", "coordinates": [ [ 466773.232786201813724, 5542946.206668843515217 ], [ 466793.298022408213001, 5542891.276415904052556 ], [ 466810.916900506650563, 5542883.007675197906792 ], [ 466881.879842154448852, 5542908.845483165234327 ], [ 467068.864231719751842, 5542976.828330295160413 ], [ 467122.593402731989045, 5542996.393478046171367 ], [ 467089.091112890979275, 5543087.246632306836545 ], [ 467074.232037238893099, 5543128.877579070627689 ], [ 467158.782354198279791, 5543159.891895100474358 ], [ 467162.978988696297165, 5543168.960779638960958 ], [ 467152.335060137964319, 5543198.231665243394673 ], [ 467151.738828848057892, 5543201.319038348272443 ], [ 467151.892564350157045, 5543205.408468497917056 ], [ 467153.02822594018653, 5543209.34005178976804 ], [ 467155.078740600321908, 5543212.881586032919586 ], [ 467158.493861833005212, 5543216.266437625512481 ], [ 467156.65343720826786, 5543221.433447722345591 ], [ 467227.358195207139943, 5543247.553633349016309 ] ] } },
{ "type": "Feature", "properties": { "name": "0195534a-5c7f-7ac0-bb73-36e769f1ce65" }, "geometry": { "type": "LineString", "coordinates": [ [ 466814.133959479513578, 5543410.717996103689075 ], [ 466775.567032120248768, 5543387.127701042219996 ] ] } },
{ "type": "Feature", "properties": { "name": "0195534a-5c7f-7768-8f83-aedf28482d61" }, "geometry": { "type": "LineString", "coordinates": [ [ 466814.126438245526515, 5543035.259607922285795 ], [ 466816.798615080188029, 5543035.477238315157592 ], [ 466867.878432786441408, 5543054.059505185112357 ], [ 466878.875090572284535, 5543058.455683005042374 ], [ 466878.708159815985709, 5543058.875517186708748 ] ] } },
{ "type": "Feature", "properties": { "name": "0195534a-5c7f-7b86-a2ff-04c8cb13f8a2" }, "geometry": { "type": "LineString", "coordinates": [ [ 466874.508487453218549, 5541315.253146632574499 ], [ 466858.266872112290002, 5541318.560571282170713 ] ] } },
{ "type": "Feature", "properties": { "name": "0195534a-5c7f-719c-92be-26b97f8095e7" }, "geometry": { "type": "LineString", "coordinates": [ [ 466865.606191450206097, 5543688.655449488200247 ], [ 466873.019765604869463, 5543693.599167780019343 ], [ 466889.770184177206829, 5543705.060497352853417 ], [ 466911.672633885638788, 5543728.142171505838633 ], [ 466914.70444467139896, 5543730.511209039017558 ], [ 467089.084920291730668, 5543848.5650893189013 ], [ 467080.69941436604131, 5543871.93585295509547 ] ] } },
{ "type": "Feature", "properties": { "name": "0195534a-5c7f-7842-a350-405b1122ab88" }, "geometry": { "type": "LineString", "coordinates": [ [ 466876.516075105289929, 5543065.263991680927575 ], [ 466876.260182182246353, 5543066.042683770880103 ], [ 466867.836510673922021, 5543063.006947652436793 ], [ 466866.982865851547103, 5543065.311037219129503 ], [ 466866.884176200139336, 5543068.036535872146487 ] ] } },
{ "type": "Feature", "properties": { "name": "0195534a-5c7f-72db-8c76-ffb32eb7ba76" }, "geometry": { "type": "LineString", "coordinates": [ [ 467083.415963145031128, 5543603.925183606334031 ], [ 466880.785931198392063, 5543584.526486268267035 ], [ 466878.288925074564759, 5543584.683440706692636 ], [ 466874.116121757484507, 5543591.366146182641387 ] ] } },
{ "type": "Feature", "properties": { "name": "0195534a-5c7f-714c-9045-5217a7b6863a" }, "geometry": { "type": "LineString", "coordinates": [ [ 466874.508487455372233, 5541315.253146632574499 ], [ 466874.508487453218549, 5541315.253146632574499 ] ] } },
{ "type": "Feature", "properties": { "name": "0195534a-5c7f-7e72-9883-30d6176e9beb" }, "geometry": { "type": "LineString", "coordinates": [ [ 466874.508487453218549, 5541315.253146632574499 ], [ 466874.738796102930792, 5541312.839836895465851 ], [ 466874.462888894311618, 5541310.365822520107031 ], [ 466873.518248733598739, 5541308.058746268041432 ], [ 466872.085805885260925, 5541306.242478107102215 ], [ 466870.992236556892749, 5541305.63472712226212 ], [ 466875.359431082848459, 5541295.543710422702134 ], [ 466904.10309339989908, 5541308.915200292132795 ], [ 466901.931986451672856, 5541313.270483024418354 ], [ 466875.564523779321462, 5541321.032573564909399 ], [ 466874.332986530440394, 5541317.092148712836206 ], [ 466874.508487453218549, 5541315.253146632574499 ] ] } },
{ "type": "Feature", "properties": { "name": "0195534a-5c7f-7c3e-a782-01df1da039f2" }, "geometry": { "type": "LineString", "coordinates": [ [ 466900.183604164980352, 5541301.937001462094486 ], [ 466904.499901824165136, 5541303.971163596957922 ], [ 466905.08368724246975, 5541306.538138936273754 ], [ 466903.982551186170895, 5541308.77417791262269 ] ] } },
{ "type": "Feature", "properties": { "name": "0195534a-5c7f-752b-9c5e-8ded2b179b5c" }, "geometry": { "type": "LineString", "coordinates": [ [ 466908.016794986731838, 5541486.887240120209754 ], [ 466970.759961874166038, 5541509.670923129655421 ], [ 466988.308027628110722, 5541515.989292710088193 ], [ 467031.966848583368119, 5541396.158649297431111 ], [ 467071.809566981100943, 5541410.528600393794477 ] ] } },
{ "type": "Feature", "properties": { "name": "0195534a-5c7f-7db0-ad8d-dff1ff82bbc0" }, "geometry": { "type": "LineString", "coordinates": [ [ 467298.120001883129589, 5543730.723534709773958 ], [ 467295.599033409846015, 5543734.986856494098902 ], [ 467282.679120087705087, 5543727.653859714977443 ], [ 467275.95578880229732, 5543727.003163900226355 ], [ 467059.100866183987819, 5543706.094942946918309 ] ] } },
{ "type": "Feature", "properties": { "name": "0195534a-5c7f-7c1d-a94f-1d50c7aa7362" }, "geometry": { "type": "LineString", "coordinates": [ [ 467071.809566981100943, 5541410.528600393794477 ], [ 467071.801890069385991, 5541410.549745737574995 ] ] } },
{ "type": "Feature", "properties": { "name": "0195534a-5c7f-78fa-86ae-1ec75268db56" }, "geometry": { "type": "LineString", "coordinates": [ [ 467071.809566981100943, 5541410.528600393794477 ], [ 467074.644984132493846, 5541411.551241604611278 ] ] } },
{ "type": "Feature", "properties": { "name": "0195534a-5c7f-756a-888b-5a89b10c42f2" }, "geometry": { "type": "LineString", "coordinates": [ [ 467120.338121532229707, 5541370.077488512732089 ], [ 467097.766450060182251, 5541361.761884705163538 ], [ 467090.473331902234349, 5541359.120983881875873 ], [ 467071.809566981100943, 5541410.528600393794477 ] ] } },
{ "type": "Feature", "properties": { "name": "0195534a-5c7f-7748-a9fc-6d35fc431f99" }, "geometry": { "type": "LineString", "coordinates": [ [ 467074.726802039076574, 5541411.580062432214618 ], [ 467083.219414505525492, 5541388.117502292618155 ] ] } },
{ "type": "Feature", "properties": { "name": "0195534a-5c7f-7481-90bd-726094db56fd" }, "geometry": { "type": "LineString", "coordinates": [ [ 467120.338121532229707, 5541370.077488512732089 ], [ 467111.892353883595206, 5541370.103401618078351 ], [ 467092.313626589253545, 5541362.986434431746602 ], [ 467083.219415505125653, 5541388.117312955670059 ] ] } },
{ "type": "Feature", "properties": { "name": "0195534a-5c7f-7419-863e-5ed3836821bb" }, "geometry": { "type": "LineString", "coordinates": [ [ 467159.692720444640145, 5541384.370339871384203 ], [ 467145.82639673614176, 5541369.999285997822881 ], [ 467120.338121532229707, 5541370.077488512732089 ] ] } },
{ "type": "Feature", "properties": { "name": "0195534a-5c7f-7529-91b3-4483095d7135" }, "geometry": { "type": "LineString", "coordinates": [ [ 467123.568708876147866, 5541583.760434342548251 ], [ 467125.766861753189005, 5541587.693855449557304 ], [ 467220.028615338203963, 5541621.878627772442997 ], [ 467559.189603437960614, 5541745.33425119612366 ], [ 467560.079730859433766, 5541742.611018094234169 ] ] } },
{ "type": "Feature", "properties": { "name": "0195534a-5c80-748b-b35f-a0f8dd24ebe4" }, "geometry": { "type": "LineString", "coordinates": [ [ 467132.348058833624236, 5543606.125199812464416 ], [ 467134.202301434008405, 5543603.181357877328992 ], [ 467153.554686986666638, 5543614.86258228123188 ], [ 467200.216165952384472, 5543619.4514423571527 ], [ 467204.683365667471662, 5543615.926813703030348 ], [ 467347.576645176683087, 5543629.570422739721835 ], [ 467370.429563387297094, 5543630.222009134478867 ], [ 467385.535549804917537, 5543629.12934147939086 ], [ 467395.450599775882438, 5543627.986728778108954 ], [ 467410.456615593808237, 5543625.383662390522659 ], [ 467420.346667443343904, 5543623.064517694525421 ], [ 467434.971823019266594, 5543618.758131171576679 ], [ 467449.288094768533483, 5543613.484131499193609 ], [ 467458.431432054610923, 5543609.492656826041639 ], [ 467472.04897070809966, 5543602.627294668927789 ], [ 467483.341435609734617, 5543596.023844085633755 ], [ 467493.97415975749027, 5543588.974575249478221 ], [ 467506.106272936158348, 5543579.762156414799392 ], [ 467517.62762349966215, 5543569.755057718604803 ], [ 467528.379274592734873, 5543558.945283389650285 ], [ 467537.077299981960095, 5543549.310926740057766 ], [ 467545.089486615324859, 5543539.099103261716664 ], [ 467555.86274298169883, 5543522.581337372772396 ], [ 467567.659180355840363, 5543500.406343474052846 ], [ 467572.51058334717527, 5543489.030434985645115 ], [ 467587.242994423373602, 5543449.716723025776446 ], [ 467607.102638282638509, 5543394.623575740493834 ], [ 467595.293057615926955, 5543390.368099802173674 ], [ 467594.134081627707928, 5543392.732249551452696 ], [ 467589.131973935232963, 5543391.779344726353884 ], [ 467592.884409241902176, 5543381.165539853274822 ], [ 467590.735234694555402, 5543376.92424091976136 ], [ 467515.216065855056513, 5543348.418086962774396 ], [ 467458.784361514844932, 5543327.743689515627921 ], [ 467283.959428881236818, 5543263.037600605748594 ] ] } },
{ "type": "Feature", "properties": { "name": "0195534a-5c80-7222-adab-1614f82486da" }, "geometry": { "type": "LineString", "coordinates": [ [ 467286.871767899021506, 5541430.746750650927424 ], [ 467159.692720444640145, 5541384.370339871384203 ] ] } },
{ "type": "Feature", "properties": { "name": "0195534a-5c80-7e29-9958-1a3d7acd6a82" }, "geometry": { "type": "LineString", "coordinates": [ [ 467286.871767899021506, 5541430.746750650927424 ], [ 467285.867306108062621, 5541433.485181966796517 ], [ 467164.303350613219664, 5541389.148795627988875 ], [ 467159.692720444640145, 5541384.370339871384203 ] ] } },
{ "type": "Feature", "properties": { "name": "0195534a-5c80-7139-b034-a7b247224273" }, "geometry": { "type": "LineString", "coordinates": [ [ 467215.096152626327239, 5543278.174316676333547 ], [ 467212.015434342669323, 5543276.248993070796132 ], [ 467215.920068618492223, 5543269.934617541730404 ] ] } },
{ "type": "Feature", "properties": { "name": "0195534a-5c83-7322-9c83-084ca3a48d39" }, "geometry": { "type": "LineString", "coordinates": [ [ 467236.998056713084225, 5543291.652599298395216 ], [ 467240.593562425172422, 5543293.885817005299032 ] ] } },
{ "type": "Feature", "properties": { "name": "0195534a-5c83-7fb1-809a-f9b8719267a8" }, "geometry": { "type": "LineString", "coordinates": [ [ 467246.191231382195838, 5543297.476551376283169 ], [ 467248.221488373121247, 5543295.172523838467896 ], [ 467261.882711430836935, 5543272.504945112392306 ], [ 467263.64606060256483, 5543271.085557610727847 ], [ 467266.277980206708889, 5543271.969278433360159 ] ] } },
{ "type": "Feature", "properties": { "name": "0195534a-5c83-7c4c-b16b-238f5e86eb9c" }, "geometry": { "type": "LineString", "coordinates": [ [ 467286.871767899719998, 5541430.746750650927424 ], [ 467286.871767899021506, 5541430.746750650927424 ] ] } },
{ "type": "Feature", "properties": { "name": "0195534a-5c83-70c6-b0e5-f8930598a4bb" }, "geometry": { "type": "LineString", "coordinates": [ [ 467286.871767899021506, 5541430.746750650927424 ], [ 467288.54177173692733, 5541426.193873827345669 ], [ 467334.028099740389735, 5541302.185985843650997 ], [ 467369.718896768579725, 5541300.505413929000497 ], [ 467426.047973997832742, 5541298.003300849348307 ], [ 467483.412795356416609, 5541295.455180377699435 ] ] } },
{ "type": "Feature", "properties": { "name": "0195534a-5c83-7ee9-af29-20cd27df2bc1" }, "geometry": { "type": "LineString", "coordinates": [ [ 467360.835104686731938, 5543736.281900435686111 ], [ 467362.9302765870234, 5543737.001600092276931 ], [ 467364.500630556605756, 5543733.839846705086529 ], [ 467387.326549241319299, 5543732.990030254237354 ], [ 467402.542489503568504, 5543731.539504125714302 ], [ 467417.597488987201359, 5543729.39325572643429 ], [ 467432.587509843637235, 5543726.595266916789114 ], [ 467452.285644483868964, 5543721.713075016625226 ], [ 467471.700883694924414, 5543715.677343716844916 ], [ 467495.360413399175741, 5543706.431860014796257 ], [ 467513.708058836229611, 5543697.735194029286504 ], [ 467533.587079181452282, 5543686.670459302142262 ], [ 467538.66304031398613, 5543683.652624968439341 ], [ 467548.381200031551998, 5543687.101187907159328 ], [ 467553.167206889251247, 5543673.932391978800297 ], [ 467556.36192117119208, 5543671.669270277954638 ], [ 467568.542015338782221, 5543662.466847109608352 ], [ 467584.030766971351113, 5543649.322968848049641 ], [ 467598.739822531759273, 5543635.291448813863099 ], [ 467609.135612862242851, 5543624.154806860722601 ], [ 467626.886978632945102, 5543602.516500450670719 ], [ 467635.31567309377715, 5543590.767840300686657 ], [ 467643.229402394674253, 5543578.643400349654257 ], [ 467647.890838984516449, 5543570.914715090766549 ], [ 467660.612804767268244, 5543577.657535508275032 ] ] } },
{ "type": "Feature", "properties": { "name": "0195534a-5c83-786d-84e9-d146c2a3d9f4" }, "geometry": { "type": "LineString", "coordinates": [ [ 467416.863788476679474, 5541684.491384556517005 ], [ 467420.08345630596159, 5541685.664826243184507 ] ] } },
{ "type": "Feature", "properties": { "name": "0195534a-5c83-7972-82c9-a632fb4dbc7c" }, "geometry": { "type": "LineString", "coordinates": [ [ 467447.553275270096492, 5541610.293679896742105 ], [ 467444.333608508866746, 5541609.120235287584364 ] ] } },
{ "type": "Feature", "properties": { "name": "0195534a-5c83-7917-8866-8b522e51869a" }, "geometry": { "type": "LineString", "coordinates": [ [ 467458.498927353415638, 5543761.592535306699574 ], [ 467455.803552745899651, 5543768.936668301001191 ] ] } },
{ "type": "Feature", "properties": { "name": "0195534a-5c83-79e5-8300-ea0dcfa593af" }, "geometry": { "type": "LineString", "coordinates": [ [ 467624.197191120474599, 5541289.146029049530625 ], [ 467501.53732129157288, 5541294.647475925274193 ] ] } },
{ "type": "Feature", "properties": { "name": "0195534a-5c83-7a56-923e-829551124d79" }, "geometry": { "type": "LineString", "coordinates": [ [ 467615.095256073342171, 5541763.120471524074674 ], [ 467560.079730859433766, 5541742.611018094234169 ] ] } },
{ "type": "Feature", "properties": { "name": "0195534a-5c83-7f5e-8c8e-7cc54f34cc8e" }, "geometry": { "type": "LineString", "coordinates": [ [ 467560.079730859433766, 5541742.611018094234169 ], [ 467568.204132000741083, 5541720.924876833334565 ], [ 467575.721880997996777, 5541723.58278923202306 ] ] } },
{ "type": "Feature", "properties": { "name": "0195534a-5c83-7c41-9534-17413d842d30" }, "geometry": { "type": "LineString", "coordinates": [ [ 467575.721880997996777, 5541723.58278923202306 ], [ 467599.848348530009389, 5541732.445102446712554 ], [ 467601.932529057143256, 5541733.794551782310009 ], [ 467606.695647112326697, 5541735.541824862360954 ] ] } },
{ "type": "Feature", "properties": { "name": "0195534a-5c83-7d79-8e26-67f2ffa80ba2" }, "geometry": { "type": "LineString", "coordinates": [ [ 467602.437991480459459, 5541684.625100677832961 ], [ 467598.112789651961066, 5541696.075576543807983 ], [ 467581.99426913773641, 5541706.367592581547797 ], [ 467575.721880997996777, 5541723.58278923202306 ] ] } },
{ "type": "Feature", "properties": { "name": "0195534a-5c83-755f-b4ab-91e0275bbab2" }, "geometry": { "type": "LineString", "coordinates": [ [ 467580.874534415022936, 5543816.329578907229006 ], [ 467603.933189179690089, 5543752.837051136419177 ], [ 467617.75580776744755, 5543714.953643013723195 ], [ 467615.469710204342846, 5543714.004036106169224 ], [ 467622.385831666411832, 5543695.224456841126084 ] ] } },
{ "type": "Feature", "properties": { "name": "0195534a-5c83-7a75-8595-cd1ab843aa98" }, "geometry": { "type": "LineString", "coordinates": [ [ 467656.830535873246845, 5541709.736748192459345 ], [ 467658.405878200486768, 5541705.166554914787412 ], [ 467602.437991480459459, 5541684.625100677832961 ] ] } },
{ "type": "Feature", "properties": { "name": "0195534a-5c83-7caf-ac38-b254cd1a50fc" }, "geometry": { "type": "LineString", "coordinates": [ [ 467602.437991480459459, 5541684.625100677832961 ], [ 467626.770894115790725, 5541617.609783448278904 ], [ 467695.903394854220096, 5541642.557759365066886 ], [ 467651.830642150831409, 5541763.521384349092841 ], [ 467654.219658526475541, 5541764.441082505509257 ] ] } },
{ "type": "Feature", "properties": { "name": "0195534a-5c83-7bb2-a2c0-c0f3e93a6d20" }, "geometry": { "type": "LineString", "coordinates": [ [ 467606.695647112326697, 5541735.541824862360954 ], [ 467628.670519318256993, 5541743.567283148877323 ] ] } },
{ "type": "Feature", "properties": { "name": "0195534a-5c83-723c-84b0-35cd20912f9e" }, "geometry": { "type": "LineString", "coordinates": [ [ 467606.695647112326697, 5541735.541824862360954 ], [ 467600.645167886803392, 5541752.339186158031225 ], [ 467616.966716899827588, 5541758.000824744813144 ], [ 467617.333562729065306, 5541756.788304426707327 ], [ 467637.125742469273973, 5541764.015297117643058 ], [ 467640.506335378915537, 5541754.826928094029427 ] ] } },
{ "type": "Feature", "properties": { "name": "0195534a-5c83-70f5-9d1e-48986885dfbd" }, "geometry": { "type": "LineString", "coordinates": [ [ 467624.197191120474599, 5541289.146029049530625 ], [ 467624.197191120416392, 5541289.14602904766798 ] ] } },
{ "type": "Feature", "properties": { "name": "0195534a-5c83-7967-a6e7-89a3b4aede1c" }, "geometry": { "type": "LineString", "coordinates": [ [ 467653.75863883481361, 5541302.383700873702765 ], [ 467646.22794471506495, 5541299.680879682302475 ], [ 467645.157389422005508, 5541302.460781456902623 ], [ 467624.363606039376464, 5541294.938912671990693 ], [ 467624.197191120474599, 5541289.146029049530625 ] ] } },
{ "type": "Feature", "properties": { "name": "0195534a-5c83-71fb-b549-23746b447046" }, "geometry": { "type": "LineString", "coordinates": [ [ 467624.25475976819871, 5541289.143447024747729 ], [ 467624.197191120474599, 5541289.146029049530625 ] ] } },
{ "type": "Feature", "properties": { "name": "0195534a-5c83-7014-8b5a-99d857dda956" }, "geometry": { "type": "LineString", "coordinates": [ [ 467628.660242885700427, 5541743.595770020037889 ], [ 467628.670519318256993, 5541743.567283148877323 ] ] } },
{ "type": "Feature", "properties": { "name": "0195534a-5c83-7862-984d-3bfdb5d14e15" }, "geometry": { "type": "LineString", "coordinates": [ [ 467642.654439134523273, 5541748.674360182136297 ], [ 467628.670519318256993, 5541743.567283148877323 ] ] } },
{ "type": "Feature", "properties": { "name": "0195534a-5c83-79b6-96c8-2640b8c0c756" }, "geometry": { "type": "LineString", "coordinates": [ [ 467628.670519318256993, 5541743.567283148877323 ], [ 467638.817737139586825, 5541715.438602322712541 ], [ 467652.894174200366251, 5541720.422525527887046 ] ] } },
{ "type": "Feature", "properties": { "name": "0195534a-5c83-7208-9e86-8ac66833c09a" }, "geometry": { "type": "LineString", "coordinates": [ [ 467641.844777693448123, 5541751.102400126866996 ], [ 467647.141571646614466, 5541736.504169419407845 ] ] } },
{ "type": "Feature", "properties": { "name": "0195534a-5c83-708f-a13d-5fb6eb97e3f7" }, "geometry": { "type": "LineString", "coordinates": [ [ 467648.483012762968428, 5541732.779641439206898 ], [ 467654.631451841210946, 5541715.80834864359349 ] ] } },
{ "type": "Feature", "properties": { "name": "0195534a-5c83-74db-aa4d-216f201402c8" }, "geometry": { "type": "LineString", "coordinates": [ [ 467709.292971350252628, 5541314.696483629755676 ], [ 467708.522345533769112, 5541324.595552411861718 ], [ 467690.911303208675236, 5541318.038278645835817 ] ] } },
{ "type": "Feature", "properties": { "name": "0195534a-5c83-7480-bcad-e1765f5c0fea" }, "geometry": { "type": "LineString", "coordinates": [ [ 467700.711976886086632, 5543468.365179115906358 ], [ 467717.842965834599454, 5543474.515335411764681 ] ] } },
{ "type": "Feature", "properties": { "name": "0195534a-5c83-7e24-909d-a08db8ea14ab" }, "geometry": { "type": "LineString", "coordinates": [ [ 467714.970795477565844, 5541314.004932232201099 ], [ 467715.253655356820673, 5541309.45414808858186 ], [ 467714.56283201277256, 5541308.280999251641333 ], [ 467714.853688721545041, 5541304.242603179998696 ], [ 467714.054006678285077, 5541304.240609361790121 ], [ 467714.231910122383852, 5541300.469107923097908 ], [ 467715.200525313441176, 5541300.518081918358803 ] ] } },
{ "type": "Feature", "properties": { "name": "0195534a-5c83-7df3-afcc-5e02d12ef133" }, "geometry": { "type": "LineString", "coordinates": [ [ 467717.842965397809166, 5543474.515334213152528 ], [ 467719.298813858593348, 5543478.499979885295033 ], [ 467715.58236187545117, 5543488.764923240058124 ], [ 467716.717913317377679, 5543489.193745040334761 ] ] } },
{ "type": "Feature", "properties": { "name": "0195534a-5c83-704a-bdc0-dcd45662b04b" }, "geometry": { "type": "LineString", "coordinates": [ [ 467721.184148062544409, 5541300.806926722638309 ], [ 467722.779514202382416, 5541300.879886955022812 ], [ 467722.231798149878159, 5541310.545047253370285 ] ] } },
{ "type": "Feature", "properties": { "name": "0195534a-5c83-72e4-9f2b-986b53005f00" }, "geometry": { "type": "LineString", "coordinates": [ [ 467725.424739059875719, 5541437.723841683007777 ], [ 467697.696136984450277, 5541514.290384227409959 ], [ 467696.388683239114471, 5541519.252857954241335 ], [ 467696.49377076420933, 5541527.207238353788853 ], [ 467698.21074240305461, 5541535.046456639654934 ], [ 467706.523725103936158, 5541556.109503392130136 ], [ 467709.666505218949169, 5541560.454754292033613 ], [ 467712.671379086852539, 5541563.07966554351151 ], [ 467715.408653142338153, 5541564.574479753151536 ], [ 467718.704405180527829, 5541565.102674197405577 ], [ 467728.33631520572817, 5541562.905005593784153 ], [ 467734.227478155342396, 5541562.410868063569069 ], [ 467737.686154582654126, 5541561.19460400659591 ], [ 467753.725316212105099, 5541559.180097130127251 ], [ 467777.632043521211017, 5541558.343770411796868 ], [ 467789.338365801086184, 5541559.027826881036162 ], [ 467802.236062629322987, 5541560.595819676294923 ], [ 467880.781507247244008, 5541573.598323688842356 ], [ 467907.967771550116595, 5541577.264731765724719 ], [ 467910.433802974410355, 5541579.012020302005112 ], [ 467911.991200377349742, 5541581.445042288862169 ], [ 467913.941464022849686, 5541587.155758216977119 ], [ 467914.053440352843609, 5541590.200546686537564 ], [ 467911.968329468334559, 5541598.96607509534806 ], [ 467906.999408702016808, 5541613.309467722661793 ] ] } },
{ "type": "Feature", "properties": { "name": "0195534a-5c83-7eea-b957-11a528e0d5a9" }, "geometry": { "type": "LineString", "coordinates": [ [ 467727.439675769070163, 5543492.902197797782719 ], [ 467730.1375797878718, 5543489.5035309959203 ], [ 467734.491766394290607, 5543477.515268593095243 ], [ 467739.546256249770522, 5543473.068272701464593 ] ] } },
{ "type": "Feature", "properties": { "name": "0195534a-5c83-7fb3-970d-5eef2fa65b5c" }, "geometry": { "type": "LineString", "coordinates": [ [ 467728.406986908288673, 5541429.70602735877037 ], [ 467772.2273785705911, 5541309.438307189382613 ], [ 467750.74308965425007, 5541308.163208651356399 ], [ 467751.059861722111236, 5541302.403559009544551 ] ] } },
{ "type": "Feature", "properties": { "name": "0195534a-5c83-78e8-83ff-6924fd9462b8" }, "geometry": { "type": "LineString", "coordinates": [ [ 467739.546264398260973, 5543473.068265523761511 ], [ 467777.737021565379109, 5543464.309746891260147 ], [ 467788.251231889647897, 5543454.210171752609313 ] ] } },
{ "type": "Feature", "properties": { "name": "0195534a-5c83-7a82-9b1a-34e5d61f08b7" }, "geometry": { "type": "LineString", "coordinates": [ [ 467743.792036289349198, 5541301.962760094553232 ], [ 467742.103075897728559, 5541301.792835243977606 ], [ 467741.551082696241792, 5541311.931790149770677 ] ] } },
{ "type": "Feature", "properties": { "name": "0195534a-5c83-71f7-9dde-78bf33692674" }, "geometry": { "type": "LineString", "coordinates": [ [ 467742.103075532242656, 5541301.792835224419832 ], [ 467742.389514909533318, 5541296.109997468069196 ] ] } },
{ "type": "Feature", "properties": { "name": "0195534a-5c83-7c7c-bb6f-538517ab8e4c" }, "geometry": { "type": "LineString", "coordinates": [ [ 467809.695879417937249, 5541831.7798559255898 ], [ 467812.422030016197823, 5541823.685156418010592 ], [ 467811.867307416338008, 5541821.761904950253665 ], [ 467778.558908203558531, 5541809.606763310730457 ], [ 467744.202933134161867, 5541797.100728242658079 ] ] } },
{ "type": "Feature", "properties": { "name": "0195534a-5c83-7bb6-8594-d12aaa703d40" }, "geometry": { "type": "LineString", "coordinates": [ [ 467751.05986168619711, 5541302.403559009544551 ], [ 467749.49050102912588, 5541302.283761822618544 ] ] } },
{ "type": "Feature", "properties": { "name": "0195534a-5c83-7447-a72f-5e6e18855e19" }, "geometry": { "type": "LineString", "coordinates": [ [ 467792.01271106331842, 5543450.525611429475248 ], [ 467794.430854301957879, 5543448.292603004723787 ] ] } },
{ "type": "Feature", "properties": { "name": "0195534a-5c83-7e3f-a2bf-7badc3dcd648" }, "geometry": { "type": "LineString", "coordinates": [ [ 467994.798067714029457, 5543521.14883438590914 ], [ 467794.430854301957879, 5543448.292603004723787 ] ] } },
{ "type": "Feature", "properties": { "name": "0195534a-5c83-7c3c-9b58-2037f3a9d553" }, "geometry": { "type": "LineString", "coordinates": [ [ 467794.430854301957879, 5543448.292603004723787 ], [ 467811.910321402945556, 5543399.703435937874019 ] ] } },
{ "type": "Feature", "properties": { "name": "0195534a-5c83-7315-ac2a-396af5a780cf" }, "geometry": { "type": "LineString", "coordinates": [ [ 467812.287204327352811, 5543398.648862740956247 ], [ 467826.168810215836857, 5543360.021628731861711 ] ] } },
{ "type": "Feature", "properties": { "name": "0195534a-5c83-7621-a7f2-0d96f86cf8a0" }, "geometry": { "type": "LineString", "coordinates": [ [ 467849.398622801410966, 5541835.441731688566506 ], [ 467826.35039565328043, 5541827.162179734557867 ], [ 467823.832363839086611, 5541828.179702114313841 ], [ 467821.893972719961312, 5541833.74843077827245 ], [ 467822.624674388731364, 5541834.071317445486784 ], [ 467821.849926206283271, 5541836.081503313966095 ] ] } },
{ "type": "Feature", "properties": { "name": "0195534a-5c83-784d-bc55-ec8e07e8d773" }, "geometry": { "type": "LineString", "coordinates": [ [ 467826.624651775811799, 5543358.972063000313938 ], [ 467849.89328780217329, 5543294.441405864432454 ], [ 467853.178086283209268, 5543290.724971462972462 ], [ 467857.395490966271609, 5543288.031174084171653 ], [ 467859.794551883183885, 5543287.270540307275951 ], [ 467862.313550617429428, 5543287.313596125692129 ], [ 467864.59061294386629, 5543288.43522469047457 ], [ 467866.417838506575208, 5543290.196571916341782 ], [ 467867.435369712358806, 5543292.498689602129161 ], [ 467867.54625270597171, 5543294.990697908215225 ], [ 467862.615800084080547, 5543309.144922897219658 ], [ 467863.312515124503989, 5543309.44482892472297 ] ] } },
{ "type": "Feature", "properties": { "name": "0195534a-5c83-7907-a4ac-d1817c5d3295" }, "geometry": { "type": "LineString", "coordinates": [ [ 467840.363696901709773, 5541796.964593329466879 ], [ 467840.988514666154515, 5541794.950420056469738 ] ] } },
{ "type": "Feature", "properties": { "name": "0195534a-5c83-7491-b2ab-ef04144c70c8" }, "geometry": { "type": "LineString", "coordinates": [ [ 467870.845030311669689, 5541712.767968732863665 ], [ 467841.488346606842242, 5541793.589967668056488 ] ] } },
{ "type": "Feature", "properties": { "name": "0195534a-5c83-7b7f-929b-3508cf207baa" }, "geometry": { "type": "LineString", "coordinates": [ [ 467844.451708410750143, 5541809.665665091015399 ], [ 467844.731587768648751, 5541809.759635833092034 ] ] } },
{ "type": "Feature", "properties": { "name": "0195534a-5c83-7c56-a034-8f1a2c958713" }, "geometry": { "type": "LineString", "coordinates": [ [ 467845.109364700911101, 5541812.262647955678403 ], [ 467845.825146152637899, 5541810.227482406422496 ] ] } },
{ "type": "Feature", "properties": { "name": "0195534a-5c83-7958-9601-751353815199" }, "geometry": { "type": "LineString", "coordinates": [ [ 467849.340577676077373, 5541815.969305410049856 ], [ 467849.949393054121174, 5541814.137049909681082 ] ] } },
{ "type": "Feature", "properties": { "name": "0195534a-5c83-750c-b37b-e802be1dc4ea" }, "geometry": { "type": "LineString", "coordinates": [ [ 467880.860782243718859, 5541790.795233181677759 ], [ 467878.840593241737224, 5541790.464308416470885 ], [ 467877.543816594290547, 5541800.353334746323526 ], [ 467878.607385089679155, 5541800.556286871433258 ], [ 467874.679048609861638, 5541831.44289119169116 ], [ 467872.388758241548203, 5541838.591983784921467 ], [ 467870.709572201885749, 5541841.373028395697474 ] ] } },
{ "type": "Feature", "properties": { "name": "0195534a-5c83-7725-8c70-fab8c3047252" }, "geometry": { "type": "LineString", "coordinates": [ [ 467849.398622801410966, 5541835.441731688566506 ], [ 467855.819937245978508, 5541818.287569805979729 ], [ 467854.280564632499591, 5541817.602792500518262 ] ] } },
{ "type": "Feature", "properties": { "name": "0195534a-5c83-72db-993e-ce57ba008b88" }, "geometry": { "type": "LineString", "coordinates": [ [ 467872.948585829464719, 5543312.657836028374732 ], [ 467874.755850553221535, 5543313.138692568987608 ], [ 467876.9661010223208, 5543308.65554032381624 ] ] } },
{ "type": "Feature", "properties": { "name": "0195534a-5c83-753d-ba7d-f6ee2f07a1ac" }, "geometry": { "type": "LineString", "coordinates": [ [ 467906.09387294575572, 5541614.688002827577293 ], [ 467906.263789352145977, 5541615.267771136946976 ], [ 467873.054339399153832, 5541706.570498272776604 ] ] } },
{ "type": "Feature", "properties": { "name": "0195534a-5c83-73d8-a134-25e1f4b598a2" }, "geometry": { "type": "LineString", "coordinates": [ [ 467877.521912403521128, 5543307.542998955585063 ], [ 467885.796979768725578, 5543295.515025808475912 ], [ 467938.828220045659691, 5543315.298879597336054 ] ] } },
{ "type": "Feature", "properties": { "name": "0195534a-5c83-75ba-8305-58acef7f3e38" }, "geometry": { "type": "LineString", "coordinates": [ [ 467877.851221390941646, 5541798.253525888547301 ], [ 467907.877707022707909, 5541802.069537466391921 ] ] } },
{ "type": "Feature", "properties": { "name": "0195534a-5c83-7dc7-8f1d-75723df354a1" }, "geometry": { "type": "LineString", "coordinates": [ [ 467884.499281859141774, 5541749.380447413772345 ], [ 467875.169967245834414, 5541745.856911551207304 ], [ 467873.329665819182992, 5541741.014849451370537 ], [ 467884.530531183001585, 5541709.742268460802734 ] ] } },
{ "type": "Feature", "properties": { "name": "0195534a-5c83-7990-8e18-93d178aac900" }, "geometry": { "type": "LineString", "coordinates": [ [ 467889.076482866657898, 5541791.867051491513848 ], [ 467892.80898216040805, 5541792.364958293735981 ] ] } },
{ "type": "Feature", "properties": { "name": "0195534a-5c83-78c4-9c04-cddce6c0824d" }, "geometry": { "type": "LineString", "coordinates": [ [ 467971.781437928671949, 5541780.644839089363813 ], [ 467891.262609266676009, 5541751.809435845352709 ] ] } },
{ "type": "Feature", "properties": { "name": "0195534a-5c83-7961-9d16-8a640e508982" }, "geometry": { "type": "LineString", "coordinates": [ [ 467898.854801652079914, 5543932.509711642749608 ], [ 467901.287438792467583, 5543926.040445435792208 ] ] } },
{ "type": "Feature", "properties": { "name": "0195534a-5c83-7e67-be5c-627b6a17212d" }, "geometry": { "type": "LineString", "coordinates": [ [ 467899.959115424309857, 5541793.282805021852255 ], [ 467900.296981116058305, 5541793.287810757756233 ] ] } },
{ "type": "Feature", "properties": { "name": "0195534a-5c83-7ad2-b258-4a075e671f4a" }, "geometry": { "type": "LineString", "coordinates": [ [ 467908.089663238904905, 5541800.681098149158061 ], [ 467908.842550392146222, 5541794.332647554576397 ], [ 467905.634832997166086, 5541793.917714222334325 ] ] } },
{ "type": "Feature", "properties": { "name": "0195534a-5c83-7e9b-8b6f-ce4cf8d43808" }, "geometry": { "type": "LineString", "coordinates": [ [ 467905.519962004676927, 5541851.305783015675843 ], [ 467904.649580837110989, 5541850.286275628954172 ], [ 467903.508149330154993, 5541848.043155327439308 ], [ 467902.826517770881765, 5541843.285002037882805 ], [ 467904.874189241672866, 5541826.59269598685205 ], [ 467906.049736696470063, 5541825.844035750254989 ], [ 467911.201672691910062, 5541826.500919743441045 ], [ 467912.280240338237491, 5541825.99059540219605 ], [ 467913.516044404299464, 5541816.565944815985858 ], [ 467911.126552668632939, 5541816.226485695689917 ] ] } },
{ "type": "Feature", "properties": { "name": "0195534a-5c83-7e33-8471-ea18c176c638" }, "geometry": { "type": "LineString", "coordinates": [ [ 467936.19692871539155, 5543941.324130283668637 ], [ 467934.598991307197139, 5543945.57271156553179 ] ] } },
{ "type": "Feature", "properties": { "name": "0195534a-5c83-7562-a168-0cac2f2a4862" }, "geometry": { "type": "LineString", "coordinates": [ [ 467966.570508783741388, 5543325.383731419220567 ], [ 467974.057930408627726, 5543328.102639519609511 ], [ 467973.371147731610108, 5543330.181797394528985 ] ] } },
{ "type": "Feature", "properties": { "name": "0195534a-5c83-7ce7-81db-37fd1550d582" }, "geometry": { "type": "LineString", "coordinates": [ [ 467849.398409399320371, 5541835.442275423556566 ], [ 467870.709572201885749, 5541841.373028395697474 ], [ 467905.519962004676927, 5541851.305783015675843 ], [ 467908.021237495238893, 5541851.791140426881611 ], [ 467988.112852245685644, 5541861.664097386412323 ], [ 468174.515198589942884, 5541929.287946267984807 ], [ 468175.390855684003327, 5541930.057634271681309 ], [ 468178.953444620303344, 5541930.858291790820658 ], [ 468191.68341439741198, 5541935.446381209418178 ], [ 468186.007777680351865, 5541950.99423686042428 ], [ 468189.007141192385461, 5541951.88621187210083 ] ] } },
{ "type": "Feature", "properties": { "name": "0195534a-5c83-7b31-98a1-69de89750c4c" }, "geometry": { "type": "LineString", "coordinates": [ [ 468019.080938615370542, 5541774.058724986389279 ], [ 467977.858392793568783, 5541783.298329279758036 ], [ 467971.781437928671949, 5541780.644839089363813 ] ] } },
{ "type": "Feature", "properties": { "name": "0195534a-5c83-7980-a798-e323bfb4a99f" }, "geometry": { "type": "LineString", "coordinates": [ [ 467999.746558804123197, 5541834.852829028852284 ], [ 467993.675900475296658, 5541841.401974738575518 ], [ 467990.811970588518307, 5541842.76867660600692 ], [ 467958.905203045462258, 5541838.350613030605018 ], [ 467971.781437928671949, 5541780.644839089363813 ] ] } },
{ "type": "Feature", "properties": { "name": "0195534a-5c83-77de-93d9-54f529fee609" }, "geometry": { "type": "LineString", "coordinates": [ [ 468004.519494948908687, 5543339.206117810681462 ], [ 467987.902280843118206, 5543333.205016748979688 ], [ 467985.47126446099719, 5543332.773124970495701 ], [ 467983.143173216842115, 5543333.224871104583144 ], [ 467979.820404757803772, 5543336.200590332970023 ], [ 467979.48854567646049, 5543336.050642204470932 ] ] } },
{ "type": "Feature", "properties": { "name": "0195534a-5c83-7fc6-9cc6-100969552814" }, "geometry": { "type": "LineString", "coordinates": [ [ 468001.85783399961656, 5543346.610591473057866 ], [ 468004.519494948908687, 5543339.206117810681462 ] ] } },
{ "type": "Feature", "properties": { "name": "0195534a-5c83-72d9-975c-21b3901f1d3c" }, "geometry": { "type": "LineString", "coordinates": [ [ 468001.978102303459309, 5541827.08775320276618 ], [ 468013.425546626327559, 5541796.231923301704228 ], [ 468021.23508769395994, 5541774.877384894527495 ], [ 468019.080938615370542, 5541774.058724986389279 ] ] } },
{ "type": "Feature", "properties": { "name": "0195534a-5c83-74d0-9de0-07dac434ad44" }, "geometry": { "type": "LineString", "coordinates": [ [ 468002.497807835112326, 5543379.906866895966232 ], [ 468004.764003866701387, 5543373.646540947258472 ] ] } },
{ "type": "Feature", "properties": { "name": "0195534a-5c83-715b-9f8f-7cdda921df36" }, "geometry": { "type": "LineString", "coordinates": [ [ 468046.018092667218298, 5543395.741235389374197 ], [ 468002.799748534802347, 5543380.016721161082387 ] ] } },
{ "type": "Feature", "properties": { "name": "0195534a-5c83-7b48-a34d-fb487303849b" }, "geometry": { "type": "LineString", "coordinates": [ [ 468004.519494948908687, 5543339.206117810681462 ], [ 468025.878785669512581, 5543346.968656297773123 ], [ 468025.284972913272213, 5543348.593994002789259 ], [ 468039.409202925628051, 5543353.820330024696887 ] ] } },
{ "type": "Feature", "properties": { "name": "0195534a-5c83-702a-a199-bbb47232b0e3" }, "geometry": { "type": "LineString", "coordinates": [ [ 468006.063331594807096, 5543369.904270259663463 ], [ 468007.892660293495283, 5543364.952037105336785 ] ] } },
{ "type": "Feature", "properties": { "name": "0195534a-5c83-729e-ae1a-b82de0dc5f5f" }, "geometry": { "type": "LineString", "coordinates": [ [ 468007.472799485549331, 5543525.705906355753541 ], [ 468044.673701674037147, 5543539.307725396007299 ], [ 468059.026153519633226, 5543499.699888101778924 ] ] } },
{ "type": "Feature", "properties": { "name": "0195534a-5c83-71db-bfee-f7f9b72d8107" }, "geometry": { "type": "LineString", "coordinates": [ [ 468020.007554115843959, 5541771.714650869369507 ], [ 468019.080938615370542, 5541774.058724986389279 ] ] } },
{ "type": "Feature", "properties": { "name": "0195534a-5c83-735e-9991-4c68692c462e" }, "geometry": { "type": "LineString", "coordinates": [ [ 468039.409202925628051, 5543353.820330024696887 ], [ 468033.863963142619468, 5543369.194054257124662 ], [ 468028.131848977936897, 5543366.808847418986261 ] ] } },
{ "type": "Feature", "properties": { "name": "0195534a-5c83-79af-807b-0360e9fdebbc" }, "geometry": { "type": "LineString", "coordinates": [ [ 468039.409202925628051, 5543353.820330024696887 ], [ 468092.593506774050184, 5543372.785338059067726 ], [ 468086.822050063114148, 5543388.613922953605652 ] ] } },
{ "type": "Feature", "properties": { "name": "0195534a-5c83-78d7-a817-5db49dc84677" }, "geometry": { "type": "LineString", "coordinates": [ [ 468080.703181188262533, 5543408.774677505716681 ], [ 468050.199160683434457, 5543397.260482925921679 ] ] } },
{ "type": "Feature", "properties": { "name": "0195534a-5c83-74cf-84aa-85984acd7ad1" }, "geometry": { "type": "LineString", "coordinates": [ [ 468059.430025513109285, 5543498.61733583919704 ], [ 468082.552635889849626, 5543436.488714488223195 ], [ 468090.571152817399707, 5543412.44251209218055 ], [ 468081.858714595611673, 5543409.190544306300581 ] ] } },
{ "type": "Feature", "properties": { "name": "0195534a-5c83-78ea-b4b5-0f9a535ce386" }, "geometry": { "type": "LineString", "coordinates": [ [ 468079.232781913597137, 5543408.20486406609416 ], [ 468080.967230722657405, 5543403.600743131712079 ] ] } },
{ "type": "Feature", "properties": { "name": "0195534a-5c83-73cf-92af-fd3e8637fc24" }, "geometry": { "type": "LineString", "coordinates": [ [ 468083.513403301767539, 5543397.030428558588028 ], [ 468086.822050063114148, 5543388.613922953605652 ] ] } },
{ "type": "Feature", "properties": { "name": "0195534a-5c83-7ea1-a00a-a96276e7620b" }, "geometry": { "type": "LineString", "coordinates": [ [ 468086.822050063114148, 5543388.613922953605652 ], [ 468095.696030749357305, 5543391.871170975267887 ] ] } },
{ "type": "Feature", "properties": { "name": "0195534a-5c83-7f64-896d-37eaee285f57" }, "geometry": { "type": "LineString", "coordinates": [ [ 468095.64810341258999, 5543391.910482234321535 ], [ 468095.696030749357305, 5543391.871170975267887 ] ] } },
{ "type": "Feature", "properties": { "name": "0195534a-5c83-7d94-acb5-7694df33126c" }, "geometry": { "type": "LineString", "coordinates": [ [ 468095.696030749357305, 5543391.871170975267887 ], [ 468098.137139639933594, 5543392.767194686457515 ] ] } },
{ "type": "Feature", "properties": { "name": "0195534a-5c83-7d69-abaa-a652334494f4" }, "geometry": { "type": "LineString", "coordinates": [ [ 468095.696030749357305, 5543391.871170975267887 ], [ 468100.192031177284662, 5543388.183433489874005 ] ] } },
{ "type": "Feature", "properties": { "name": "0195534a-5c83-7f7a-9ea6-b14413722577" }, "geometry": { "type": "LineString", "coordinates": [ [ 468102.628860899596475, 5543395.271688314154744 ], [ 468104.545260970538948, 5543389.734947012737393 ] ] } },
{ "type": "Feature", "properties": { "name": "0195534a-5c83-74d9-857f-cd4e664f5840" }, "geometry": { "type": "LineString", "coordinates": [ [ 468107.636876393051352, 5543394.789026292040944 ], [ 468109.656058579508681, 5543395.520791614428163 ], [ 468109.360005151189398, 5543396.81246997974813 ], [ 468114.300115079968236, 5543398.872597274370492 ], [ 468114.790976663876791, 5543396.940382297150791 ], [ 468110.878653837542515, 5543392.802914093248546 ], [ 468120.592856900650077, 5543389.222481979057193 ] ] } },
{ "type": "Feature", "properties": { "name": "0195534a-5c83-74d7-ad7c-a1d509e2ed9c" }, "geometry": { "type": "LineString", "coordinates": [ [ 468120.600883857288864, 5543389.244613131508231 ], [ 468128.260682349908166, 5543395.667077287100255 ], [ 468124.585814494639635, 5543406.021054946817458 ] ] } },
{ "type": "Feature", "properties": { "name": "0195534a-5c83-7760-a566-9aab0436e435" }, "geometry": { "type": "LineString", "coordinates": [ [ 468130.146538816974498, 5543408.249331159517169 ], [ 468130.746299529040698, 5543408.129394778981805 ], [ 468135.554777750046924, 5543395.017756030894816 ], [ 468145.108060153434053, 5543392.219144118949771 ], [ 468229.602282279869542, 5543423.358513019047678 ] ] } },
{ "type": "Feature", "properties": { "name": "0195534a-5c83-7259-9bf8-ffc74d16ccda" }, "geometry": { "type": "LineString", "coordinates": [ [ 468232.411480135982856, 5541945.654926202259958 ], [ 468234.953445588005707, 5541946.556640432216227 ], [ 468235.273222839168739, 5541945.739743115380406 ] ] } },
{ "type": "Feature", "properties": { "name": "0195534a-5c83-7327-a625-c81fb6c4574f" }, "geometry": { "type": "LineString", "coordinates": [ [ 468238.126652273931541, 5541941.947981636971235 ], [ 468236.898704548366368, 5541945.453136092051864 ] ] } },
{ "type": "Feature", "properties": { "name": "0195534a-5c83-7ecc-a22c-d771fbe1acae" }, "geometry": { "type": "LineString", "coordinates": [ [ 468240.090275817725342, 5541936.012078823521733 ], [ 468240.18642558332067, 5541936.03877315018326 ], [ 468244.521417348005343, 5541937.242309629917145 ], [ 468246.086765121144708, 5541932.89202896784991 ], [ 468246.826472390966956, 5541933.094943271949887 ] ] } },
{ "type": "Feature", "properties": { "name": "0195534a-5c83-7baa-b6b4-155d18a367ec" }, "geometry": { "type": "LineString", "coordinates": [ [ 468251.419656802376267, 5541934.66228892840445 ], [ 468251.982434579462279, 5541934.888195285573602 ], [ 468253.19739760865923, 5541934.473052613437176 ] ] } },
{ "type": "Feature", "properties": { "name": "0195534a-5c83-7d52-a201-2d05c16b276e" }, "geometry": { "type": "LineString", "coordinates": [ [ 468347.061592631507665, 5541900.711226093582809 ], [ 468330.456649468047544, 5541946.344512757845223 ], [ 468323.993931739474647, 5541953.89315052703023 ], [ 468316.809811691578943, 5541957.308840861544013 ], [ 468316.165066950314213, 5541957.147909222170711 ] ] } },
{ "type": "Feature", "properties": { "name": "0195534a-5c83-7da4-89c2-dc50b5033476" }, "geometry": { "type": "LineString", "coordinates": [ [ 468317.036273648322094, 5543455.279870730824769 ], [ 468360.08230826293584, 5543470.147272187285125 ], [ 468382.439187529613264, 5543484.162232263945043 ], [ 468391.361708585522138, 5543494.1701919734478 ], [ 468393.225019765261095, 5543501.754163527861238 ], [ 468392.774251832277514, 5543509.455104282125831 ], [ 468386.50086266931612, 5543526.438393405638635 ], [ 468385.668191334989388, 5543526.088538190349936 ], [ 468384.967485426110215, 5543528.345645395107567 ], [ 468385.724185762170237, 5543528.520570698194206 ], [ 468376.327099507034291, 5543554.383350087329745 ], [ 468373.279369001858868, 5543562.795025859028101 ], [ 468370.530455948610324, 5543561.917393516749144 ], [ 468369.206007357453927, 5543565.532964763231575 ], [ 468370.913332292926498, 5543566.082734553143382 ] ] } },
{ "type": "Feature", "properties": { "name": "0195534a-5c83-78ca-b43c-7a223cc6f016" }, "geometry": { "type": "LineString", "coordinates": [ [ 468344.663500022725202, 5543973.086576054804027 ], [ 468381.434514691296499, 5544038.369568230584264 ] ] } },
{ "type": "Feature", "properties": { "name": "0195534a-5c83-7124-b9c3-57ee008336d1" }, "geometry": { "type": "LineString", "coordinates": [ [ 468347.598935112007894, 5541901.250004868023098 ], [ 468347.13717550819274, 5541900.782124048098922 ] ] } },
{ "type": "Feature", "properties": { "name": "0195534a-5c83-7ef8-9a46-1404876e0356" }, "geometry": { "type": "LineString", "coordinates": [ [ 468357.221043465833645, 5541904.793820505030453 ], [ 468353.637509307649452, 5541903.47523910459131 ] ] } },
{ "type": "Feature", "properties": { "name": "0195534a-5c83-75b0-90bd-513360933084" }, "geometry": { "type": "LineString", "coordinates": [ [ 468358.557548171374947, 5544057.557083343155682 ], [ 468346.764167218934745, 5544037.264532240107656 ], [ 468320.522272659756709, 5543989.43572972714901 ], [ 468334.342715222330298, 5543980.331256208010018 ], [ 468352.627355927659664, 5543967.305311743170023 ], [ 468376.79457407456357, 5543942.089174742810428 ], [ 468386.480646500538569, 5543930.952537413686514 ] ] } },
{ "type": "Feature", "properties": { "name": "0195534a-5c83-7bbe-b7f0-9a22533ab021" }, "geometry": { "type": "LineString", "coordinates": [ [ 468372.690385324473027, 5541929.997103443369269 ], [ 468373.917772767366841, 5541926.418708123266697 ], [ 468373.034205914998893, 5541923.767738288268447 ], [ 468373.092214463686105, 5541922.544224442914128 ], [ 468376.981985158228781, 5541911.944553192704916 ] ] } },
{ "type": "Feature", "properties": { "name": "0195534a-5c83-7055-aaf6-a90df9364bcd" }, "geometry": { "type": "LineString", "coordinates": [ [ 468374.854184993659146, 5541932.91993650700897 ], [ 468376.717258838878479, 5541933.596614804118872 ], [ 468376.346063266624697, 5541934.593201007694006 ] ] } },
{ "type": "Feature", "properties": { "name": "0195534a-5c83-73fa-9b86-2532971a6a8d" }, "geometry": { "type": "LineString", "coordinates": [ [ 468375.771911603456829, 5541936.058412243612111 ], [ 468371.267211561731528, 5541947.554231299087405 ], [ 468363.764097972074524, 5541950.914675772190094 ], [ 468358.442319097346626, 5541966.245005523785949 ], [ 468355.837405624159146, 5541973.650078454986215 ], [ 468354.143094955768902, 5541975.932182415388525 ], [ 468349.583930627210066, 5541979.267886797897518 ], [ 468344.206079156661872, 5541980.755331701599061 ], [ 468341.423186508123763, 5541980.876302438788116 ], [ 468330.958320285135414, 5541976.900954099372029 ], [ 468324.138164391391911, 5541996.200325670652092 ], [ 468411.029646832903381, 5542027.80911919567734 ], [ 468419.091009420459159, 5542025.739049733616412 ], [ 468434.179601703071967, 5542018.32565644569695 ], [ 468447.158359432360157, 5542012.259106858633459 ], [ 468455.96917043090798, 5542010.189297768287361 ], [ 468459.781320825801231, 5542009.417151513509452 ], [ 468474.493506951141171, 5542014.660966601222754 ], [ 468500.575570453307591, 5542024.024596373550594 ], [ 468511.503177215578035, 5542025.742229314520955 ], [ 468519.638967324281111, 5542025.020761095918715 ], [ 468524.797567960398737, 5542023.822982463054359 ], [ 468533.401117685309146, 5542019.542626311071217 ], [ 468540.807129940425511, 5542013.275068511255085 ], [ 468543.753930445411243, 5542009.221660448238254 ], [ 468546.118959745333996, 5542004.800402585417032 ], [ 468562.43916644557612, 5541960.454926564358175 ], [ 468561.297617797914427, 5541960.083082174882293 ], [ 468564.628234636387788, 5541951.501472192816436 ] ] } },
{ "type": "Feature", "properties": { "name": "0195534a-5c83-737f-b56e-c0333d0621ef" }, "geometry": { "type": "LineString", "coordinates": [ [ 468386.505547723500058, 5541585.045404043979943 ], [ 468329.986878284194972, 5541564.246057431213558 ], [ 468326.2083637972828, 5541561.779064012691379 ], [ 468324.25511512637604, 5541558.082547185942531 ], [ 468323.000585487228818, 5541553.928207690827549 ], [ 468324.29600931663299, 5541545.015743081457913 ], [ 468395.655292627983727, 5541349.110164935700595 ], [ 468487.708921151584946, 5541382.868118000216782 ], [ 468491.605296057416126, 5541371.809489279985428 ] ] } },
{ "type": "Feature", "properties": { "name": "0195534a-5c83-7770-993b-9d58d36c4730" }, "geometry": { "type": "LineString", "coordinates": [ [ 468386.505547744978685, 5541585.045404043979943 ], [ 468440.476223253295757, 5541604.810179186984897 ], [ 468492.63052722113207, 5541610.893407161347568 ], [ 468552.718910979805514, 5541445.967973955906928 ] ] } },
{ "type": "Feature", "properties": { "name": "0195534a-5c83-7efb-a43c-77e7e606f7ba" }, "geometry": { "type": "LineString", "coordinates": [ [ 468414.636531736294273, 5544022.735288468189538 ], [ 468416.365318427793682, 5544022.654421114362776 ], [ 468423.722487447783351, 5544025.393729573115706 ], [ 468426.180891119351145, 5544027.141126945614815 ], [ 468470.122160517552402, 5544043.079381346702576 ], [ 468481.014856445312034, 5544046.985753894783556 ], [ 468487.600249212351628, 5544048.60206638649106 ], [ 468494.73442995629739, 5544051.117017788812518 ], [ 468496.782643921906129, 5544055.243363008834422 ], [ 468526.161036741628777, 5544065.956902927719057 ], [ 468531.056067460856866, 5544062.601204025559127 ], [ 468539.72945645096479, 5544038.929558136500418 ], [ 468553.081135633285157, 5544037.146176479756832 ], [ 468555.007156431267504, 5544037.82861000392586 ] ] } },
{ "type": "Feature", "properties": { "name": "0195534a-5c83-73bc-8f96-ac10dfabca15" }, "geometry": { "type": "LineString", "coordinates": [ [ 468533.401054077665322, 5541426.806336156092584 ], [ 468534.476622482936364, 5541426.234556252136827 ], [ 468526.86952556821052, 5541408.482667045667768 ], [ 468526.029841900803149, 5541405.922690744511783 ], [ 468525.227661326352973, 5541400.224610529839993 ] ] } },
{ "type": "Feature", "properties": { "name": "0195534a-5c83-78fa-9604-b005b3e4b165" }, "geometry": { "type": "LineString", "coordinates": [ [ 468552.718910979805514, 5541445.967973955906928 ], [ 468552.71891096123727, 5541445.967973948456347 ], [ 468539.627682523918338, 5541442.036237619817257 ], [ 468537.260624677059241, 5541442.175198372453451 ], [ 468535.010526076133829, 5541443.153824442066252 ] ] } },
{ "type": "Feature", "properties": { "name": "0195534a-5c83-702c-843d-b901bafea08e" }, "geometry": { "type": "LineString", "coordinates": [ [ 468552.635973558761179, 5541363.763276054523885 ], [ 468547.74390659033088, 5541361.987015516497195 ] ] } },
{ "type": "Feature", "properties": { "name": "0195534a-5c83-7fcd-a921-3b830dd8aada" }, "geometry": { "type": "LineString", "coordinates": [ [ 468776.489933723350987, 5541430.127722050063312 ], [ 468612.621167907083873, 5541370.473201785236597 ], [ 468598.213942723174114, 5541377.202623231336474 ], [ 468573.148380932107102, 5541445.984440688975155 ], [ 468563.75814625096973, 5541450.583675290457904 ], [ 468552.718910979805514, 5541445.967973955906928 ] ] } },
{ "type": "Feature", "properties": { "name": "0195534a-5c83-7291-ac83-c50a89d6613a" }, "geometry": { "type": "LineString", "coordinates": [ [ 468552.718910979805514, 5541445.967973955906928 ], [ 468552.71891098265769, 5541445.967973948456347 ] ] } },
{ "type": "Feature", "properties": { "name": "0195534a-5c83-776a-bc9b-921ef0035297" }, "geometry": { "type": "LineString", "coordinates": [ [ 468564.08345023955917, 5541367.919545789249241 ], [ 468563.630629228195176, 5541367.764610456302762 ] ] } },
{ "type": "Feature", "properties": { "name": "0195534a-5c83-74ed-95de-9bb205d08de4" }, "geometry": { "type": "LineString", "coordinates": [ [ 468567.746338480734266, 5541943.147399814799428 ], [ 468572.34348953346489, 5541930.64760157559067 ], [ 468645.987574253929779, 5541957.595840841531754 ], [ 468814.81376159976935, 5542019.373625800944865 ], [ 468822.55829639575677, 5541998.116306586191058 ] ] } },
{ "type": "Feature", "properties": { "name": "0195534a-5c83-7de7-8c6f-947cd76b10f4" }, "geometry": { "type": "LineString", "coordinates": [ [ 468571.669452814210672, 5541370.686394167132676 ], [ 468569.61726384179201, 5541369.960696642287076 ] ] } },
{ "type": "Feature", "properties": { "name": "0195534a-5c83-7284-8400-014f64ac4cec" }, "geometry": { "type": "LineString", "coordinates": [ [ 468578.161255395156331, 5541372.971917252056301 ], [ 468571.863508507376537, 5541390.066685973666608 ] ] } },
{ "type": "Feature", "properties": { "name": "0195534a-5c83-74f1-85bf-e773c34dac2b" }, "geometry": { "type": "LineString", "coordinates": [ [ 468578.161255395156331, 5541372.971917252056301 ], [ 468572.708042509446386, 5541371.07523250952363 ] ] } },
{ "type": "Feature", "properties": { "name": "0195534a-5c83-7990-98e5-aa4a2c1168be" }, "geometry": { "type": "LineString", "coordinates": [ [ 468578.283612925675698, 5541373.014474486932158 ], [ 468578.161255395156331, 5541372.971917252056301 ] ] } },
{ "type": "Feature", "properties": { "name": "0195534a-5c83-7560-b2d2-cab68da1db19" }, "geometry": { "type": "LineString", "coordinates": [ [ 468578.161255395156331, 5541372.971917252056301 ], [ 468585.581798499450088, 5541352.829401140101254 ], [ 468602.067191800102592, 5541345.289288020692766 ], [ 469185.058835015574005, 5541557.512941474094987 ], [ 469186.830140407546423, 5541558.928366578184068 ], [ 469190.227831070136745, 5541564.99992901366204 ], [ 469190.871589776827022, 5541567.139073959551752 ], [ 469191.318459659756627, 5541574.071314157918096 ], [ 469189.980024969729129, 5541578.89640443585813 ], [ 469169.558525366010144, 5541634.314504783600569 ], [ 469166.370902677765116, 5541650.319161801598966 ], [ 469165.660229684668593, 5541656.793591926805675 ], [ 469165.372454466065392, 5541672.87419905886054 ], [ 469258.564632039924618, 5541706.824065253138542 ], [ 469260.740766303264536, 5541706.758076714351773 ], [ 469264.922113918466493, 5541708.24745603185147 ], [ 469278.331529569579288, 5541671.46799117513001 ], [ 469325.050538234121632, 5541688.407680892385542 ], [ 469333.820251789642498, 5541664.313491968438029 ], [ 469392.42959855980007, 5541685.621770930476487 ], [ 469400.882008534448687, 5541662.44120383542031 ], [ 469406.978192098147701, 5541645.917126634158194 ], [ 469804.144361191953067, 5541790.972384249791503 ], [ 469806.355004086566623, 5541791.779767656698823 ], [ 469806.355121289961971, 5541791.779379262588918 ], [ 469806.355004086566623, 5541791.779767656698823 ], [ 469839.068469558551442, 5541803.89769743476063 ], [ 469804.144361191953067, 5541790.972384249791503 ], [ 469804.144577756291255, 5541790.971655852161348 ] ] } },
{ "type": "Feature", "properties": { "name": "0195534a-5c83-7634-8685-b740c9dc50b9" }, "geometry": { "type": "LineString", "coordinates": [ [ 468809.619598236575257, 5544293.597101077437401 ], [ 468810.104356589727104, 5544295.211475808173418 ], [ 468810.027314390463289, 5544297.710482585243881 ], [ 468808.228901410126127, 5544302.367572921328247 ], [ 468794.534022258536424, 5544313.409785228781402 ], [ 468784.667879189306404, 5544315.478679750114679 ], [ 468777.521794627420604, 5544313.178383156657219 ], [ 468744.738629393279552, 5544285.570404944010079 ], [ 468704.689322837861255, 5544250.636249436065555 ], [ 468710.145062557421625, 5544237.369487867690623 ], [ 468722.491137603588868, 5544235.007343114353716 ], [ 468732.037364253192209, 5544238.235994206741452 ], [ 468748.540844662871677, 5544244.366444000974298 ], [ 468755.047310254827607, 5544252.014358451589942 ], [ 468758.374076550011523, 5544264.973182648420334 ], [ 468762.703365470981225, 5544266.461561295203865 ], [ 468767.419400039885659, 5544253.304761042818427 ] ] } },
{ "type": "Feature", "properties": { "name": "0195534a-5c83-7476-9820-33738b2af4e1" }, "geometry": { "type": "LineString", "coordinates": [ [ 468767.977675139845815, 5544251.499002227559686 ], [ 468768.194075309787877, 5544250.869724068790674 ] ] } },
{ "type": "Feature", "properties": { "name": "0195534a-5c84-7784-80b8-ecc8cc0061ef" }, "geometry": { "type": "LineString", "coordinates": [ [ 468768.695181693998165, 5544249.482223973609507 ], [ 468770.505679254129063, 5544244.029693226329982 ] ] } },
{ "type": "Feature", "properties": { "name": "0195534a-5c84-7b64-9b12-c56aebc33276" }, "geometry": { "type": "LineString", "coordinates": [ [ 468771.293906503531616, 5544241.970423923805356 ], [ 468775.667941708758008, 5544227.27805451489985 ], [ 468777.892989457875956, 5544217.437952334061265 ], [ 468778.96149564452935, 5544207.394938714802265 ], [ 468781.36848746612668, 5544199.944884872995317 ] ] } },
{ "type": "Feature", "properties": { "name": "0195534a-5c84-7df0-b007-25164fa9e8c8" }, "geometry": { "type": "LineString", "coordinates": [ [ 468779.341453352477401, 5541431.165784640237689 ], [ 468776.489933723350987, 5541430.127722050063312 ] ] } },
{ "type": "Feature", "properties": { "name": "0195534a-5c84-7525-b21f-bd59597437a1" }, "geometry": { "type": "LineString", "coordinates": [ [ 468776.489933723350987, 5541430.127722050063312 ], [ 468774.841557281033602, 5541438.455704171210527 ], [ 468767.371184865594842, 5541461.267172292806208 ], [ 468762.398644764791243, 5541474.207942840643227 ], [ 468750.943064977705944, 5541500.607154195196927 ], [ 468751.073672047816217, 5541505.926062137819827 ], [ 468754.684478990267962, 5541509.740987662225962 ], [ 468800.197396247880533, 5541530.174901383928955 ], [ 468836.614507130871061, 5541545.681815125048161 ], [ 468841.418223504326306, 5541542.790195781737566 ], [ 468844.367453876475338, 5541539.241364173591137 ], [ 468862.102572490170132, 5541480.727939544245601 ], [ 468864.237599244574085, 5541478.841775431297719 ], [ 468917.561163397098426, 5541498.070250591263175 ], [ 468921.748817588551901, 5541497.780556838959455 ], [ 468925.18677239457611, 5541495.988783154636621 ], [ 468927.991226362180896, 5541493.391478470526636 ], [ 468930.949715492199175, 5541486.470562708564103 ] ] } },
{ "type": "Feature", "properties": { "name": "0195534a-5c84-707f-8a56-b11bbfe98e8d" }, "geometry": { "type": "LineString", "coordinates": [ [ 468776.491233763284981, 5541430.121153945103288 ], [ 468776.489933723350987, 5541430.127722050063312 ] ] } },
{ "type": "Feature", "properties": { "name": "0195534a-5c84-7663-923e-85d2fa8204f0" }, "geometry": { "type": "LineString", "coordinates": [ [ 468786.06802693073405, 5541433.614515597932041 ], [ 468779.341453352477401, 5541431.165784640237689 ] ] } },
{ "type": "Feature", "properties": { "name": "0195534a-5c84-76d0-aebc-a6efafda321d" }, "geometry": { "type": "LineString", "coordinates": [ [ 468779.341453352477401, 5541431.165784640237689 ], [ 468777.74800359737128, 5541439.216264321468771 ], [ 468770.197549954231363, 5541462.272267836146057 ], [ 468765.175016669789329, 5541475.34314298722893 ], [ 468753.957197425537743, 5541501.194438744336367 ], [ 468754.043304235150572, 5541504.701095683500171 ], [ 468756.45432702510152, 5541507.24841336067766 ], [ 468801.3990682757576, 5541527.42723335698247 ], [ 468836.380171087803319, 5541542.322674843482673 ], [ 468839.436506201454904, 5541540.482899745926261 ], [ 468841.673488255706616, 5541537.791122023947537 ], [ 468859.479486229713075, 5541479.043845330365002 ], [ 468862.041049169492908, 5541476.780862887389958 ], [ 468917.732123690890148, 5541496.856034093536437 ], [ 468921.416364993317984, 5541496.601165466941893 ], [ 468924.48973196168663, 5541494.999405602924526 ], [ 468926.988688440236729, 5541492.685033029876649 ], [ 468929.821207326604053, 5541486.058804659172893 ] ] } },
{ "type": "Feature", "properties": { "name": "0195534a-5c84-770e-abae-f8e02a6201d0" }, "geometry": { "type": "LineString", "coordinates": [ [ 468779.342366351978853, 5541431.161171954125166 ], [ 468779.341453352477401, 5541431.165784640237689 ] ] } },
{ "type": "Feature", "properties": { "name": "0195534a-5c84-7b27-b0e9-cbda6d11efd7" }, "geometry": { "type": "LineString", "coordinates": [ [ 468782.295102952688467, 5544197.600810699164867 ], [ 468789.37205698096659, 5544180.036517525091767 ], [ 468795.73933865869185, 5544169.780337216332555 ], [ 468809.094367459474597, 5544133.572073989547789 ], [ 468819.126829727843869, 5544106.006982682272792 ], [ 468798.224339153442997, 5544098.388273472897708 ] ] } },
{ "type": "Feature", "properties": { "name": "0195534a-5c84-7c3d-becf-a356955f6cc8" }, "geometry": { "type": "LineString", "coordinates": [ [ 468786.760335350583773, 5544198.729331517592072 ], [ 468793.54407134198118, 5544201.220637469552457 ], [ 468795.525653970486019, 5544203.57034252025187 ], [ 468798.065463178965729, 5544205.301571261137724 ], [ 468801.290396677039098, 5544206.374710225500166 ], [ 468804.766698534251191, 5544206.531031752005219 ], [ 468808.151582163467538, 5544205.723768882453442 ], [ 468811.129128031432629, 5544204.136016730219126 ], [ 468813.581628485524561, 5544201.859534570015967 ], [ 468815.362301017390564, 5544199.026455925777555 ], [ 468820.296732844144572, 5544200.752359921112657 ], [ 468821.331027596956119, 5544198.023735557682812 ] ] } },
{ "type": "Feature", "properties": { "name": "0195534a-5c84-70c3-94cb-d297dd5c943f" }, "geometry": { "type": "LineString", "coordinates": [ [ 468786.998263179557398, 5544201.995031276717782 ], [ 468786.515464430849534, 5544203.348496346734464 ], [ 468792.434155886527151, 5544209.855868339538574 ], [ 468803.278889291686937, 5544216.439176569692791 ], [ 468807.813100733677857, 5544218.509322476573288 ], [ 468848.592976051324513, 5544231.493881240487099 ], [ 468850.48423320800066, 5544232.820340879261494 ], [ 468853.306813960254658, 5544239.079062821343541 ], [ 468844.294677618832793, 5544263.897924851626158 ] ] } },
{ "type": "Feature", "properties": { "name": "0195534a-5c84-7ca2-9adb-4e2c10d96192" }, "geometry": { "type": "LineString", "coordinates": [ [ 468909.318094285496045, 5541478.626588437706232 ], [ 468796.573888111975975, 5541437.490380114875734 ] ] } },
{ "type": "Feature", "properties": { "name": "0195534a-5c84-74d1-8184-439aee5e245d" }, "geometry": { "type": "LineString", "coordinates": [ [ 468822.543997113767546, 5541998.110775619745255 ], [ 468852.575549093307927, 5541915.696522084064782 ], [ 468879.776823831140064, 5541841.048702795989811 ], [ 468882.390173518680967, 5541841.730666446499527 ], [ 468956.832912385347299, 5541868.97891706880182 ], [ 468958.504068504495081, 5541870.107797440141439 ], [ 468959.638425911602098, 5541872.294966966845095 ], [ 468959.316477221378591, 5541875.077652684412897 ], [ 468954.83813958131941, 5541887.764626884832978 ], [ 469034.527799307426903, 5541916.849271660670638 ], [ 469037.978624549868982, 5541916.454612691886723 ], [ 469050.616171933477744, 5541920.992104820907116 ], [ 469053.060820816084743, 5541921.869943108409643 ], [ 469147.304288902727421, 5541662.937829523347318 ], [ 469154.632377127418295, 5541622.184429908171296 ], [ 469168.066780119435862, 5541585.002125107683241 ], [ 469167.525935478741303, 5541576.302588352002203 ], [ 469155.905439868220128, 5541568.550013306550682 ], [ 468930.949715492199175, 5541486.470562708564103 ] ] } },
{ "type": "Feature", "properties": { "name": "0195534a-5c84-7738-a7f0-158031da7043" }, "geometry": { "type": "LineString", "coordinates": [ [ 468886.796138721168973, 5544137.169129824265838 ], [ 468885.745572237996385, 5544139.471221541054547 ], [ 468855.787408751028124, 5544128.591751958243549 ], [ 468851.389240028336644, 5544140.615000792779028 ] ] } },
{ "type": "Feature", "properties": { "name": "0195534a-5c84-7d19-a237-6ac1c881bbfa" }, "geometry": { "type": "LineString", "coordinates": [ [ 468890.077032870613039, 5544127.535944663919508 ], [ 468888.038620025152341, 5544133.574550774879754 ] ] } },
{ "type": "Feature", "properties": { "name": "0195534a-5c84-7a5a-9735-32236c48c092" }, "geometry": { "type": "LineString", "coordinates": [ [ 468929.821207326604053, 5541486.058804659172893 ], [ 468926.557096430042293, 5541484.86783061362803 ] ] } },
{ "type": "Feature", "properties": { "name": "0195534a-5c84-7acb-8566-6ee8e11556e5" }, "geometry": { "type": "LineString", "coordinates": [ [ 468930.949715492199175, 5541486.470562708564103 ], [ 468929.821207326604053, 5541486.058804659172893 ] ] } },
{ "type": "Feature", "properties": { "name": "0195534a-5c84-7dad-8d21-5c57e28aa63b" }, "geometry": { "type": "LineString", "coordinates": [ [ 468929.821207326604053, 5541486.058804659172893 ], [ 468929.821226906497031, 5541486.058758854866028 ] ] } },
{ "type": "Feature", "properties": { "name": "0195534a-5c84-7e8c-bdb7-28b1deca8577" }, "geometry": { "type": "LineString", "coordinates": [ [ 468930.949715492199175, 5541486.470562708564103 ], [ 468930.949741845193785, 5541486.470501059666276 ] ] } },
{ "type": "Feature", "properties": { "name": "0195534a-5c84-789e-9883-e2d166033204" }, "geometry": { "type": "LineString", "coordinates": [ [ 468987.818172763916664, 5544178.00609796307981 ], [ 468983.6903268994065, 5544167.289765316992998 ], [ 468984.113358285976574, 5544166.209706930443645 ] ] } },
{ "type": "Feature", "properties": { "name": "0195534a-5c84-7f6f-8d66-d610b3f46468" }, "geometry": { "type": "LineString", "coordinates": [ [ 469034.234801367390901, 5544219.140761469490826 ], [ 469024.265929011104163, 5544215.145102576352656 ], [ 469026.901281277532689, 5544207.878975043073297 ] ] } },
{ "type": "Feature", "properties": { "name": "0195534a-5c84-74f6-a900-64f5b7284e0d" }, "geometry": { "type": "LineString", "coordinates": [ [ 469226.065715735545382, 5544269.643407786265016 ], [ 469232.3761441144743, 5544272.012021440081298 ] ] } },
{ "type": "Feature", "properties": { "name": "0195534a-5c84-7519-822b-51a286d177ba" }, "geometry": { "type": "LineString", "coordinates": [ [ 469229.855897678527981, 5544248.955787217244506 ], [ 469233.432873709476553, 5544250.151957135647535 ] ] } },
{ "type": "Feature", "properties": { "name": "0195534a-5c84-7424-9612-9a4f372c230f" }, "geometry": { "type": "LineString", "coordinates": [ [ 469238.335709277715068, 5544274.144342814572155 ], [ 469241.28377232857747, 5544266.170603539794683 ], [ 469243.760972217191011, 5544259.596290987916291 ], [ 469246.500859564403072, 5544260.572973891161382 ] ] } },
{ "type": "Feature", "properties": { "name": "0195534a-5c84-7c4e-b90f-362247e7d2fa" }, "geometry": { "type": "LineString", "coordinates": [ [ 469866.591803035407793, 5541881.864627860486507 ], [ 469862.208600618178025, 5541877.85427863150835 ], [ 469855.497291506093461, 5541885.127066588029265 ], [ 469857.382362168107647, 5541886.883234294131398 ], [ 469850.096725724986754, 5541894.809712827205658 ], [ 469843.571055892971344, 5541888.235213372856379 ], [ 469836.643872815591749, 5541878.412954515777528 ], [ 469831.600754733197391, 5541867.500452874228358 ], [ 469828.66257133660838, 5541855.92342119012028 ], [ 469827.941650691383984, 5541843.911382648162544 ], [ 469828.481681409990415, 5541837.929754519835114 ], [ 469829.473300051817205, 5541832.13460195530206 ], [ 469831.007116992259398, 5541826.335283034481108 ], [ 469839.068469558551442, 5541803.89769743476063 ], [ 469847.289262095408048, 5541781.269095961935818 ] ] } },
{ "type": "Feature", "properties": { "name": "0195534a-5c84-756f-8bce-2135e7dc0d05" }, "geometry": { "type": "LineString", "coordinates": [ [ 469909.246993737528101, 5544246.675336975604296 ], [ 469900.490874871553387, 5544250.33320517744869 ], [ 469772.792000656016171, 5544301.649672186002135 ], [ 469786.441804413218051, 5544335.208233593963087 ], [ 469769.486599692201708, 5544343.050231103785336 ], [ 469771.179948799370322, 5544346.3039256259799 ], [ 469765.552594839246012, 5544348.920585601590574 ] ] } },
{ "type": "Feature", "properties": { "name": "0195534a-5c84-7904-af5d-7932206f63a3" }, "geometry": { "type": "LineString", "coordinates": [ [ 469943.565984289336484, 5544284.627272508107126 ], [ 469937.699212556763086, 5544272.13354004919529 ], [ 469923.455381245410535, 5544278.811388184316456 ] ] } },
{ "type": "Feature", "properties": { "name": "0195534a-5c84-7ce8-b75e-b80f74570a1f" }, "geometry": { "type": "LineString", "coordinates": [ [ 470020.984196717094164, 5544283.715105033479631 ], [ 470018.142378627846483, 5544291.272119290195405 ], [ 470018.605271931446623, 5544291.416103349067271 ] ] } },
{ "type": "Feature", "properties": { "name": "0195534a-5c84-781c-81c1-d8d812534182" }, "geometry": { "type": "LineString", "coordinates": [ [ 470056.128882487886585, 5544379.492776149883866 ], [ 470056.788554490369279, 5544369.945568293333054 ], [ 470055.691989314276725, 5544369.77564337849617 ], [ 470056.74753516598139, 5544362.089511450380087 ], [ 470062.193788776698057, 5544322.493321700021625 ], [ 470061.859880554256961, 5544317.818642980419099 ], [ 470060.045501533022616, 5544316.047487921081483 ], [ 470033.648166728089564, 5544305.980292696505785 ], [ 470026.013324981846381, 5544302.289683990180492 ], [ 470022.771588552510366, 5544298.608170230872929 ], [ 470020.726371258322615, 5544294.180944820865989 ], [ 470020.311520821298473, 5544291.946836115792394 ], [ 470019.745136893936433, 5544291.770661041140556 ] ] } },
{ "type": "Feature", "properties": { "name": "0195534a-5c84-7456-a677-80d55090100a" }, "geometry": { "type": "LineString", "coordinates": [ [ 470054.15046094666468, 5544384.555806861259043 ], [ 470054.612928933405783, 5544381.775340415537357 ], [ 470055.866155023861211, 5544381.97389086522162 ], [ 470058.145746330672409, 5544384.104119112715125 ], [ 470082.923315106134396, 5544388.499575363472104 ], [ 470087.660159090301022, 5544390.258884880691767 ] ] } },
{ "type": "Feature", "properties": { "name": "0195534a-5c84-7d63-a6b3-5e69941f0fb5" }, "geometry": { "type": "LineString", "coordinates": [ [ 470054.560534037998877, 5544381.605589248239994 ], [ 470055.813862879818771, 5544381.771009991876781 ] ] } },
{ "type": "Feature", "properties": { "name": "0195534a-5c84-7364-950b-971e39900260" }, "geometry": { "type": "LineString", "coordinates": [ [ 470055.813862879818771, 5544381.771009991876781 ], [ 470055.935968812031206, 5544380.891221352852881 ] ] } },
{ "type": "Feature", "properties": { "name": "0195534a-5c84-7523-b781-708c00d8ed0a" }, "geometry": { "type": "LineString", "coordinates": [ [ 470110.15851179411402, 5544392.758530452847481 ], [ 470089.432591456803493, 5544385.364872764796019 ], [ 470087.6849191369256, 5544390.191225286573172 ] ] } },
{ "type": "Feature", "properties": { "name": "0195534a-5c84-731e-9fb6-3331479e047a" }, "geometry": { "type": "LineString", "coordinates": [ [ 470112.001882297394332, 5544393.255440220236778 ], [ 470114.739800240204204, 5544392.751721764914691 ], [ 470117.408779341785703, 5544391.339355131611228 ], [ 470122.262955459067598, 5544387.870881177484989 ], [ 470124.289205667795613, 5544385.813755348324776 ], [ 470127.709456998389214, 5544376.308987039141357 ] ] } },
{ "type": "Feature", "properties": { "name": "0195534a-5c84-7262-adf4-a1db40defa08" }, "geometry": { "type": "LineString", "coordinates": [ [ 470196.110000395099632, 5544442.52729950286448 ], [ 470192.374525654595345, 5544441.081759960390627 ], [ 470189.612738184572663, 5544437.37115451041609 ], [ 470190.948211559443735, 5544433.646966366097331 ] ] } },
{ "type": "Feature", "properties": { "name": "0195534a-5c84-7c49-b5e9-47c7a9ec3c1d" }, "geometry": { "type": "LineString", "coordinates": [ [ 470191.304123348556459, 5544432.673411080613732 ], [ 470194.342797929537483, 5544424.357407305389643 ] ] } },
{ "type": "Feature", "properties": { "name": "0195534a-5c84-736c-aa81-c2a61e5f1e99" }, "geometry": { "type": "LineString", "coordinates": [ [ 470194.878824425395578, 5544422.848913517780602 ], [ 470197.03180835529929, 5544417.831820507533848 ] ] } },
{ "type": "Feature", "properties": { "name": "0195534a-5c84-74d5-9a95-362c9715327b" }, "geometry": { "type": "LineString", "coordinates": [ [ 470237.868163191305939, 5544450.617295938543975 ], [ 470236.030780173197854, 5544454.45771130733192 ], [ 470232.547117763897404, 5544456.272893353365362 ], [ 470197.128767911344767, 5544442.901873555034399 ] ] } },
{ "type": "Feature", "properties": { "name": "0195534a-5c84-7d16-b03d-6c65061ad642" }, "geometry": { "type": "LineString", "coordinates": [ [ 470197.303180823568255, 5544417.084899083711207 ], [ 470199.900089356524404, 5544409.952077602036297 ] ] } },
{ "type": "Feature", "properties": { "name": "0195534a-5c84-789f-b910-dc5c0958bcc7" }, "geometry": { "type": "LineString", "coordinates": [ [ 470200.165228451834992, 5544409.178543612360954 ], [ 470202.781221024983097, 5544402.058724856004119 ] ] } },
{ "type": "Feature", "properties": { "name": "0195534a-5c84-75c3-8bc2-2646320b6fe9" }, "geometry": { "type": "LineString", "coordinates": [ [ 470203.092630340426695, 5544401.307803528383374 ], [ 470205.65593392244773, 5544394.150666987523437 ] ] } },
{ "type": "Feature", "properties": { "name": "0195534a-5c84-733e-987c-9b57a8366ca9" }, "geometry": { "type": "LineString", "coordinates": [ [ 470205.959066283598077, 5544393.411124177277088 ], [ 470208.489971369039267, 5544386.346386284567416 ] ] } },
{ "type": "Feature", "properties": { "name": "0195534a-5c84-7dee-bed9-8f19e981f3f8" }, "geometry": { "type": "LineString", "coordinates": [ [ 470288.307106685242616, 5544469.1834666589275 ], [ 470238.213946375937667, 5544450.713985119946301 ] ] } },
{ "type": "Feature", "properties": { "name": "0195534a-5c84-797a-ae3e-2f612de69031" }, "geometry": { "type": "LineString", "coordinates": [ [ 470219.552907365374267, 5542178.401796454563737 ], [ 470357.849267189681996, 5542114.095248165540397 ], [ 470360.340151617303491, 5542113.92913221847266 ], [ 470362.745765378407668, 5542114.406949758529663 ], [ 470377.252181267540436, 5542118.764494723640382 ], [ 470425.333765126182698, 5542135.364862458780408 ], [ 470440.731254535028711, 5542144.785885618068278 ], [ 470443.018811407673638, 5542145.723851970396936 ], [ 470447.948515760246664, 5542149.869096762500703 ], [ 470461.338666796858888, 5542162.295810120180249 ], [ 470475.672913424787112, 5542177.127741266041994 ], [ 470477.545228891656734, 5542185.841263204813004 ], [ 470484.322602298518177, 5542195.761271813884377 ], [ 470484.851412522024475, 5542198.740083565935493 ], [ 470486.715690410521347, 5542201.525962903164327 ], [ 470501.379926966968924, 5542211.31996770016849 ], [ 470505.902159531658981, 5542218.805691284127533 ], [ 470584.131219460221473, 5542386.627722522243857 ], [ 470588.36377294070553, 5542395.700342488475144 ], [ 470587.433795737451874, 5542397.011252515949309 ], [ 470566.794536339584738, 5542406.606020000763237 ], [ 470569.411616449535359, 5542412.523065954446793 ], [ 470573.74643460608786, 5542421.498954690992832 ], [ 470595.699211975384969, 5542411.35988368280232 ], [ 470598.431588546256535, 5542417.466531440615654 ], [ 470662.369275443605147, 5542554.456404969096184 ], [ 470698.977112478227355, 5542611.55244786478579 ], [ 470725.741049798496533, 5542647.266977937892079 ] ] } },
{ "type": "Feature", "properties": { "name": "0195534a-5c84-7fc8-ae0c-7324716da8e5" }, "geometry": { "type": "LineString", "coordinates": [ [ 470370.920838345075026, 5544499.471744881942868 ], [ 470289.426114647591021, 5544469.600243239663541 ] ] } },
{ "type": "Feature", "properties": { "name": "0195534a-5c84-7a81-9ad5-5374733dd0dc" }, "geometry": { "type": "LineString", "coordinates": [ [ 470375.55562716134591, 5544501.154733780771494 ], [ 470371.975411816907581, 5544499.873617821373045 ] ] } },
{ "type": "Feature", "properties": { "name": "0195534a-5c84-7e12-9570-8bb29cd29675" }, "geometry": { "type": "LineString", "coordinates": [ [ 470473.355838680814486, 5544536.783593605272472 ], [ 470469.559817400178872, 5544535.413264629431069 ] ] } },
{ "type": "Feature", "properties": { "name": "0195534a-5c84-7870-9451-340a419829a5" }, "geometry": { "type": "LineString", "coordinates": [ [ 470519.397235163778532, 5544553.402447004802525 ], [ 470474.441169863799587, 5544537.177029681392014 ] ] } },
{ "type": "Feature", "properties": { "name": "0195534a-5c84-7744-9494-215c598f8d77" }, "geometry": { "type": "LineString", "coordinates": [ [ 470580.934724417165853, 5544575.618587707169354 ], [ 470520.434891950862948, 5544553.780638322234154 ] ] } },
{ "type": "Feature", "properties": { "name": "0195534a-5c84-753d-95f4-f76214c4a6d0" }, "geometry": { "type": "LineString", "coordinates": [ [ 470591.738233570707962, 5544579.518555709160864 ], [ 470581.948443638742901, 5544575.984531071037054 ] ] } },
{ "type": "Feature", "properties": { "name": "0195534a-5c84-7679-8ae2-e3f896ac3f34" }, "geometry": { "type": "LineString", "coordinates": [ [ 470608.840379273460712, 5544580.30873395036906 ], [ 470592.48540838540066, 5544579.792251731269062 ] ] } },
{ "type": "Feature", "properties": { "name": "0195534a-5c84-7c9e-b22c-2f426535cc60" }, "geometry": { "type": "LineString", "coordinates": [ [ 470610.014610844431445, 5544578.63163282815367 ], [ 470609.601182737445924, 5544579.722082024440169 ] ] } },
{ "type": "Feature", "properties": { "name": "0195534a-5c84-73e2-bf68-ff00447f424a" }, "geometry": { "type": "LineString", "coordinates": [ [ 470611.753856113704387, 5544573.81112789362669 ], [ 470611.965207776462194, 5544573.185955055058002 ] ] } },
{ "type": "Feature", "properties": { "name": "0195534a-5c84-7afe-919d-c9d630d1dc76" }, "geometry": { "type": "LineString", "coordinates": [ [ 470640.072026111185551, 5544557.737712695263326 ], [ 470637.498182872484904, 5544556.772716799750924 ], [ 470623.873855159268714, 5544563.347665698267519 ], [ 470613.240416169806849, 5544571.068328433670104 ], [ 470612.195979897573125, 5544572.297026979736984 ] ] } },
{ "type": "Feature", "properties": { "name": "0195534a-5c84-796d-bd58-34880aba6355" }, "geometry": { "type": "LineString", "coordinates": [ [ 470725.741049798496533, 5542647.266977937892079 ], [ 470725.741049799544271, 5542647.266977937892079 ] ] } },
{ "type": "Feature", "properties": { "name": "0195534a-5c84-70f6-b473-f7ffcafb9e11" }, "geometry": { "type": "LineString", "coordinates": [ [ 470725.741049798496533, 5542647.266977937892079 ], [ 470725.915648670867085, 5542647.499967449344695 ], [ 470732.526007416949142, 5542645.632664774544537 ], [ 470745.730642675829586, 5542660.700411684811115 ], [ 470778.755330991640221, 5542748.064611996524036 ] ] } },
{ "type": "Feature", "properties": { "name": "0195534a-5c84-76a8-8a87-7263e3976744" }, "geometry": { "type": "LineString", "coordinates": [ [ 470730.032358987897169, 5542646.444232577458024 ], [ 470743.01885741064325, 5542661.850956073030829 ], [ 470775.497921160364058, 5542748.786747126840055 ] ] } },
{ "type": "Feature", "properties": { "name": "0195534a-5c84-7e23-9e52-66142d181ab6" }, "geometry": { "type": "LineString", "coordinates": [ [ 470738.712636834243312, 5544546.1048334967345 ], [ 470739.671258239948656, 5544546.474679821170866 ], [ 470741.953381331404671, 5544550.894906292669475 ], [ 470743.759712884610053, 5544558.113023372367024 ], [ 470767.330330672091804, 5544556.573473560623825 ], [ 470774.816527861810755, 5544555.655946968123317 ], [ 470784.391700543172192, 5544552.716560060158372 ], [ 470793.343540365051012, 5544548.224874758161604 ], [ 470803.31272528716363, 5544540.77290971018374 ] ] } },
{ "type": "Feature", "properties": { "name": "0195534a-5c84-7616-b43f-4f5d7a15d82f" }, "geometry": { "type": "LineString", "coordinates": [ [ 470775.497921160364058, 5542748.786747126840055 ], [ 470778.841333483287599, 5542757.751279126852751 ], [ 470781.793588077707682, 5542757.541980823501945 ], [ 470789.499718307342846, 5542770.600595134310424 ], [ 470793.680504822870716, 5542776.255800044164062 ], [ 470794.0834474733565, 5542786.003479076549411 ], [ 470794.855996049009264, 5542791.196438597515225 ], [ 470794.486948498699348, 5542797.835790731012821 ], [ 470784.248571927426383, 5542847.579708282835782 ], [ 470787.711081984511111, 5542851.473266123794019 ], [ 470793.026728632161394, 5542825.362803541123867 ], [ 470791.936160735902376, 5542825.141858881339431 ], [ 470793.902640048472676, 5542815.445974715985358 ], [ 470796.09634996810928, 5542810.712908760644495 ], [ 470798.964816991530824, 5542795.805838562548161 ], [ 470798.791705676529091, 5542788.227090178988874 ], [ 470797.692079639818985, 5542783.306343995034695 ], [ 470793.113679915026296, 5542768.982497510500252 ], [ 470791.2032626735745, 5542767.323987565934658 ], [ 470783.190695074154064, 5542749.170777687802911 ] ] } },
{ "type": "Feature", "properties": { "name": "0195534a-5c84-766c-8326-55713569941a" }, "geometry": { "type": "LineString", "coordinates": [ [ 470775.497921160364058, 5542748.786747126840055 ], [ 470778.755330991640221, 5542748.064611996524036 ] ] } },
{ "type": "Feature", "properties": { "name": "0195534a-5c84-7246-8781-52a9ee8f419f" }, "geometry": { "type": "LineString", "coordinates": [ [ 470804.040574895450845, 5542817.45426319539547 ], [ 470807.751074891188182, 5542818.231068842113018 ] ] } },
{ "type": "Feature", "properties": { "name": "0195534a-5c84-7b76-bcc6-a9a6fc738f65" }, "geometry": { "type": "LineString", "coordinates": [ [ 470812.907988493796438, 5544529.380127681419253 ], [ 470808.763710873608943, 5544535.387204017490149 ] ] } },
{ "type": "Feature", "properties": { "name": "0195534a-5c84-70b7-b41d-0e395d03b255" }, "geometry": { "type": "LineString", "coordinates": [ [ 470929.489165883220267, 5544370.947479250840843 ], [ 470929.313109739101492, 5544380.486341496929526 ], [ 470916.518520144047216, 5544380.311435456387699 ], [ 470909.321526189043652, 5544381.186687891371548 ], [ 470901.573832981986925, 5544383.375441948883235 ], [ 470893.589939897297882, 5544387.069730404764414 ], [ 470886.060671716404613, 5544391.943732939660549 ], [ 470876.424886098422576, 5544399.739162339828908 ], [ 470868.184005113667808, 5544407.904205380007625 ], [ 470860.575719784246758, 5544417.197328205220401 ], [ 470852.523902656976134, 5544429.863676651380956 ], [ 470846.759898187825456, 5544441.764146275818348 ], [ 470818.032997746777255, 5544519.862921666353941 ], [ 470815.577417551481631, 5544525.243210554122925 ], [ 470812.907988551072776, 5544529.380127681419253 ] ] } },
{ "type": "Feature", "properties": { "name": "0195534a-5c84-7b8f-83c0-4aaeb585db1b" }, "geometry": { "type": "LineString", "coordinates": [ [ 470821.293278766563162, 5542832.532768381759524 ], [ 470822.265199742105324, 5542827.916992915794253 ], [ 470822.499959511333145, 5542826.802089140750468 ], [ 470821.280614378105383, 5542820.997355985455215 ], [ 470820.401932704378851, 5542820.844862647354603 ] ] } },
{ "type": "Feature", "properties": { "name": "0195534a-5c84-7b59-9279-6306ae771945" }, "geometry": { "type": "LineString", "coordinates": [ [ 470822.4514774865238, 5542852.755747982300818 ], [ 470822.099158902768977, 5542854.401096063666046 ], [ 470814.369312236667611, 5542857.27972424775362 ], [ 470812.120914586470462, 5542867.2077114013955 ], [ 470812.500666934705805, 5542870.597380761057138 ], [ 470814.391752952651586, 5542876.108246192336082 ], [ 470816.843624182511121, 5542881.355222712270916 ], [ 470819.522534823219758, 5542882.200968005694449 ], [ 470884.293115178006701, 5542906.327136668376625 ], [ 470951.361681734560989, 5542931.309274055063725 ], [ 470948.182917439262383, 5542941.126664223149419 ], [ 470979.285198243451305, 5542980.575769648887217 ], [ 471005.178619847458322, 5543013.465651909820735 ] ] } },
{ "type": "Feature", "properties": { "name": "0195534a-5c84-775c-9807-4bc1e7d15c5f" }, "geometry": { "type": "LineString", "coordinates": [ [ 470822.849955223791767, 5542850.7482736017555 ], [ 470823.301401332370006, 5542848.658561558462679 ] ] } },
{ "type": "Feature", "properties": { "name": "0195534a-5c84-7d9c-8509-f63bd4cbe2e7" }, "geometry": { "type": "LineString", "coordinates": [ [ 470825.939500907144975, 5542853.31424059998244 ], [ 470825.730884220683947, 5542854.306238887831569 ], [ 470823.54267210297985, 5542856.893145096488297 ], [ 470816.874227573862299, 5542860.378564697690308 ], [ 470815.277642853965517, 5542867.705611751414835 ], [ 470815.479498113738373, 5542869.959713937714696 ], [ 470818.386124936630949, 5542877.590769225731492 ], [ 470820.409272190358024, 5542879.288150328211486 ], [ 470896.245810715598054, 5542907.505335250869393 ], [ 470941.25500374805415, 5542924.113615602254868 ], [ 470958.102851496369112, 5542931.186711127869785 ], [ 470953.139729701157194, 5542944.369183632545173 ], [ 470968.000467691512313, 5542951.896572530269623 ], [ 470988.09560852922732, 5542977.324402767233551 ], [ 471007.619003432511818, 5543011.300353649072349 ], [ 471005.178619847458322, 5543013.465651909820735 ] ] } },
{ "type": "Feature", "properties": { "name": "0195534a-5c84-742f-ba36-9fc572a7f824" }, "geometry": { "type": "LineString", "coordinates": [ [ 470929.489165818784386, 5544370.947479248978198 ], [ 470929.489165883220267, 5544370.947479250840843 ] ] } },
{ "type": "Feature", "properties": { "name": "0195534a-5c84-70f7-b5fb-770eae07f72f" }, "geometry": { "type": "LineString", "coordinates": [ [ 470929.489165883220267, 5544370.947479248978198 ], [ 470929.489165883220267, 5544370.947479250840843 ] ] } },
{ "type": "Feature", "properties": { "name": "0195534a-5c84-7021-b968-66798960e6f4" }, "geometry": { "type": "LineString", "coordinates": [ [ 470929.489165883220267, 5544370.947479250840843 ], [ 470951.000028078618925, 5544371.454828787595034 ], [ 470951.055992409121245, 5544369.507602780126035 ] ] } },
{ "type": "Feature", "properties": { "name": "0195534a-5c84-714c-9002-5fca79a0e83c" }, "geometry": { "type": "LineString", "coordinates": [ [ 470955.078394277952611, 5544369.677507551386952 ], [ 470955.065412450523581, 5544371.565756703726947 ], [ 471031.037217962613795, 5544373.286549666896462 ], [ 471030.902259255177341, 5544371.49326375965029 ] ] } },
{ "type": "Feature", "properties": { "name": "0195534a-5c84-7bde-b4da-ff360d3f25b1" }, "geometry": { "type": "LineString", "coordinates": [ [ 471047.442256601643749, 5543095.974015462212265 ], [ 471034.767816796724219, 5543079.186172408983111 ], [ 471021.220094788062852, 5543063.395545200444758 ], [ 471013.217215328884777, 5543054.465151655487716 ], [ 470992.573278327472508, 5543033.367683602496982 ], [ 470988.477131594961975, 5543028.284512223675847 ] ] } },
{ "type": "Feature", "properties": { "name": "0195534a-5c84-7af4-b1f7-7eec223d5a51" }, "geometry": { "type": "LineString", "coordinates": [ [ 471047.442256601643749, 5543095.974015462212265 ], [ 471044.892916482524015, 5543097.413853917270899 ], [ 471037.429815806273837, 5543087.526837136596441 ], [ 471026.147207515197806, 5543073.821365119889379 ], [ 471012.512521673808806, 5543058.261646664701402 ], [ 470989.615463993977755, 5543034.761149737983942 ], [ 470986.144813619845081, 5543030.353926268406212 ], [ 470988.477131594961975, 5543028.284512223675847 ] ] } },
{ "type": "Feature", "properties": { "name": "0195534a-5c84-7a77-ae06-7f3674ba2484" }, "geometry": { "type": "LineString", "coordinates": [ [ 470988.477131594961975, 5543028.284512223675847 ], [ 471005.178619847458322, 5543013.465651909820735 ] ] } },
{ "type": "Feature", "properties": { "name": "0195534a-5c84-74e7-80bd-9e909620bb23" }, "geometry": { "type": "LineString", "coordinates": [ [ 471005.178619847458322, 5543013.465651909820735 ], [ 471005.178619849146344, 5543013.465651911683381 ] ] } },
{ "type": "Feature", "properties": { "name": "0195534a-5c84-7112-afcb-f612b433a331" }, "geometry": { "type": "LineString", "coordinates": [ [ 471035.034037355449982, 5544371.411134437657893 ], [ 471035.023633644159418, 5544373.385482889600098 ], [ 471057.54489901359193, 5544373.781897991895676 ], [ 471057.695349031244405, 5544368.478262668475509 ], [ 471059.028665631311014, 5544368.523431610316038 ] ] } },
{ "type": "Feature", "properties": { "name": "0195534a-5c84-7498-8a30-bf1d075d476d" }, "geometry": { "type": "LineString", "coordinates": [ [ 471071.281340977002401, 5543085.350470269098878 ], [ 471069.913870457268786, 5543083.282302145846188 ], [ 471047.442256601643749, 5543095.974015462212265 ] ] } },
{ "type": "Feature", "properties": { "name": "0195534a-5c84-76e6-89a1-153efb965de0" }, "geometry": { "type": "LineString", "coordinates": [ [ 471062.517330562695861, 5544380.406221623532474 ], [ 471061.615075791196432, 5544375.546440500766039 ], [ 471061.878937528119422, 5544370.708362719044089 ], [ 471062.930514538078569, 5544369.999637328088284 ], [ 471065.843356412951834, 5544370.002616100013256 ], [ 471065.880333273089491, 5544368.779102413915098 ] ] } },
{ "type": "Feature", "properties": { "name": "0195534a-5c84-7b9e-a7d2-4adb01cb6868" }, "geometry": { "type": "LineString", "coordinates": [ [ 471069.990779969841242, 5543083.237833525985479 ], [ 471074.408126138499938, 5543089.474808586761355 ], [ 471090.542935842415318, 5543122.152702078223228 ], [ 471092.829103136667982, 5543133.228281713090837 ], [ 471100.712092733592726, 5543151.223071202635765 ], [ 471110.188503637211397, 5543177.18168259691447 ], [ 471115.500502032635268, 5543193.222266901284456 ], [ 471116.409147105878219, 5543194.145893341861665 ], [ 471127.113122127077077, 5543227.680483398959041 ], [ 471142.637261093244888, 5543272.895395150408149 ], [ 471157.151803646469489, 5543318.421190199442208 ], [ 471166.307376880955417, 5543349.417800192721188 ], [ 471165.992530395335052, 5543353.528167700394988 ], [ 471178.176058577315416, 5543407.579588165506721 ], [ 471178.955782888398971, 5543412.562601109035313 ], [ 471185.545453876897227, 5543454.80375686660409 ], [ 471193.795471671270207, 5543498.054499702528119 ], [ 471193.753499580314383, 5543499.682852413505316 ], [ 471202.665124111343175, 5543524.041104077361524 ], [ 471203.806679167086259, 5543525.339579837396741 ], [ 471211.575811447401065, 5543540.490355531685054 ], [ 471212.985586666036397, 5543543.239086320623755 ] ] } },
{ "type": "Feature", "properties": { "name": "0195534a-5c84-76ad-aeab-fc57741fdf7f" }, "geometry": { "type": "LineString", "coordinates": [ [ 471074.989794346620329, 5544380.817252323962748 ], [ 471080.022797727724537, 5544381.469958112575114 ], [ 471187.921914450649638, 5544383.992212191224098 ], [ 471207.501139158150181, 5544385.356534778140485 ], [ 471213.154284089105204, 5544385.736494737677276 ], [ 471223.060401337628718, 5544383.694588556885719 ], [ 471233.422158867586404, 5544380.412972240708768 ] ] } },
{ "type": "Feature", "properties": { "name": "0195534a-5c84-7ffb-b912-038d177ce3c7" }, "geometry": { "type": "LineString", "coordinates": [ [ 471211.575811446236912, 5543540.490355531685054 ], [ 471211.575811447401065, 5543540.490355531685054 ] ] } },
{ "type": "Feature", "properties": { "name": "0195534a-5c84-75ec-b4aa-061fb9ae3541" }, "geometry": { "type": "LineString", "coordinates": [ [ 471214.177857648581266, 5543545.529085914604366 ], [ 471224.048455817217473, 5543561.750970742665231 ], [ 471233.135647718270775, 5543574.52599373459816 ], [ 471225.789191623392981, 5543579.296742968261242 ], [ 471233.396402267215308, 5543590.517068421468139 ], [ 471240.087753092695493, 5543585.9276935569942 ], [ 471249.073642509116326, 5543606.714868879877031 ], [ 471272.362684674502816, 5543678.245482553727925 ], [ 471274.728590883954894, 5543678.522672046907246 ], [ 471275.964220961148385, 5543682.3485850058496 ] ] } },
{ "type": "Feature", "properties": { "name": "0195534a-5c84-7ed0-9555-007f3e146b44" }, "geometry": { "type": "LineString", "coordinates": [ [ 471233.422158867586404, 5544380.412972240708768 ], [ 471231.650199249503203, 5544352.413404344581068 ], [ 471229.494109745079186, 5544352.518014336936176 ], [ 471229.594096473592799, 5544349.716848297975957 ] ] } },
{ "type": "Feature", "properties": { "name": "0195534a-5c84-7bf0-863d-f20a160e1984" }, "geometry": { "type": "LineString", "coordinates": [ [ 471254.144366578140762, 5544352.406317423097789 ], [ 471254.157458922883961, 5544366.551691885106266 ], [ 471254.160477913857903, 5544369.479527497664094 ], [ 471251.912381970963906, 5544370.960953840985894 ], [ 471247.465383322734851, 5544373.996735130436718 ], [ 471233.422158867586404, 5544380.412972240708768 ] ] } },
{ "type": "Feature", "properties": { "name": "0195534a-5c84-72e9-a45e-7ef2f066ca1f" }, "geometry": { "type": "LineString", "coordinates": [ [ 471252.764763139770366, 5544330.369090873748064 ], [ 471251.07643353077583, 5544330.240153783001006 ], [ 471251.115512686723378, 5544343.97169264126569 ], [ 471255.892615037562791, 5544344.222559970803559 ], [ 471255.878676956170239, 5544352.397309065796435 ] ] } },
{ "type": "Feature", "properties": { "name": "0195534a-5c84-763e-9be2-febe5ed5f6ee" }, "geometry": { "type": "LineString", "coordinates": [ [ 471256.726428702590056, 5544326.33560105971992 ], [ 471256.438301719608717, 5544330.25011289678514 ], [ 471254.252171767817345, 5544330.372079442255199 ] ] } },
{ "type": "Feature", "properties": { "name": "0195534a-5c84-7529-9485-e0e15bdf50d6" }, "geometry": { "type": "LineString", "coordinates": [ [ 471261.972065112087876, 5544324.975172559730709 ], [ 471262.205960142891854, 5544323.238861460238695 ], [ 471265.718563830072526, 5544323.282819779589772 ] ] } },
{ "type": "Feature", "properties": { "name": "0195534a-5c84-7ec2-8e8d-20ae86c178e5" }, "geometry": { "type": "LineString", "coordinates": [ [ 471265.214892230636906, 5544324.222558873705566 ], [ 471265.242473147925921, 5544323.27686177007854 ] ] } },
{ "type": "Feature", "properties": { "name": "0195534a-5c84-7175-af60-5e27fe1437ba" }, "geometry": { "type": "LineString", "coordinates": [ [ 471265.722772161185276, 5544353.734709389507771 ], [ 471265.228968960407656, 5544353.801686150021851 ], [ 471265.258914467063732, 5544347.62614188529551 ] ] } },
{ "type": "Feature", "properties": { "name": "0195534a-5c84-736c-b44f-b04b20f3ff7d" }, "geometry": { "type": "LineString", "coordinates": [ [ 471272.669011712830979, 5544353.702624019235373 ], [ 471273.662613852531649, 5544353.528736610896885 ], [ 471275.916691724210978, 5544349.772215005010366 ], [ 471273.488656230561901, 5544349.644282605499029 ], [ 471273.531464744883124, 5544324.345343412831426 ], [ 471278.087530375807546, 5544306.527398029342294 ], [ 471277.196875253692269, 5544305.186937244608998 ], [ 471272.336763413739391, 5544298.773521259427071 ], [ 471268.079454369435553, 5544298.51865195017308 ], [ 471268.03988671611296, 5544297.396139969117939 ] ] } },
{ "type": "Feature", "properties": { "name": "0195534a-5c84-7ad4-be65-724d824d901e" }, "geometry": { "type": "LineString", "coordinates": [ [ 471278.155598137760535, 5543688.656956150196493 ], [ 471276.491713214782067, 5543690.905147512443364 ], [ 471284.124187996727414, 5543714.333977552130818 ], [ 471289.534815856895875, 5543730.89463328383863 ] ] } },
{ "type": "Feature", "properties": { "name": "0195534a-5c84-7035-8ac7-eba0f1d05046" }, "geometry": { "type": "LineString", "coordinates": [ [ 471341.757821665378287, 5543890.588056140579283 ], [ 471288.730685996299144, 5543728.488933549262583 ] ] } },
{ "type": "Feature", "properties": { "name": "0195534a-5c84-782e-bb2e-7a8ecffe99d6" }, "geometry": { "type": "LineString", "coordinates": [ [ 471305.363964231219143, 5544304.932304489426315 ], [ 471309.36137622554088, 5544305.130348187871277 ], [ 471309.542957887169905, 5544300.469239393249154 ] ] } },
{ "type": "Feature", "properties": { "name": "0195534a-5c84-7f05-b06a-f80d3b560a37" }, "geometry": { "type": "LineString", "coordinates": [ [ 471319.753607642021962, 5544288.253056581132114 ], [ 471320.761303368315566, 5544268.84708911459893 ], [ 471322.928426065191161, 5544266.577976592816412 ], [ 471334.141996281512547, 5544270.746241671033204 ] ] } },
{ "type": "Feature", "properties": { "name": "0195534a-5c84-7e35-9f6a-23b75b540e99" }, "geometry": { "type": "LineString", "coordinates": [ [ 471335.276547878340352, 5544271.137078412808478 ], [ 471347.818593428528402, 5544275.819130004383624 ], [ 471423.688867264660075, 5544303.362943273037672 ], [ 471437.007987693476025, 5544292.65402030851692 ], [ 471448.063817729416769, 5544284.803466209210455 ] ] } },
{ "type": "Feature", "properties": { "name": "0195534a-5c84-7e2b-bfde-9608e726358d" }, "geometry": { "type": "LineString", "coordinates": [ [ 471340.912403154477943, 5543888.173245311714709 ], [ 471349.995440643746406, 5543916.591579045169055 ] ] } },
{ "type": "Feature", "properties": { "name": "0195534a-5c84-7e0c-8aec-e25d414ed843" }, "geometry": { "type": "LineString", "coordinates": [ [ 466320.914100092079025, 5539861.590625747106969 ], [ 466320.89008597296197, 5539858.123004787601531 ], [ 466323.910896467627026, 5539859.833304515108466 ], [ 466320.914100092079025, 5539861.590625747106969 ] ] } },
{ "type": "Feature", "properties": { "name": "0195534a-5c84-747f-a959-fb2b5d4f0cb4" }, "geometry": { "type": "LineString", "coordinates": [ [ 466487.828055612975731, 5541127.051811527460814 ], [ 466614.466108669759706, 5541173.283427636139095 ], [ 466705.033921499270946, 5541214.037234744988382 ], [ 466614.364260565431323, 5541173.533545838668942 ], [ 466487.828055612975731, 5541127.051811527460814 ] ] } },
{ "type": "Feature", "properties": { "name": "0195534a-5c84-7299-9389-ead9da8831e0" }, "geometry": { "type": "LineString", "coordinates": [ [ 466487.839838595653418, 5541127.019870776683092 ], [ 466437.196812410256825, 5541108.283317576162517 ], [ 466333.001756896905135, 5541101.277595510706306 ], [ 466437.249351911479607, 5541108.036209779791534 ], [ 466487.839838595653418, 5541127.019870776683092 ] ] } },
{ "type": "Feature", "properties": { "name": "01990b4b-83cf-75a9-a34b-1207d439a7f8" }, "geometry": { "type": "LineString", "coordinates": [ [ 465648.195057629432995, 5541224.194321935996413 ], [ 465647.984651794075035, 5541224.337993234395981 ], [ 465646.220099999918602, 5541225.543479889631271 ], [ 465642.17999479820719, 5541228.475873284973204 ], [ 465638.159520345448982, 5541231.45261940639466 ], [ 465634.216282978304662, 5541234.520047924481332 ], [ 465630.344028417952359, 5541237.70821980945766 ], [ 465626.561053198354784, 5541240.965870589949191 ], [ 465622.850065438193269, 5541244.277544617652893 ], [ 465619.201379068777896, 5541247.696674599312246 ], [ 465615.626519729208667, 5541251.233193418011069 ], [ 465612.43988290039124, 5541254.650473719462752 ], [ 465609.360649653186556, 5541258.059283103793859 ], [ 465606.947742137301248, 5541260.81558402441442 ], [ 465603.754317760991398, 5541264.62429824937135 ], [ 465600.725627633568365, 5541268.65099857095629 ], [ 465597.778372780710924, 5541272.752786063589156 ], [ 465594.860534752719104, 5541276.861057618632913 ], [ 465592.56126678554574, 5541280.020251064561307 ], [ 465592.192586000193842, 5541280.504067636094987 ] ] } },
{ "type": "Feature", "properties": { "name": "01990b4b-83df-75ef-96df-210e37a1b57b" }, "geometry": { "type": "LineString", "coordinates": [ [ 465562.862357048608828, 5541366.776164178736508 ], [ 465563.269410602457356, 5541362.791870696470141 ], [ 465564.593717638403177, 5541352.50838534720242 ], [ 465566.300735521304887, 5541342.92070650588721 ], [ 465568.634974608372431, 5541332.950953661464155 ], [ 465570.621138617163524, 5541325.665316822007298 ], [ 465573.268577520735562, 5541317.611562171950936 ], [ 465575.846774506906513, 5541310.709059526212513 ], [ 465578.076574223465286, 5541305.550016093999147 ], [ 465581.908714008925017, 5541297.915617696940899 ], [ 465585.740824903652538, 5541290.943908444605768 ], [ 465588.423334749357309, 5541286.446870538406074 ], [ 465592.167693133582361, 5541280.532024787738919 ] ] } },
{ "type": "Feature", "properties": { "name": "01990b4b-83e3-733c-8f0b-7d6f5377d448" }, "geometry": { "type": "LineString", "coordinates": [ [ 465598.285110191209242, 5541713.609309399500489 ], [ 465595.410058769106399, 5541712.297959422692657 ], [ 465601.402620778244454, 5541699.363762839697301 ], [ 465603.518664549570531, 5541694.805876634083688 ], [ 465605.415935970726423, 5541695.665412304922938 ] ] } },
{ "type": "Feature", "properties": { "name": "01990b4b-83f6-75bc-ab63-27e75bfc8bf8" }, "geometry": { "type": "LineString", "coordinates": [ [ 466323.23276037076721, 5539680.112877207808197 ], [ 466322.835211337078363, 5539673.06713791936636 ], [ 466319.082819800940342, 5539673.454308366402984 ], [ 466319.684385096421465, 5539680.466520457528532 ], [ 466323.23276037076721, 5539680.112877207808197 ] ] } },
{ "type": "Feature", "properties": { "name": "01990b4b-83f9-7621-aa68-2c40ce354012" }, "geometry": { "type": "LineString", "coordinates": [ [ 466321.761210347118322, 5538892.96709506213665 ], [ 466324.912916447559837, 5538891.106013664975762 ], [ 466321.845135001407471, 5538889.443009129725397 ], [ 466321.761210347118322, 5538892.96709506213665 ] ] } },
{ "type": "Feature", "properties": { "name": "019a9c99-4c58-76da-a7af-7ef6f8b5adaa" }, "geometry": { "type": "LineString", "coordinates": [ [ 470784.51499051990686, 5542846.285136431455612 ], [ 470781.317970253236126, 5542845.856721229851246 ], [ 470779.215129578544293, 5542843.971330248750746 ], [ 470777.87634314596653, 5542837.614230864681304 ], [ 470776.519113004673272, 5542834.175920422188938 ], [ 470774.617766099690925, 5542830.765042262151837 ], [ 470772.359779211285058, 5542827.878696088679135 ], [ 470765.160493633942679, 5542820.282720561139286 ], [ 470761.801582760293968, 5542818.013925885781646 ], [ 470720.259575309988577, 5542804.364705407060683 ], [ 470714.52651641110424, 5542801.814277747645974 ], [ 470711.922349348897114, 5542800.32414959743619 ], [ 470711.938049463264178, 5542797.957980580627918 ], [ 470724.038177821610589, 5542761.58776306733489 ], [ 470727.478473110706545, 5542751.882242129184306 ], [ 470729.297272756928578, 5542749.353886439464986 ], [ 470734.667938823578879, 5542745.865461616776884 ], [ 470737.718314643658232, 5542745.657543240115047 ], [ 470748.311106524895877, 5542747.140718452632427 ], [ 470752.071504888997879, 5542745.811488176696002 ], [ 470757.686245513265021, 5542741.377766183577478 ], [ 470769.69541493721772, 5542733.255490655079484 ] ] } },
{ "type": "Feature", "properties": { "name": "019a9c99-4c67-76bd-8055-8e9ba4ffc499" }, "geometry": { "type": "LineString", "coordinates": [ [ 466224.768625702476129, 5542973.973339434713125 ], [ 466219.113507149450015, 5542989.656663651578128 ], [ 466222.179321206582244, 5542990.690277530811727 ], [ 466212.101891165657435, 5543018.243155223317444 ], [ 466205.954528235830367, 5543016.061515529640019 ], [ 466205.049039018165786, 5543018.394419853575528 ], [ 465886.357393266924191, 5542902.350859012454748 ], [ 465861.002800842921715, 5542892.628894083201885 ], [ 465840.409292341209948, 5542883.173539469949901 ], [ 465820.708018185920082, 5542873.044319689273834 ], [ 465785.257693680527154, 5542851.559990625828505 ], [ 465783.704419037676416, 5542849.886514831334352 ], [ 465781.462036163895391, 5542848.409801608882844 ], [ 465770.704309992841445, 5542842.060740070417523 ], [ 465780.54058820445789, 5542814.83656772505492 ], [ 465794.304137905302923, 5542819.744332661852241 ], [ 465807.387809147534426, 5542782.346783162094653 ], [ 465807.124719289073255, 5542780.736221089027822 ], [ 465805.580148033273872, 5542778.633493323810399 ], [ 465793.28902728081448, 5542773.96646542288363 ], [ 465790.62642665382009, 5542772.520230657421052 ], [ 465786.716262201895006, 5542769.726574722677469 ], [ 465782.509277048346121, 5542765.53717134334147 ], [ 465780.816910088353325, 5542763.170765154995024 ], [ 465779.650281844544224, 5542760.032681785523891 ], [ 465778.352607418841217, 5542757.792732757516205 ], [ 465774.540357216552366, 5542753.178293438628316 ], [ 465769.524050553445704, 5542749.766838966868818 ], [ 465766.764864461903926, 5542748.562513950280845 ], [ 465760.845341253443621, 5542747.258318245410919 ], [ 465687.721621539501939, 5542738.733528377488256 ], [ 465680.308796860277653, 5542737.417867009527981 ], [ 465672.590466082619969, 5542735.366990733891726 ] ] } },
{ "type": "Feature", "properties": { "name": "019a9c99-4c69-7548-aba1-12cd9b62f1b8" }, "geometry": { "type": "LineString", "coordinates": [ [ 466665.758699819620233, 5541383.930473254993558 ], [ 466622.897540525184013, 5541382.260510976426303 ], [ 466477.601201189740095, 5541329.001281739212573 ] ] } },
{ "type": "Feature", "properties": { "name": "019a9c99-4c80-7025-907b-0b45b30c0a25" }, "geometry": { "type": "LineString", "coordinates": [ [ 466294.039428262913134, 5541251.415042779408395 ], [ 466295.898747390834615, 5541245.440288650803268 ], [ 466369.646049628558103, 5541266.586243687197566 ], [ 466441.434940706705675, 5541291.158973497338593 ], [ 466484.680473352258559, 5541308.328012183308601 ], [ 466617.344710871984717, 5541361.354059820994735 ] ] } },
{ "type": "Feature", "properties": { "name": "019a9c99-4c84-7067-9445-1818de62fdd8" }, "geometry": { "type": "LineString", "coordinates": [ [ 470825.730781992373522, 5542854.306064113043249 ], [ 470822.099066983442754, 5542854.401465920731425 ] ] } },
{ "type": "Feature", "properties": { "name": "019e1da9-5ab3-75ba-b11e-d5088bb93a43" }, "geometry": { "type": "LineString", "coordinates": [ [ 466194.274885440303478, 5538303.255156941711903 ], [ 466194.252824745781254, 5538310.100045932456851 ] ] } },
{ "type": "Feature", "properties": { "name": "019e1da9-5ab4-724c-aa02-e6d9f0216a12" }, "geometry": { "type": "LineString", "coordinates": [ [ 466181.239493063243572, 5538298.968786529265344 ], [ 466181.230270777596161, 5538303.528675722889602 ] ] } },
{ "type": "Feature", "properties": { "name": "019e1da9-5ab4-724c-aa02-e9522ac92b66" }, "geometry": { "type": "LineString", "coordinates": [ [ 465898.23196373769315, 5538316.760472274385393 ], [ 465898.20408604061231, 5538332.659470172598958 ], [ 465898.205653540208004, 5538380.453770015388727 ], [ 465898.244565302098636, 5538426.005166728980839 ], [ 465898.245691783144139, 5538473.840616077184677 ], [ 465898.2791556934244, 5538492.057505147531629 ] ] } },
{ "type": "Feature", "properties": { "name": "019e1da9-5ab4-724c-aa02-ed0179c71da8" }, "geometry": { "type": "LineString", "coordinates": [ [ 465885.218747050501406, 5541104.940371771343052 ], [ 465885.230180143553298, 5541077.60452632419765 ], [ 465885.201462980359793, 5541033.391587342135608 ] ] } },
{ "type": "Feature", "properties": { "name": "019e1da9-5ab4-724c-aa02-f2662fdf1c2f" }, "geometry": { "type": "LineString", "coordinates": [ [ 465898.235616239660885, 5540116.276184895075858 ], [ 465898.303198122070171, 5540066.104101397097111 ], [ 465898.280325159139466, 5540016.015989059582353 ], [ 465898.220769626263063, 5539965.904764515347779 ], [ 465898.197897490579635, 5539915.814436272718012 ], [ 465898.228849541686941, 5539865.736000156030059 ], [ 465898.259442300419323, 5539815.59975220169872 ], [ 465898.236657835659571, 5539765.519442199729383 ], [ 465898.276631932705641, 5539715.390925643034279 ], [ 465898.2401783100795, 5539665.29959165584296 ], [ 465898.235102518112399, 5539626.555966885760427 ] ] } },
{ "type": "Feature", "properties": { "name": "019e1da9-5ab4-724c-aa02-f688cf8f3956" }, "geometry": { "type": "LineString", "coordinates": [ [ 469877.023311863420531, 5541904.366005877964199 ], [ 469880.860463610792067, 5541907.572212685830891 ], [ 469893.706643732322846, 5541919.29258363507688 ], [ 469902.725082826684229, 5541922.858835714869201 ] ] } },
{ "type": "Feature", "properties": { "name": "019e1da9-5ab4-724c-aa02-fa8db6e644f0" }, "geometry": { "type": "LineString", "coordinates": [ [ 465930.076050123316236, 5539121.997877988964319 ], [ 465930.087914292933419, 5539071.892943888902664 ], [ 465930.083523403271101, 5539021.822585486806929 ], [ 465930.085279248596635, 5538971.703269032761455 ], [ 465930.070098229742143, 5538921.624092022888362 ], [ 465930.093764449644368, 5538876.07671232894063 ], [ 465930.072161321062595, 5538830.509609730914235 ], [ 465930.08419059868902, 5538814.587351723574102 ] ] } },
{ "type": "Feature", "properties": { "name": "019e1da9-5ab4-724c-aa02-fdccedf1ae18" }, "geometry": { "type": "LineString", "coordinates": [ [ 466200.690232273307629, 5538369.596328691579401 ], [ 466200.695484014926478, 5538387.822278561070561 ], [ 466200.666982023685705, 5538417.405213353224099 ], [ 466200.666830875212327, 5538451.597837401553988 ], [ 466200.715165975969285, 5538492.570420109666884 ], [ 466200.730577398790047, 5538517.635502043180168 ] ] } },
{ "type": "Feature", "properties": { "name": "019e1da9-5ab4-724c-aa03-032407d78ee9" }, "geometry": { "type": "LineString", "coordinates": [ [ 465910.969805943663232, 5540547.373756102286279 ], [ 465910.926881249528378, 5540588.365977526642382 ], [ 465910.873629730427638, 5540630.999413097277284 ], [ 465910.879741604207084, 5540662.920550039038062 ], [ 465910.86665454035392, 5540699.367192894220352 ], [ 465910.816182852955535, 5540742.659967564977705 ], [ 465910.871304937405512, 5540781.379991164430976 ], [ 465910.830144317238592, 5540824.670488390140235 ], [ 465910.866442824946716, 5540863.470692683011293 ], [ 465910.872539238713216, 5540902.139888777397573 ], [ 465910.917324171983637, 5540943.172714742831886 ], [ 465910.879137377662119, 5540986.47654671035707 ], [ 465910.884026452549733, 5541022.927541250362992 ], [ 465910.912509981135372, 5541041.135639314539731 ] ] } },
{ "type": "Feature", "properties": { "name": "019e1da9-5ab4-724c-aa03-07c25e9ff0d7" }, "geometry": { "type": "LineString", "coordinates": [ [ 466246.287060262227897, 5538363.062481494620442 ], [ 466246.298181543825194, 5538394.994570928625762 ] ] } },
{ "type": "Feature", "properties": { "name": "019e1da9-5ab4-724c-aa03-09e9c64c6299" }, "geometry": { "type": "LineString", "coordinates": [ [ 465923.887896823580377, 5538566.588776746764779 ], [ 465923.868261040304787, 5538612.092745782807469 ], [ 465923.843813421088271, 5538657.627881415188313 ], [ 465923.859704494825564, 5538696.316894168965518 ], [ 465923.886792431585491, 5538716.812079688534141 ] ] } },
{ "type": "Feature", "properties": { "name": "019e1da9-5ab4-724c-aa03-0c6823975cc7" }, "geometry": { "type": "LineString", "coordinates": [ [ 465898.299276308796834, 5540164.327069258317351 ], [ 465898.229910725087393, 5540121.008410246111453 ] ] } },
{ "type": "Feature", "properties": { "name": "019e1da9-5ab4-724c-aa03-11a05dbe634f" }, "geometry": { "type": "LineString", "coordinates": [ [ 465891.735079299367499, 5538806.254172057844698 ], [ 465891.707575331500266, 5538760.710458205081522 ], [ 465891.735366348410025, 5538722.053405808284879 ] ] } },
{ "type": "Feature", "properties": { "name": "019e1da9-5ab4-724c-aa03-157f0a1f5311" }, "geometry": { "type": "LineString", "coordinates": [ [ 465898.245896381733473, 5539523.530804862268269 ], [ 465898.302398795029148, 5539477.907561839558184 ], [ 465898.29031506809406, 5539429.950911259278655 ], [ 465898.243430317961611, 5539382.042296805419028 ], [ 465898.234241160447709, 5539334.087858791463077 ], [ 465898.241668243601453, 5539286.153332588262856 ], [ 465898.246875242097303, 5539238.206593386828899 ], [ 465898.247165468812454, 5539190.274343588389456 ], [ 465898.248648720502388, 5539142.303173840977252 ], [ 465898.2742686024867, 5539130.89952025283128 ] ] } },
{ "type": "Feature", "properties": { "name": "019e1da9-5ab4-724c-aa03-18958b76a1d5" }, "geometry": { "type": "LineString", "coordinates": [ [ 465872.83696080034133, 5540474.446580016054213 ], [ 465872.82435366907157, 5540488.100635293871164 ] ] } },
{ "type": "Feature", "properties": { "name": "019e1da9-5ab4-724c-aa03-1c9db063ddba" }, "geometry": { "type": "LineString", "coordinates": [ [ 465930.221811897587031, 5540541.20595240034163 ], [ 465930.219457363069523, 5540495.660846001468599 ], [ 465930.239922343112994, 5540450.097807545214891 ], [ 465930.244142414769158, 5540404.570456045679748 ], [ 465930.256888856005389, 5540359.030822825618088 ], [ 465930.265612138144206, 5540313.533470149151981 ], [ 465930.246954058588017, 5540268.010721455328166 ], [ 465930.261870283691678, 5540222.471084211021662 ], [ 465930.260822297423147, 5540172.391718970611691 ] ] } },
{ "type": "Feature", "properties": { "name": "019e1da9-5ab4-724c-aa03-205f14b18fcc" }, "geometry": { "type": "LineString", "coordinates": [ [ 465860.194296350178774, 5539970.942487458698452 ], [ 465860.2037027910701, 5540016.500860416330397 ] ] } },
{ "type": "Feature", "properties": { "name": "019e1da9-5ab4-724c-aa03-244788318baa" }, "geometry": { "type": "LineString", "coordinates": [ [ 466233.221004798368085, 5538518.412534334696829 ], [ 466233.219022103236057, 5538475.088028008118272 ], [ 466233.189884372754022, 5538436.326862822286785 ], [ 466233.193346036190633, 5538415.825945616699755 ], [ 466233.22346885537263, 5538406.72610710375011 ], [ 466233.239981517195702, 5538397.627466334030032 ] ] } },
{ "type": "Feature", "properties": { "name": "019e1da9-5ab4-724c-aa03-28bd3b9d9944" }, "geometry": { "type": "LineString", "coordinates": [ [ 465885.397764348716009, 5539558.253375577740371 ], [ 465885.379625190864317, 5539603.805220779962838 ], [ 465885.36198397539556, 5539615.216615627519786 ] ] } },
{ "type": "Feature", "properties": { "name": "019e1da9-5ab4-724c-aa03-2ea78176882a" }, "geometry": { "type": "LineString", "coordinates": [ [ 465911.021487620426342, 5538308.275516172870994 ], [ 465911.043303579848725, 5538299.194626355543733 ] ] } },
{ "type": "Feature", "properties": { "name": "019e1da9-5ab4-724c-aa03-31693e13f9e5" }, "geometry": { "type": "LineString", "coordinates": [ [ 465936.668464475718793, 5539628.998946818523109 ], [ 465936.655410810373724, 5539672.261387308128178 ], [ 465936.644109111453872, 5539722.336343518458307 ], [ 465936.683470098942053, 5539772.37651314586401 ], [ 465936.670800921914633, 5539822.459269126877189 ], [ 465936.635218647890724, 5539872.543286601081491 ], [ 465936.621899279998615, 5539922.633837804198265 ], [ 465936.65342389268335, 5539972.676296759396791 ], [ 465936.681229562440421, 5540022.808846072293818 ], [ 465936.620014491840266, 5540072.913056241348386 ], [ 465936.672669352963567, 5540116.245158011093736 ] ] } },
{ "type": "Feature", "properties": { "name": "019e1da9-5ab4-724c-aa03-371bd3f6d968" }, "geometry": { "type": "LineString", "coordinates": [ [ 465872.622485560015775, 5540988.543655700981617 ], [ 465872.618631487363018, 5540977.144603569991887 ], [ 465872.633772477449384, 5540940.729061671532691 ], [ 465872.620948785159271, 5540901.947602473199368 ], [ 465872.621591344941407, 5540863.25501086935401 ], [ 465872.612472352280747, 5540824.49132299143821 ], [ 465872.603275798552204, 5540781.216709400527179 ], [ 465872.642050311435014, 5540740.185582436621189 ], [ 465872.621418808819726, 5540710.520551668480039 ] ] } },
{ "type": "Feature", "properties": { "name": "019e1da9-5ab4-724c-aa03-3b18a1d6cfd5" }, "geometry": { "type": "LineString", "coordinates": [ [ 465891.731059986632317, 5538560.083073724992573 ], [ 465891.769470331491902, 5538514.530063002370298 ], [ 465891.773556911968626, 5538494.108068790286779 ] ] } },
{ "type": "Feature", "properties": { "name": "019e1da9-5ab4-724c-aa03-3fcb7f712394" }, "geometry": { "type": "LineString", "coordinates": [ [ 466174.631469629821368, 5538305.173642658628523 ], [ 466174.640345795371104, 5538348.49698708858341 ], [ 466174.600365066435188, 5538391.80062885209918 ], [ 466174.615583054721355, 5538439.534778895787895 ], [ 466174.623499435605481, 5538485.201987993903458 ], [ 466174.641607564291917, 5538519.421187439933419 ] ] } },
{ "type": "Feature", "properties": { "name": "019e1da9-5ab4-724c-aa03-4110e22dc9ff" }, "geometry": { "type": "LineString", "coordinates": [ [ 465911.078580630011857, 5540424.626283699646592 ], [ 465911.050255700072739, 5540376.824218643829226 ], [ 465911.079761288885493, 5540326.736861704848707 ], [ 465911.118310056626797, 5540274.353405002504587 ], [ 465911.077489010582212, 5540221.993807244114578 ], [ 465911.086808043415658, 5540169.630559105426073 ] ] } },
{ "type": "Feature", "properties": { "name": "019e1da9-5ab4-724c-aa03-479f7a6011cb" }, "geometry": { "type": "LineString", "coordinates": [ [ 465917.354669989901595, 5540122.19318413361907 ], [ 465917.299471066275146, 5540165.440361581742764 ] ] } },
{ "type": "Feature", "properties": { "name": "019e1da9-5ab4-724c-aa03-49b1328e1b93" }, "geometry": { "type": "LineString", "coordinates": [ [ 465942.890571863390505, 5539132.180240011774004 ], [ 465942.930988545063883, 5539180.154474066570401 ], [ 465942.917677678691689, 5539230.386179435998201 ], [ 465942.948747489426751, 5539280.608711662702262 ], [ 465942.927755207521841, 5539326.246164785698056 ], [ 465942.916099354450125, 5539376.509003955870867 ], [ 465942.915690933936276, 5539426.736195290461183 ], [ 465942.936936060781591, 5539476.986602569930255 ], [ 465942.954795771162026, 5539529.52195980399847 ] ] } },
{ "type": "Feature", "properties": { "name": "019e1da9-5ab4-724c-aa03-4e2de67c5121" }, "geometry": { "type": "LineString", "coordinates": [ [ 466233.210711454914417, 5538346.554429668933153 ], [ 466233.227879717538599, 5538337.44577868655324 ] ] } },
{ "type": "Feature", "properties": { "name": "019e1da9-5ab4-724c-aa03-5076622d5917" }, "geometry": { "type": "LineString", "coordinates": [ [ 465872.751586222089827, 5538488.36617246363312 ], [ 465872.77325259661302, 5538533.874325367622077 ], [ 465872.776533813099377, 5538558.931718516163528 ] ] } },
{ "type": "Feature", "properties": { "name": "019e1da9-5ab4-724c-aa03-57de32922270" }, "geometry": { "type": "LineString", "coordinates": [ [ 465930.063176832802128, 5539528.480901652015746 ], [ 465930.102107656013686, 5539478.247896647080779 ], [ 465930.105162066873163, 5539428.006228619255126 ], [ 465930.084513869776856, 5539377.754708278924227 ], [ 465930.079296381503809, 5539327.562023712322116 ], [ 465930.093123956467025, 5539277.320299091748893 ], [ 465930.09542361611966, 5539227.067532874643803 ], [ 465930.097297560540028, 5539176.85924872290343 ], [ 465930.108470134902745, 5539131.156266313046217 ] ] } },
{ "type": "Feature", "properties": { "name": "019e1da9-5ab4-724c-aa03-5b5b8604e549" }, "geometry": { "type": "LineString", "coordinates": [ [ 465930.027564941556193, 5541070.255562752485275 ], [ 465930.029525168414693, 5541077.095885990187526 ] ] } },
{ "type": "Feature", "properties": { "name": "019e1da9-5ab4-724c-aa03-5f859ce1786e" }, "geometry": { "type": "LineString", "coordinates": [ [ 465898.219515153206885, 5538495.413549509830773 ], [ 465898.204386709607206, 5538540.917487226426601 ], [ 465898.215704123431351, 5538561.398314517922699 ] ] } },
{ "type": "Feature", "properties": { "name": "019e1da9-5ab4-724c-aa03-604e209774ea" }, "geometry": { "type": "LineString", "coordinates": [ [ 465898.076159459771588, 5541030.202986356802285 ], [ 465898.075205692905001, 5540984.5944554945454 ], [ 465898.107996861974243, 5540943.610055083408952 ], [ 465898.079262809595093, 5540904.888740881346166 ], [ 465898.0650027624215, 5540895.78469364438206 ] ] } },
{ "type": "Feature", "properties": { "name": "019e1da9-5ab4-724c-aa03-66580b7aaf45" }, "geometry": { "type": "LineString", "coordinates": [ [ 465885.361669316422194, 5538560.098032196983695 ], [ 465885.374358902918175, 5538514.566310321912169 ], [ 465885.356798418797553, 5538491.872875181026757 ] ] } },
{ "type": "Feature", "properties": { "name": "019e1da9-5ab4-724c-aa03-6abeca10bba5" }, "geometry": { "type": "LineString", "coordinates": [ [ 465860.200457650003955, 5538561.21444043237716 ], [ 465860.207684827968478, 5538513.395605909638107 ], [ 465860.218471284082625, 5538492.919085436500609 ] ] } },
{ "type": "Feature", "properties": { "name": "019e1da9-5ab4-724c-aa03-6c55fd23ee5a" }, "geometry": { "type": "LineString", "coordinates": [ [ 465942.900981225538999, 5541064.171720240265131 ], [ 465942.892869157658424, 5541025.490298811346292 ], [ 465942.902381092950236, 5540986.763180267065763 ], [ 465942.897127780248411, 5540945.825724879279733 ], [ 465942.929720511776395, 5540904.868017514236271 ], [ 465942.885743994847871, 5540863.923030383884907 ], [ 465942.912916152330581, 5540822.899761384353042 ], [ 465942.899947844503913, 5540781.872302690520883 ], [ 465942.922797629784327, 5540740.843507028184831 ], [ 465942.89946862187935, 5540699.875049528665841 ], [ 465942.919958843733184, 5540663.43169766664505 ], [ 465942.9127536144224, 5540629.28012371994555 ], [ 465942.929512901289854, 5540588.755061542615294 ], [ 465942.92779504385544, 5540547.802042854949832 ] ] } },
{ "type": "Feature", "properties": { "name": "019e1da9-5ab4-724c-aa03-727b040d90d0" }, "geometry": { "type": "LineString", "coordinates": [ [ 465878.958843013388105, 5538567.245945951901376 ], [ 465878.944809363048989, 5538583.16932416241616 ], [ 465878.978816468559671, 5538630.960102521814406 ], [ 465878.983094421331771, 5538676.443914307281375 ], [ 465878.971916591341142, 5538721.975638746283948 ], [ 465878.949440868920647, 5538769.784577217884362 ], [ 465878.987603541405406, 5538806.177417349070311 ] ] } },
{ "type": "Feature", "properties": { "name": "019e1da9-5ab4-724c-aa03-776a90bb1f68" }, "geometry": { "type": "LineString", "coordinates": [ [ 465930.054749991337303, 5539566.942184931598604 ], [ 465930.042102824081667, 5539539.593218613415956 ] ] } },
{ "type": "Feature", "properties": { "name": "019e1da9-5ab4-724c-aa03-7a0c48437224" }, "geometry": { "type": "LineString", "coordinates": [ [ 465923.93297004129272, 5540116.224986664019525 ], [ 465923.932549299846869, 5540066.025541429407895 ], [ 465923.853213759954087, 5540015.922224259935319 ], [ 465923.866839222493581, 5539965.788298881612718 ], [ 465923.886452592327259, 5539915.693255389109254 ], [ 465923.958655831520446, 5539865.641244947910309 ], [ 465923.959763059450779, 5539815.563005326315761 ], [ 465923.918581948033534, 5539765.481702916324139 ], [ 465923.867440276197158, 5539715.410474753007293 ], [ 465923.902950819116086, 5539665.329804397188127 ], [ 465923.938215000089258, 5539624.336580503731966 ] ] } },
{ "type": "Feature", "properties": { "name": "019e1da9-5ab4-724c-aa03-7e764579e1df" }, "geometry": { "type": "LineString", "coordinates": [ [ 465872.805017622013111, 5538328.105602857656777 ], [ 465872.745154319913127, 5538362.274163304828107 ] ] } },
{ "type": "Feature", "properties": { "name": "019e1da9-5ab4-724c-aa03-81ac4aaff2de" }, "geometry": { "type": "LineString", "coordinates": [ [ 466259.251676613232121, 5538374.926934090442955 ], [ 466259.265658883436117, 5538368.152145007625222 ] ] } },
{ "type": "Feature", "properties": { "name": "019e1da9-5ab4-724c-aa03-85d28fec1a5a" }, "geometry": { "type": "LineString", "coordinates": [ [ 465911.03079666767735, 5538495.26423975545913 ], [ 465911.021739059884567, 5538449.658167028799653 ], [ 465911.043277712829877, 5538404.128622968681157 ], [ 465911.008590412850026, 5538356.293393501080573 ], [ 465911.026152254955377, 5538335.835739215835929 ], [ 465911.03201038815314, 5538310.719368825666606 ] ] } },
{ "type": "Feature", "properties": { "name": "019e1da9-5ab4-724c-aa03-89049d433fee" }, "geometry": { "type": "LineString", "coordinates": [ [ 466148.759191446355544, 5538435.533991113305092 ], [ 466148.718771502957679, 5538483.272945705801249 ], [ 466148.752312858705409, 5538496.983364620245993 ] ] } },
{ "type": "Feature", "properties": { "name": "019e1da9-5ab4-724c-aa03-8ec72bd669db" }, "geometry": { "type": "LineString", "coordinates": [ [ 465860.27685259556165, 5539342.013765960000455 ], [ 465860.213761347462423, 5539389.817452234216034 ], [ 465860.246416072710417, 5539437.576056736521423 ], [ 465860.235744469973724, 5539483.144526399672031 ], [ 465860.225114499218762, 5539521.85711263678968 ] ] } },
{ "type": "Feature", "properties": { "name": "019e1da9-5ab4-724c-aa03-90a2105068d0" }, "geometry": { "type": "LineString", "coordinates": [ [ 465904.494130539009348, 5540499.924040393903852 ], [ 465904.494389955129009, 5540540.940446017310023 ] ] } },
{ "type": "Feature", "properties": { "name": "019e1da9-5ab4-724c-aa03-969cba97f8d7" }, "geometry": { "type": "LineString", "coordinates": [ [ 466168.293966709112283, 5538303.814885319210589 ], [ 466168.245817839866504, 5538349.337894306518137 ], [ 466168.238126917858608, 5538392.639109180308878 ], [ 466168.303906485263724, 5538438.154734220355749 ], [ 466168.252996517461725, 5538486.076102024875581 ], [ 466168.246516068815254, 5538517.98274021781981 ] ] } },
{ "type": "Feature", "properties": { "name": "019e1da9-5ab4-724c-aa03-9b13be332b42" }, "geometry": { "type": "LineString", "coordinates": [ [ 465904.542951880255714, 5540116.258280948735774 ], [ 465904.478664975147694, 5540066.184883333742619 ], [ 465904.467257055046503, 5540016.08780353795737 ], [ 465904.473130895057693, 5539966.002848461270332 ], [ 465904.503416690044105, 5539915.924413301050663 ], [ 465904.473573327122722, 5539865.854147904552519 ], [ 465904.449384768900927, 5539815.770507827401161 ], [ 465904.450239917379804, 5539765.680041017942131 ], [ 465904.447044485830702, 5539715.627408041618764 ], [ 465904.472589516430162, 5539665.58571498747915 ], [ 465904.500610298011452, 5539624.603654290549457 ] ] } },
{ "type": "Feature", "properties": { "name": "019e1da9-5ab4-724c-aa03-9caa2f01f5e7" }, "geometry": { "type": "LineString", "coordinates": [ [ 465917.338648949982598, 5539624.466390699148178 ], [ 465917.257383740099613, 5539674.555132762528956 ], [ 465917.234216945362277, 5539724.651292448863387 ], [ 465917.220983979757875, 5539774.73071460891515 ], [ 465917.169343002780806, 5539824.853748568333685 ], [ 465917.147065934026614, 5539870.354489397257566 ], [ 465917.20208154967986, 5539920.457950403913856 ], [ 465917.198869546875358, 5539970.530652919784188 ], [ 465917.229256081744097, 5540020.589803012087941 ], [ 465917.281804682454094, 5540070.639920967631042 ], [ 465917.33875869680196, 5540116.200217223726213 ] ] } },
{ "type": "Feature", "properties": { "name": "019e1da9-5ab4-724c-aa03-a23c1de12180" }, "geometry": { "type": "LineString", "coordinates": [ [ 465904.490112819359638, 5540167.178573552519083 ], [ 465904.529039290093351, 5540217.317741803824902 ], [ 465904.534270301286597, 5540269.704251595772803 ], [ 465904.505610669322778, 5540319.803830109536648 ], [ 465904.471923296630848, 5540369.900108910165727 ], [ 465904.504881109111011, 5540422.248650643974543 ] ] } },
{ "type": "Feature", "properties": { "name": "019e1da9-5ab4-724c-aa03-a40c78ce0b28" }, "geometry": { "type": "LineString", "coordinates": [ [ 465872.830926702998113, 5539161.905159901827574 ], [ 465872.800561563053634, 5539139.129503224045038 ] ] } },
{ "type": "Feature", "properties": { "name": "019e1da9-5ab4-724c-aa03-a81d506ea3a3" }, "geometry": { "type": "LineString", "coordinates": [ [ 465898.063406551955268, 5540711.204671216197312 ], [ 465898.089358750614338, 5540756.807463904842734 ], [ 465898.069078907952644, 5540802.349400358274579 ], [ 465898.084149605419952, 5540847.928919205442071 ], [ 465898.062874863739125, 5540895.788042855449021 ] ] } },
{ "type": "Feature", "properties": { "name": "019e1da9-5ab4-724c-aa03-aefc1bb92ae6" }, "geometry": { "type": "LineString", "coordinates": [ [ 465891.67123886331683, 5541038.57737032417208 ], [ 465891.612674201955087, 5541077.417109190486372 ], [ 465891.607910741586238, 5541109.292751568369567 ] ] } },
{ "type": "Feature", "properties": { "name": "019e1da9-5ab4-724c-aa03-b02d689f53d2" }, "geometry": { "type": "LineString", "coordinates": [ [ 466194.254317208426073, 5538520.259244475513697 ], [ 466194.233258753549308, 5538545.332340980879962 ], [ 466194.248444575583562, 5538561.264418536797166 ], [ 466194.249281005002558, 5538570.375183780677617 ] ] } },
{ "type": "Feature", "properties": { "name": "019e1da9-5ab4-724c-aa03-b5f98c1dcd4b" }, "geometry": { "type": "LineString", "coordinates": [ [ 465866.346269491186831, 5540460.126796751283109 ], [ 465866.258246645564213, 5540414.71343882381916 ], [ 465866.288446162361652, 5540382.906604520045221 ], [ 465866.304389367462136, 5540337.503708557225764 ], [ 465866.281399057595991, 5540285.314106310717762 ], [ 465866.263348207867239, 5540235.360481212846935 ], [ 465866.334374892234337, 5540187.691219713538885 ] ] } },
{ "type": "Feature", "properties": { "name": "019e1da9-5ab4-724c-aa03-b8fc30d8612b" }, "geometry": { "type": "LineString", "coordinates": [ [ 465885.393056535220239, 5538817.054236895404756 ], [ 465885.389721263200045, 5538862.584808995947242 ], [ 465885.389744962216355, 5538910.44364898558706 ], [ 465885.358620957820676, 5538958.249320373870432 ], [ 465885.37564652308356, 5539006.074702804908156 ], [ 465885.384065509657376, 5539053.897919839248061 ], [ 465885.395812955102883, 5539101.679979543201625 ], [ 465885.374603607167955, 5539124.468193395063281 ] ] } },
{ "type": "Feature", "properties": { "name": "019e1da9-5ab4-724c-aa03-bee6a5da3769" }, "geometry": { "type": "LineString", "coordinates": [ [ 465936.666237506200559, 5539131.796168381348252 ], [ 465936.645699267042801, 5539179.755223991349339 ], [ 465936.682831226324197, 5539229.908777430653572 ], [ 465936.674843515269458, 5539280.178257630206645 ], [ 465936.664752347453032, 5539325.831208425574005 ], [ 465936.653589058434591, 5539376.049569673836231 ], [ 465936.650969386391807, 5539426.257873613387346 ], [ 465936.675707601709291, 5539476.484909668564796 ], [ 465936.66894598514773, 5539526.715485565364361 ] ] } },
{ "type": "Feature", "properties": { "name": "019e1da9-5ab4-724c-aa03-c3a08d515d80" }, "geometry": { "type": "LineString", "coordinates": [ [ 465911.020145769696683, 5540540.985643598251045 ], [ 465911.040227991645224, 5540502.257372849620879 ] ] } },
{ "type": "Feature", "properties": { "name": "019e1da9-5ab4-724c-aa03-c76f0e04d016" }, "geometry": { "type": "LineString", "coordinates": [ [ 465904.591286631766707, 5540545.470769853331149 ], [ 465904.656867248821072, 5540588.757236577570438 ], [ 465904.593288065283559, 5540629.985312832519412 ], [ 465904.611382686241996, 5540661.869681566022336 ], [ 465904.658012015745044, 5540698.349301377311349 ], [ 465904.666349196340889, 5540741.643926038406789 ], [ 465904.670764902839437, 5540780.38206294272095 ], [ 465904.685674024571199, 5540823.694441554136574 ], [ 465904.661897402314935, 5540862.503923716954887 ], [ 465904.661348880385049, 5540901.24765901453793 ], [ 465904.652119188802317, 5540942.340871155261993 ], [ 465904.645545489736833, 5540985.651173753663898 ], [ 465904.607226269843522, 5541022.060191994532943 ], [ 465904.640552125754766, 5541035.736203457228839 ] ] } },
{ "type": "Feature", "properties": { "name": "019e1da9-5ab4-724c-aa03-cbb63069f2ca" }, "geometry": { "type": "LineString", "coordinates": [ [ 466174.661678775039036, 5538553.723767574876547 ], [ 466174.681531409441959, 5538574.247894087806344 ] ] } },
{ "type": "Feature", "properties": { "name": "019e1da9-5ab4-724c-aa03-cda3e3b3ab38" }, "geometry": { "type": "LineString", "coordinates": [ [ 465917.275122958759312, 5539538.541392046958208 ], [ 465917.255389286321588, 5539563.605640216730535 ] ] } },
{ "type": "Feature", "properties": { "name": "019e1da9-5ab4-724c-aa03-d046fa4b1a35" }, "geometry": { "type": "LineString", "coordinates": [ [ 465891.711868396494538, 5540495.438887397758663 ], [ 465891.720577717409469, 5540484.090911340899765 ] ] } },
{ "type": "Feature", "properties": { "name": "019e1da9-5ab4-724c-aa03-d4ea795f8213" }, "geometry": { "type": "LineString", "coordinates": [ [ 465885.389995604171418, 5539617.478012756444514 ], [ 465885.392330710426904, 5539667.595134778879583 ], [ 465885.396582809509709, 5539717.674444422125816 ], [ 465885.401651465916075, 5539767.768207323737442 ], [ 465885.398605697322637, 5539817.824221702292562 ], [ 465885.432358117599506, 5539867.91892174910754 ], [ 465885.413876561447978, 5539918.023965273983777 ], [ 465885.375284752924927, 5539968.120245698839426 ], [ 465885.376073613471817, 5540018.210719902068377 ], [ 465885.373160679067951, 5540068.281207662075758 ], [ 465885.414960948401131, 5540118.395890122279525 ], [ 465885.40303677006159, 5540159.396783898584545 ] ] } },
{ "type": "Feature", "properties": { "name": "019e1da9-5ab4-724c-aa03-d90f3a3e1022" }, "geometry": { "type": "LineString", "coordinates": [ [ 465860.268687794159632, 5539275.148378202691674 ], [ 465860.248182965558954, 5539323.001822989434004 ], [ 465860.26915220473893, 5539334.392953556962311 ] ] } },
{ "type": "Feature", "properties": { "name": "019e1da9-5ab4-724c-aa03-dcc58a0b308f" }, "geometry": { "type": "LineString", "coordinates": [ [ 465860.031699505576398, 5540916.247761964797974 ], [ 465859.971955238084774, 5540939.020721306093037 ], [ 465860.006875139777549, 5540975.521560381166637 ], [ 465859.999871911189985, 5540991.507220496423542 ] ] } },
{ "type": "Feature", "properties": { "name": "019e1da9-5ab4-724c-aa03-e0bd09f42467" }, "geometry": { "type": "LineString", "coordinates": [ [ 465936.443197449785657, 5540163.210477773100138 ], [ 465936.44393486174522, 5540122.191869019530714 ] ] } },
{ "type": "Feature", "properties": { "name": "019e1da9-5ab4-724c-aa03-e6478627f6b4" }, "geometry": { "type": "LineString", "coordinates": [ [ 466187.642769655329175, 5538587.335266515612602 ], [ 466187.639053490653168, 5538575.951829847879708 ] ] } },
{ "type": "Feature", "properties": { "name": "019e1da9-5ab4-724c-aa03-ea8b61a47f6c" }, "geometry": { "type": "LineString", "coordinates": [ [ 465911.03181587747531, 5539563.938764806836843 ], [ 465911.059065454173833, 5539616.321744421496987 ] ] } },
{ "type": "Feature", "properties": { "name": "019e1da9-5ab4-724c-aa03-ec79873d3d27" }, "geometry": { "type": "LineString", "coordinates": [ [ 466246.31342262076214, 5538347.555999854579568 ], [ 466246.292637677572202, 5538358.939585416577756 ] ] } },
{ "type": "Feature", "properties": { "name": "019e1da9-5ab4-724c-aa03-f0cca138882e" }, "geometry": { "type": "LineString", "coordinates": [ [ 465943.088080173707567, 5540122.18298789486289 ], [ 465943.041769464325625, 5540167.7628442235291 ], [ 465943.047613005095627, 5540213.317910791374743 ], [ 465943.046345048700459, 5540261.134603309445083 ], [ 465943.039522452687379, 5540308.978020013310015 ], [ 465943.046256289584562, 5540356.811347152106464 ], [ 465943.106001979263965, 5540402.388322326354682 ], [ 465943.107425002672244, 5540447.918972266837955 ], [ 465943.056056611938402, 5540495.738224679604173 ], [ 465943.080567772267386, 5540541.292084154672921 ] ] } },
{ "type": "Feature", "properties": { "name": "019e1da9-5ab4-724c-aa03-f683c67be469" }, "geometry": { "type": "LineString", "coordinates": [ [ 465891.755857919109985, 5538490.537922858260572 ], [ 465891.729542203538585, 5538444.948636796325445 ], [ 465891.728213469788898, 5538397.089840724132955 ], [ 465891.725902046484407, 5538351.553779027424753 ], [ 465891.740429706696887, 5538321.956461750902236 ] ] } },
{ "type": "Feature", "properties": { "name": "019e1da9-5ab4-724c-aa03-fa2d13c3d75a" }, "geometry": { "type": "LineString", "coordinates": [ [ 465860.218181833741255, 5538817.411328494548798 ], [ 465860.248182656068821, 5538865.21660612989217 ], [ 465860.26620371529134, 5538903.938979232683778 ] ] } },
{ "type": "Feature", "properties": { "name": "019e1da9-5ab4-724c-aa03-fe817e96a94c" }, "geometry": { "type": "LineString", "coordinates": [ [ 466148.749171864124946, 5538510.21924136672169 ], [ 466148.764659678854514, 5538526.178002649918199 ], [ 466148.789644109900109, 5538553.514605336822569 ] ] } },
{ "type": "Feature", "properties": { "name": "019e1da9-5ab4-724c-aa04-00be1298071c" }, "geometry": { "type": "LineString", "coordinates": [ [ 465891.706206062342972, 5539559.431845451705158 ], [ 465891.698669723467901, 5539604.969168135896325 ], [ 465891.715069767495152, 5539616.326975652016699 ] ] } },
{ "type": "Feature", "properties": { "name": "019e1da9-5ab4-724c-aa04-06cae09f1042" }, "geometry": { "type": "LineString", "coordinates": [ [ 465891.752018041850533, 5538317.694538971409202 ], [ 465891.751106785493903, 5538304.032833704724908 ] ] } },
{ "type": "Feature", "properties": { "name": "019e1da9-5ab4-724c-aa04-09258e4a9416" }, "geometry": { "type": "LineString", "coordinates": [ [ 465898.060285241052043, 5541128.975451960228384 ], [ 465898.042756718059536, 5541090.217362833209336 ], [ 465898.062500119616743, 5541043.810360212810338 ] ] } },
{ "type": "Feature", "properties": { "name": "019e1da9-5ab4-724c-aa04-0d2bcb19636b" }, "geometry": { "type": "LineString", "coordinates": [ [ 465885.399652881198563, 5540494.170388858765364 ], [ 465885.407241341774352, 5540480.510806350968778 ] ] } },
{ "type": "Feature", "properties": { "name": "019e1da9-5ab4-724c-aa04-10b74cf1c571" }, "geometry": { "type": "LineString", "coordinates": [ [ 465860.211208319640718, 5538800.901002653874457 ], [ 465860.210255560465157, 5538771.270404574461281 ], [ 465860.231095682596788, 5538721.205461544916034 ], [ 465860.242615598312113, 5538712.099056923761964 ] ] } },
{ "type": "Feature", "properties": { "name": "019e1da9-5ab4-724c-aa04-1565c4c699b0" }, "geometry": { "type": "LineString", "coordinates": [ [ 465878.897051158943214, 5540160.841414708644152 ], [ 465878.962261464912444, 5540115.276998478919268 ], [ 465878.940533828979824, 5540065.173306697048247 ], [ 465878.92375146917766, 5540015.057356611825526 ], [ 465878.912134022335522, 5539964.963615304790437 ], [ 465878.954262649000157, 5539914.869535679928958 ], [ 465878.923982479958795, 5539864.768137901090086 ], [ 465878.916780167433899, 5539814.688834822736681 ], [ 465878.896419241616968, 5539764.567367807962 ], [ 465878.907153201987967, 5539714.489070284180343 ], [ 465878.87969213159522, 5539664.375439565628767 ], [ 465878.87373870133888, 5539625.628483288921416 ], [ 465878.887459151097573, 5539618.78029191121459 ] ] } },
{ "type": "Feature", "properties": { "name": "019e1da9-5ab4-724c-aa04-195499fb1e55" }, "geometry": { "type": "LineString", "coordinates": [ [ 465866.398367353365757, 5540490.343111792579293 ], [ 465866.39550653914921, 5540474.376429419033229 ] ] } },
{ "type": "Feature", "properties": { "name": "019e1da9-5ab4-724c-aa04-1cd3a8ba9f7c" }, "geometry": { "type": "LineString", "coordinates": [ [ 466220.264272951288149, 5538337.367338197305799 ], [ 466220.246443574200384, 5538376.055409983731806 ], [ 466220.224738323828205, 5538405.710572524927557 ], [ 466220.206021435093135, 5538419.346821409650147 ], [ 466220.247000390663743, 5538464.977124491706491 ], [ 466220.204359378200024, 5538496.881762350909412 ], [ 466220.205906551796943, 5538517.372644197195768 ] ] } },
{ "type": "Feature", "properties": { "name": "019e1da9-5ab4-724c-aa04-233e6b803353" }, "geometry": { "type": "LineString", "coordinates": [ [ 465923.636523248453159, 5541135.084831736050546 ], [ 465923.623363515187521, 5541100.925485854968429 ], [ 465923.592966449505184, 5541064.619195513427258 ] ] } },
{ "type": "Feature", "properties": { "name": "019e1da9-5ab4-724c-aa04-2404e2201fad" }, "geometry": { "type": "LineString", "coordinates": [ [ 465923.777155146002769, 5540168.670328492298722 ], [ 465923.73590930266073, 5540221.102715227752924 ], [ 465923.693020974227693, 5540273.500648250803351 ], [ 465923.700748923351057, 5540325.857123836874962 ], [ 465923.716755434696097, 5540378.274704851210117 ], [ 465923.791771908698138, 5540435.237308943644166 ] ] } },
{ "type": "Feature", "properties": { "name": "019e1da9-5ab4-724c-aa04-2b7575c944d6" }, "geometry": { "type": "LineString", "coordinates": [ [ 465891.693318089237437, 5539624.392732721753418 ], [ 465891.701953257201239, 5539667.628353619016707 ], [ 465891.696263521444052, 5539717.731075517833233 ], [ 465891.700719548913185, 5539767.850415070541203 ], [ 465891.664214429445565, 5539817.950005357153714 ], [ 465891.665104288142174, 5539868.069375504739583 ], [ 465891.690995106124319, 5539918.17524781357497 ], [ 465891.693724821670912, 5539968.243467370048165 ], [ 465891.708089286228642, 5540018.337190182879567 ], [ 465891.698030175408348, 5540068.419953553006053 ], [ 465891.687947537109721, 5540116.246703237295151 ] ] } },
{ "type": "Feature", "properties": { "name": "019e1da9-5ab4-724c-aa04-2d81a692dd38" }, "geometry": { "type": "LineString", "coordinates": [ [ 466252.765308570407797, 5538358.101615005172789 ], [ 466252.698465396882966, 5538367.18055774923414 ] ] } },
{ "type": "Feature", "properties": { "name": "019e1da9-5ab4-724c-aa04-32519cd6526e" }, "geometry": { "type": "LineString", "coordinates": [ [ 465878.918810160132125, 5538339.240002723410726 ], [ 465878.943701043783221, 5538373.442492214031518 ], [ 465878.949799779918976, 5538418.992987028323114 ], [ 465878.97420168062672, 5538466.854974762536585 ], [ 465878.965428222436458, 5538487.321473818272352 ] ] } },
{ "type": "Feature", "properties": { "name": "019e1da9-5ab4-724c-aa04-34182ffb341a" }, "geometry": { "type": "LineString", "coordinates": [ [ 465859.997207957901992, 5540601.257972326129675 ], [ 465859.976063200621866, 5540633.127025987952948 ], [ 465859.991040031251032, 5540665.042550320737064 ], [ 465859.96121363597922, 5540692.400734461843967 ] ] } },
{ "type": "Feature", "properties": { "name": "019e1da9-5ab4-724c-aa04-3a99e5f7ec61" }, "geometry": { "type": "LineString", "coordinates": [ [ 465911.033529069449287, 5539539.200413366779685 ], [ 465911.024796027981211, 5539561.934079865925014 ] ] } },
{ "type": "Feature", "properties": { "name": "019e1da9-5ab4-724c-aa04-3fcb593fc966" }, "geometry": { "type": "LineString", "coordinates": [ [ 466239.639528441242874, 5538517.08788213133812 ], [ 466239.6362339053303, 5538476.050527811981738 ], [ 466239.61578573519364, 5538435.019955465570092 ], [ 466239.576345581910573, 5538416.807563526555896 ], [ 466239.608538305852562, 5538407.693257639184594 ], [ 466239.616209157102276, 5538398.554644894786179 ], [ 466239.601138440426439, 5538391.495396228507161 ], [ 466239.605129409697838, 5538355.026730036363006 ] ] } },
{ "type": "Feature", "properties": { "name": "019e1da9-5ab4-724c-aa04-4026696525f4" }, "geometry": { "type": "LineString", "coordinates": [ [ 465930.104920224053785, 5538302.392422737553716 ], [ 465930.097130450769328, 5538343.346470316872001 ], [ 465930.112732324399985, 5538388.882443459704518 ], [ 465930.09733688813867, 5538404.842516236007214 ], [ 465930.100534625467844, 5538413.916576865129173 ], [ 465930.114737634547055, 5538423.030595484189689 ], [ 465930.107047889847308, 5538452.607857709750533 ], [ 465930.136461133952253, 5538489.037424110807478 ], [ 465930.160622136958409, 5538498.139149794355035 ] ] } },
{ "type": "Feature", "properties": { "name": "019e1da9-5ab4-724c-aa04-477b23ef0743" }, "geometry": { "type": "LineString", "coordinates": [ [ 466181.26053459814284, 5538580.764270535670221 ], [ 466181.254577103885822, 5538564.82435071375221 ] ] } },
{ "type": "Feature", "properties": { "name": "019e1da9-5ab4-724c-aa04-49c5da4084df" }, "geometry": { "type": "LineString", "coordinates": [ [ 466168.261484519869555, 5538520.240880373865366 ], [ 466168.266748297144659, 5538529.36496015638113 ] ] } },
{ "type": "Feature", "properties": { "name": "019e1da9-5ab4-724c-aa04-4d4ada619079" }, "geometry": { "type": "LineString", "coordinates": [ [ 465904.515044433588628, 5538313.722870309837162 ], [ 465904.490692270570435, 5538334.236161527223885 ], [ 465904.490777958591934, 5538379.777794395573437 ], [ 465904.544217862770893, 5538427.621802009642124 ], [ 465904.553086936357431, 5538473.190070896409452 ], [ 465904.546705799759366, 5538493.709924261085689 ] ] } },
{ "type": "Feature", "properties": { "name": "019e1da9-5ab4-724c-aa04-53e8814f8893" }, "geometry": { "type": "LineString", "coordinates": [ [ 465860.138687577913515, 5540278.753085555508733 ], [ 465860.112957591714803, 5540235.586466368287802 ], [ 465860.199136254494078, 5540185.581033618189394 ] ] } },
{ "type": "Feature", "properties": { "name": "019e1da9-5ab4-724c-aa04-5789c755907f" }, "geometry": { "type": "LineString", "coordinates": [ [ 465949.290911438991316, 5539571.816732564009726 ], [ 465949.300345887604635, 5539542.176030923612416 ] ] } },
{ "type": "Feature", "properties": { "name": "019e1da9-5ab4-724c-aa04-5bf10d3634f6" }, "geometry": { "type": "LineString", "coordinates": [ [ 465878.984372909413651, 5540495.056279714219272 ], [ 465878.977239166561048, 5540540.618129494599998 ] ] } },
{ "type": "Feature", "properties": { "name": "019e1da9-5ab4-724c-aa04-5de765f7e421" }, "geometry": { "type": "LineString", "coordinates": [ [ 465942.966155077796429, 5538561.162734029814601 ], [ 465942.929846378217917, 5538515.625769378617406 ], [ 465942.939934482448734, 5538501.984005285426974 ] ] } },
{ "type": "Feature", "properties": { "name": "019e1da9-5ab4-724c-aa04-63ec9999e0e7" }, "geometry": { "type": "LineString", "coordinates": [ [ 465872.807786914869212, 5539117.980295502580702 ], [ 465872.823373249790166, 5539076.985003872774541 ], [ 465872.815668574126903, 5539029.179569519124925 ], [ 465872.801045489730313, 5538981.411986880935729 ], [ 465872.780101713666227, 5538933.551049772650003 ], [ 465872.794535500404891, 5538885.729918846860528 ], [ 465872.798297909321263, 5538837.919978302903473 ], [ 465872.790590584627353, 5538817.461355824023485 ] ] } },
{ "type": "Feature", "properties": { "name": "019e1da9-5ab4-724c-aa04-64b2d67519fc" }, "geometry": { "type": "LineString", "coordinates": [ [ 465917.35376076301327, 5538496.840713290497661 ], [ 465917.319471372815315, 5538451.315968944691122 ], [ 465917.348528525559232, 5538403.465876733884215 ], [ 465917.351295284752268, 5538357.905323197133839 ], [ 465917.362821305985563, 5538335.141661418601871 ], [ 465917.339407527761068, 5538307.783920713700354 ] ] } },
{ "type": "Feature", "properties": { "name": "019e1da9-5ab4-724c-aa04-6bf8f08f126b" }, "geometry": { "type": "LineString", "coordinates": [ [ 465866.394742981879972, 5540540.487027720548213 ], [ 465866.378345399105456, 5540524.532661100849509 ] ] } },
{ "type": "Feature", "properties": { "name": "019e1da9-5ab4-724c-aa04-6d9684cf9682" }, "geometry": { "type": "LineString", "coordinates": [ [ 465885.405587633315008, 5539371.832394390366971 ], [ 465885.376022856391501, 5539410.640714512206614 ], [ 465885.359436062222812, 5539458.578645322471857 ], [ 465885.332853390660603, 5539506.521090921014547 ], [ 465885.357751073257532, 5539522.476489275693893 ] ] } },
{ "type": "Feature", "properties": { "name": "019e1da9-5ab4-724c-aa04-71a013eda40d" }, "geometry": { "type": "LineString", "coordinates": [ [ 465904.509757743799128, 5540495.737685739994049 ], [ 465904.527179392694961, 5540498.024726766161621 ] ] } },
{ "type": "Feature", "properties": { "name": "019e1da9-5ab4-724c-aa04-76214355edcc" }, "geometry": { "type": "LineString", "coordinates": [ [ 466213.610321889340412, 5538602.384316955693066 ], [ 466213.620350845798384, 5538570.544368097558618 ], [ 466213.615712922648527, 5538538.651142889633775 ], [ 466213.662955406995025, 5538520.447095960378647 ] ] } },
{ "type": "Feature", "properties": { "name": "019e1da9-5ab4-724c-aa04-78d39ca93a5e" }, "geometry": { "type": "LineString", "coordinates": [ [ 465904.505880041862838, 5539121.950340247713029 ], [ 465904.470116268610582, 5539076.450020976364613 ], [ 465904.434752512315754, 5539028.645877504721284 ], [ 465904.461473891278729, 5538980.799091055057943 ], [ 465904.48478259233525, 5538932.977903259918094 ], [ 465904.481092815985903, 5538885.192471103742719 ], [ 465904.449142583820503, 5538837.357187510468066 ], [ 465904.509041529498063, 5538814.550948648713529 ] ] } },
{ "type": "Feature", "properties": { "name": "019e1da9-5ab4-724c-aa04-7d889424062d" }, "geometry": { "type": "LineString", "coordinates": [ [ 465942.935528494708706, 5538716.863357916474342 ], [ 465942.899197779945098, 5538671.326382275670767 ], [ 465942.929609279148281, 5538625.802328441292048 ], [ 465942.938492011162452, 5538580.27285523340106 ], [ 465942.952306183928158, 5538564.28499145526439 ] ] } },
{ "type": "Feature", "properties": { "name": "019e1da9-5ab4-724c-aa04-82f7de6dfc5d" }, "geometry": { "type": "LineString", "coordinates": [ [ 466161.65735541342292, 5538516.911335197277367 ], [ 466161.695920947066043, 5538466.817422819323838 ], [ 466161.674992609070614, 5538423.534173103049397 ], [ 466161.674823379085865, 5538382.516812636516988 ], [ 466161.671332474972587, 5538352.895163000561297 ], [ 466161.659984759171493, 5538330.090517803095281 ] ] } },
{ "type": "Feature", "properties": { "name": "019e1da9-5ab4-724c-aa04-876b3656814e" }, "geometry": { "type": "LineString", "coordinates": [ [ 466239.595407898421399, 5538352.344930240884423 ], [ 466239.618925263523124, 5538343.218449204228818 ] ] } },
{ "type": "Feature", "properties": { "name": "019e1da9-5ab4-724c-aa04-881dafc88143" }, "geometry": { "type": "LineString", "coordinates": [ [ 465904.552742369123735, 5538722.158657336607575 ], [ 465904.538412169087678, 5538769.931961145251989 ], [ 465904.541284916573204, 5538806.325024071149528 ] ] } },
{ "type": "Feature", "properties": { "name": "019e1da9-5ab4-724c-aa04-8f1f43f85002" }, "geometry": { "type": "LineString", "coordinates": [ [ 465943.005215937329922, 5538806.338448473252356 ], [ 465942.961840899835806, 5538760.822636998258531 ], [ 465942.9767199967755, 5538722.105629150755703 ] ] } },
{ "type": "Feature", "properties": { "name": "019e1da9-5ab4-724c-aa04-93461fe27037" }, "geometry": { "type": "LineString", "coordinates": [ [ 465949.300590808852576, 5538565.123050218448043 ], [ 465949.293596779345535, 5538606.107128903269768 ], [ 465949.290919343475252, 5538649.349418885074556 ], [ 465949.290402262529824, 5538694.848822435364127 ], [ 465949.294417075696401, 5538715.337482254952192 ] ] } },
{ "type": "Feature", "properties": { "name": "019e1da9-5ab4-724c-aa04-975fc4c6005f" }, "geometry": { "type": "LineString", "coordinates": [ [ 465866.310756624385249, 5538817.529301999136806 ], [ 465866.304026549274568, 5538865.314799081534147 ], [ 465866.325493786018342, 5538913.137924255803227 ], [ 465866.333111169573385, 5538960.923337145708501 ], [ 465866.335698125592899, 5539008.705450003966689 ], [ 465866.3463529405999, 5539054.264857483096421 ], [ 465866.318210665194783, 5539099.807837036438286 ], [ 465866.304973883437924, 5539117.983902642503381 ] ] } },
{ "type": "Feature", "properties": { "name": "019e1da9-5ab4-724c-aa04-9aa986fad091" }, "geometry": { "type": "LineString", "coordinates": [ [ 465885.375446554506198, 5539126.739768707193434 ], [ 465885.364450602559373, 5539174.549775772728026 ], [ 465885.380643909622449, 5539220.10026307310909 ], [ 465885.368392081116326, 5539267.93585850391537 ], [ 465885.38197337614838, 5539315.775740627199411 ], [ 465885.400379712344147, 5539363.584462842904031 ] ] } },
{ "type": "Feature", "properties": { "name": "019e1da9-5ab4-724c-aa04-9e16623acf39" }, "geometry": { "type": "LineString", "coordinates": [ [ 465860.229019059159327, 5539569.711532366462052 ], [ 465860.247306138277054, 5539626.683327125385404 ] ] } },
{ "type": "Feature", "properties": { "name": "019e1da9-5ab4-724c-aa04-a289aafee44b" }, "geometry": { "type": "LineString", "coordinates": [ [ 466200.663477130292449, 5538586.676083108410239 ], [ 466200.627676549600437, 5538591.228358562104404 ] ] } },
{ "type": "Feature", "properties": { "name": "019e1da9-5ab4-724c-aa04-a780227bacc9" }, "geometry": { "type": "LineString", "coordinates": [ [ 466239.610892744967714, 5538640.11014102678746 ], [ 466239.563384392880835, 5538592.282787144184113 ], [ 466239.62964056112105, 5538551.251661237329245 ], [ 466239.664786848647054, 5538530.77166682574898 ], [ 466239.632228241593111, 5538519.342826762236655 ] ] } },
{ "type": "Feature", "properties": { "name": "019e1da9-5ab4-724c-aa04-aadd9d85ce3a" }, "geometry": { "type": "LineString", "coordinates": [ [ 466226.6284021231113, 5538344.781301833689213 ], [ 466226.627106998872478, 5538374.38296355586499 ], [ 466226.614556161512155, 5538392.641269401647151 ] ] } },
{ "type": "Feature", "properties": { "name": "019e1da9-5ab4-724c-aa04-af16abae70c2" }, "geometry": { "type": "LineString", "coordinates": [ [ 465911.125999726296868, 5540121.735797033645213 ], [ 465911.089932124014013, 5540165.054014072753489 ] ] } },
{ "type": "Feature", "properties": { "name": "019e1da9-5ab4-724c-aa04-b061fb1c8d62" }, "geometry": { "type": "LineString", "coordinates": [ [ 466265.683124770061113, 5538510.47945093177259 ], [ 466265.694336443499196, 5538462.603928548283875 ], [ 466265.687790020252578, 5538428.420245555229485 ], [ 466265.67277634574566, 5538398.813126850873232 ] ] } },
{ "type": "Feature", "properties": { "name": "019e1da9-5ab4-724c-aa04-b4dbc0c44beb" }, "geometry": { "type": "LineString", "coordinates": [ [ 465936.619747631775681, 5538814.603631757199764 ], [ 465936.635489439009689, 5538864.670565417036414 ], [ 465936.630611825035885, 5538914.762095510959625 ], [ 465936.647943969815969, 5538964.851264625787735 ], [ 465936.630013556743506, 5539014.916200332343578 ], [ 465936.636795910657384, 5539065.034353376366198 ], [ 465936.675592215557117, 5539117.369404955767095 ] ] } },
{ "type": "Feature", "properties": { "name": "019e1da9-5ab4-724c-aa04-bbb6c430877a" }, "geometry": { "type": "LineString", "coordinates": [ [ 465898.294719106925186, 5540485.423351436853409 ], [ 465898.277646450558677, 5540496.81029664631933 ] ] } },
{ "type": "Feature", "properties": { "name": "019e1da9-5ab4-724c-aa04-bc5f99e35e5e" }, "geometry": { "type": "LineString", "coordinates": [ [ 465898.10234226094326, 5540595.888351465575397 ], [ 465898.049564817338251, 5540545.730338906869292 ] ] } },
{ "type": "Feature", "properties": { "name": "019e1da9-5ab4-724c-aa04-c137fdac4c82" }, "geometry": { "type": "LineString", "coordinates": [ [ 465885.241446859086864, 5540546.506817413493991 ], [ 465885.273157537449151, 5540596.600475893355906 ] ] } },
{ "type": "Feature", "properties": { "name": "019e1da9-5ab4-724c-aa04-c41e51cb7308" }, "geometry": { "type": "LineString", "coordinates": [ [ 465904.52373354282463, 5539616.299945224076509 ], [ 465904.477911424008198, 5539570.806325959973037 ], [ 465904.458895359595772, 5539563.988364791497588 ] ] } },
{ "type": "Feature", "properties": { "name": "019e1da9-5ab4-724c-aa04-caa3848eb140" }, "geometry": { "type": "LineString", "coordinates": [ [ 465923.901988676982, 5539565.451352182775736 ], [ 465923.905974832247011, 5539540.384980666451156 ] ] } },
{ "type": "Feature", "properties": { "name": "019e1da9-5ab4-724c-aa04-ce7fd6861fb2" }, "geometry": { "type": "LineString", "coordinates": [ [ 465936.428635807300452, 5541075.240584419108927 ], [ 465936.43286193755921, 5541077.48212397005409 ] ] } },
{ "type": "Feature", "properties": { "name": "019e1da9-5ab4-724c-aa04-d2debec62527" }, "geometry": { "type": "LineString", "coordinates": [ [ 465866.41852463898249, 5540505.201132752932608 ], [ 465866.404595163650811, 5540493.794370121322572 ] ] } },
{ "type": "Feature", "properties": { "name": "019e1da9-5ab4-724c-aa04-d5e726d61903" }, "geometry": { "type": "LineString", "coordinates": [ [ 465860.038277675339486, 5541035.072977992706001 ], [ 465859.978736544668209, 5541021.460510309785604 ] ] } },
{ "type": "Feature", "properties": { "name": "019e1da9-5ab4-724c-aa04-d9e50cd8437c" }, "geometry": { "type": "LineString", "coordinates": [ [ 465949.265985817706678, 5539124.647851974703372 ], [ 465949.269669647561386, 5539074.580775692127645 ], [ 465949.272315486916341, 5539033.598918222822249 ], [ 465949.256004866911098, 5538983.540871205739677 ], [ 465949.262989781389479, 5538944.819452926516533 ], [ 465949.267447571794037, 5538894.756833410821855 ], [ 465949.282255330355838, 5538885.693770724348724 ], [ 465949.268255228467751, 5538856.07659949362278 ] ] } },
{ "type": "Feature", "properties": { "name": "019e1da9-5ab4-724c-aa04-dca7159e5077" }, "geometry": { "type": "LineString", "coordinates": [ [ 465872.751468412752729, 5538371.935279004275799 ], [ 465872.747584722645115, 5538419.737402128987014 ], [ 465872.723613002279308, 5538465.283644719049335 ], [ 465872.746660014963709, 5538485.791081110946834 ] ] } },
{ "type": "Feature", "properties": { "name": "019e1da9-5ab4-724c-aa04-e19fa15b9a6b" }, "geometry": { "type": "LineString", "coordinates": [ [ 465923.906118038634304, 5538722.106748532503843 ], [ 465923.866474236769136, 5538767.616415311582386 ], [ 465923.88190218876116, 5538806.343241752125323 ] ] } },
{ "type": "Feature", "properties": { "name": "019e1da9-5ab4-724c-aa04-e6aa8d71e5a4" }, "geometry": { "type": "LineString", "coordinates": [ [ 465911.036747902224306, 5538806.345975601114333 ], [ 465910.999360477377195, 5538760.80010250210762 ], [ 465911.064486665651202, 5538722.131695421412587 ] ] } },
{ "type": "Feature", "properties": { "name": "019e1da9-5ab4-724c-aa04-e960b0e93a78" }, "geometry": { "type": "LineString", "coordinates": [ [ 465917.302196452452336, 5540541.013497533276677 ], [ 465917.272792134259362, 5540488.643798848614097 ] ] } },
{ "type": "Feature", "properties": { "name": "019e1da9-5ab4-724c-aa04-efe063958ffb" }, "geometry": { "type": "LineString", "coordinates": [ [ 466207.225975577894133, 5538322.370157700963318 ], [ 466207.2917445814237, 5538315.52054575830698 ] ] } },
{ "type": "Feature", "properties": { "name": "019e1da9-5ab4-724c-aa04-f3d5fc1f3402" }, "geometry": { "type": "LineString", "coordinates": [ [ 465866.461421295884065, 5540692.40045121870935 ], [ 465866.481311630224809, 5540671.91046020295471 ] ] } },
{ "type": "Feature", "properties": { "name": "019e1da9-5ab4-724c-aa04-f64912931b9c" }, "geometry": { "type": "LineString", "coordinates": [ [ 465949.298869825142901, 5540114.979628402739763 ], [ 465949.251822597812861, 5540064.847195328213274 ], [ 465949.219659411523025, 5540014.687986333854496 ], [ 465949.237288625678048, 5539964.582947273738682 ], [ 465949.267703300749417, 5539914.458928847685456 ], [ 465949.267415360664017, 5539864.350675888359547 ], [ 465949.257820700993761, 5539814.242486016824841 ], [ 465949.261180929432157, 5539764.142000964842737 ], [ 465949.245947621006053, 5539714.046085552312434 ], [ 465949.275913756689988, 5539663.95767006278038 ], [ 465949.295477026666049, 5539620.688518587499857 ] ] } },
{ "type": "Feature", "properties": { "name": "019e1da9-5ab4-724c-aa04-fb92e5816be9" }, "geometry": { "type": "LineString", "coordinates": [ [ 465866.336722255276982, 5539660.085611301474273 ], [ 465866.380801536492072, 5539710.202472684904933 ], [ 465866.371162513387389, 5539760.321903969161212 ], [ 465866.363058071001433, 5539810.343483452685177 ], [ 465866.347036515944637, 5539860.470746488310397 ], [ 465866.320132746826857, 5539903.71439518686384 ], [ 465866.32267108320957, 5539953.828204710967839 ], [ 465866.318956812203396, 5539972.028695565648377 ], [ 465866.338963419955689, 5540024.432885223999619 ], [ 465866.358447588980198, 5540074.504344607703388 ], [ 465866.344860911427531, 5540120.058423358947039 ], [ 465866.37295717431698, 5540165.631141888909042 ] ] } },
{ "type": "Feature", "properties": { "name": "019e1da9-5ab4-724c-aa04-fe9a8286b6e0" }, "geometry": { "type": "LineString", "coordinates": [ [ 465860.187779375934042, 5539888.837510609999299 ], [ 465860.194933032733388, 5539897.944925003685057 ] ] } },
{ "type": "Feature", "properties": { "name": "019e1da9-5ab4-724c-aa05-02b6eed3265b" }, "geometry": { "type": "LineString", "coordinates": [ [ 465891.888680033036508, 5540596.239238896407187 ], [ 465891.893611409584992, 5540546.15201910212636 ] ] } },
{ "type": "Feature", "properties": { "name": "019e1da9-5ab4-724c-aa05-07a26908de12" }, "geometry": { "type": "LineString", "coordinates": [ [ 466220.199450331914704, 5538519.646485633216798 ], [ 466220.242540366249159, 5538542.407571609131992 ], [ 466220.211323108407669, 5538558.381080428138375 ], [ 466220.187343599274755, 5538594.83765494544059 ], [ 466220.156756828189828, 5538613.071619600057602 ] ] } },
{ "type": "Feature", "properties": { "name": "019e1da9-5ab4-724c-aa05-096a4e3e0afb" }, "geometry": { "type": "LineString", "coordinates": [ [ 466181.18070567632094, 5538518.579373390413821 ], [ 466181.215940746013075, 5538502.579153560101986 ], [ 466181.256745604856405, 5538459.28661850374192 ], [ 466181.248502591333818, 5538420.60203864518553 ], [ 466181.247245830134489, 5538409.155211974866688 ], [ 466181.224362688837573, 5538386.327288844622672 ], [ 466181.215607093181461, 5538379.485928854905069 ], [ 466181.199552979087457, 5538333.994456745684147 ], [ 466181.22280053969007, 5538306.662008360028267 ] ] } },
{ "type": "Feature", "properties": { "name": "019e1da9-5ab4-724c-aa05-0ca4d64ccccf" }, "geometry": { "type": "LineString", "coordinates": [ [ 465949.353033662424423, 5538501.279470508918166 ], [ 465949.280609557288699, 5538526.32288495823741 ], [ 465949.347341900400352, 5538560.522890422493219 ] ] } },
{ "type": "Feature", "properties": { "name": "019e1da9-5ab4-724c-aa05-116378fdf9e1" }, "geometry": { "type": "LineString", "coordinates": [ [ 465949.301681103825103, 5541135.132865245454013 ], [ 465949.293002459802665, 5541103.342926172539592 ], [ 465949.273894604993984, 5541082.870963773690164 ] ] } },
{ "type": "Feature", "properties": { "name": "019e1da9-5ab4-724c-aa05-16649699aad0" }, "geometry": { "type": "LineString", "coordinates": [ [ 465860.005376461544074, 5540810.391753312200308 ], [ 465860.021373927243985, 5540824.030067449435592 ], [ 465859.975912134803366, 5540862.758523721247911 ], [ 465860.04800025105942, 5540906.103903920389712 ] ] } },
{ "type": "Feature", "properties": { "name": "019e1da9-5ab4-724c-aa05-19bbcde5f235" }, "geometry": { "type": "LineString", "coordinates": [ [ 465923.927711955097038, 5539525.66014354582876 ], [ 465923.943249508971348, 5539477.730001395568252 ], [ 465923.934057432925329, 5539427.487298768013716 ], [ 465923.930627171590459, 5539377.247899123467505 ], [ 465923.92939008527901, 5539327.014048925600946 ], [ 465923.956468834658153, 5539276.836728782393038 ], [ 465923.903356001130305, 5539226.556517182849348 ], [ 465923.897360029222909, 5539176.359401332214475 ], [ 465923.933226428576745, 5539130.716303145512938 ] ] } },
{ "type": "Feature", "properties": { "name": "019e1da9-5ab4-724c-aa05-1c47e2edf545" }, "geometry": { "type": "LineString", "coordinates": [ [ 465936.688616430270486, 5541061.036784403957427 ], [ 465936.591208266559988, 5541026.908000119030476 ], [ 465936.614849080448039, 5540990.522427171468735 ], [ 465936.607230703695677, 5540947.305615904740989 ], [ 465936.606697143462952, 5540904.07541986182332 ], [ 465936.574865038157441, 5540863.132578860968351 ], [ 465936.603930819313973, 5540822.189353228546679 ], [ 465936.567662169341929, 5540781.223196062259376 ], [ 465936.589557231985964, 5540742.530481650494039 ], [ 465936.621585115615744, 5540700.473133720457554 ], [ 465936.628351767954882, 5540659.512270161882043 ], [ 465936.588750604365487, 5540629.961891749873757 ], [ 465936.667832871433347, 5540589.105090299621224 ], [ 465936.620228205167223, 5540545.900791300460696 ] ] } },
{ "type": "Feature", "properties": { "name": "019e1da9-5ab4-724c-aa05-21f2460a30b6" }, "geometry": { "type": "LineString", "coordinates": [ [ 465860.269604471861385, 5540539.111737920902669 ], [ 465860.264616999018472, 5540504.939025071449578 ] ] } },
{ "type": "Feature", "properties": { "name": "019e1da9-5ab4-724c-aa05-249d4d59e43c" }, "geometry": { "type": "LineString", "coordinates": [ [ 465904.459290942410007, 5539560.221294080838561 ], [ 465904.482817644719034, 5539537.451952870935202 ] ] } },
{ "type": "Feature", "properties": { "name": "019e1da9-5ab4-724c-aa05-2bc542a617bd" }, "geometry": { "type": "LineString", "coordinates": [ [ 465930.131958722777199, 5540116.295640964992344 ], [ 465930.132232344592921, 5540066.196261706762016 ], [ 465930.09180105663836, 5540016.117159175686538 ], [ 465930.074298097286373, 5539966.036802899092436 ], [ 465930.059527530916966, 5539915.934195462614298 ], [ 465930.046737580560148, 5539865.803782224655151 ], [ 465930.039821983373258, 5539815.69446141179651 ], [ 465930.055800861970056, 5539765.578327661380172 ], [ 465930.08756605599774, 5539715.464321258477867 ], [ 465930.089259278669488, 5539665.352733780629933 ], [ 465930.077959804213606, 5539624.354247057810426 ] ] } },
{ "type": "Feature", "properties": { "name": "019e1da9-5ab4-724c-aa05-2c5938cbe590" }, "geometry": { "type": "LineString", "coordinates": [ [ 466213.604883956490085, 5538328.484222057275474 ], [ 466213.600718418019824, 5538321.568338008597493 ] ] } },
{ "type": "Feature", "properties": { "name": "019e1da9-5ab4-724c-aa05-33f884d05492" }, "geometry": { "type": "LineString", "coordinates": [ [ 465885.369194267084822, 5540540.690833356231451 ], [ 465885.40013260935666, 5540497.39597059879452 ] ] } },
{ "type": "Feature", "properties": { "name": "019e1da9-5ab4-724c-aa05-35334465a0bb" }, "geometry": { "type": "LineString", "coordinates": [ [ 465923.927199821162503, 5540471.959852985106409 ], [ 465923.895542194426525, 5540492.438790947198868 ] ] } },
{ "type": "Feature", "properties": { "name": "019e1da9-5ab4-724c-aa05-3adbdbb93ea6" }, "geometry": { "type": "LineString", "coordinates": [ [ 465891.867256127821747, 5541024.359520457684994 ], [ 465891.849416772951372, 5540983.307614168152213 ], [ 465891.865598975738976, 5540942.309976393356919 ], [ 465891.885392000607681, 5540903.566115054301918 ], [ 465891.866498432413209, 5540864.821390528231859 ], [ 465891.831912626163103, 5540826.086775267496705 ], [ 465891.81399120419519, 5540782.767743261530995 ], [ 465891.817227209103294, 5540741.757970076054335 ], [ 465891.80467239866266, 5540700.742740641348064 ], [ 465891.838171863520984, 5540664.259273999370635 ], [ 465891.847097192017827, 5540630.104258195497096 ], [ 465891.892655427276623, 5540599.901770592667162 ] ] } },
{ "type": "Feature", "properties": { "name": "019e1da9-5ab4-724c-aa05-3d45625d59ae" }, "geometry": { "type": "LineString", "coordinates": [ [ 465949.31176907918416, 5541069.897212873212993 ], [ 465949.29448883573059, 5541028.977619325742126 ], [ 465949.270504908636212, 5540988.016931170597672 ], [ 465949.2596610118635, 5540947.093966300599277 ], [ 465949.26746933942195, 5540906.174221156165004 ], [ 465949.243585667514708, 5540865.226882907561958 ], [ 465949.263918098004069, 5540824.247021479532123 ], [ 465949.285950536024757, 5540783.30829172488302 ], [ 465949.277829290833324, 5540742.358637408353388 ], [ 465949.300652977195568, 5540701.429914882406592 ], [ 465949.310608236177359, 5540660.504612452350557 ], [ 465949.325866211438552, 5540630.894955922849476 ], [ 465949.289332050189842, 5540604.633522498421371 ] ] } },
{ "type": "Feature", "properties": { "name": "019e1da9-5ab4-724c-aa05-434f2e921eb3" }, "geometry": { "type": "LineString", "coordinates": [ [ 465898.244152245577425, 5538722.011992650106549 ], [ 465898.202076956978999, 5538769.808823156170547 ], [ 465898.196291577711236, 5538806.298675550147891 ] ] } },
{ "type": "Feature", "properties": { "name": "019e1da9-5ab4-724c-aa05-444d59f82fb9" }, "geometry": { "type": "LineString", "coordinates": [ [ 465917.332793626817875, 5538716.844854051247239 ], [ 465917.320030043541919, 5538671.32885218411684 ], [ 465917.270510067930445, 5538625.77973076235503 ], [ 465917.304996850376483, 5538580.253428014926612 ], [ 465917.335895368247293, 5538568.88088424038142 ] ] } },
{ "type": "Feature", "properties": { "name": "019e1da9-5ab4-724c-aa05-4af0d45e066e" }, "geometry": { "type": "LineString", "coordinates": [ [ 465885.368014775041956, 5540425.858467800542712 ], [ 465885.354010067880154, 5540377.978477030061185 ], [ 465885.384205307811499, 5540332.425387734547257 ], [ 465885.402220861637034, 5540286.871267372742295 ], [ 465885.41519289748976, 5540236.810705347917974 ], [ 465885.403410097467713, 5540184.436468733474612 ], [ 465885.411686649778858, 5540170.770217176526785 ] ] } },
{ "type": "Feature", "properties": { "name": "019e1da9-5ab4-724c-aa05-4e934649839c" }, "geometry": { "type": "LineString", "coordinates": [ [ 466187.645268558408134, 5538569.097030869685113 ], [ 466187.646573323232587, 5538564.531630365177989 ] ] } },
{ "type": "Feature", "properties": { "name": "019e1da9-5ab4-724c-aa05-52a06afe5fe0" }, "geometry": { "type": "LineString", "coordinates": [ [ 465885.36807839164976, 5538488.91519273724407 ], [ 465885.352402572345454, 5538443.316943453624845 ], [ 465885.319800964498427, 5538397.76105672121048 ], [ 465885.313738215423655, 5538352.207228126004338 ], [ 465885.34641069691861, 5538327.156286244280636 ] ] } },
{ "type": "Feature", "properties": { "name": "019e1da9-5ab4-724c-aa05-579779210ce1" }, "geometry": { "type": "LineString", "coordinates": [ [ 465949.311349281691946, 5539616.081875965930521 ], [ 465949.295123791787773, 5539575.073418294079602 ] ] } },
{ "type": "Feature", "properties": { "name": "019e1da9-5ab4-724c-aa05-599f3383d0f3" }, "geometry": { "type": "LineString", "coordinates": [ [ 465891.719568111118861, 5540540.759362038224936 ], [ 465891.724844098906033, 5540497.476894014514983 ] ] } },
{ "type": "Feature", "properties": { "name": "019e1da9-5ab4-724c-aa05-5ecb04d29513" }, "geometry": { "type": "LineString", "coordinates": [ [ 465911.084943915135227, 5538814.600297439843416 ], [ 465911.061352518969215, 5538862.389232822693884 ], [ 465911.075963150244206, 5538910.211285365745425 ], [ 465911.056182299507782, 5538958.033560233190656 ], [ 465911.037849500542507, 5539005.856941373087466 ], [ 465911.022440393979196, 5539053.688090706244111 ], [ 465911.05696882493794, 5539101.482233815826476 ], [ 465911.072082305559888, 5539121.998634798452258 ] ] } },
{ "type": "Feature", "properties": { "name": "019e1da9-5ab4-724c-aa05-616e172e05be" }, "geometry": { "type": "LineString", "coordinates": [ [ 465859.983292379940394, 5540709.354656248353422 ], [ 465859.982168816321064, 5540741.215804515406489 ], [ 465859.950477421167307, 5540773.11384149082005 ], [ 465859.994924935104791, 5540802.794290523044765 ] ] } },
{ "type": "Feature", "properties": { "name": "019e1da9-5ab4-724c-aa05-66e99e2a1db7" }, "geometry": { "type": "LineString", "coordinates": [ [ 466155.329898086551111, 5538557.517227096483111 ], [ 466155.331005881249439, 5538521.026325729675591 ] ] } },
{ "type": "Feature", "properties": { "name": "019e1da9-5ab4-724c-aa05-683c12152730" }, "geometry": { "type": "LineString", "coordinates": [ [ 465872.731580335530452, 5540190.659232532605529 ], [ 465872.77456406399142, 5540238.35111694317311 ], [ 465872.736339456925634, 5540286.003494286909699 ], [ 465872.749450265255291, 5540335.977168159559369 ], [ 465872.732349902449641, 5540388.18037193454802 ], [ 465872.749577291309834, 5540438.122894764877856 ] ] } },
{ "type": "Feature", "properties": { "name": "019e1da9-5ab4-724c-aa05-6e42c9041b0c" }, "geometry": { "type": "LineString", "coordinates": [ [ 465917.268347404606175, 5540485.692878701724112 ], [ 465917.288678034732584, 5540478.865762475878 ] ] } },
{ "type": "Feature", "properties": { "name": "019e1da9-5ab4-724c-aa05-73b86c1774a5" }, "geometry": { "type": "LineString", "coordinates": [ [ 465878.97038048930699, 5538490.689338077791035 ], [ 465878.91857581329532, 5538533.896358801983297 ], [ 465878.974132567702327, 5538558.951195129193366 ] ] } },
{ "type": "Feature", "properties": { "name": "019e1da9-5ab4-724c-aa05-776f1a3565d8" }, "geometry": { "type": "LineString", "coordinates": [ [ 466207.245704883243889, 5538592.006091401912272 ], [ 466207.243526808335446, 5538571.537448266521096 ], [ 466207.215095148072578, 5538537.35389347653836 ], [ 466207.191918596974574, 5538519.124716907739639 ] ] } },
{ "type": "Feature", "properties": { "name": "019e1da9-5ab4-724c-aa05-7a3bf7798323" }, "geometry": { "type": "LineString", "coordinates": [ [ 465904.568142161355354, 5538497.643632347695529 ], [ 465904.501102884474676, 5538540.854083620943129 ], [ 465904.544732163427398, 5538561.348047748208046 ] ] } },
{ "type": "Feature", "properties": { "name": "019e1da9-5ab4-724c-aa05-7d1111bd7b4c" }, "geometry": { "type": "LineString", "coordinates": [ [ 465872.771085500484332, 5539626.709182278253138 ], [ 465872.807205373654142, 5539583.435473406687379 ], [ 465872.808538624260109, 5539572.055315452627838 ] ] } },
{ "type": "Feature", "properties": { "name": "019e1da9-5ab4-724c-aa05-80f8d05e8b0a" }, "geometry": { "type": "LineString", "coordinates": [ [ 466252.690680985455401, 5538519.073804817162454 ], [ 466252.692193635215517, 5538535.024868111126125 ], [ 466252.671268220525235, 5538544.110195622779429 ], [ 466252.637859588605352, 5538587.414913889952004 ], [ 466252.679727883078158, 5538628.445360182784498 ], [ 466252.674741667753551, 5538660.3253054311499 ] ] } },
{ "type": "Feature", "properties": { "name": "019e1da9-5ab4-724c-aa05-85910be19e8e" }, "geometry": { "type": "LineString", "coordinates": [ [ 466213.565858196583577, 5538613.068682676181197 ], [ 466213.584056050924119, 5538606.29052809625864 ] ] } },
{ "type": "Feature", "properties": { "name": "019e1da9-5ab4-724c-aa05-8910d484381b" }, "geometry": { "type": "LineString", "coordinates": [ [ 466168.272201042913366, 5538542.834278275258839 ], [ 466168.234529527253471, 5538567.867454131133854 ] ] } },
{ "type": "Feature", "properties": { "name": "019e1da9-5ab4-724c-aa05-8d3f5c348b8a" }, "geometry": { "type": "LineString", "coordinates": [ [ 465872.822827858384699, 5540165.614515669643879 ], [ 465872.819181851285975, 5540115.435095871798694 ], [ 465872.789508286048658, 5540065.330342206172645 ], [ 465872.759906000632327, 5540015.235599003732204 ], [ 465872.712143752141856, 5539965.100947498343885 ], [ 465872.730691247910727, 5539914.913618937134743 ], [ 465872.730326171091292, 5539864.793127963319421 ], [ 465872.772549835382961, 5539814.60788029525429 ], [ 465872.783658749074675, 5539764.48621226195246 ], [ 465872.816613295231946, 5539714.305479095317423 ], [ 465872.821035244036466, 5539664.143833664245903 ], [ 465872.809622063010465, 5539645.924546144902706 ] ] } },
{ "type": "Feature", "properties": { "name": "019e1da9-5ab4-724c-aa05-93c718d04e45" }, "geometry": { "type": "LineString", "coordinates": [ [ 465911.0159558407031, 5538716.86723308917135 ], [ 465911.040419890428893, 5538671.353217672556639 ], [ 465911.000340184255037, 5538625.831832791678607 ], [ 465911.053513650840614, 5538580.322088848799467 ], [ 465911.050013708358165, 5538566.698198980651796 ] ] } },
{ "type": "Feature", "properties": { "name": "019e1da9-5ab4-724c-aa05-94592b7d30c1" }, "geometry": { "type": "LineString", "coordinates": [ [ 465860.243192683032248, 5539237.734718861989677 ], [ 465860.272211479605176, 5539265.126935128122568 ] ] } },
{ "type": "Feature", "properties": { "name": "019e1da9-5ab4-724c-aa05-98801f0feca9" }, "geometry": { "type": "LineString", "coordinates": [ [ 465878.947399007563945, 5538319.182555408217013 ], [ 465878.923011651961133, 5538335.17048254609108 ] ] } },
{ "type": "Feature", "properties": { "name": "019e1da9-5ab4-724c-aa05-9deedfc1955b" }, "geometry": { "type": "LineString", "coordinates": [ [ 465891.725109109829646, 5540121.97157044429332 ], [ 465891.669137060758658, 5540165.289916041307151 ] ] } },
{ "type": "Feature", "properties": { "name": "019e1da9-5ab4-724c-aa05-a262b13b9dd1" }, "geometry": { "type": "LineString", "coordinates": [ [ 465872.796182684891392, 5539523.643895920366049 ], [ 465872.761926291044801, 5539475.730744222179055 ], [ 465872.770515384036116, 5539427.792861792258918 ], [ 465872.780089603795204, 5539382.146572288125753 ], [ 465872.787274463858921, 5539334.210929625667632 ], [ 465872.781856796063948, 5539288.571413613855839 ], [ 465872.789744542154949, 5539240.631325984373689 ], [ 465872.812413281819317, 5539197.262106937356293 ] ] } },
{ "type": "Feature", "properties": { "name": "019e1da9-5ab4-724c-aa05-a45d07db2bdb" }, "geometry": { "type": "LineString", "coordinates": [ [ 466233.268097971042152, 5538632.384700796566904 ], [ 466233.293585215345956, 5538593.650979022495449 ], [ 466233.225107057602145, 5538554.904508922249079 ], [ 466233.22428828763077, 5538545.785961310379207 ], [ 466233.209644203598145, 5538532.083207275718451 ], [ 466233.219622968463227, 5538520.696350684389472 ] ] } },
{ "type": "Feature", "properties": { "name": "019e1da9-5ab4-724c-aa05-aa606d5cad23" }, "geometry": { "type": "LineString", "coordinates": [ [ 466187.646138112817425, 5538560.94025051034987 ], [ 466187.636886639869772, 5538535.952959218993783 ], [ 466187.607896853995044, 5538519.994283981621265 ] ] } },
{ "type": "Feature", "properties": { "name": "019e1da9-5ab4-724c-aa05-ad87a1158154" }, "geometry": { "type": "LineString", "coordinates": [ [ 465860.241441574005876, 5538919.516638779081404 ], [ 465860.253871948341839, 5538960.510630995035172 ], [ 465860.257201333879493, 5539008.288292137905955 ], [ 465860.258981208258774, 5539019.706224548630416 ] ] } },
{ "type": "Feature", "properties": { "name": "019e1da9-5ab4-724c-aa05-b2810b475f45" }, "geometry": { "type": "LineString", "coordinates": [ [ 466252.675208193424623, 5538398.325650447048247 ], [ 466252.673379587649833, 5538427.97846307978034 ], [ 466252.692632573482115, 5538450.73302333895117 ], [ 466252.675729372829664, 5538494.043190749362111 ], [ 466252.680841972236522, 5538516.82786322850734 ] ] } },
{ "type": "Feature", "properties": { "name": "019e1da9-5ab4-724c-aa05-b5370881a2ac" }, "geometry": { "type": "LineString", "coordinates": [ [ 465930.271978275966831, 5540167.836248876526952 ], [ 465930.258776013273746, 5540122.26677667349577 ] ] } },
{ "type": "Feature", "properties": { "name": "019e1da9-5ab4-724c-aa05-b937aced4cc4" }, "geometry": { "type": "LineString", "coordinates": [ [ 465942.878131241130177, 5539621.86675935331732 ], [ 465942.864059529965743, 5539671.967301933094859 ], [ 465942.86314818856772, 5539722.107792698778212 ], [ 465942.928769023972563, 5539772.230074375867844 ], [ 465942.889706826070324, 5539822.34079460054636 ], [ 465942.859223353152629, 5539872.44701670575887 ], [ 465942.859188162256032, 5539922.607531649060547 ], [ 465942.907628757529892, 5539972.7277145171538 ], [ 465942.885207151528448, 5540022.858358725905418 ], [ 465942.912118657433894, 5540072.970903120003641 ], [ 465942.923798340838403, 5540116.28992222994566 ] ] } },
{ "type": "Feature", "properties": { "name": "019e1da9-5ab4-724c-aa05-bce396d80825" }, "geometry": { "type": "LineString", "coordinates": [ [ 465911.08129334251862, 5539624.321620071306825 ], [ 465911.047760269837454, 5539674.470101026818156 ], [ 465910.988874283910263, 5539724.57427179440856 ], [ 465910.973698623245582, 5539774.67705655656755 ], [ 465910.962766801414546, 5539824.769811294041574 ], [ 465911.015392458881252, 5539870.322334825061262 ], [ 465911.035811266687233, 5539920.384876706637442 ], [ 465911.053044314787257, 5539970.508596532046795 ], [ 465911.062156104540918, 5540020.593455948866904 ], [ 465911.049809449643362, 5540070.682903379201889 ], [ 465911.059705475578085, 5540116.27129671163857 ] ] } },
{ "type": "Feature", "properties": { "name": "019e1da9-5ab4-724c-aa05-c25e263abb0a" }, "geometry": { "type": "LineString", "coordinates": [ [ 465923.948892638552934, 5540166.382085576653481 ], [ 465923.95121555228252, 5540120.783605122938752 ] ] } },
{ "type": "Feature", "properties": { "name": "019e1da9-5ab4-724c-aa05-c7ac71171818" }, "geometry": { "type": "LineString", "coordinates": [ [ 466161.64573629113147, 5538562.189515204168856 ], [ 466161.668887185107451, 5538532.476514609530568 ] ] } },
{ "type": "Feature", "properties": { "name": "019e1da9-5ab4-724c-aa05-c86869f63e12" }, "geometry": { "type": "LineString", "coordinates": [ [ 465878.931114575767424, 5539521.9870361732319 ], [ 465878.922613253002055, 5539476.42202321626246 ], [ 465878.992376957205124, 5539428.629408821463585 ], [ 465878.948191701376345, 5539380.834187883883715 ], [ 465878.908093097619712, 5539333.00447606574744 ], [ 465878.95565489132423, 5539287.461357393302023 ], [ 465878.962149028375279, 5539239.631355944089592 ], [ 465878.946353548089974, 5539196.403591808862984 ], [ 465878.940658865845762, 5539162.303229329176247 ], [ 465878.919005829375237, 5539128.059537129476666 ] ] } },
{ "type": "Feature", "properties": { "name": "019e1da9-5ab4-724c-aa05-cc4c0c2ea50b" }, "geometry": { "type": "LineString", "coordinates": [ [ 465898.287421090353746, 5540499.808994161896408 ], [ 465898.290360146667808, 5540540.788690952584147 ] ] } },
{ "type": "Feature", "properties": { "name": "019e1da9-5ab4-724c-aa05-d104c652e40f" }, "geometry": { "type": "LineString", "coordinates": [ [ 465891.73213441245025, 5538716.927640709094703 ], [ 465891.718175007612444, 5538671.370504450052977 ], [ 465891.773676500888541, 5538625.80292250867933 ], [ 465891.762220231816173, 5538580.299147269688547 ], [ 465891.757152280770242, 5538568.914600892923772 ] ] } },
{ "type": "Feature", "properties": { "name": "019e1da9-5ab4-724c-aa05-d5e543b4d0e3" }, "geometry": { "type": "LineString", "coordinates": [ [ 465885.349903292313684, 5538806.220311251468956 ], [ 465885.313702658750117, 5538760.669980893842876 ], [ 465885.355279447627254, 5538717.429653939791024 ], [ 465885.337951293739025, 5538671.914790107868612 ], [ 465885.358578265120741, 5538626.394128551706672 ], [ 465885.370689847739413, 5538580.885755172930658 ], [ 465885.387965214904398, 5538567.270627460442483 ] ] } },
{ "type": "Feature", "properties": { "name": "019e1da9-5ab4-724c-aa05-dbcaefaa9b0f" }, "geometry": { "type": "LineString", "coordinates": [ [ 465930.10487699334044, 5539616.302912436425686 ], [ 465930.040941084502265, 5539570.743809217587113 ] ] } },
{ "type": "Feature", "properties": { "name": "019e1da9-5ab4-724c-aa05-dc0361ef70cc" }, "geometry": { "type": "LineString", "coordinates": [ [ 465942.901641934353393, 5538815.190816183574498 ], [ 465942.93859151750803, 5538865.220922340638936 ], [ 465942.882656448113266, 5538915.18157391063869 ], [ 465942.877590431831777, 5538965.138570527546108 ], [ 465942.91353585512843, 5539015.119771926663816 ], [ 465942.938291153172031, 5539065.143299964256585 ], [ 465942.913945586129557, 5539117.363116165623069 ], [ 465942.917780906485859, 5539126.42495193798095 ] ] } },
{ "type": "Feature", "properties": { "name": "019e1da9-5ab4-724c-aa05-e16109daedf7" }, "geometry": { "type": "LineString", "coordinates": [ [ 465878.972025817492977, 5540486.143470442853868 ], [ 465878.961100304266438, 5540492.977198840118945 ] ] } },
{ "type": "Feature", "properties": { "name": "019e1da9-5ab4-724c-aa05-e51a6bf2195f" }, "geometry": { "type": "LineString", "coordinates": [ [ 465942.907459272071719, 5539540.903519622050226 ], [ 465942.852556694764644, 5539570.487804405391216 ] ] } },
{ "type": "Feature", "properties": { "name": "019e1da9-5ab4-724c-aa05-ea4f0384ca46" }, "geometry": { "type": "LineString", "coordinates": [ [ 465891.720717075862922, 5540422.670265886001289 ], [ 465891.705163619364612, 5540377.126360368914902 ], [ 465891.675181337224785, 5540331.565871666185558 ], [ 465891.7039124595467, 5540285.998341104947031 ], [ 465891.685072156018578, 5540235.883499879390001 ], [ 465891.671964304463472, 5540185.767514212988317 ], [ 465891.656265590339899, 5540167.544904047623277 ] ] } },
{ "type": "Feature", "properties": { "name": "019e1da9-5ab4-724c-aa05-ef74748296db" }, "geometry": { "type": "LineString", "coordinates": [ [ 465866.478628293552902, 5540997.078741459175944 ], [ 465866.453933848650195, 5540976.565675090998411 ], [ 465866.533427350048441, 5540942.385729500092566 ], [ 465866.474619738000911, 5540901.454171445220709 ], [ 465866.487077643512748, 5540862.711469146423042 ], [ 465866.477190856123343, 5540823.946673834696412 ], [ 465866.474517541646492, 5540782.940269202925265 ], [ 465866.467220877471846, 5540739.633401064202189 ], [ 465866.426098357595038, 5540710.018535486422479 ] ] } },
{ "type": "Feature", "properties": { "name": "019e1da9-5ab4-724c-aa05-f0f634a546b9" }, "geometry": { "type": "LineString", "coordinates": [ [ 465860.160235639836174, 5540383.213617943227291 ], [ 465860.212439234834164, 5540337.774909930303693 ], [ 465860.18997934483923, 5540285.452989123761654 ] ] } },
{ "type": "Feature", "properties": { "name": "019e1da9-5ab4-724c-aa05-f70de6bbacc7" }, "geometry": { "type": "LineString", "coordinates": [ [ 465898.278205774724483, 5539616.326344572938979 ], [ 465898.225563239306211, 5539570.782733340747654 ], [ 465898.222136926138774, 5539561.68641940690577 ] ] } },
{ "type": "Feature", "properties": { "name": "019e1da9-5ab4-724c-aa05-fbdcbd01baae" }, "geometry": { "type": "LineString", "coordinates": [ [ 465898.046075254271273, 5540706.681622981093824 ], [ 465898.083350800618064, 5540661.106228556483984 ], [ 465898.095122755854391, 5540629.192760260775685 ] ] } },
{ "type": "Feature", "properties": { "name": "019e1da9-5ab4-724c-aa05-fd0f678e7a59" }, "geometry": { "type": "LineString", "coordinates": [ [ 466187.619862422638107, 5538517.687051111832261 ], [ 466187.618797326053027, 5538503.996441621333361 ], [ 466187.598290252964944, 5538458.474968428723514 ], [ 466187.65057856607018, 5538419.72107055876404 ], [ 466187.673239416559227, 5538408.314120975323021 ], [ 466187.710840097744949, 5538385.52584442961961 ], [ 466187.717874756373931, 5538376.413920184597373 ], [ 466187.684141455916688, 5538333.11074563395232 ], [ 466187.626172157120891, 5538308.010358522646129 ] ] } },
{ "type": "Feature", "properties": { "name": "019e1da9-5ab4-724c-aa06-025867bc7257" }, "geometry": { "type": "LineString", "coordinates": [ [ 466194.244224839552771, 5538593.893768630921841 ], [ 466194.251199685328174, 5538587.044524183496833 ] ] } },
{ "type": "Feature", "properties": { "name": "019e1da9-5ab4-724c-aa06-069353a02afb" }, "geometry": { "type": "LineString", "coordinates": [ [ 466226.637705495173577, 5538399.956200373359025 ], [ 466226.61179581534816, 5538409.040446042083204 ], [ 466226.623328089248389, 5538420.427165273576975 ], [ 466226.609094477666076, 5538466.06226328201592 ], [ 466226.642443650052883, 5538495.700404512695968 ], [ 466226.679145585454535, 5538518.475984118878841 ] ] } },
{ "type": "Feature", "properties": { "name": "019e1da9-5ab4-724c-aa06-0ae042420086" }, "geometry": { "type": "LineString", "coordinates": [ [ 465936.624228256288916, 5539539.183340944349766 ], [ 465936.629755804722663, 5539568.799486635252833 ] ] } },
{ "type": "Feature", "properties": { "name": "019e1da9-5ab4-724c-aa06-0dc89cadd3c4" }, "geometry": { "type": "LineString", "coordinates": [ [ 466265.714721061871387, 5538673.346767279319465 ], [ 466265.710958992363885, 5538627.765141707845032 ], [ 466265.687475303828251, 5538584.515262206085026 ], [ 466265.69276275584707, 5538527.500093840993941 ] ] } },
{ "type": "Feature", "properties": { "name": "019e1da9-5ab4-724c-aa06-12825a62bd19" }, "geometry": { "type": "LineString", "coordinates": [ [ 466252.674251359887421, 5538371.190159109421074 ], [ 466252.67927153914934, 5538396.238620992749929 ] ] } },
{ "type": "Feature", "properties": { "name": "019e1da9-5ab5-775e-8a91-092071dee4e4" }, "geometry": { "type": "LineString", "coordinates": [ [ 465904.432415397081058, 5541048.955654350109398 ], [ 465904.415588254574686, 5541096.504547362215817 ], [ 465904.420571105147246, 5541130.710645642131567 ] ] } },
{ "type": "Feature", "properties": { "name": "019e1da9-5ab5-775e-8a91-0d3b0c22a353" }, "geometry": { "type": "LineString", "coordinates": [ [ 465860.232964756549336, 5538490.580701574683189 ], [ 465860.233517101500183, 5538479.188337126746774 ] ] } },
{ "type": "Feature", "properties": { "name": "019e1da9-5ab5-775e-8a91-12f0db4df2c1" }, "geometry": { "type": "LineString", "coordinates": [ [ 465860.270758639788255, 5539136.874344861134887 ], [ 465860.273947945970576, 5539182.488291976042092 ], [ 465860.247217902506236, 5539228.01681780256331 ] ] } },
{ "type": "Feature", "properties": { "name": "019e1da9-5ab5-775e-8a91-14eee2d93900" }, "geometry": { "type": "LineString", "coordinates": [ [ 466194.243339150911197, 5538575.569939382374287 ], [ 466194.246181808353867, 5538580.111964204348624 ] ] } },
{ "type": "Feature", "properties": { "name": "019e1da9-5ab5-775e-8a91-18e467a8eabc" }, "geometry": { "type": "LineString", "coordinates": [ [ 466181.250591433839872, 5538558.398803018964827 ], [ 466181.241934395569842, 5538553.845696092583239 ] ] } },
{ "type": "Feature", "properties": { "name": "019e1da9-5ab5-775e-8a91-1d4303f77bdc" }, "geometry": { "type": "LineString", "coordinates": [ [ 465949.133635208476335, 5540121.111620173789561 ], [ 465949.140732990927063, 5540166.647772810421884 ], [ 465949.132743249647319, 5540214.431147356517613 ], [ 465949.121155888831709, 5540259.956306559033692 ], [ 465949.145614098524675, 5540310.024409133009613 ], [ 465949.132169382297434, 5540357.847857042215765 ], [ 465949.125646728731226, 5540403.377441861666739 ], [ 465949.138389877742156, 5540448.893564839847386 ], [ 465949.130811477662064, 5540496.734776093624532 ], [ 465949.137415922363289, 5540535.421733940020204 ] ] } },
{ "type": "Feature", "properties": { "name": "019e1da9-5ab5-775e-8a91-2101cbcf8fc5" }, "geometry": { "type": "LineString", "coordinates": [ [ 465898.293028320535086, 5540168.861382603645325 ], [ 465898.320231079822406, 5540218.950591289438307 ], [ 465898.265340293000918, 5540271.337484551593661 ], [ 465898.248803842056077, 5540319.167625582776964 ], [ 465898.261944744619541, 5540371.546310856938362 ], [ 465898.283596588182263, 5540421.65892044827342 ] ] } },
{ "type": "Feature", "properties": { "name": "019e1da9-5ab5-775e-8a91-241dd0101c93" }, "geometry": { "type": "LineString", "coordinates": [ [ 465923.925444090098608, 5539616.243246478959918 ], [ 465923.900717603799421, 5539568.406751925125718 ] ] } },
{ "type": "Feature", "properties": { "name": "019e1da9-5ab5-775e-8a91-293d1fa99d73" }, "geometry": { "type": "LineString", "coordinates": [ [ 465866.365193113975693, 5539649.03106149751693 ], [ 465866.360439594078343, 5539653.572033287957311 ] ] } },
{ "type": "Feature", "properties": { "name": "019e1da9-5ab5-775e-8a91-2ebd96bd3d48" }, "geometry": { "type": "LineString", "coordinates": [ [ 465911.015792183461599, 5538561.316899128258228 ], [ 465911.014316050801426, 5538515.777486477047205 ], [ 465910.997019910835661, 5538499.870988556183875 ] ] } },
{ "type": "Feature", "properties": { "name": "019e1da9-5ab5-775e-8a91-30c0b5cb11bf" }, "geometry": { "type": "LineString", "coordinates": [ [ 465930.083616083138622, 5538722.150871430523694 ], [ 465930.081902965903282, 5538767.660296505317092 ], [ 465930.147395507665351, 5538806.377909183502197 ] ] } },
{ "type": "Feature", "properties": { "name": "019e1da9-5ab5-775e-8a91-346cfe575860" }, "geometry": { "type": "LineString", "coordinates": [ [ 465898.109414737322368, 5540597.899710671976209 ], [ 465898.113400145666674, 5540625.198744331486523 ] ] } },
{ "type": "Feature", "properties": { "name": "019e1da9-5ab5-775e-8a91-3aa9a0b25449" }, "geometry": { "type": "LineString", "coordinates": [ [ 465860.039265701139811, 5540547.937143838964403 ], [ 465860.023071477538906, 5540570.690910330042243 ], [ 465860.016256275528576, 5540593.45462485216558 ] ] } },
{ "type": "Feature", "properties": { "name": "019e1da9-5ab5-775e-8a91-3cdcceb8eebc" }, "geometry": { "type": "LineString", "coordinates": [ [ 465879.086949287506286, 5540546.931838735938072 ], [ 465879.11638419656083, 5540596.996603256091475 ] ] } },
{ "type": "Feature", "properties": { "name": "019e1da9-5ab5-775e-8a91-4092b823d1cf" }, "geometry": { "type": "LineString", "coordinates": [ [ 465866.485689294699114, 5540663.49010787717998 ], [ 465866.467084229108877, 5540631.561264491640031 ], [ 465866.446368400705978, 5540599.637995592318475 ] ] } },
{ "type": "Feature", "properties": { "name": "019e1da9-5ab5-775e-8a91-45dc44ddc98e" }, "geometry": { "type": "LineString", "coordinates": [ [ 465872.819088523800019, 5540495.034397600218654 ], [ 465872.806708909280133, 5540540.551805882714689 ] ] } },
{ "type": "Feature", "properties": { "name": "019e1da9-5ab5-775e-8a91-4996af8c7b6d" }, "geometry": { "type": "LineString", "coordinates": [ [ 465942.820872286334634, 5541080.190089398995042 ], [ 465942.898787257843651, 5541105.174831992015243 ], [ 465942.872298303816933, 5541134.807932067662477 ] ] } },
{ "type": "Feature", "properties": { "name": "019e1da9-5ab5-775e-8a91-4e07624f8e2b" }, "geometry": { "type": "LineString", "coordinates": [ [ 466181.243453272327315, 5538550.451107242144644 ], [ 466181.240318588213995, 5538536.776076295413077 ], [ 466181.186379697581287, 5538520.842019697651267 ] ] } },
{ "type": "Feature", "properties": { "name": "019e1da9-5ab5-775e-8a91-5143a64a3d0d" }, "geometry": { "type": "LineString", "coordinates": [ [ 465860.278131540922914, 5539026.875535069033504 ], [ 465860.282874994969461, 5539054.172274811193347 ], [ 465860.266980899963528, 5539099.717400699853897 ], [ 465860.27341780171264, 5539117.941152267158031 ] ] } },
{ "type": "Feature", "properties": { "name": "019e1da9-5ab5-775e-8a91-558ce1883a6f" }, "geometry": { "type": "LineString", "coordinates": [ [ 465911.067478290759027, 5539132.091242054477334 ], [ 465911.08189395617228, 5539179.988924263976514 ], [ 465911.041407204291318, 5539227.929210918024182 ], [ 465911.095313990139402, 5539275.836656112223864 ], [ 465911.089146942424122, 5539323.762277184985578 ], [ 465911.071430152282119, 5539371.673520824871957 ], [ 465911.079701675858814, 5539419.613511781208217 ], [ 465911.074976122530643, 5539467.536910742521286 ], [ 465911.065994039468933, 5539515.465899819508195 ], [ 465911.059223912365269, 5539524.540040019899607 ] ] } },
{ "type": "Feature", "properties": { "name": "019e1da9-5ab5-775e-8a91-590389cb38fe" }, "geometry": { "type": "LineString", "coordinates": [ [ 465860.259469247772358, 5538704.842793661169708 ], [ 465860.232976604485884, 5538657.021939344704151 ], [ 465860.258405020693317, 5538606.999227681197226 ] ] } },
{ "type": "Feature", "properties": { "name": "019e1da9-5ab5-775e-8a91-5fc64fa6b838" }, "geometry": { "type": "LineString", "coordinates": [ [ 465936.650133298360743, 5539570.765170627273619 ], [ 465936.659357392985839, 5539616.293488310649991 ] ] } },
{ "type": "Feature", "properties": { "name": "019e1da9-5ab5-775e-8a91-6160e1a5c950" }, "geometry": { "type": "LineString", "coordinates": [ [ 465872.674462419294287, 5540544.98463121522218 ], [ 465872.619340091245249, 5540590.539007665589452 ], [ 465872.640628590772394, 5540597.366972625255585 ] ] } },
{ "type": "Feature", "properties": { "name": "019e1da9-5ab5-775e-8a91-66cac7f78719" }, "geometry": { "type": "LineString", "coordinates": [ [ 465923.984971292549744, 5539121.947651163674891 ], [ 465923.973896111594513, 5539071.850645479746163 ], [ 465923.945438854396343, 5539021.723733365535736 ], [ 465923.884306679363362, 5538971.641508311964571 ], [ 465923.919991737406235, 5538921.56867861840874 ], [ 465923.904373842175119, 5538876.050457078032196 ], [ 465923.938815054367296, 5538830.514130397699773 ], [ 465923.965593160421122, 5538814.547303047031164 ] ] } },
{ "type": "Feature", "properties": { "name": "019e1da9-5ab5-775e-8a91-6ab86f39159e" }, "geometry": { "type": "LineString", "coordinates": [ [ 465917.325820808648132, 5540429.634502585977316 ], [ 465917.283524705388118, 5540377.262671303004026 ], [ 465917.270464034227189, 5540327.119991447776556 ], [ 465917.239725063205697, 5540274.760325818322599 ], [ 465917.256665258668363, 5540222.34810250159353 ], [ 465917.324234708677977, 5540170.008945943787694 ] ] } },
{ "type": "Feature", "properties": { "name": "019e1da9-5ab5-775e-8a91-6e94369df1fd" }, "geometry": { "type": "LineString", "coordinates": [ [ 466220.30433505383553, 5538327.80044715013355 ], [ 466220.270683163311332, 5538334.630954506807029 ] ] } },
{ "type": "Feature", "properties": { "name": "019e1da9-5ab5-775e-8a91-712396a4c1f2" }, "geometry": { "type": "LineString", "coordinates": [ [ 465917.351261814823374, 5538305.928112098015845 ], [ 465917.369767192401923, 5538299.143282514065504 ] ] } },
{ "type": "Feature", "properties": { "name": "019e1da9-5ab5-775e-8a91-77dd8713b658" }, "geometry": { "type": "LineString", "coordinates": [ [ 465860.205949838622473, 5540025.737286726944149 ], [ 465860.239429911656771, 5540066.751230004243553 ] ] } },
{ "type": "Feature", "properties": { "name": "019e1da9-5ab5-775e-8a91-794bb8e2ca59" }, "geometry": { "type": "LineString", "coordinates": [ [ 465891.673720277263783, 5538814.51919814851135 ], [ 465891.710825981164817, 5538862.358895910903811 ], [ 465891.705592745100148, 5538910.188859733752906 ], [ 465891.696918222063687, 5538958.039974856190383 ], [ 465891.68177325243596, 5539005.886687218211591 ], [ 465891.672816674632486, 5539053.691112178377807 ], [ 465891.682605827227235, 5539101.512099705636501 ], [ 465891.683383328083437, 5539122.016361936926842 ] ] } },
{ "type": "Feature", "properties": { "name": "019e1da9-5ab5-775e-8a91-7d6377fffd47" }, "geometry": { "type": "LineString", "coordinates": [ [ 465860.180259038810618, 5540463.707447925582528 ], [ 465860.149509067647159, 5540415.934299817308784 ], [ 465860.176017665828113, 5540390.974489164538682 ] ] } },
{ "type": "Feature", "properties": { "name": "019e1da9-5ab5-775e-8a91-820b25759c3d" }, "geometry": { "type": "LineString", "coordinates": [ [ 465891.707619318563957, 5539536.34909266140312 ], [ 465891.703069808834698, 5539556.800032299011946 ] ] } },
{ "type": "Feature", "properties": { "name": "019e1da9-5ab5-775e-8a91-84c54c4638ea" }, "geometry": { "type": "LineString", "coordinates": [ [ 466233.252455260779243, 5538389.821970777586102 ], [ 466233.209174261544831, 5538348.813784958794713 ] ] } },
{ "type": "Feature", "properties": { "name": "019e1da9-5ab5-775e-8a91-88801e6fd8de" }, "geometry": { "type": "LineString", "coordinates": [ [ 465878.993528412014712, 5541026.689752401784062 ], [ 465878.9343648935901, 5541060.810641905292869 ] ] } },
{ "type": "Feature", "properties": { "name": "019e1da9-5ab5-775e-8a91-8c0630be9eea" }, "geometry": { "type": "LineString", "coordinates": [ [ 465898.256014700862579, 5539124.313942787237465 ], [ 465898.257753738726024, 5539076.493992703035474 ], [ 465898.263764571223874, 5539028.668459610082209 ], [ 465898.236824782507028, 5538980.844251647591591 ], [ 465898.231341580976732, 5538933.012127564288676 ], [ 465898.230186756583862, 5538885.183315189555287 ], [ 465898.244188036071137, 5538837.36997636128217 ], [ 465898.264870841172524, 5538814.599566942080855 ] ] } },
{ "type": "Feature", "properties": { "name": "019e1da9-5ab5-775e-8a91-90aa34ab16a1" }, "geometry": { "type": "LineString", "coordinates": [ [ 465866.469749518670142, 5540545.512280554510653 ], [ 465866.51197130914079, 5540591.043799674138427 ], [ 465866.516875001310837, 5540597.88521174993366 ] ] } },
{ "type": "Feature", "properties": { "name": "019e1da9-5ab5-775e-8a91-94487441bfb2" }, "geometry": { "type": "LineString", "coordinates": [ [ 465923.913263127324171, 5538298.843728501349688 ], [ 465923.92349111387739, 5538303.38459483999759 ] ] } },
{ "type": "Feature", "properties": { "name": "019e1da9-5ab5-775e-8a91-99def7ab2354" }, "geometry": { "type": "LineString", "coordinates": [ [ 465930.142310418072157, 5538502.024187553673983 ], [ 465930.100808746414259, 5538540.714667038060725 ], [ 465930.129843816102948, 5538561.183149742893875 ] ] } },
{ "type": "Feature", "properties": { "name": "019e1da9-5ab5-775e-8a91-9ee636119344" }, "geometry": { "type": "LineString", "coordinates": [ [ 465917.329568963265046, 5538806.282608445733786 ], [ 465917.299500626046211, 5538760.752255722880363 ], [ 465917.299101926619187, 5538722.028671649284661 ] ] } },
{ "type": "Feature", "properties": { "name": "019e1da9-5ab5-775e-8a91-a00f494add18" }, "geometry": { "type": "LineString", "coordinates": [ [ 466194.26118271087762, 5538312.903049525804818 ], [ 466194.310434863553382, 5538353.90230318903923 ], [ 466194.256370292860083, 5538369.87928796838969 ], [ 466194.242094075481873, 5538378.981250714510679 ], [ 466194.243763710139319, 5538408.569554656744003 ], [ 466194.226813357847277, 5538451.911969336681068 ], [ 466194.248061307298485, 5538492.900289717130363 ], [ 466194.239964215026703, 5538517.98331035207957 ] ] } },
{ "type": "Feature", "properties": { "name": "019e1da9-5ab5-775e-8a91-a6918fd42842" }, "geometry": { "type": "LineString", "coordinates": [ [ 465923.873372660891619, 5538502.06737005431205 ], [ 465923.901287033513654, 5538540.734059248119593 ], [ 465923.889187676657457, 5538561.267292922362685 ] ] } },
{ "type": "Feature", "properties": { "name": "019e1da9-5ab5-775e-8a91-a8f0899ec439" }, "geometry": { "type": "LineString", "coordinates": [ [ 465898.224611547600944, 5539558.471942544914782 ], [ 465898.247752704541199, 5539538.010877845808864 ] ] } },
{ "type": "Feature", "properties": { "name": "019e1da9-5ab5-775e-8a91-afe5519c5476" }, "geometry": { "type": "LineString", "coordinates": [ [ 466187.621266542002559, 5538305.868903361260891 ], [ 466187.621803099929821, 5538299.021926290355623 ] ] } },
{ "type": "Feature", "properties": { "name": "019e1da9-5ab5-775e-8a91-b3e020723996" }, "geometry": { "type": "LineString", "coordinates": [ [ 466155.344316918461118, 5538506.447229902260005 ], [ 466155.318708956358023, 5538465.383325096219778 ], [ 466155.303280485386495, 5538422.071131268516183 ], [ 466155.272875548456796, 5538385.581548503600061 ] ] } },
{ "type": "Feature", "properties": { "name": "019e1da9-5ab5-775e-8a91-b66bbdbe11d4" }, "geometry": { "type": "LineString", "coordinates": [ [ 465936.599760143784806, 5538561.197626510635018 ], [ 465936.608563362504356, 5538515.662598421797156 ], [ 465936.601356907631271, 5538502.008713318966329 ] ] } },
{ "type": "Feature", "properties": { "name": "019e1da9-5ab5-775e-8a91-bb5ccc5bbd1d" }, "geometry": { "type": "LineString", "coordinates": [ [ 465917.261502074659802, 5539132.554420547559857 ], [ 465917.304064694559202, 5539180.491951065137982 ], [ 465917.31441518914653, 5539228.434137580916286 ], [ 465917.329975342610851, 5539276.292903198860586 ], [ 465917.30325439729495, 5539324.263129816390574 ], [ 465917.31502462743083, 5539372.199758703820407 ], [ 465917.292477139504626, 5539420.147728308103979 ], [ 465917.278842720552348, 5539468.031155491247773 ], [ 465917.242639497620985, 5539515.970324093475938 ], [ 465917.247750801499933, 5539527.364893535152078 ] ] } },
{ "type": "Feature", "properties": { "name": "019e1da9-5ab5-775e-8a91-bc6610e92e9f" }, "geometry": { "type": "LineString", "coordinates": [ [ 465930.041080901748501, 5541080.489295051433146 ], [ 465930.02263821446104, 5541105.520238454453647 ], [ 465930.007250644033775, 5541135.085443579591811 ] ] } },
{ "type": "Feature", "properties": { "name": "019e1da9-5ab5-775e-8a91-c296e6cf2304" }, "geometry": { "type": "LineString", "coordinates": [ [ 465911.051935548370238, 5540497.341645224019885 ], [ 465911.09734291973291, 5540481.395782803185284 ] ] } },
{ "type": "Feature", "properties": { "name": "019e1da9-5ab5-775e-8a91-c57e7bcb9d1d" }, "geometry": { "type": "LineString", "coordinates": [ [ 465936.590210944414139, 5538498.111632099375129 ], [ 465936.548810604552273, 5538489.002232865430415 ], [ 465936.603676260216162, 5538459.512508366256952 ], [ 465936.602580522652715, 5538436.781168700195849 ], [ 465936.604823022440542, 5538400.362523412331939 ], [ 465936.604513974685688, 5538366.248830653727055 ], [ 465936.635271049279254, 5538332.060446145012975 ] ] } },
{ "type": "Feature", "properties": { "name": "019e1da9-5ab5-775e-8a91-c8c98928b2d8" }, "geometry": { "type": "LineString", "coordinates": [ [ 465872.779932094970718, 5538584.344914754852653 ], [ 465872.741453179041855, 5538629.860128739848733 ], [ 465872.757576314965263, 5538675.395012265071273 ], [ 465872.745649589924142, 5538720.913399370387197 ], [ 465872.751697518280707, 5538768.691024024970829 ], [ 465872.78947572974721, 5538805.129454208537936 ] ] } },
{ "type": "Feature", "properties": { "name": "019e1da9-5ab5-775e-8a91-cdd8ea664c16" }, "geometry": { "type": "LineString", "coordinates": [ [ 465917.306214297539555, 5538814.669699422083795 ], [ 465917.269985897932202, 5538862.508749333210289 ], [ 465917.276125256670639, 5538910.359764165244997 ], [ 465917.286112141504418, 5538958.138485638424754 ], [ 465917.247615692846011, 5539005.955323078669608 ], [ 465917.274297693395056, 5539053.765078330412507 ], [ 465917.311813623993658, 5539101.586999005638063 ], [ 465917.327598218806088, 5539124.353850196115673 ] ] } },
{ "type": "Feature", "properties": { "name": "019e1da9-5ab5-775e-8a91-d1721d6accfb" }, "geometry": { "type": "LineString", "coordinates": [ [ 466207.172638337768149, 5538516.862156470306218 ], [ 466207.204277524491772, 5538473.560785599984229 ], [ 466207.168856245174538, 5538425.760050405748188 ], [ 466207.182421030942351, 5538418.92966842930764 ], [ 466207.174712667474523, 5538405.313599622808397 ], [ 466207.188015618303325, 5538380.249453288502991 ], [ 466207.179323523829225, 5538359.768627311103046 ], [ 466207.165992700844072, 5538350.717985742725432 ], [ 466207.235127303691115, 5538325.64125890750438 ] ] } },
{ "type": "Feature", "properties": { "name": "019e1da9-5ab5-775e-8a91-d7167e4ceaf6" }, "geometry": { "type": "LineString", "coordinates": [ [ 466200.649724313465413, 5538595.748024680651724 ], [ 466200.627048603259027, 5538600.33579770475626 ] ] } },
{ "type": "Feature", "properties": { "name": "019e1da9-5ab5-775e-8a91-da02288d317e" }, "geometry": { "type": "LineString", "coordinates": [ [ 465904.554230742098298, 5538299.148054241202772 ], [ 465904.521949814457912, 5538310.526161754503846 ] ] } },
{ "type": "Feature", "properties": { "name": "019e1da9-5ab5-775e-8a91-df29135b873c" }, "geometry": { "type": "LineString", "coordinates": [ [ 465904.491561458271462, 5540164.929217761382461 ], [ 465904.524304646707606, 5540121.659944269806147 ] ] } },
{ "type": "Feature", "properties": { "name": "019e1da9-5ab5-775e-8a91-e031358b2f92" }, "geometry": { "type": "LineString", "coordinates": [ [ 465866.346799844875932, 5539140.417025290429592 ], [ 465866.329874082002789, 5539183.668344670906663 ], [ 465866.365840699581895, 5539229.259848126210272 ], [ 465866.339023523440119, 5539274.781705954112113 ], [ 465866.34270098048728, 5539322.61498214956373 ], [ 465866.317722098377999, 5539343.108297743834555 ], [ 465866.332670140487608, 5539390.909262614324689 ], [ 465866.321067464305088, 5539436.453272817656398 ], [ 465866.334646048257127, 5539484.262036616913974 ], [ 465866.334420409926679, 5539520.677400613203645 ] ] } },
{ "type": "Feature", "properties": { "name": "019e1da9-5ab5-775e-8a91-e47cf2cfff84" }, "geometry": { "type": "LineString", "coordinates": [ [ 465910.848247581918258, 5541132.342012310400605 ], [ 465910.839460377872456, 5541098.207099439576268 ], [ 465910.837312129326165, 5541054.196355716325343 ] ] } },
{ "type": "Feature", "properties": { "name": "019e1da9-5ab5-775e-8a91-ea82c407b3ec" }, "geometry": { "type": "LineString", "coordinates": [ [ 466200.576310234959237, 5538311.85252866987139 ], [ 466200.625976174487732, 5538316.433172238059342 ] ] } },
{ "type": "Feature", "properties": { "name": "019e1da9-5ab5-775e-8a91-efcc4b0e46f7" }, "geometry": { "type": "LineString", "coordinates": [ [ 465904.540403803577647, 5538568.893318701535463 ], [ 465904.518618551956024, 5538612.117941468954086 ], [ 465904.523676630458795, 5538657.64621998462826 ], [ 465904.549216756538954, 5538698.618982597254217 ], [ 465904.561838112480473, 5538716.828227282501757 ] ] } },
{ "type": "Feature", "properties": { "name": "019e1da9-5ab5-775e-8a91-f078dc833eb6" }, "geometry": { "type": "LineString", "coordinates": [ [ 465949.300116530968808, 5538433.371520504355431 ], [ 465949.333867133478634, 5538478.967424810864031 ], [ 465949.318699636380188, 5538490.345425551757216 ], [ 465949.336318477173336, 5538497.18117381632328 ] ] } },
{ "type": "Feature", "properties": { "name": "019e1da9-5ab5-775e-8a91-f6c7ba8886e1" }, "geometry": { "type": "LineString", "coordinates": [ [ 466226.679958659340627, 5538520.766457969322801 ], [ 466226.636843030806631, 5538543.500289798714221 ], [ 466226.673492049565539, 5538554.891300717368722 ], [ 466226.648389783280436, 5538595.954413398168981 ], [ 466226.634232983458787, 5538623.283478618599474 ] ] } },
{ "type": "Feature", "properties": { "name": "019e1da9-5ab5-775e-8a91-f8c9e448334c" }, "geometry": { "type": "LineString", "coordinates": [ [ 465866.331348394858651, 5538770.006124911829829 ], [ 465866.312335924827494, 5538722.227470222860575 ], [ 465866.306680249166675, 5538704.007060872390866 ], [ 465866.323845728475135, 5538656.168139017187059 ], [ 465866.342160373460501, 5538608.395926481112838 ], [ 465866.356684421771206, 5538583.326186962425709 ] ] } },
{ "type": "Feature", "properties": { "name": "019e1da9-5ab5-775e-8a91-feba7069ec06" }, "geometry": { "type": "LineString", "coordinates": [ [ 465878.897358166170307, 5539616.508646414615214 ], [ 465878.904274692351464, 5539582.370377016253769 ], [ 465878.928488089120947, 5539564.115284859202802 ] ] } },
{ "type": "Feature", "properties": { "name": "019e1da9-5ab5-775e-8a92-00c92ed9136a" }, "geometry": { "type": "LineString", "coordinates": [ [ 465860.19240898283897, 5539902.497003293596208 ], [ 465860.181065350247081, 5539954.921401561237872 ], [ 465860.172500317974482, 5539964.035588371567428 ] ] } },
{ "type": "Feature", "properties": { "name": "019e1da9-5ab5-775e-8a92-07df2c93394d" }, "geometry": { "type": "LineString", "coordinates": [ [ 466200.749965535535011, 5538519.914740053005517 ], [ 466200.754383156076074, 5538544.94097647164017 ], [ 466200.721653138287365, 5538563.166058960370719 ], [ 466200.658057771273889, 5538581.383553407154977 ] ] } },
{ "type": "Feature", "properties": { "name": "019e1da9-5ab5-775e-8a92-0a3c8c33a3ef" }, "geometry": { "type": "LineString", "coordinates": [ [ 465917.450007616484072, 5540547.016748132184148 ], [ 465917.498695653979667, 5540590.25439843069762 ], [ 465917.406442016130313, 5540629.693629216402769 ], [ 465917.466686062980443, 5540661.571057657711208 ], [ 465917.479235352715477, 5540700.252430688589811 ], [ 465917.453398029902019, 5540741.232321901246905 ], [ 465917.472593177400995, 5540782.195250914432108 ], [ 465917.456676287925802, 5540823.156182194128633 ], [ 465917.457173026283272, 5540861.854320045560598 ], [ 465917.455617420200724, 5540900.566927851177752 ], [ 465917.438269745849539, 5540941.52565208170563 ], [ 465917.45936812000582, 5540984.810203990899026 ], [ 465917.467864003963768, 5541023.523867203854024 ], [ 465917.466434984642547, 5541046.266435069032013 ] ] } },
{ "type": "Feature", "properties": { "name": "019e1da9-5ab5-775e-8a92-0c8f8afcabe4" }, "geometry": { "type": "LineString", "coordinates": [ [ 466246.330733016773593, 5538399.026052777655423 ], [ 466246.301471239945386, 5538417.258890484459698 ], [ 466246.292114442680031, 5538428.63573404122144 ], [ 466246.258620936947409, 5538449.1557422215119 ], [ 466246.273996760486625, 5538494.738395514898002 ], [ 466246.23557218699716, 5538517.547803868539631 ] ] } },
{ "type": "Feature", "properties": { "name": "019e1da9-5ab5-775e-8a92-12ac0df77aac" }, "geometry": { "type": "LineString", "coordinates": [ [ 465930.087689817126375, 5538568.872093700803816 ], [ 465930.070076414791401, 5538612.108918345533311 ], [ 465930.077074590546545, 5538657.638294093310833 ], [ 465930.092444282607175, 5538696.365113748237491 ], [ 465930.099363911780529, 5538716.84819651208818 ] ] } },
{ "type": "Feature", "properties": { "name": "019e1da9-5ab5-775e-8a92-1482a8aa13fa" }, "geometry": { "type": "LineString", "coordinates": [ [ 466246.222619663225487, 5538519.816126645542681 ], [ 466246.201080250320956, 5538533.469073199667037 ], [ 466246.220475593581796, 5538542.581944015808403 ], [ 466246.25442439573817, 5538585.87623168900609 ], [ 466246.291948028549086, 5538629.168276024982333 ], [ 466246.296501851582434, 5538649.695834280923009 ] ] } },
{ "type": "Feature", "properties": { "name": "019e1da9-5ab5-775e-8a92-1b0b11645a4c" }, "geometry": { "type": "LineString", "coordinates": [ [ 465866.396311898191925, 5541022.60821795091033 ], [ 465866.38313411391573, 5541045.384219655767083 ] ] } },
{ "type": "Feature", "properties": { "name": "019e1da9-5ab5-775e-8a92-1d57b47103ca" }, "geometry": { "type": "LineString", "coordinates": [ [ 465936.596815268741921, 5538806.371387244202197 ], [ 465936.606249340693466, 5538760.828554411418736 ], [ 465936.607861502445303, 5538722.173895865678787 ] ] } },
{ "type": "Feature", "properties": { "name": "019e1da9-5ab5-775e-8a92-2154ea67d055" }, "geometry": { "type": "LineString", "coordinates": [ [ 466213.608244430972263, 5538518.134724102914333 ], [ 466213.612788330879994, 5538472.573066486045718 ], [ 466213.58607707201736, 5538427.05497255269438 ], [ 466213.58040083560627, 5538417.966477869078517 ], [ 466213.613525312801357, 5538408.893305128440261 ], [ 466213.621632165159099, 5538379.247122786939144 ], [ 466213.656803583551664, 5538358.78492265380919 ], [ 466213.625742916599847, 5538349.648777971044183 ], [ 466213.614135879208334, 5538331.430652885697782 ] ] } },
{ "type": "Feature", "properties": { "name": "019e1da9-5ab5-775e-8a92-2599f25bd531" }, "geometry": { "type": "LineString", "coordinates": [ [ 465942.861157260718755, 5539573.194078972563148 ], [ 465942.873686007689685, 5539616.43189104180783 ] ] } },
{ "type": "Feature", "properties": { "name": "019e1da9-5ab5-775e-8a92-29fe1b0fe93c" }, "geometry": { "type": "LineString", "coordinates": [ [ 465866.417465523874853, 5538558.992221004329622 ], [ 465866.381209447572473, 5538513.453025902621448 ], [ 465866.400751982291695, 5538497.499593062326312 ] ] } },
{ "type": "Feature", "properties": { "name": "019e1da9-5ab5-775e-8a92-2f7a3c752124" }, "geometry": { "type": "LineString", "coordinates": [ [ 466259.229655913251918, 5538396.708854587748647 ], [ 466259.216634819516912, 5538378.469612844288349 ] ] } },
{ "type": "Feature", "properties": { "name": "019e1da9-5ab5-775e-8a92-316823107d81" }, "geometry": { "type": "LineString", "coordinates": [ [ 465866.427696220343933, 5538483.496357564814389 ], [ 465866.425263227138203, 5538435.613101750612259 ], [ 465866.425609886879101, 5538399.196687191724777 ] ] } },
{ "type": "Feature", "properties": { "name": "019e1da9-5ab5-775e-8a92-377e881f09c0" }, "geometry": { "type": "LineString", "coordinates": [ [ 466259.203057197039016, 5538516.489933761768043 ], [ 466259.185039430914912, 5538509.641960313543677 ], [ 466259.20697683643084, 5538464.049065288156271 ], [ 466259.20936318783788, 5538429.810843305662274 ], [ 466259.232722120243125, 5538400.156783578917384 ] ] } },
{ "type": "Feature", "properties": { "name": "019e1da9-5ab5-775e-8a92-3a52840f2cd5" }, "geometry": { "type": "LineString", "coordinates": [ [ 465879.092282649653498, 5540599.624146700836718 ], [ 465879.114797837159131, 5540629.254691433161497 ], [ 465879.074636956793256, 5540663.442151784896851 ], [ 465879.078755805268884, 5540697.607094182632864 ], [ 465879.10748113685986, 5540738.558843842707574 ], [ 465879.102944623329677, 5540779.574185602366924 ], [ 465879.116557026864029, 5540820.626106698065996 ], [ 465879.097724966995884, 5540861.644880471751094 ], [ 465879.110064793028869, 5540900.358514642342925 ], [ 465879.08151290769456, 5540941.311754084192216 ], [ 465879.106891792383976, 5540980.046435912139714 ], [ 465879.072850113618188, 5541011.926708290353417 ] ] } },
{ "type": "Feature", "properties": { "name": "019e1da9-5ab5-775e-8a92-3e87b439fb9a" }, "geometry": { "type": "LineString", "coordinates": [ [ 465872.61905962851597, 5540692.382344325073063 ], [ 465872.629784703429323, 5540665.052079832181334 ], [ 465872.583828394126613, 5540630.84848921559751 ], [ 465872.612325900001451, 5540598.997179884463549 ] ] } },
{ "type": "Feature", "properties": { "name": "019e1da9-5ab5-775e-8a92-43a256b8b693" }, "geometry": { "type": "LineString", "coordinates": [ [ 465949.307372588140424, 5539529.636142852716148 ], [ 465949.286944906169083, 5539479.393510043621063 ], [ 465949.260721724538598, 5539429.139799168333411 ], [ 465949.27650586841628, 5539378.954762223176658 ], [ 465949.270249762863386, 5539328.683142244815826 ], [ 465949.282986337377224, 5539278.466999809257686 ], [ 465949.272729388612788, 5539228.239888581447303 ], [ 465949.284553925506771, 5539177.990403326228261 ], [ 465949.285694870864972, 5539132.261913028545678 ] ] } },
{ "type": "Feature", "properties": { "name": "019e1da9-5ab5-775e-8a92-4668584936c8" }, "geometry": { "type": "LineString", "coordinates": [ [ 465860.296480585588142, 5539660.945774063467979 ], [ 465860.317680232517887, 5539711.061669957824051 ], [ 465860.278444061754271, 5539761.137926950119436 ], [ 465860.213031219085678, 5539811.265501430258155 ], [ 465860.186795255751349, 5539861.355026128701866 ], [ 465860.18241679132916, 5539886.4214160554111 ] ] } },
{ "type": "Feature", "properties": { "name": "019e1da9-5ab5-775e-8a92-483427fb791a" }, "geometry": { "type": "LineString", "coordinates": [ [ 465917.256794095330406, 5541059.36692288890481 ], [ 465917.247342225862667, 5541099.874180509708822 ], [ 465917.245562911150046, 5541134.04362881463021 ] ] } },
{ "type": "Feature", "properties": { "name": "019e1da9-5ab5-775e-8a92-4e4db418dc06" }, "geometry": { "type": "LineString", "coordinates": [ [ 465904.485229373793118, 5539526.343089668080211 ], [ 465904.519174182962161, 5539478.405045219697058 ], [ 465904.485825633746572, 5539430.476327614858747 ], [ 465904.516287845908664, 5539382.551655174233019 ], [ 465904.485940076701809, 5539334.641827736981213 ], [ 465904.515679818345234, 5539286.71383145917207 ], [ 465904.491611781995744, 5539238.775062268599868 ], [ 465904.501301938726101, 5539190.847200769931078 ], [ 465904.503854763926938, 5539142.922723941504955 ], [ 465904.505952836363576, 5539131.537010313943028 ] ] } },
{ "type": "Feature", "properties": { "name": "019e1da9-5ab5-775e-8a92-51794ece5b37" }, "geometry": { "type": "LineString", "coordinates": [ [ 466265.663466876721941, 5538397.219857529737055 ], [ 466265.654944592039101, 5538381.286632328294218 ] ] } },
{ "type": "Feature", "properties": { "name": "019e1da9-5ab5-775e-8a92-54ba8c605d7e" }, "geometry": { "type": "LineString", "coordinates": [ [ 465942.941040579346009, 5538498.096853213384748 ], [ 465942.908939875022043, 5538488.982947428710759 ], [ 465942.919270667422097, 5538459.472380525432527 ], [ 465942.922671479987912, 5538436.767697783187032 ], [ 465942.908631715399679, 5538400.487029949203134 ], [ 465942.935796660254709, 5538382.312011245638132 ] ] } },
{ "type": "Feature", "properties": { "name": "019e1da9-5ab5-775e-8a92-5b8b911cfa90" }, "geometry": { "type": "LineString", "coordinates": [ [ 465878.899009541026317, 5540169.924404252320528 ], [ 465878.897820727434009, 5540190.438720933161676 ], [ 465878.918012528971303, 5540238.273071445524693 ], [ 465878.921640724118333, 5540286.093076511286199 ], [ 465878.941963356570341, 5540336.19568273704499 ], [ 465878.923112417920493, 5540388.583470256067812 ], [ 465878.937846275453921, 5540429.594219192862511 ] ] } },
{ "type": "Feature", "properties": { "name": "019e1da9-5ab5-775e-8a92-5ca247d24478" }, "geometry": { "type": "LineString", "coordinates": [ [ 465872.666429140430409, 5541103.828391782939434 ], [ 465872.655656730174087, 5541070.656385739333928 ], [ 465872.650126321881544, 5541023.127647953107953 ] ] } },
{ "type": "Feature", "properties": { "name": "019e1da9-5ab5-775e-8a92-63d3aa3f3998" }, "geometry": { "type": "LineString", "coordinates": [ [ 465866.393063760653604, 5539576.571516053751111 ], [ 465866.36910723085748, 5539626.69658743776381 ] ] } },
{ "type": "Feature", "properties": { "name": "019e1da9-5ab5-775e-8a92-646b787a2623" }, "geometry": { "type": "LineString", "coordinates": [ [ 465930.110903103137389, 5541056.327522303909063 ], [ 465930.243307323777117, 5541024.434394875541329 ], [ 465930.227853148418944, 5540985.738567050546408 ], [ 465930.251301162526943, 5540942.458180352114141 ], [ 465930.251320250565186, 5540901.462875080294907 ], [ 465930.192884016083553, 5540862.765104336664081 ], [ 465930.218837001943029, 5540824.043449550867081 ], [ 465930.21343027241528, 5540783.09377380553633 ], [ 465930.242056465009227, 5540739.834493824280798 ], [ 465930.280466249096207, 5540701.15390713699162 ], [ 465930.271841026085895, 5540662.399125494062901 ], [ 465930.209083222376648, 5540630.565077284350991 ], [ 465930.239242072857451, 5540587.318028687499464 ], [ 465930.23963324323995, 5540546.373890733346343 ] ] } },
{ "type": "Feature", "properties": { "name": "019e1da9-5ab5-775e-8a92-6946583b9241" }, "geometry": { "type": "LineString", "coordinates": [ [ 466174.645949180878233, 5538521.699408543296158 ], [ 466174.6456698604743, 5538539.942076838575304 ] ] } },
{ "type": "Feature", "properties": { "name": "019e1da9-5ab5-775e-8a92-6c7f8ad6446c" }, "geometry": { "type": "LineString", "coordinates": [ [ 465885.221612164459657, 5540598.969124284572899 ], [ 465885.224707735294942, 5540628.59312099032104 ], [ 465885.195119394746143, 5540662.759387647733092 ], [ 465885.233749420265667, 5540696.949683220125735 ], [ 465885.178743445780128, 5540737.923091474920511 ], [ 465885.205156481883023, 5540778.968256549909711 ], [ 465885.195578109822236, 5540819.985856289975345 ], [ 465885.212994180095848, 5540860.966594454832375 ], [ 465885.244057170988526, 5540899.702346633188426 ], [ 465885.238870819390286, 5540940.73215694911778 ], [ 465885.214101915771607, 5540979.473829012364149 ], [ 465885.211269248917233, 5541018.172000085003674 ] ] } },
{ "type": "Feature", "properties": { "name": "019e1da9-5ab5-775e-8a92-7186b1d16ae6" }, "geometry": { "type": "LineString", "coordinates": [ [ 465860.252532354788855, 5540487.640359990298748 ], [ 465860.245841675729025, 5540473.998658086173236 ] ] } },
{ "type": "Feature", "properties": { "name": "019e1da9-5ab5-775e-8a92-75ecab3f5e86" }, "geometry": { "type": "LineString", "coordinates": [ [ 465917.252061631879769, 5539566.011781629174948 ], [ 465917.287143682129681, 5539616.143142624758184 ] ] } },
{ "type": "Feature", "properties": { "name": "019e1da9-5ab5-775e-8a92-7aa174162e1c" }, "geometry": { "type": "LineString", "coordinates": [ [ 465917.322183095675427, 5538561.313490521162748 ], [ 465917.313459256198257, 5538515.752998740412295 ], [ 465917.346947224345058, 5538499.827276090160012 ] ] } },
{ "type": "Feature", "properties": { "name": "019e1da9-5ab5-775e-8a92-7e45f6f0d74e" }, "geometry": { "type": "LineString", "coordinates": [ [ 465898.220549447985832, 5538566.66638916451484 ], [ 465898.156136094825342, 5538612.195106964558363 ], [ 465898.181166643393226, 5538657.699909435585141 ], [ 465898.185339977731928, 5538698.686151090078056 ], [ 465898.201679478690494, 5538716.913162485696375 ] ] } },
{ "type": "Feature", "properties": { "name": "019e1da9-5ab5-775e-8a92-83a7e01c13d4" }, "geometry": { "type": "LineString", "coordinates": [ [ 465949.298217726289295, 5538721.689651182852685 ], [ 465949.273736148781609, 5538760.368915435858071 ], [ 465949.289425915514585, 5538801.309499117545784 ] ] } },
{ "type": "Feature", "properties": { "name": "019e1da9-5ab5-775e-8a92-857934286c46" }, "geometry": { "type": "LineString", "coordinates": [ [ 466207.250506608514115, 5538601.862905470654368 ], [ 466207.254652269359212, 5538597.290815703570843 ] ] } },
{ "type": "Feature", "properties": { "name": "019e1da9-5ab5-775e-8a92-88c1d44eb799" }, "geometry": { "type": "LineString", "coordinates": [ [ 466200.634746870142408, 5538321.007402379997075 ], [ 466200.644443054567091, 5538352.898361843079329 ], [ 466200.669552661536727, 5538359.722939961589873 ] ] } },
{ "type": "Feature", "properties": { "name": "019e1da9-5ab5-775e-8a92-8e9cc3dcc017" }, "geometry": { "type": "LineString", "coordinates": [ [ 465936.479588348069228, 5540541.24732584413141 ], [ 465936.428322218882386, 5540495.663614968769252 ], [ 465936.438986610795837, 5540450.128436597064137 ], [ 465936.464022084372118, 5540404.598729545250535 ], [ 465936.470983748498838, 5540359.04245538637042 ], [ 465936.468723118305206, 5540313.499585767276585 ], [ 465936.453601088665891, 5540267.961248726584017 ], [ 465936.459979524137452, 5540222.422778243198991 ], [ 465936.439580264501274, 5540174.587323683314025 ] ] } },
{ "type": "Feature", "properties": { "name": "019e1da9-5ab5-775e-8a92-92544f2620a3" }, "geometry": { "type": "LineString", "coordinates": [ [ 465860.233677164593246, 5538603.679299655370414 ], [ 465860.217502629500814, 5538580.883558124303818 ] ] } },
{ "type": "Feature", "properties": { "name": "019e1da9-5ab5-775e-8a92-952ca19c5689" }, "geometry": { "type": "LineString", "coordinates": [ [ 466259.282555145444348, 5538666.896077260375023 ], [ 466259.298762101272587, 5538628.13906438741833 ], [ 466259.300017813278828, 5538582.565193071961403 ], [ 466259.248215487401467, 5538539.264347745105624 ], [ 466259.236028885643464, 5538532.431903711520135 ], [ 466259.207256389199756, 5538521.028613421134651 ] ] } },
{ "type": "Feature", "properties": { "name": "019e1da9-5ab5-775e-8a92-98ed78783626" }, "geometry": { "type": "LineString", "coordinates": [ [ 465923.885850590537302, 5540495.533234449103475 ], [ 465923.922753458144143, 5540541.094799964688718 ] ] } },
{ "type": "Feature", "properties": { "name": "019e1da9-5ab5-775e-8a92-9fccd57301f4" }, "geometry": { "type": "LineString", "coordinates": [ [ 465923.929168082308024, 5538305.29255048930645 ], [ 465923.881284227012657, 5538343.990842279978096 ], [ 465923.930027942638844, 5538389.545507371425629 ], [ 465923.930107620020863, 5538405.45655913837254 ], [ 465923.892433992819861, 5538453.313376902602613 ], [ 465923.905771704739891, 5538494.310663872398436 ], [ 465923.923035479732789, 5538496.57546108122915 ] ] } },
{ "type": "Feature", "properties": { "name": "019e1da9-5ab5-775e-8a92-a094f2999d99" }, "geometry": { "type": "LineString", "coordinates": [ [ 465891.71814711537445, 5539132.771402411162853 ], [ 465891.665926307498012, 5539173.774712361395359 ], [ 465891.72452046640683, 5539219.465026702731848 ], [ 465891.682482854754198, 5539267.358629049733281 ], [ 465891.720369860064238, 5539315.310656242072582 ], [ 465891.761719139118213, 5539363.24265107139945 ], [ 465891.686032490222715, 5539411.137590295635164 ], [ 465891.683734893042129, 5539459.077653336338699 ], [ 465891.724353653844446, 5539507.004104207269847 ], [ 465891.735758356866427, 5539525.233394121751189 ] ] } },
{ "type": "Feature", "properties": { "name": "019e1da9-5ab5-775e-8a92-a5d0e1fe974c" }, "geometry": { "type": "LineString", "coordinates": [ [ 465949.274560134042986, 5540572.102019879035652 ], [ 465949.270963790942915, 5540547.076798030175269 ] ] } },
{ "type": "Feature", "properties": { "name": "019e1da9-5ab5-775e-8a92-a9ff694a56ac" }, "geometry": { "type": "LineString", "coordinates": [ [ 465898.241643970774021, 5538300.028789907693863 ], [ 465898.232433659024537, 5538313.679440462961793 ] ] } },
{ "type": "Feature", "properties": { "name": "019e1da9-5ab5-775e-8a92-ae5ae795caaa" }, "geometry": { "type": "LineString", "coordinates": [ [ 465860.231593551812693, 5540079.015388328582048 ], [ 465860.278714556829073, 5540120.032583773136139 ], [ 465860.287460885418113, 5540165.596531032584608 ] ] } },
{ "type": "Feature", "properties": { "name": "019e1da9-5ab5-775e-8a92-b04c0c18716d" }, "geometry": { "type": "LineString", "coordinates": [ [ 465936.595566756965127, 5538716.85583286639303 ], [ 465936.576297614723444, 5538671.305405657738447 ], [ 465936.567280326446053, 5538625.78827307280153 ], [ 465936.584006721619517, 5538580.260973195545375 ], [ 465936.590068568533752, 5538571.176844515837729 ] ] } },
{ "type": "Feature", "properties": { "name": "019e1da9-5ab5-775e-8a92-b7ab1c6206a8" }, "geometry": { "type": "LineString", "coordinates": [ [ 465936.408340264344588, 5541135.129233540967107 ], [ 465936.404323783935979, 5541103.295900375582278 ], [ 465936.433008013293147, 5541080.546486682258546 ] ] } },
{ "type": "Feature", "properties": { "name": "019e1da9-5ab5-775e-8a92-b8d8ecde3368" }, "geometry": { "type": "LineString", "coordinates": [ [ 465885.361303651938215, 5538322.738678655587137 ], [ 465885.404485285282135, 5538311.390521851368248 ] ] } },
{ "type": "Feature", "properties": { "name": "019e1da9-5ab5-775e-8a92-be69bfae02ac" }, "geometry": { "type": "LineString", "coordinates": [ [ 465878.971312059729826, 5540475.907441444694996 ], [ 465878.97260107571492, 5540482.746651371009648 ] ] } },
{ "type": "Feature", "properties": { "name": "019e1da9-5ab5-775e-8a92-c365629b5695" }, "geometry": { "type": "LineString", "coordinates": [ [ 465923.745181520236656, 5540546.630904010497034 ], [ 465923.762366991781164, 5540589.879873055033386 ], [ 465923.686655373312533, 5540630.237416941672564 ], [ 465923.784937886055559, 5540662.131281418725848 ], [ 465923.764402160712052, 5540700.79952181968838 ], [ 465923.787437058868818, 5540741.811346361413598 ], [ 465923.743213865964208, 5540782.835832165554166 ], [ 465923.773962853476405, 5540823.81981572508812 ], [ 465923.751482726249378, 5540862.516987406648695 ], [ 465923.752186460071243, 5540901.254041917622089 ], [ 465923.771389361587353, 5540942.222540117800236 ], [ 465923.756179802527186, 5540985.43838547822088 ], [ 465923.749692780023906, 5541024.168821887113154 ], [ 465923.769316293415613, 5541051.46332539152354 ] ] } },
{ "type": "Feature", "properties": { "name": "019e1da9-5ab5-775e-8a92-c7d266324dc8" }, "geometry": { "type": "LineString", "coordinates": [ [ 465878.913738462259062, 5539123.517521132715046 ], [ 465878.938343124231324, 5539075.71410193759948 ], [ 465878.927173745178152, 5539027.918697279877961 ], [ 465878.937418544199318, 5538980.108705380931497 ], [ 465878.938496126793325, 5538932.32101312559098 ], [ 465878.930953014118131, 5538884.528931801207364 ], [ 465878.901356585149188, 5538836.761455906555057 ], [ 465878.884179152315482, 5538816.275096885859966 ] ] } },
{ "type": "Feature", "properties": { "name": "019e1da9-5ab5-775e-8a92-cac019312ecc" }, "geometry": { "type": "LineString", "coordinates": [ [ 465866.436613897269126, 5538394.621216174215078 ], [ 465866.448720146028791, 5538365.003896829672158 ] ] } },
{ "type": "Feature", "properties": { "name": "019e1da9-5ab5-775e-8a92-ce8f19fc0f17" }, "geometry": { "type": "LineString", "coordinates": [ [ 466226.644793048268184, 5538331.796632641926408 ], [ 466226.65045873937197, 5538340.887349706143141 ] ] } }
]
}
