{
"type": "FeatureCollection",
"name": "aircraft_a",
"crs": { "type": "name", "properties": { "name": "urn:ogc:def:crs:EPSG::32632" } },
"features": [
{ "type": "Feature", "properties": { "name": "01987c49-5783-76dc-ac6e-8407a7aa4b74" }, "geometry": { "type": "Polygon", "coordinates": [ [ [ 344292.566092157852836, 5683464.527022575028241 ], [ 344295.339747956197243, 5683464.311179591342807 ], [ 344289.219547509739641, 5683455.863699611276388 ], [ 344286.97255003801547, 5683449.871332938782871 ], [ 344289.096030164451804, 5683449.55000520311296 ], [ 344291.262748591776472, 5683449.069231951609254 ], [ 344294.283162041509058, 5683448.11757231131196 ], [ 344300.654298008186743, 5683453.528415825217962 ], [ 344302.157890152477194, 5683453.316402180120349 ], [ 344299.470293902733829, 5683446.685139402747154 ], [ 344301.963074970699381, 5683445.720250586979091 ], [ 344301.800750930909999, 5683444.684700197540224 ], [ 344299.137188183551189, 5683444.460197533480823 ], [ 344299.8503381034825, 5683437.340630328282714 ], [ 344298.347838610236067, 5683437.560253657400608 ], [ 344293.756576441635843, 5683444.54515974689275 ], [ 344290.590420911961701, 5683444.481813625432551 ], [ 344288.375964700768236, 5683444.630121961236 ], [ 344286.247863652766682, 5683444.919267819263041 ], [ 344286.717984353192151, 5683438.536757144145668 ], [ 344290.214019658975303, 5683428.708506661467254 ], [ 344287.49169181851903, 5683429.281817833893001 ], [ 344280.508383765642066, 5683440.299419460818172 ], [ 344276.387242296535987, 5683440.901814876124263 ], [ 344276.588040767295752, 5683442.275528699159622 ], [ 344279.439652332221158, 5683441.8367800982669 ], [ 344276.633684652508236, 5683446.412282976321876 ], [ 344271.180438206589315, 5683447.275163481943309 ], [ 344266.349332234764006, 5683448.419793607667089 ], [ 344264.217446508409921, 5683449.432948036119342 ], [ 344263.26427833235357, 5683450.186115426011384 ], [ 344262.895102863491047, 5683450.810073664411902 ], [ 344263.435588863561861, 5683451.284250571392477 ], [ 344264.562168869771995, 5683451.738792297430336 ], [ 344266.892997723829467, 5683452.111157070845366 ], [ 344271.850987493875436, 5683451.850196219049394 ], [ 344277.326705263112672, 5683451.143814953975379 ], [ 344281.306733038683888, 5683454.744934245944023 ], [ 344278.446879176597577, 5683455.12628024071455 ], [ 344278.640720200899523, 5683456.500993071123958 ], [ 344282.764858687936794, 5683455.919469990767539 ], [ 344292.566092157852836, 5683464.527022575028241 ] ] ] } },
{ "type": "Feature", "properties": { "name": "01987c49-57ad-76fd-bd66-e9aa8ece3ebb" }, "geometry": { "type": "Polygon", "coordinates": [ [ [ 344303.653016945114359, 5683518.736344391480088 ], [ 344306.426672743458766, 5683518.520501407794654 ], [ 344300.306472297001164, 5683510.073021427728236 ], [ 344298.059474825276993, 5683504.080654755234718 ], [ 344300.182954951713327, 5683503.759327019564807 ], [ 344302.349673379037995, 5683503.278553768061101 ], [ 344305.370086828770582, 5683502.326894127763808 ], [ 344311.741222795448266, 5683507.73773764166981 ], [ 344313.244814939738717, 5683507.525723996572196 ], [ 344310.557218689995352, 5683500.894461219199002 ], [ 344313.049999757960904, 5683499.929572403430939 ], [ 344312.887675718171522, 5683498.894022013992071 ], [ 344310.224112970812712, 5683498.669519349932671 ], [ 344310.937262890744023, 5683491.549952144734561 ], [ 344309.434763397497591, 5683491.769575473852456 ], [ 344304.843501228897367, 5683498.754481563344598 ], [ 344301.677345699223224, 5683498.691135441884398 ], [ 344299.462889488029759, 5683498.839443777687848 ], [ 344297.334788440028206, 5683499.128589635714889 ], [ 344297.804909140453674, 5683492.746078960597515 ], [ 344301.300944446236826, 5683482.917828477919102 ], [ 344298.578616605780553, 5683483.491139650344849 ], [ 344291.595308552903589, 5683494.508741277270019 ], [ 344287.474167083797511, 5683495.11113669257611 ], [ 344287.674965554557275, 5683496.48485051561147 ], [ 344290.526577119482681, 5683496.046101914718747 ], [ 344287.72060943976976, 5683500.621604792773724 ], [ 344282.267362993850838, 5683501.484485298395157 ], [ 344277.436257022025529, 5683502.629115424118936 ], [ 344275.304371295671444, 5683503.642269852571189 ], [ 344274.351203119615093, 5683504.395437242463231 ], [ 344273.98202765075257, 5683505.01939548086375 ], [ 344274.522513650823385, 5683505.493572387844324 ], [ 344275.649093657033518, 5683505.948114113882184 ], [ 344277.97992251109099, 5683506.320478887297213 ], [ 344282.93791228113696, 5683506.059518035501242 ], [ 344288.413630050374195, 5683505.353136770427227 ], [ 344292.393657825945411, 5683508.954256062395871 ], [ 344289.5338039638591, 5683509.335602057166398 ], [ 344289.727644988161046, 5683510.710314887575805 ], [ 344293.851783475198317, 5683510.128791807219386 ], [ 344303.653016945114359, 5683518.736344391480088 ] ] ] } },
{ "type": "Feature", "properties": { "name": "01987c49-57d5-71b4-b466-11bfeafa178e" }, "geometry": { "type": "Polygon", "coordinates": [ [ [ 344313.627650687820278, 5683575.60523974802345 ], [ 344316.401306486164685, 5683575.389396764338017 ], [ 344310.281106039707083, 5683566.941916784271598 ], [ 344308.034108567982912, 5683560.94955011177808 ], [ 344310.157588694419246, 5683560.62822237610817 ], [ 344312.324307121743914, 5683560.147449124604464 ], [ 344315.3447205714765, 5683559.19578948430717 ], [ 344321.715856538154185, 5683564.606632998213172 ], [ 344323.219448682444636, 5683564.394619353115559 ], [ 344320.531852432701271, 5683557.763356575742364 ], [ 344323.024633500666823, 5683556.798467759974301 ], [ 344322.862309460877441, 5683555.762917370535433 ], [ 344320.198746713518631, 5683555.538414706476033 ], [ 344320.911896633449942, 5683548.418847501277924 ], [ 344319.409397140203509, 5683548.638470830395818 ], [ 344314.818134971603286, 5683555.62337691988796 ], [ 344311.651979441929143, 5683555.560030798427761 ], [ 344309.437523230735678, 5683555.70833913423121 ], [ 344307.309422182734124, 5683555.997484992258251 ], [ 344307.779542883159593, 5683549.614974317140877 ], [ 344311.275578188942745, 5683539.786723834462464 ], [ 344308.553250348486472, 5683540.360035006888211 ], [ 344301.569942295609508, 5683551.377636633813381 ], [ 344297.44880082650343, 5683551.980032049119473 ], [ 344297.649599297263194, 5683553.353745872154832 ], [ 344300.5012108621886, 5683552.914997271262109 ], [ 344297.695243182475679, 5683557.490500149317086 ], [ 344292.241996736556757, 5683558.353380654938519 ], [ 344287.410890764731448, 5683559.498010780662298 ], [ 344285.279005038377363, 5683560.511165209114552 ], [ 344284.325836862321012, 5683561.264332599006593 ], [ 344283.956661393458489, 5683561.888290837407112 ], [ 344284.497147393529303, 5683562.362467744387686 ], [ 344285.623727399739437, 5683562.817009470425546 ], [ 344287.954556253796909, 5683563.189374243840575 ], [ 344292.912546023842879, 5683562.928413392044604 ], [ 344298.388263793080114, 5683562.222032126970589 ], [ 344302.36829156865133, 5683565.823151418939233 ], [ 344299.508437706565019, 5683566.20449741370976 ], [ 344299.702278730866965, 5683567.579210244119167 ], [ 344303.826417217904236, 5683566.997687163762748 ], [ 344313.627650687820278, 5683575.60523974802345 ] ] ] } },
{ "type": "Feature", "properties": { "name": "01987c49-57f0-733b-97d7-d031d0f4ad35" }, "geometry": { "type": "Polygon", "coordinates": [ [ [ 344295.013887176115531, 5683639.381146235391498 ], [ 344296.879429875698406, 5683641.445003090426326 ], [ 344299.827411142003257, 5683631.438696179538965 ], [ 344303.198312668886501, 5683625.998615402728319 ], [ 344304.750111101020593, 5683627.483317725360394 ], [ 344306.454550968308467, 5683628.904829736799002 ], [ 344309.053361132566351, 5683630.714453789405525 ], [ 344308.662619004782755, 5683639.064059864729643 ], [ 344309.7491354381782, 5683640.124824289232492 ], [ 344313.3566111678374, 5683633.945589831098914 ], [ 344315.64351652917685, 5683635.329436551779509 ], [ 344316.364120571699459, 5683634.568224679678679 ], [ 344314.914438361127395, 5683632.322475485503674 ], [ 344320.986293201160152, 5683628.537056250497699 ], [ 344319.894420241762418, 5683627.481806244701147 ], [ 344311.559684822161216, 5683628.114883539266884 ], [ 344309.675346163858194, 5683625.569727081805468 ], [ 344308.204931283195037, 5683623.907291593030095 ], [ 344306.675785953935701, 5683622.399268398061395 ], [ 344312.015669829968829, 5683618.871791085228324 ], [ 344321.932136522431392, 5683615.634437423199415 ], [ 344319.814968821418006, 5683613.829622890800238 ], [ 344306.826280209061224, 5683615.032995276153088 ], [ 344303.831428663630504, 5683612.138595258817077 ], [ 344302.866628655989189, 5683613.13687910605222 ], [ 344304.956262280058581, 5683615.126255936920643 ], [ 344299.619699915696401, 5683615.700523594394326 ], [ 344295.604736801062245, 5683611.910730625502765 ], [ 344291.746850588184316, 5683608.785594306886196 ], [ 344289.642239332024474, 5683607.716936221346259 ], [ 344288.463627349410672, 5683607.422547901049256 ], [ 344287.744115459558088, 5683607.511525711975992 ], [ 344287.698969409626443, 5683608.229112423956394 ], [ 344288.027464276936371, 5683609.398677220568061 ], [ 344289.156796333205421, 5683611.471363347023726 ], [ 344292.392659945238847, 5683615.236857976764441 ], [ 344296.297461863432545, 5683619.14005942735821 ], [ 344295.878427687857766, 5683624.491049205884337 ], [ 344293.829200262960512, 5683622.460075094364583 ], [ 344292.859358480956871, 5683623.453461537137628 ], [ 344295.839517813001294, 5683626.362986877560616 ], [ 344295.013887176115531, 5683639.381146235391498 ] ] ] } },
{ "type": "Feature", "properties": { "name": "01987c49-57f2-71ed-9639-1863453519d8" }, "geometry": { "type": "Polygon", "coordinates": [ [ [ 344252.374092575279064, 5683650.680021070875227 ], [ 344254.00970615335973, 5683652.413010495714843 ], [ 344256.349716290074866, 5683643.78974121529609 ], [ 344259.136087372084148, 5683639.06896782014519 ], [ 344260.492347114428412, 5683640.311782355420291 ], [ 344261.978156439377926, 5683641.497669364325702 ], [ 344264.237016997823957, 5683642.999426120892167 ], [ 344264.056355502747465, 5683650.156826785765588 ], [ 344265.006353777425829, 5683651.045180471614003 ], [ 344267.981686883955263, 5683645.687069868668914 ], [ 344269.965596821682993, 5683646.829962587915361 ], [ 344270.568651722860523, 5683646.164811219088733 ], [ 344269.285807067179121, 5683644.268390364944935 ], [ 344274.415651909657754, 5683640.914788048714399 ], [ 344273.461168242443819, 5683640.031255408190191 ], [ 344266.335379388590809, 5683640.727068831212819 ], [ 344264.674795606813859, 5683638.582264423370361 ], [ 344263.384951710060704, 5683637.185747297480702 ], [ 344262.047660988988355, 5683635.922544221393764 ], [ 344266.555437500472181, 5683632.803326978348196 ], [ 344274.987726044433657, 5683629.848173920996487 ], [ 344273.141409319709055, 5683628.341655219905078 ], [ 344262.040716714167502, 5683629.611651740036905 ], [ 344259.422704370168503, 5683627.188247920013964 ], [ 344258.614903095469344, 5683628.060918700881302 ], [ 344260.441043959057424, 5683629.725995243526995 ], [ 344255.881660194543656, 5683630.316166282631457 ], [ 344252.373564607521985, 5683627.144800474867225 ], [ 344249.012237050454132, 5683624.539718058891594 ], [ 344247.19024639466079, 5683623.663376380689442 ], [ 344246.175512510293629, 5683623.433007944375277 ], [ 344245.560998143220786, 5683623.522470656782389 ], [ 344245.535568213963415, 5683624.137809387408197 ], [ 344245.838439800485503, 5683625.133310906589031 ], [ 344246.8437612237758, 5683626.887435629963875 ], [ 344249.68422591406852, 5683630.052358653396368 ], [ 344253.100075855210889, 5683633.322873129509389 ], [ 344252.839897580852266, 5683637.912926447577775 ], [ 344251.047591643291526, 5683636.211483004502952 ], [ 344250.235382539627608, 5683637.08005284704268 ], [ 344252.841092069866136, 5683639.516680152155459 ], [ 344252.374092575279064, 5683650.680021070875227 ] ] ] } },
{ "type": "Feature", "properties": { "name": "01987c49-57f5-766b-9023-e0033a911ac2" }, "geometry": { "type": "Polygon", "coordinates": [ [ [ 343908.857232377049513, 5683219.345164669677615 ], [ 343910.8415351069998, 5683220.810214919038117 ], [ 343904.139249174681026, 5683229.301387667655945 ], [ 343905.646451841050293, 5683230.062720976769924 ], [ 343916.959244165336713, 5683225.67054305691272 ], [ 343921.856131089036353, 5683228.691680314950645 ], [ 343928.184452754270751, 5683232.212410939857364 ], [ 343936.395574416441377, 5683236.505029773339629 ], [ 343929.586145048320759, 5683244.659058292396367 ], [ 343914.321664199931547, 5683254.385787794366479 ], [ 343917.284427161968779, 5683255.616246212273836 ], [ 343926.51759006944485, 5683251.758800679817796 ], [ 343931.850708951300476, 5683254.49351448379457 ], [ 343932.770401472575031, 5683252.699970485642552 ], [ 343929.028822651132941, 5683250.816758591681719 ], [ 343936.954441212757956, 5683247.567114857025445 ], [ 343942.264914990169927, 5683250.290216716937721 ], [ 343943.184607511444483, 5683248.496672718785703 ], [ 343939.443028690002393, 5683246.61346082482487 ], [ 343948.441001248313114, 5683242.924132992513478 ], [ 343956.345804041600786, 5683246.619056128896773 ], [ 343963.446279080235399, 5683249.057267646305263 ], [ 343966.299994622531813, 5683249.636084380559623 ], [ 343967.392445641104132, 5683249.629331604577601 ], [ 343967.924785594048444, 5683249.391897429712117 ], [ 343967.808727137569804, 5683248.824826957657933 ], [ 343967.178214803629089, 5683247.932666855864227 ], [ 343965.04622671456309, 5683245.949398811906576 ], [ 343958.930061581719201, 5683241.595760277472436 ], [ 343951.323851236957125, 5683237.319786565378308 ], [ 343949.08506228151964, 5683227.856040474027395 ], [ 343952.794497757626232, 5683229.801802489906549 ], [ 343953.717331115272827, 5683228.009872354567051 ], [ 343948.411635946948081, 5683225.277470870874822 ], [ 343946.439659700670745, 5683216.941589172929525 ], [ 343950.149094934167806, 5683218.887350922450423 ], [ 343951.07192816369934, 5683217.095420905388892 ], [ 343945.743608616350684, 5683214.351368200965226 ], [ 343943.504586270079017, 5683204.59852528013289 ], [ 343940.779289856436662, 5683202.905968333594501 ], [ 343941.757539818412624, 5683220.979612515307963 ], [ 343939.092132381570991, 5683231.263197153806686 ], [ 343930.821628339297604, 5683227.086133836768568 ], [ 343924.274843817460351, 5683223.990523116663098 ], [ 343918.967610857624095, 5683221.767902227118611 ], [ 343915.952643180557061, 5683210.012885446660221 ], [ 343914.456171257363167, 5683209.230671367608011 ], [ 343911.454267791821621, 5683219.623417997732759 ], [ 343909.107873828848824, 5683218.862982029095292 ], [ 343908.857232377049513, 5683219.345164669677615 ] ] ] } },
{ "type": "Feature", "properties": { "name": "01987c49-5814-7229-9788-5f4fd42eeaec" }, "geometry": { "type": "Polygon", "coordinates": [ [ [ 344149.151597197516821, 5683527.506942074745893 ], [ 344145.40896729961969, 5683527.767450021579862 ], [ 344153.568950274959207, 5683539.226227769628167 ], [ 344156.532996182097122, 5683547.3316381406039 ], [ 344153.6659608441405, 5683547.741553742438555 ], [ 344150.738862564205192, 5683548.366004005074501 ], [ 344146.655376246664673, 5683549.616036426275969 ], [ 344138.123557233950123, 5683542.249373836442828 ], [ 344136.093639976461418, 5683542.51870895549655 ], [ 344139.644791665370576, 5683551.490519132465124 ], [ 344136.272667568875477, 5683552.764203378930688 ], [ 344136.480152601725422, 5683554.162422770634294 ], [ 344140.069472080329433, 5683554.494504546746612 ], [ 344139.029366202536039, 5683564.087326686829329 ], [ 344141.057893853867427, 5683563.807717932388186 ], [ 344147.326118982164189, 5683554.4392064306885 ], [ 344151.594956017332152, 5683554.559506477788091 ], [ 344154.582765882485546, 5683554.383908312767744 ], [ 344157.455677978694439, 5683554.017440615221858 ], [ 344156.751414417405613, 5683562.619025254622102 ], [ 344151.928771527251229, 5683575.833828434348106 ], [ 344155.606123958597891, 5683575.090712126344442 ], [ 344165.144427520222962, 5683560.310494389384985 ], [ 344170.708389087230898, 5683559.543567527085543 ], [ 344170.452746802940965, 5683557.68891366943717 ], [ 344166.602538664243184, 5683558.249149264767766 ], [ 344170.436766817467287, 5683552.110031524673104 ], [ 344177.799930556677282, 5683551.006517091766 ], [ 344184.327246702974662, 5683549.516212109476328 ], [ 344187.213238075142726, 5683548.1734664645046 ], [ 344188.506874450598843, 5683547.168326480314136 ], [ 344189.011578067205846, 5683546.330990727990866 ], [ 344188.287960637826473, 5683545.685613058507442 ], [ 344186.773783932672814, 5683545.0602568667382 ], [ 344183.634782236767933, 5683544.532449640333652 ], [ 344176.946098813554272, 5683544.829736078158021 ], [ 344169.554356667678803, 5683545.72196501865983 ], [ 344164.226991614210419, 5683540.822041161358356 ], [ 344168.08768207533285, 5683540.339303309097886 ], [ 344167.841432853951119, 5683538.483378943055868 ], [ 344162.2736597629264, 5683539.222126619890332 ], [ 344149.151597197516821, 5683527.506942074745893 ] ] ] } },
{ "type": "Feature", "properties": { "name": "01987c49-5839-778a-9abb-489b256b3298" }, "geometry": { "type": "Polygon", "coordinates": [ [ [ 344143.568653398891911, 5683485.536035139113665 ], [ 344140.818081045348663, 5683485.760502342134714 ], [ 344146.920671275292989, 5683494.117278948426247 ], [ 344149.171998991630971, 5683500.053125118836761 ], [ 344147.066774155071471, 5683500.379801857285202 ], [ 344144.919253727188334, 5683500.86480494402349 ], [ 344141.926653431379236, 5683501.820100367069244 ], [ 344135.58648303267546, 5683496.476507698185742 ], [ 344134.095759153075051, 5683496.692433446645737 ], [ 344136.786532719794195, 5683503.260398892685771 ], [ 344134.317376377177425, 5683504.226846869103611 ], [ 344134.482263780897483, 5683505.253473760560155 ], [ 344137.125271736760624, 5683505.466226570308208 ], [ 344136.444436705089174, 5683512.531274093315005 ], [ 344137.934048289840575, 5683512.307803858071566 ], [ 344142.462350278452504, 5683505.361853618174791 ], [ 344145.603312482067849, 5683505.412867397069931 ], [ 344147.799428818980232, 5683505.257480666041374 ], [ 344149.909357640310191, 5683504.96271007321775 ], [ 344149.466847433708608, 5683511.295713389292359 ], [ 344146.035593750479165, 5683521.058080918155611 ], [ 344148.733915487711783, 5683520.479208310134709 ], [ 344155.61999142554123, 5683509.52401952072978 ], [ 344159.705783207551576, 5683508.911072595976293 ], [ 344159.5014675683924, 5683507.549142000265419 ], [ 344156.674397980445065, 5683507.995015608146787 ], [ 344159.440742159844376, 5683503.445783698931336 ], [ 344164.846966990735382, 5683502.569469284266233 ], [ 344169.634996094158851, 5683501.415991498157382 ], [ 344171.745975488913245, 5683500.403013283386827 ], [ 344172.688675424898975, 5683499.65233570151031 ], [ 344173.052555671369191, 5683499.032010328955948 ], [ 344172.514639991568401, 5683498.563660277985036 ], [ 344171.39541101368377, 5683498.116976386867464 ], [ 344169.08191233384423, 5683497.756306519731879 ], [ 344164.16471859824378, 5683498.033686302602291 ], [ 344158.735618501610588, 5683498.754842361435294 ], [ 344154.774109584512189, 5683495.197509340010583 ], [ 344157.609569629887119, 5683494.808546513319016 ], [ 344157.412151824508328, 5683493.445598954334855 ], [ 344153.323309151805006, 5683494.037852380424738 ], [ 344143.568653398891911, 5683485.536035139113665 ] ] ] } },
{ "type": "Feature", "properties": { "name": "01987c49-5853-7230-9ac1-c30ab30fd459" }, "geometry": { "type": "Polygon", "coordinates": [ [ [ 344134.506338472594507, 5683436.004215950146317 ], [ 344131.012705242610537, 5683436.289322458207607 ], [ 344138.763896367920097, 5683446.903663291595876 ], [ 344141.623415155452676, 5683454.443064828403294 ], [ 344138.949468609003816, 5683454.857992546632886 ], [ 344136.221800413215533, 5683455.47401811555028 ], [ 344132.420755941828247, 5683456.687384428456426 ], [ 344124.367802904511336, 5683449.900232331827283 ], [ 344122.47436335333623, 5683450.174489931203425 ], [ 344125.892043290019501, 5683458.516776330769062 ], [ 344122.755849967419636, 5683459.744308033958077 ], [ 344122.965281328884885, 5683461.048275848850608 ], [ 344126.322291883407161, 5683461.318503347225487 ], [ 344125.457530813640915, 5683470.292157418094575 ], [ 344127.349557586014271, 5683470.008317206054926 ], [ 344133.101170075882692, 5683461.185934279114008 ], [ 344137.09065608761739, 5683461.250729314982891 ], [ 344139.880048266961239, 5683461.053365211002529 ], [ 344142.559969569032546, 5683460.678963012062013 ], [ 344141.997916234773584, 5683468.722812795080245 ], [ 344137.639717159268912, 5683481.122461747378111 ], [ 344141.066984387580305, 5683480.387208019383252 ], [ 344149.813318105996586, 5683466.472499850206077 ], [ 344155.002877261606045, 5683465.693966705352068 ], [ 344154.743366216425784, 5683463.964113651774824 ], [ 344151.152570197824389, 5683464.53043900243938 ], [ 344154.666235976619646, 5683458.752242421731353 ], [ 344161.532940171367954, 5683457.639193656854331 ], [ 344167.614444466424175, 5683456.174106465652585 ], [ 344170.295700151938945, 5683454.887474486604333 ], [ 344171.493068335345015, 5683453.934003059752285 ], [ 344171.955250004248228, 5683453.1460981965065 ], [ 344171.272017624811269, 5683452.551224442198873 ], [ 344169.85043147963006, 5683451.983869912102818 ], [ 344166.911946383945178, 5683451.525765899568796 ], [ 344160.666383924602997, 5683451.878079201094806 ], [ 344153.770624762983061, 5683452.794053931720555 ], [ 344148.738923206110485, 5683448.275715471245348 ], [ 344152.340376345149707, 5683447.781675219535828 ], [ 344152.089626567845698, 5683446.050530472770333 ], [ 344146.896192330343183, 5683446.802779817022383 ], [ 344134.506338472594507, 5683436.004215950146317 ] ] ] } },
{ "type": "Feature", "properties": { "name": "01987c49-5856-74e8-80eb-a469a1691f94" }, "geometry": { "type": "Polygon", "coordinates": [ [ [ 344132.387869793688878, 5683394.30968532897532 ], [ 344129.576278025691863, 5683394.539132170379162 ], [ 344135.814249708899297, 5683403.081297689117491 ], [ 344138.115521466534119, 5683409.148826219141483 ], [ 344135.963593773136381, 5683409.482750039547682 ], [ 344133.768432191922329, 5683409.97851256094873 ], [ 344130.709443270636257, 5683410.955000506713986 ], [ 344124.228620878129732, 5683405.492864185012877 ], [ 344122.704826391185634, 5683405.713580085895956 ], [ 344125.455292780534364, 5683412.427250990644097 ], [ 344122.931360029615462, 5683413.415138901211321 ], [ 344123.099905338487588, 5683414.464540751650929 ], [ 344125.801546472241171, 5683414.6820133253932 ], [ 344125.105607618577778, 5683421.903793704696 ], [ 344126.628265135281254, 5683421.675365947186947 ], [ 344131.257024156278931, 5683414.57532493583858 ], [ 344134.467666284646839, 5683414.627470417879522 ], [ 344136.712501839210745, 5683414.468636547215283 ], [ 344138.869237871782389, 5683414.167326686903834 ], [ 344138.41691090335371, 5683420.640823000110686 ], [ 344134.909537393483333, 5683430.619761436246336 ], [ 344137.667719403863885, 5683430.028046967461705 ], [ 344144.706557846337091, 5683418.829825412482023 ], [ 344148.882989898906089, 5683418.203280713409185 ], [ 344148.674141668365337, 5683416.81113669462502 ], [ 344145.784355631272774, 5683417.266901678405702 ], [ 344148.612069111492019, 5683412.616748422384262 ], [ 344154.13822704408085, 5683411.720993619412184 ], [ 344159.032475033949595, 5683410.541926781646907 ], [ 344161.190284946176689, 5683409.506476393900812 ], [ 344162.153897983429488, 5683408.739145584404469 ], [ 344162.525850644160528, 5683408.105058752000332 ], [ 344161.976001702598296, 5683407.626318701542914 ], [ 344160.831943457189482, 5683407.169725458137691 ], [ 344158.467121519206557, 5683406.801054397597909 ], [ 344153.440843475284055, 5683407.084587645716965 ], [ 344147.891302806092426, 5683407.821742018684745 ], [ 344143.841910741932224, 5683404.185492193326354 ], [ 344146.740273372502998, 5683403.787900513969362 ], [ 344146.538475999026559, 5683402.394716971553862 ], [ 344142.358925374050159, 5683403.000109101645648 ], [ 344132.387869793688878, 5683394.30968532897532 ] ] ] } },
{ "type": "Feature", "properties": { "name": "01987c49-5858-7104-b475-8b67772157c6" }, "geometry": { "type": "Polygon", "coordinates": [ [ [ 344136.266348349978216, 5683348.838206711225212 ], [ 344133.508334921207279, 5683348.676725544966757 ], [ 344138.391246070794296, 5683357.812863650731742 ], [ 344139.794331237091683, 5683364.011441578157246 ], [ 344137.661789629608393, 5683364.041376809589565 ], [ 344135.465216464945115, 5683364.22235815692693 ], [ 344132.365249249909539, 5683364.751567304134369 ], [ 344126.826161343604326, 5683358.569267831742764 ], [ 344125.318243693909608, 5683358.575202678330243 ], [ 344127.068708879989572, 5683365.461757817305624 ], [ 344124.486081142502371, 5683366.075098901987076 ], [ 344124.506212088628672, 5683367.11582618765533 ], [ 344127.09655676886905, 5683367.695712237618864 ], [ 344125.435308777494356, 5683374.604331890121102 ], [ 344126.943177056498826, 5683374.590762815438211 ], [ 344132.401839732425287, 5683368.337337854318321 ], [ 344135.508392450748943, 5683368.826407747343183 ], [ 344137.707122694700956, 5683368.978963473811746 ], [ 344139.839873109187465, 5683368.981313905678689 ], [ 344138.517077718104701, 5683375.19752084184438 ], [ 344133.752741895965301, 5683384.396050279028714 ], [ 344136.508436005853582, 5683384.19891045987606 ], [ 344144.864105566812214, 5683374.300238854251802 ], [ 344148.999972851830535, 5683374.263020829297602 ], [ 344148.98756684619002, 5683372.884398399852216 ], [ 344146.122810952190775, 5683372.931720609776676 ], [ 344149.50022522668587, 5683368.808211019262671 ], [ 344154.98182194418041, 5683368.694254825823009 ], [ 344159.889287467987742, 5683368.21923891082406 ], [ 344162.12334591022227, 5683367.50976793281734 ], [ 344163.16265559149906, 5683366.897219193167984 ], [ 344163.60997613449581, 5683366.33308311086148 ], [ 344163.142118480231147, 5683365.793705305084586 ], [ 344162.094973041384947, 5683365.194650212302804 ], [ 344159.851925180642866, 5683364.51413385476917 ], [ 344154.93872629647376, 5683364.102630766108632 ], [ 344149.456114188942593, 5683364.059583026915789 ], [ 344146.025648977025412, 5683359.980101809836924 ], [ 344148.890777309832629, 5683359.990367323160172 ], [ 344148.885351186734624, 5683358.611699749715626 ], [ 344144.749348466924857, 5683358.627978128381073 ], [ 344136.266348349978216, 5683348.838206711225212 ] ] ] } },
{ "type": "Feature", "properties": { "name": "01987c49-585a-77d9-899e-2a929d1fd79d" }, "geometry": { "type": "Polygon", "coordinates": [ [ [ 344060.556224192201626, 5683366.689968843013048 ], [ 344061.58886428468395, 5683368.785709707066417 ], [ 344066.269370026362594, 5683361.380570829845965 ], [ 344070.242240970081184, 5683357.760955805890262 ], [ 344071.154536413669121, 5683359.316794401034713 ], [ 344072.204647246049717, 5683360.856665956787765 ], [ 344073.887998674763367, 5683362.915544922463596 ], [ 344071.653772020770703, 5683369.570105962455273 ], [ 344072.287652740138583, 5683370.676596688106656 ], [ 344076.621460945345461, 5683366.514295428991318 ], [ 344078.150709895126056, 5683368.157584378495812 ], [ 344078.907688160368707, 5683367.708303135819733 ], [ 344078.252753010485321, 5683365.561197892762721 ], [ 344084.027088860573713, 5683363.898762612603605 ], [ 344083.387614309671335, 5683362.795495285652578 ], [ 344076.509807512105908, 5683361.391670054756105 ], [ 344075.572580095438752, 5683358.902843127027154 ], [ 344074.766862018441316, 5683357.222142214886844 ], [ 344073.87822325900197, 5683355.652671637944877 ], [ 344079.002042720094323, 5683354.030392193235457 ], [ 344087.755905418889597, 5683353.694084557704628 ], [ 344086.4604928320623, 5683351.749764241278172 ], [ 344075.692436746903695, 5683349.737187120132148 ], [ 344073.938449409615714, 5683346.711082443594933 ], [ 344072.929747849644627, 5683347.295744887553155 ], [ 344074.160510456131306, 5683349.38281746674329 ], [ 344069.717974613537081, 5683348.620421644300222 ], [ 344067.345744973223191, 5683344.636662905104458 ], [ 344064.947665772924665, 5683341.225870614871383 ], [ 344063.493238519236911, 5683339.879061805084348 ], [ 344062.608867077913601, 5683339.370444972999394 ], [ 344062.007239705882967, 5683339.276983892545104 ], [ 344061.80588320462266, 5683339.846236681565642 ], [ 344061.802475667966064, 5683340.866428975947201 ], [ 344062.238416928099468, 5683342.800132118165493 ], [ 344063.986916696128901, 5683346.585239318199456 ], [ 344066.244104781246278, 5683350.635289829224348 ], [ 344064.676059795485344, 5683354.861234346404672 ], [ 344063.487493463093415, 5683352.749846499413252 ], [ 344062.47584478429053, 5683353.329394572414458 ], [ 344064.214489010220859, 5683356.364340604282916 ], [ 344060.556224192201626, 5683366.689968843013048 ] ] ] } },
{ "type": "Feature", "properties": { "name": "01987c49-585b-70ca-bef7-47427a9d37a8" }, "geometry": { "type": "Polygon", "coordinates": [ [ [ 344016.970046482747421, 5683408.111395270563662 ], [ 344017.936032219440676, 5683411.771930101327598 ], [ 344027.751170299365185, 5683401.516575614921749 ], [ 344035.224952842108905, 5683397.045728958211839 ], [ 344036.1734532705741, 5683399.810095801018178 ], [ 344037.345964843872935, 5683402.593428385443985 ], [ 344039.357253659982234, 5683406.404702144674957 ], [ 344033.66865154390689, 5683416.254777259193361 ], [ 344034.319498559576459, 5683418.215954282321036 ], [ 344042.541054068831727, 5683412.999308471567929 ], [ 344044.441262618056498, 5683416.100987407378852 ], [ 344045.787979481159709, 5683415.630907331593335 ], [ 344045.438377495855093, 5683412.010274329222739 ], [ 344055.143743047723547, 5683411.227172390557826 ], [ 344054.482975301682018, 5683409.269315616227686 ], [ 344044.011271091876552, 5683404.827740968205035 ], [ 344043.323242633021437, 5683400.573600933887064 ], [ 344042.584164696396329, 5683397.645207605324686 ], [ 344041.677619698341005, 5683394.866799189709127 ], [ 344050.336932383594103, 5683393.938252388499677 ], [ 344064.347816287423484, 5683396.219559307210147 ], [ 344062.915800210204907, 5683392.714994645677507 ], [ 344046.461462402483448, 5683386.055426557548344 ], [ 344044.649070876883343, 5683380.685305106453598 ], [ 344042.859030391671695, 5683381.289435611106455 ], [ 344044.142458485555835, 5683384.99992395658046 ], [ 344037.332108836155385, 5683382.360289261676371 ], [ 344034.845837966538966, 5683375.270400024019182 ], [ 344032.134235378820449, 5683369.08217158075422 ], [ 344030.257503060740419, 5683366.475421049632132 ], [ 344029.01654269953724, 5683365.383213090710342 ], [ 344028.091108431573957, 5683365.041284075938165 ], [ 344027.588234275579453, 5683365.88060022611171 ], [ 344027.254707420361228, 5683367.499754537828267 ], [ 344027.325141978333704, 5683370.711033339612186 ], [ 344028.88470724481158, 5683377.284823431633413 ], [ 344031.166950463782996, 5683384.442996260710061 ], [ 344027.317459171754308, 5683390.650246099568903 ], [ 344026.108866704045795, 5683386.914711902849376 ], [ 344024.315790548571385, 5683387.509772005490959 ], [ 344026.100970868952572, 5683392.889000465162098 ], [ 344016.970046482747421, 5683408.111395270563662 ] ] ] } },
{ "type": "Feature", "properties": { "name": "01987c49-585e-72ca-8ba5-0a4f63384270" }, "geometry": { "type": "Polygon", "coordinates": [ [ [ 343985.773419065866619, 5683451.312152734026313 ], [ 343985.856367242056876, 5683448.847005849704146 ], [ 343996.65053105307743, 5683449.558819710277021 ], [ 343996.423926075454801, 5683447.885518043302 ], [ 343986.39514870615676, 5683441.052208337932825 ], [ 343986.110115289222449, 5683435.305424208752811 ], [ 343985.425729740876704, 5683428.096068089827895 ], [ 343984.310630986932665, 5683418.897935116663575 ], [ 343994.887690654490143, 5683419.889054792001843 ], [ 344011.551121855620295, 5683426.95614068210125 ], [ 344010.886389640625566, 5683423.817650062963367 ], [ 344002.476509999949485, 5683418.395002394914627 ], [ 344001.708301675971597, 5683412.451041378080845 ], [ 343999.709329619538039, 5683412.709392154589295 ], [ 344000.27744877198711, 5683416.859469232149422 ], [ 343993.10922944964841, 5683412.169880153611302 ], [ 343992.344283035490662, 5683406.251157954335213 ], [ 343990.345310979988426, 5683406.509508732706308 ], [ 343990.913430132437497, 5683410.659585809335113 ], [ 343982.775334631558508, 5683405.335484793409705 ], [ 343981.341283989604563, 5683396.728402654640377 ], [ 343979.327408772427589, 5683389.496118935756385 ], [ 343978.1875029229559, 5683386.816690664738417 ], [ 343977.562978834379464, 5683385.920328856445849 ], [ 343977.065718691330403, 5683385.616201969794929 ], [ 343976.664204670581967, 5683386.033125196583569 ], [ 343976.286293107550591, 5683387.058151196688414 ], [ 343975.860005018766969, 5683389.938603212125599 ], [ 343975.737864813301712, 5683397.445048855617642 ], [ 343976.523949251044542, 5683406.135299613699317 ], [ 343969.994202574249357, 5683413.342037739232183 ], [ 343969.49583693081513, 5683409.183007436804473 ], [ 343967.496415177825838, 5683409.437855761498213 ], [ 343968.250991172622889, 5683415.357909321784973 ], [ 343962.499442705418915, 5683421.705767560750246 ], [ 343962.001076980028301, 5683417.546737608499825 ], [ 343960.001655396539718, 5683417.801585972309113 ], [ 343960.759449194651097, 5683423.746883525513113 ], [ 343953.991616809275001, 5683431.117610144428909 ], [ 343954.141032841522247, 5683434.322241856716573 ], [ 343968.479594627860934, 5683423.276010242290795 ], [ 343978.463508827146143, 5683419.645863262936473 ], [ 343979.70747099397704, 5683428.827456435188651 ], [ 343980.865934972185642, 5683435.975963588804007 ], [ 343982.041445259470493, 5683441.608453346416354 ], [ 343974.063440968748182, 5683450.75295427069068 ], [ 343974.266760224010795, 5683452.429244330152869 ], [ 343984.531276284251362, 5683449.014523701742291 ], [ 343985.234088803175837, 5683451.378816842101514 ], [ 343985.773419065866619, 5683451.312152734026313 ] ] ] } },
{ "type": "Feature", "properties": { "name": "01987c49-585f-77be-8323-749db588092a" }, "geometry": { "type": "Polygon", "coordinates": [ [ [ 343903.494201822672039, 5683395.898351139388978 ], [ 343902.216871125914622, 5683399.555845480412245 ], [ 343916.413992366869934, 5683396.480473238043487 ], [ 343925.312587699736468, 5683396.969557967036963 ], [ 343924.533695357735269, 5683399.857061130926013 ], [ 343923.933908699662425, 5683402.888946732506156 ], [ 343923.456692271167412, 5683407.272953340783715 ], [ 343912.991112065443303, 5683412.368046692572534 ], [ 343912.419815495319199, 5683414.403944926336408 ], [ 343922.379689210327342, 5683414.688845546916127 ], [ 343922.214682961406652, 5683418.407475423999131 ], [ 343923.625969478976913, 5683418.78014506958425 ], [ 343925.403158517146949, 5683415.509512946940958 ], [ 343934.082102713175118, 5683420.404018140397966 ], [ 343934.643084591603838, 5683418.365253629162908 ], [ 343928.306615765148308, 5683408.601160801947117 ], [ 343930.159640621219296, 5683404.599467587657273 ], [ 343931.210073021706194, 5683401.69280865881592 ], [ 343932.03258689364884, 5683398.817427155561745 ], [ 343939.907748884928878, 5683402.98948017694056 ], [ 343950.482805949286558, 5683412.948613261803985 ], [ 343951.275599738815799, 5683409.156474499963224 ], [ 343941.136003738094587, 5683394.084996959194541 ], [ 343942.67469690280268, 5683388.492957148700953 ], [ 343940.81068363430677, 5683387.980059422552586 ], [ 343939.773943259671796, 5683391.861726028844714 ], [ 343935.510377131635323, 5683385.722715548239648 ], [ 343937.462571355339605, 5683378.28630820568651 ], [ 343938.707265344040934, 5683371.485480389557779 ], [ 343938.608717506751418, 5683368.200009967200458 ], [ 343938.181892008928116, 5683366.563044656068087 ], [ 343937.592931184452027, 5683365.743050603196025 ], [ 343936.685773756587878, 5683366.166801888495684 ], [ 343935.475587513938081, 5683367.348869862034917 ], [ 343933.696107621944975, 5683370.112468773499131 ], [ 343931.253627703117672, 5683376.58045254740864 ], [ 343929.089303673245013, 5683383.957912683486938 ], [ 343922.269715440634172, 5683387.01710575632751 ], [ 343923.384263246203773, 5683383.157060486264527 ], [ 343921.522870572924148, 5683382.634732160717249 ], [ 343919.955885609029792, 5683388.218910181894898 ], [ 343903.494201822672039, 5683395.898351139388978 ] ] ] } },
{ "type": "Feature", "properties": { "name": "01987c49-588b-71b9-b82a-b70af0915b9e" }, "geometry": { "type": "Polygon", "coordinates": [ [ [ 343858.621224122587591, 5683279.905666619539261 ], [ 343861.071865933481604, 5683280.185281130485237 ], [ 343859.500021347776055, 5683290.888082443736494 ], [ 343861.186077745165676, 5683290.795875559560955 ], [ 343868.798709889408201, 5683281.345038088969886 ], [ 343874.549897461663932, 5683281.520004904828966 ], [ 343881.790885379072279, 5683281.413735372945666 ], [ 343891.048702064435929, 5683281.037005206570029 ], [ 343889.215787975583225, 5683291.501083538867533 ], [ 343880.840108922682703, 5683307.546694863587618 ], [ 343884.021671863272786, 5683307.134809515438974 ], [ 343890.098822737578303, 5683299.185003193095326 ], [ 343896.085156067274511, 5683298.894091065041721 ], [ 343895.98732144292444, 5683296.880869071930647 ], [ 343891.805123151279986, 5683297.115638247691095 ], [ 343897.052366667892784, 5683290.344962545670569 ], [ 343903.013281260617077, 5683290.055285668931901 ], [ 343902.915446636732668, 5683288.042063675820827 ], [ 343898.733248345553875, 5683288.276832851581275 ], [ 343904.690455697942525, 5683280.590069516561925 ], [ 343913.384590440895408, 5683279.848189977928996 ], [ 343920.754640677478164, 5683278.418511451222003 ], [ 343923.516568299848586, 5683277.496298342943192 ], [ 343924.459956231992692, 5683276.945377262309194 ], [ 343924.802835391368717, 5683276.474001938477159 ], [ 343924.419320123735815, 5683276.040464714169502 ], [ 343923.42776007624343, 5683275.581875440664589 ], [ 343920.590568607673049, 5683274.926841152831912 ], [ 343913.117871019989252, 5683274.205429218709469 ], [ 343904.392597080208361, 5683274.294769430533051 ], [ 343897.730529044289142, 5683267.210172366350889 ], [ 343901.916079598013312, 5683267.045649006962776 ], [ 343901.821772157680243, 5683265.032258552499115 ], [ 343895.860358912497759, 5683265.311491797678173 ], [ 343889.992258401121944, 5683259.07121853530407 ], [ 343894.177808611653745, 5683258.906695066019893 ], [ 343894.083501119166613, 5683256.89330477733165 ], [ 343888.096667502075434, 5683257.173728893510997 ], [ 343881.290154866408557, 5683249.838706613518298 ], [ 343878.083828919101506, 5683249.731638973578811 ], [ 343887.949302094057202, 5683264.906816930510104 ], [ 343890.770269203465432, 5683275.148821343667805 ], [ 343881.518645035568625, 5683275.655324376188219 ], [ 343874.300439243204892, 5683276.239018172957003 ], [ 343868.592043862212449, 5683276.960812801495194 ], [ 343860.114102077670395, 5683268.277786100283265 ], [ 343858.42692704917863, 5683268.346542950719595 ], [ 343861.010740072000772, 5683278.851042806170881 ], [ 343858.597858167719096, 5683279.362734517082572 ], [ 343858.621224122587591, 5683279.905666619539261 ] ] ] } },
{ "type": "Feature", "properties": { "name": "01987c49-58aa-774b-a461-612bb95917bb" }, "geometry": { "type": "Polygon", "coordinates": [ [ [ 343859.858060035097878, 5683358.177943523973227 ], [ 343862.157131486746948, 5683357.284579084254801 ], [ 343865.748406984144822, 5683367.488666092045605 ], [ 343867.197701610566583, 5683366.622159675695002 ], [ 343869.535554879286792, 5683354.713971772231162 ], [ 343874.70700928370934, 5683352.191506464965641 ], [ 343881.066067018255126, 5683348.726598967798054 ], [ 343889.084183114755433, 5683344.083441673777997 ], [ 343892.333271598559804, 5683354.197784629650414 ], [ 343892.39012193022063, 5683372.297795967198908 ], [ 343895.014174338313751, 5683370.452168364077806 ], [ 343896.691839071048889, 5683360.587249492295086 ], [ 343901.854527803487144, 5683357.542998903430998 ], [ 343900.830737132113427, 5683355.806771076284349 ], [ 343897.238635406538378, 5683357.961464629508555 ], [ 343898.730716820515227, 5683349.52645976562053 ], [ 343903.871484117116779, 5683346.495135456323624 ], [ 343902.847693446266931, 5683344.758907628245652 ], [ 343899.255591721099336, 5683346.913601181469858 ], [ 343900.949555102211889, 5683337.33732121065259 ], [ 343908.298806995153427, 5683332.633401484228671 ], [ 343914.156010482925922, 5683327.937148884870112 ], [ 343916.171100955456495, 5683325.835213681682944 ], [ 343916.749565324629657, 5683324.908459236845374 ], [ 343916.833588802197482, 5683324.33165695797652 ], [ 343916.292342235974502, 5683324.126496923156083 ], [ 343915.201292335463222, 5683324.182224513962865 ], [ 343912.385343855305109, 5683324.923277486115694 ], [ 343905.435909153660759, 5683327.763524259440601 ], [ 343897.755325119069312, 5683331.904419801197946 ], [ 343888.561109286092687, 5683328.73565642721951 ], [ 343892.188879010558594, 5683326.641572331078351 ], [ 343891.168131597689353, 5683324.903553420677781 ], [ 343886.022061213094275, 5683327.925866885110736 ], [ 343877.923587718396448, 5683325.134748640470207 ], [ 343881.551357087621, 5683323.040664605796337 ], [ 343880.530609705892857, 5683321.302645865827799 ], [ 343875.362595777667593, 5683324.337847091257572 ], [ 343865.923962396453135, 5683321.014691062271595 ], [ 343863.03640867449576, 5683322.412554811686277 ], [ 343878.832111962081399, 5683331.250503933988512 ], [ 343886.096668068959843, 5683339.001809266395867 ], [ 343878.144444980134722, 5683343.756937342695892 ], [ 343872.02780278341379, 5683347.63377645984292 ], [ 343867.311685141292401, 5683350.929986359551549 ], [ 343855.766249522159342, 5683347.191889788024127 ], [ 343854.305048308742698, 5683348.038162850774825 ], [ 343861.481912700110115, 5683356.132186846807599 ], [ 343859.584632302518003, 5683357.708306951448321 ], [ 343859.858060035097878, 5683358.177943523973227 ] ] ] } },
{ "type": "Feature", "properties": { "name": "01987c49-58b6-7735-9d70-1837c06648f9" }, "geometry": { "type": "Polygon", "coordinates": [ [ [ 344005.820072235539556, 5683196.243054416030645 ], [ 344004.07677748426795, 5683194.687612761743367 ], [ 344002.515363319311291, 5683203.307659257203341 ], [ 344000.19010836770758, 5683208.153121656738222 ], [ 343998.760871334001422, 5683207.05303156375885 ], [ 343997.20986831234768, 5683206.019432610832155 ], [ 343994.877190704457462, 5683204.742220880463719 ], [ 343994.452423132490367, 5683197.735472427681088 ], [ 343993.449810768477619, 5683196.947503557428718 ], [ 343990.993510071188211, 5683202.431410214863718 ], [ 343988.959558475296944, 5683201.481651389971375 ], [ 343988.426350359339267, 5683202.182050444185734 ], [ 343989.838778154924512, 5683203.926770678721368 ], [ 343985.109498383942991, 5683207.633596600964665 ], [ 343986.116087238304317, 5683208.416479334235191 ], [ 343993.018329737242311, 5683207.138199198059738 ], [ 343994.820609871763736, 5683209.093817009590566 ], [ 343996.197881316300482, 5683210.349627721123397 ], [ 343997.610301516018808, 5683211.471227433532476 ], [ 343993.468988445587456, 5683214.896843074820936 ], [ 343985.480307656340301, 5683218.491866610944271 ], [ 343987.41039959108457, 5683219.808384892530739 ], [ 343998.147219001781195, 5683217.635320819914341 ], [ 344000.908148431684822, 5683219.782656325958669 ], [ 344001.623926935717463, 5683218.862346516922116 ], [ 343999.700224072206765, 5683217.389249155297875 ], [ 344004.104396266397089, 5683216.429749607108533 ], [ 344007.797617860138416, 5683219.23294803313911 ], [ 344011.2999023408629, 5683221.495312131009996 ], [ 344013.153295032680035, 5683222.198297291994095 ], [ 344014.163870405871421, 5683222.338087648153305 ], [ 344014.756632077042013, 5683222.199076609686017 ], [ 344014.729782507289201, 5683221.595858341082931 ], [ 344014.350302943494171, 5683220.648863521404564 ], [ 344013.220921807456762, 5683219.019829796627164 ], [ 344010.180404122918844, 5683216.166841860860586 ], [ 344006.568962165154517, 5683213.25904300622642 ], [ 344006.437534027267247, 5683208.753479913808405 ], [ 344008.331240810453892, 5683210.264943835325539 ], [ 344009.051669510547072, 5683209.348269679583609 ], [ 344006.301647039595991, 5683207.186983588151634 ], [ 344005.820072235539556, 5683196.243054416030645 ] ] ] } },
{ "type": "Feature", "properties": { "name": "01987c49-58eb-715d-a758-9b6ae0054ca2" }, "geometry": { "type": "Polygon", "coordinates": [ [ [ 344043.920976882684045, 5683171.355392830446362 ], [ 344042.316260454594158, 5683169.657346742227674 ], [ 344040.027510737825651, 5683178.113400226458907 ], [ 344037.298652043333277, 5683182.743588848039508 ], [ 344035.968135814473499, 5683181.525950447656214 ], [ 344034.510640660766512, 5683180.36420820094645 ], [ 344032.295017252210528, 5683178.893267163075507 ], [ 344032.46759493771242, 5683171.875776992179453 ], [ 344031.535617500601802, 5683171.005406639538705 ], [ 344028.621898684767075, 5683176.260583896189928 ], [ 344026.676074941584375, 5683175.141311418265104 ], [ 344026.085240817628801, 5683175.793833271600306 ], [ 344027.344193674798589, 5683177.65233769081533 ], [ 344022.316839263774455, 5683180.943591736257076 ], [ 344023.253211279748939, 5683181.809232506901026 ], [ 344030.239150978857651, 5683181.122502471320331 ], [ 344031.868610860779881, 5683183.224291043356061 ], [ 344033.134108279191423, 5683184.592667256481946 ], [ 344034.446039549366105, 5683185.830307381227612 ], [ 344030.028434521402232, 5683188.891366394236684 ], [ 344021.762991202063859, 5683191.794065434485674 ], [ 344023.574144692858681, 5683193.269937479868531 ], [ 344034.456859306665137, 5683192.017730963416398 ], [ 344037.025193979090545, 5683194.392059942707419 ], [ 344037.816636974166613, 5683193.535948386415839 ], [ 344036.025163846672513, 5683191.904607656411827 ], [ 344040.494974013941828, 5683191.32308451179415 ], [ 344043.936454017355572, 5683194.430176809430122 ], [ 344047.233677377167623, 5683196.982157610356808 ], [ 344049.020580154203344, 5683197.84019669611007 ], [ 344050.015608503890689, 5683198.065413285046816 ], [ 344050.618043822934851, 5683197.977310197427869 ], [ 344050.642585126741324, 5683197.373993610963225 ], [ 344050.345006070332602, 5683196.398160309530795 ], [ 344049.358237506006844, 5683194.678991781547666 ], [ 344046.571331156301312, 5683191.577791860327125 ], [ 344043.220229109632783, 5683188.373431975953281 ], [ 344043.472399793681689, 5683183.873011764138937 ], [ 344045.230723048967775, 5683185.540029429830611 ], [ 344046.026490246062167, 5683184.687935780733824 ], [ 344043.470209292776417, 5683182.300634197890759 ], [ 344043.920976882684045, 5683171.355392830446362 ] ] ] } },
{ "type": "Feature", "properties": { "name": "01987c49-58f8-728c-96e1-59b9e48f2b37" }, "geometry": { "type": "Polygon", "coordinates": [ [ [ 343978.491782361525111, 5683101.038563569076359 ], [ 343977.243489551940002, 5683104.682339907623827 ], [ 343991.339894179720432, 5683101.540961273945868 ], [ 344000.189641111996025, 5683101.974622786976397 ], [ 343999.432338949642144, 5683104.849939688108861 ], [ 343998.853954227990471, 5683107.867741269059479 ], [ 343998.405416436493397, 5683112.229078107513487 ], [ 343988.030790920136496, 5683117.356386027298868 ], [ 343987.474845599848777, 5683119.383822775445879 ], [ 343997.378493951051496, 5683119.608216519467533 ], [ 343997.236419536639005, 5683123.30620049033314 ], [ 343998.641702554305084, 5683123.668364419601858 ], [ 344000.389233298832551, 5683120.406247464008629 ], [ 344009.046636722399853, 5683125.221013276837766 ], [ 344009.592310384265147, 5683123.190787863917649 ], [ 344003.234989515738562, 5683113.520906106568873 ], [ 344005.053595494711772, 5683109.531530505977571 ], [ 344006.080745741724968, 5683106.635564752854407 ], [ 344006.881487436592579, 5683103.772041282616556 ], [ 344014.735513221123256, 5683107.873304759152234 ], [ 344025.307930745300837, 5683117.712048006244004 ], [ 344026.073708266951144, 5683113.937273104675114 ], [ 344015.904012378421612, 5683099.013336601667106 ], [ 344017.400717297452502, 5683093.444718317128718 ], [ 344015.544511202489957, 5683092.945816674269736 ], [ 344014.536734448978677, 5683096.811040305532515 ], [ 344010.261683699558489, 5683090.732915650121868 ], [ 344012.158587591140531, 5683083.328210092149675 ], [ 344013.355860273703001, 5683076.559569115750492 ], [ 344013.238472390687093, 5683073.293783391825855 ], [ 344012.804456125129946, 5683071.668857741169631 ], [ 344012.214074502699077, 5683070.857111328281462 ], [ 344011.31469531590119, 5683071.283759000711143 ], [ 344010.11852989194449, 5683072.466104873456061 ], [ 344008.365725679090247, 5683075.224150151945651 ], [ 344005.975664547993802, 5683081.668959728442132 ], [ 344003.867515914142132, 5683089.016314235515893 ], [ 343997.105654189130291, 5683092.098015769384801 ], [ 343998.190913740661927, 5683088.25382801797241 ], [ 343996.337257282226346, 5683087.745535121299326 ], [ 343994.812378607573919, 5683093.306504496373236 ], [ 343978.491782361525111, 5683101.038563569076359 ] ] ] } },
{ "type": "Feature", "properties": { "name": "01987c49-5918-7384-bee3-73ea11d97338" }, "geometry": { "type": "Polygon", "coordinates": [ [ [ 343931.655277922749519, 5683108.510987886227667 ], [ 343932.728640331886709, 5683106.290239657275379 ], [ 343942.311590971425176, 5683111.308975394815207 ], [ 343942.781459147110581, 5683109.68709001597017 ], [ 343936.375464962795377, 5683099.380114923231304 ], [ 343938.440214668400586, 5683094.009492935612798 ], [ 343940.73158913385123, 5683087.139791174791753 ], [ 343943.433835448697209, 5683078.277118876576424 ], [ 343952.705230390653014, 5683083.463422495871782 ], [ 343965.083846811205149, 5683096.668856903910637 ], [ 343965.745939862914383, 5683093.529808469116688 ], [ 343960.249568757601082, 5683085.167925428599119 ], [ 343961.952254135161638, 5683079.421476167626679 ], [ 343960.019705881364644, 5683078.848857925273478 ], [ 343958.859929664991796, 5683082.873881930485368 ], [ 343954.202396429143846, 5683075.684793105348945 ], [ 343955.897851987741888, 5683069.962744003161788 ], [ 343953.965303733944893, 5683069.390125759877264 ], [ 343952.805527517572045, 5683073.415149765089154 ], [ 343947.517819571308792, 5683065.253361070528626 ], [ 343949.689227122813463, 5683056.802127230912447 ], [ 343950.774095367640257, 5683049.373487915843725 ], [ 343950.815897362306714, 5683046.461963606998324 ], [ 343950.607494307681918, 5683045.389553706161678 ], [ 343950.275826141238213, 5683044.910223923623562 ], [ 343949.739946257323027, 5683045.129018886014819 ], [ 343948.979584683664143, 5683045.913458639755845 ], [ 343947.424195854924619, 5683048.375061966478825 ], [ 343944.275058862753212, 5683055.190088057890534 ], [ 343941.47744932025671, 5683063.455181392841041 ], [ 343932.589997763745487, 5683067.403329176828265 ], [ 343933.817184627987444, 5683063.398343062028289 ], [ 343931.885642386041582, 5683062.822339949198067 ], [ 343930.180164620280266, 5683068.541410213336349 ], [ 343922.351896240375936, 5683072.019028388895094 ], [ 343923.579082887619734, 5683068.014042561873794 ], [ 343921.647540785372257, 5683067.4380395533517 ], [ 343919.934790772385895, 5683073.181496860459447 ], [ 343910.763258958235383, 5683077.183267754502594 ], [ 343909.603159011341631, 5683080.174280572682619 ], [ 343927.185199494473636, 5683075.874810898676515 ], [ 343937.784149071201682, 5683076.595073125325143 ], [ 343935.206437741406262, 5683085.494764095172286 ], [ 343933.373217886313796, 5683092.500654350966215 ], [ 343932.169034741818905, 5683098.127083792351186 ], [ 343921.173083917237818, 5683103.261235626414418 ], [ 343920.680712316185236, 5683104.876431370154023 ], [ 343931.449093886651099, 5683105.907239433377981 ], [ 343931.13509913906455, 5683108.353713383898139 ], [ 343931.655277922749519, 5683108.510987886227667 ] ] ] } },
{ "type": "Feature", "properties": { "name": "01987c49-591b-742e-ba96-0a893ed29897" }, "geometry": { "type": "Polygon", "coordinates": [ [ [ 343866.771535525331274, 5683080.326636292040348 ], [ 343867.97152351308614, 5683078.17167495097965 ], [ 343877.248213298385963, 5683083.736176544800401 ], [ 343877.811085829453077, 5683082.14417692180723 ], [ 343872.011845205212012, 5683071.484003131277859 ], [ 343874.383712873968761, 5683066.241769290529191 ], [ 343877.068515090388246, 5683059.516069604083896 ], [ 343880.278751412814017, 5683050.824494477361441 ], [ 343889.234716729726642, 5683056.538266843184829 ], [ 343900.82897213002434, 5683070.43743531126529 ], [ 343901.671482614532579, 5683067.341927538625896 ], [ 343896.667861757392529, 5683058.676192623563111 ], [ 343898.700004395737778, 5683053.037822920829058 ], [ 343896.803803624294233, 5683052.354407205246389 ], [ 343895.413208480691537, 5683056.305627809837461 ], [ 343891.179201203340199, 5683048.859232952818274 ], [ 343893.202715105027892, 5683043.244804490357637 ], [ 343891.306514333642554, 5683042.561388774774969 ], [ 343889.915919190039858, 5683046.512609378434718 ], [ 343885.109041215968318, 5683038.058700568974018 ], [ 343887.765534375212155, 5683029.747177949175239 ], [ 343889.278171730402391, 5683022.393706019967794 ], [ 343889.488271880312823, 5683019.489471330307424 ], [ 343889.342233074363321, 5683018.406804485246539 ], [ 343889.038838699343614, 5683017.909097075462341 ], [ 343888.49120307166595, 5683018.096536945551634 ], [ 343887.686751212284435, 5683018.835693664848804 ], [ 343885.991615242906846, 5683021.203232343308628 ], [ 343882.453647714864928, 5683027.824745023623109 ], [ 343879.18276464525843, 5683035.914226523600519 ], [ 343870.081871639529709, 5683039.341822268441319 ], [ 343871.538605868350714, 5683035.414504257030785 ], [ 343869.643605166114867, 5683034.72776751127094 ], [ 343867.610258089611307, 5683040.338642556220293 ], [ 343859.593985635845456, 5683043.357746719382703 ], [ 343861.050719631370157, 5683039.430428982712328 ], [ 343859.155719062604476, 5683038.743692349642515 ], [ 343857.113701650756411, 5683044.378493085503578 ], [ 343847.726102854881901, 5683047.843194365501404 ], [ 343846.394979492237326, 5683050.762115425430238 ], [ 343864.196227777632885, 5683047.486577834933996 ], [ 343874.735789114434738, 5683048.818552546203136 ], [ 343871.647738652303815, 5683057.554286024533212 ], [ 343869.412448817281984, 5683064.442440542392433 ], [ 343867.884914720139932, 5683069.989818741567433 ], [ 343856.610466473153792, 5683074.47950317710638 ], [ 343856.025515024375636, 5683076.063523026183248 ], [ 343866.716266523231752, 5683077.715321834199131 ], [ 343866.261322129925247, 5683080.139543996192515 ], [ 343866.771535525331274, 5683080.326636292040348 ] ] ] } },
{ "type": "Feature", "properties": { "name": "01987c49-5938-77ab-8912-833063413c6b" }, "geometry": { "type": "Polygon", "coordinates": [ [ [ 343857.79538981767837, 5682932.05983766913414 ], [ 343854.156336488202214, 5682931.210685173980892 ], [ 343858.564902599784546, 5682944.510594886727631 ], [ 343859.010373865196016, 5682953.095199098810554 ], [ 343856.161018859711476, 5682952.644947503693402 ], [ 343853.191598813747987, 5682952.38130868319422 ], [ 343848.938002511393279, 5682952.374184392392635 ], [ 343842.97589257004438, 5682942.860641397535801 ], [ 343840.964618076279294, 5682942.521965793333948 ], [ 343841.714986173959915, 5682952.103421308100224 ], [ 343838.131616810744163, 5682952.327344361692667 ], [ 343837.919244270655327, 5682953.719161555171013 ], [ 343841.238643196818884, 5682955.087470157071948 ], [ 343837.436451632296667, 5682963.914172939024866 ], [ 343839.449415002192836, 5682964.242661495693028 ], [ 343848.162605425342917, 5682957.162084640003741 ], [ 343852.190934004320297, 5682958.527991414070129 ], [ 343855.086567651189398, 5682959.236699130386114 ], [ 343857.92878030607244, 5682959.730032430961728 ], [ 343854.736860848206561, 5682967.711606482975185 ], [ 343846.272226595669053, 5682978.877313735894859 ], [ 343849.990615464921575, 5682979.247925580479205 ], [ 343863.403078698320314, 5682967.974442972801626 ], [ 343868.924349666398484, 5682968.875440171919763 ], [ 343869.2246820696746, 5682967.035016515292227 ], [ 343865.395358962530736, 5682966.439644863829017 ], [ 343870.84489499166375, 5682961.719679093919694 ], [ 343878.177532763394993, 5682962.827699794434011 ], [ 343884.827895915543195, 5682963.322501571848989 ], [ 343887.9687505561742, 5682962.890329892747104 ], [ 343889.49484203569591, 5682962.312740191817284 ], [ 343890.220741081982851, 5682961.6636146530509 ], [ 343889.721104335680138, 5682960.837141093797982 ], [ 343888.463048704550602, 5682959.797977443784475 ], [ 343885.629692610003985, 5682958.375362412072718 ], [ 343879.175448723835871, 5682956.69759757630527 ], [ 343871.877543980255723, 5682955.380072225816548 ], [ 343868.242706307384651, 5682949.154040184803307 ], [ 343872.059289635682944, 5682949.826256383210421 ], [ 343872.368935932579916, 5682947.987376839853823 ], [ 343866.852297303616069, 5682947.058437962085009 ], [ 343857.79538981767837, 5682932.05983766913414 ] ] ] } },
{ "type": "Feature", "properties": { "name": "01987c49-593a-774d-9fc9-6e87f500f4cd" }, "geometry": { "type": "Polygon", "coordinates": [ [ [ 343871.12467806879431, 5682877.50813846103847 ], [ 343872.612952790223062, 5682879.475082258693874 ], [ 343863.780701246112585, 5682885.721039673313498 ], [ 343865.010655368678272, 5682886.877975773997605 ], [ 343877.104120308533311, 5682885.868717224337161 ], [ 343880.945186130702496, 5682890.152755648829043 ], [ 343886.017649558372796, 5682895.321248078718781 ], [ 343892.677305172197521, 5682901.763148616068065 ], [ 343883.837756044231355, 5682907.655421575531363 ], [ 343866.443859463557601, 5682912.6620176397264 ], [ 343868.936976426281035, 5682914.681017415598035 ], [ 343878.884509699419141, 5682913.595768561586738 ], [ 343883.225055207498372, 5682917.728622455149889 ], [ 343884.614946466870606, 5682916.268883883953094 ], [ 343881.559710192494094, 5682913.403324527665973 ], [ 343890.081111249513924, 5682912.530777678824961 ], [ 343894.403226245194674, 5682916.646082946099341 ], [ 343895.793117503635585, 5682915.186344375833869 ], [ 343892.737881231121719, 5682912.320785019546747 ], [ 343902.412246994674206, 5682911.330180621705949 ], [ 343908.947354730218649, 5682917.112112050876021 ], [ 343915.06688389275223, 5682921.461018121801317 ], [ 343917.639926041476429, 5682922.824167162179947 ], [ 343918.689582371152937, 5682923.1270143520087 ], [ 343919.267365850508213, 5682923.050026932731271 ], [ 343919.31662087701261, 5682922.473301324062049 ], [ 343918.96452315710485, 5682921.439124044030905 ], [ 343917.481338371522725, 5682918.933353056199849 ], [ 343912.848184240981936, 5682913.026109435595572 ], [ 343906.763971963897347, 5682906.771451333537698 ], [ 343907.296427706256509, 5682897.061087953858078 ], [ 343910.30312520172447, 5682899.977536400780082 ], [ 343911.695571805350482, 5682898.520234965719283 ], [ 343907.380673016421497, 5682894.397363690659404 ], [ 343907.849671818315983, 5682885.844255826435983 ], [ 343910.856369156390429, 5682888.760703950189054 ], [ 343912.248815602622926, 5682887.303402589634061 ], [ 343907.915517303161323, 5682883.162950890138745 ], [ 343908.529605944640934, 5682873.175255397334695 ], [ 343906.395079165697098, 5682870.780305503867567 ], [ 343902.215807847678661, 5682888.391304290853441 ], [ 343896.747717309743166, 5682897.499349946156144 ], [ 343889.99839030764997, 5682891.151462101377547 ], [ 343884.596033057197928, 5682886.328835280612111 ], [ 343880.135316849686205, 5682882.694447269663215 ], [ 343880.572122817859054, 5682870.566807344555855 ], [ 343879.358372617512941, 5682869.392883356660604 ], [ 343873.536647750996053, 5682878.51034607924521 ], [ 343871.501590740866959, 5682877.116656566038728 ], [ 343871.12467806879431, 5682877.50813846103847 ] ] ] } },
{ "type": "Feature", "properties": { "name": "01987c49-5941-707b-87fd-766d8458aea1" }, "geometry": { "type": "Polygon", "coordinates": [ [ [ 343956.413070668466389, 5682866.162116971798241 ], [ 343956.47574220970273, 5682868.62786266580224 ], [ 343945.658384058158845, 5682868.554282896220684 ], [ 343945.983340290840715, 5682870.21129578910768 ], [ 343956.39789235079661, 5682876.440870610997081 ], [ 343957.021562696900219, 5682882.160818790085614 ], [ 343958.130199627485126, 5682889.317223151214421 ], [ 343959.786162368953228, 5682898.433520800434053 ], [ 343949.169047387316823, 5682898.068310061469674 ], [ 343932.117608405184001, 5682891.996895808726549 ], [ 343932.966393182054162, 5682895.090689060278237 ], [ 343941.681621802039444, 5682900.007595953531563 ], [ 343942.799260949250311, 5682905.895863895304501 ], [ 343944.779503256548196, 5682905.519998475909233 ], [ 343943.967466640751809, 5682901.410680326633155 ], [ 343951.399939052760601, 5682905.669080005958676 ], [ 343952.512832560576499, 5682911.532345606945455 ], [ 343954.4930748664774, 5682911.156480187550187 ], [ 343953.681038252077997, 5682907.047162040136755 ], [ 343962.11914087831974, 5682911.881732761859894 ], [ 343964.05862009851262, 5682920.389187405817211 ], [ 343966.495782720390707, 5682927.490022535435855 ], [ 343967.791822469327599, 5682930.097512166947126 ], [ 343968.46815495332703, 5682930.955456920899451 ], [ 343968.98249585647136, 5682931.229709080420434 ], [ 343969.358706332743168, 5682930.789818 ], [ 343969.675469654612243, 5682929.744276776909828 ], [ 343969.93103135144338, 5682926.843688290566206 ], [ 343969.609982509631664, 5682919.343116843141615 ], [ 343968.3124322257936, 5682910.714400237426162 ], [ 343974.405509425327182, 5682903.134883345104754 ], [ 343975.148442449513823, 5682907.257255464792252 ], [ 343977.129340359475464, 5682906.884859858080745 ], [ 343976.026720629539341, 5682901.01965322624892 ], [ 343981.393640728667378, 5682894.343443023972213 ], [ 343982.136573812924325, 5682898.465814789757133 ], [ 343984.117471551988274, 5682898.093419152311981 ], [ 343983.01014990825206, 5682892.203202416189015 ], [ 343989.331220472231507, 5682884.445932726375759 ], [ 343988.992950628511608, 5682881.255703411996365 ], [ 343975.331246470101178, 5682893.128842278383672 ], [ 343965.578957010991871, 5682897.34184121992439 ], [ 343963.795331494882703, 5682888.249659133143723 ], [ 343962.217033212538809, 5682881.181974374689162 ], [ 343960.711182722821832, 5682875.628670889884233 ], [ 343968.135640791617334, 5682866.029302577488124 ], [ 343967.833753347862512, 5682864.367932344786823 ], [ 343957.788638142403215, 5682868.382439467124641 ], [ 343956.947526967618614, 5682866.063741668127477 ], [ 343956.413070668466389, 5682866.162116971798241 ] ] ] } },
{ "type": "Feature", "properties": { "name": "01987c49-5943-7020-80c4-4a23a3373ed5" }, "geometry": { "type": "Polygon", "coordinates": [ [ [ 344052.472604300826788, 5682911.494002459570765 ], [ 344053.8957494283095, 5682908.038799565285444 ], [ 344040.060088876634836, 5682910.251840607263148 ], [ 344031.515532359480858, 5682909.311400265432894 ], [ 344032.418008236214519, 5682906.571493745781481 ], [ 344033.155601154081523, 5682903.68308284599334 ], [ 344033.846468738280237, 5682899.485960707999766 ], [ 344044.194771748967469, 5682895.130862537771463 ], [ 344044.852387660183012, 5682893.200197479687631 ], [ 344035.274929211474955, 5682892.400427676737309 ], [ 344035.630004743114114, 5682888.827669793739915 ], [ 344034.290434063412249, 5682888.394302061758935 ], [ 344032.406275505200028, 5682891.450545538216829 ], [ 344024.3056515827775, 5682886.278772654011846 ], [ 344023.657818696461618, 5682888.212742356583476 ], [ 344029.245505194179714, 5682897.950915468856692 ], [ 344027.249745054170489, 5682901.70725330337882 ], [ 344026.084734875708818, 5682904.451285395771265 ], [ 344025.140885930508375, 5682907.177216372452676 ], [ 344017.776286358945072, 5682902.74364587944001 ], [ 344008.116647438146174, 5682892.594043551944196 ], [ 344007.153063826262951, 5682896.204483350738883 ], [ 344016.123630858957767, 5682911.2548822555691 ], [ 344014.346717781387269, 5682916.559484876692295 ], [ 344016.114918655715883, 5682917.151789239607751 ], [ 344017.318173016421497, 5682913.467992040328681 ], [ 344021.100640594959259, 5682919.605455590412021 ], [ 344018.828189707361162, 5682926.664581139571965 ], [ 344017.2706682048738, 5682933.148891868069768 ], [ 344017.192274058237672, 5682936.318370467051864 ], [ 344017.517006291076541, 5682937.917468352243304 ], [ 344018.040988026186824, 5682938.738282905891538 ], [ 344018.937036070041358, 5682938.378014498390257 ], [ 344020.164936010725796, 5682937.303385820239782 ], [ 344022.024555181153119, 5682934.735593610443175 ], [ 344024.71812288928777, 5682928.635031998157501 ], [ 344027.191769378259778, 5682921.643869022838771 ], [ 344033.921176347881556, 5682919.057249274104834 ], [ 344032.644125128164887, 5682922.716118375770748 ], [ 344034.409304611384869, 5682923.31736723985523 ], [ 344036.213051189668477, 5682918.021828789263964 ], [ 344052.472604300826788, 5682911.494002459570765 ] ] ] } },
{ "type": "Feature", "properties": { "name": "01987c49-5967-74f1-9289-4f357c270f31" }, "geometry": { "type": "Polygon", "coordinates": [ [ [ 343708.555989421845879, 5683319.751554474234581 ], [ 343705.089102087251376, 5683319.716451194137335 ], [ 343711.763915987685323, 5683330.872129638679326 ], [ 343713.89866635290673, 5683338.55675582960248 ], [ 343711.227402017218992, 5683338.723644701763988 ], [ 343708.485038823331706, 5683339.083749919198453 ], [ 343704.631421335798223, 5683339.935151182115078 ], [ 343697.313296593027189, 5683332.521831008605659 ], [ 343695.423524706216995, 5683332.620744653977454 ], [ 343698.035440663574263, 5683341.146657683886588 ], [ 343694.835397180868313, 5683342.072132688015699 ], [ 343694.923764166655019, 5683343.375433558598161 ], [ 343698.205865095078479, 5683343.945166721940041 ], [ 343696.542634056822862, 5683352.705701009370387 ], [ 343698.431880945921876, 5683352.597221072763205 ], [ 343704.894809285411611, 5683344.427592961117625 ], [ 343708.818453159474302, 5683344.852176037617028 ], [ 343711.583753477374557, 5683344.91001920774579 ], [ 343714.257238084159326, 5683344.783586828969419 ], [ 343712.976244075747672, 5683352.6556699834764 ], [ 343707.562292942486238, 5683364.474783042445779 ], [ 343711.004518132365774, 5683364.06050580739975 ], [ 343720.877631449315231, 5683351.145924140699208 ], [ 343726.05956578371115, 5683350.848379181697965 ], [ 343725.960384134319611, 5683349.121067736297846 ], [ 343722.372364748327527, 5683349.354168848134577 ], [ 343726.355713971424848, 5683343.980583435855806 ], [ 343733.219826742599253, 5683343.505213670432568 ], [ 343739.342379501031246, 5683342.612094204872847 ], [ 343742.099669770337641, 5683341.587268295697868 ], [ 343743.365256004326511, 5683340.75640844553709 ], [ 343743.891737525351346, 5683340.022144191898406 ], [ 343743.272571093519218, 5683339.374430989846587 ], [ 343741.923663701571058, 5683338.68705521710217 ], [ 343739.070784949639346, 5683337.97011683229357 ], [ 343732.887266877980437, 5683337.752357726916671 ], [ 343726.012357046129182, 5683338.030989120714366 ], [ 343721.464893727214076, 5683333.125576939433813 ], [ 343725.056873386492953, 5683332.964637809433043 ], [ 343724.96643808321096, 5683331.236846357584 ], [ 343719.783063731505536, 5683331.508152280934155 ], [ 343708.555989421845879, 5683319.751554474234581 ] ] ] } },
{ "type": "Feature", "properties": { "name": "01987c49-5969-77ba-af8a-ae6aff3ff77d" }, "geometry": { "type": "Polygon", "coordinates": [ [ [ 343705.557065116998274, 5683274.859986226074398 ], [ 343702.090177782403771, 5683274.824882945977151 ], [ 343708.764991682837717, 5683285.980561390519142 ], [ 343710.899742048059124, 5683293.665187581442297 ], [ 343708.228477712371387, 5683293.832076453603804 ], [ 343705.486114518484101, 5683294.19218167103827 ], [ 343701.632497030950617, 5683295.043582933954895 ], [ 343694.314372288179584, 5683287.630262760445476 ], [ 343692.424600401369389, 5683287.72917640581727 ], [ 343695.036516358726658, 5683296.255089435726404 ], [ 343691.836472876020707, 5683297.180564439855516 ], [ 343691.924839861807413, 5683298.483865310437977 ], [ 343695.206940790230874, 5683299.053598473779857 ], [ 343693.543709751975257, 5683307.814132761210203 ], [ 343695.43295664107427, 5683307.705652824603021 ], [ 343701.895884980564006, 5683299.536024712957442 ], [ 343705.819528854626697, 5683299.960607789456844 ], [ 343708.584829172526952, 5683300.018450959585607 ], [ 343711.25831377931172, 5683299.892018580809236 ], [ 343709.977319770900067, 5683307.764101735316217 ], [ 343704.563368637638632, 5683319.583214794285595 ], [ 343708.005593827518169, 5683319.168937559239566 ], [ 343717.878707144467626, 5683306.254355892539024 ], [ 343723.060641478863545, 5683305.956810933537781 ], [ 343722.961459829472005, 5683304.229499488137662 ], [ 343719.373440443479922, 5683304.462600599974394 ], [ 343723.356789666577242, 5683299.089015187695622 ], [ 343730.220902437751647, 5683298.613645422272384 ], [ 343736.343455196183641, 5683297.720525956712663 ], [ 343739.100745465490036, 5683296.695700047537684 ], [ 343740.366331699478906, 5683295.864840197376907 ], [ 343740.89281322050374, 5683295.130575943738222 ], [ 343740.273646788671613, 5683294.482862741686404 ], [ 343738.924739396723453, 5683293.795486968941987 ], [ 343736.071860644791741, 5683293.078548584133387 ], [ 343729.888342573132832, 5683292.860789478756487 ], [ 343723.013432741281576, 5683293.139420872554183 ], [ 343718.46596942236647, 5683288.23400869127363 ], [ 343722.057949081645347, 5683288.07306956127286 ], [ 343721.967513778363355, 5683286.345278109423816 ], [ 343716.78413942665793, 5683286.616584032773972 ], [ 343705.557065116998274, 5683274.859986226074398 ] ] ] } },
{ "type": "Feature", "properties": { "name": "01987c49-596b-77e4-be88-5a54ad91703b" }, "geometry": { "type": "Polygon", "coordinates": [ [ [ 343704.919949425908271, 5683230.085366279818118 ], [ 343701.453062091313768, 5683230.050262999720871 ], [ 343708.127875991747715, 5683241.205941444262862 ], [ 343710.262626356969122, 5683248.890567635186017 ], [ 343707.591362021281384, 5683249.057456507347524 ], [ 343704.848998827394098, 5683249.41756172478199 ], [ 343700.995381339860614, 5683250.268962987698615 ], [ 343693.677256597089581, 5683242.855642814189196 ], [ 343691.787484710279386, 5683242.95455645956099 ], [ 343694.399400667636655, 5683251.480469489470124 ], [ 343691.199357184930705, 5683252.405944493599236 ], [ 343691.287724170717411, 5683253.709245364181697 ], [ 343694.569825099140871, 5683254.278978527523577 ], [ 343692.906594060885254, 5683263.039512814953923 ], [ 343694.795840949984267, 5683262.931032878346741 ], [ 343701.258769289474003, 5683254.761404766701162 ], [ 343705.182413163536694, 5683255.185987843200564 ], [ 343707.947713481436949, 5683255.243831013329327 ], [ 343710.621198088221718, 5683255.117398634552956 ], [ 343709.340204079810064, 5683262.989481789059937 ], [ 343703.92625294654863, 5683274.808594848029315 ], [ 343707.368478136428166, 5683274.394317612983286 ], [ 343717.241591453377623, 5683261.479735946282744 ], [ 343722.423525787773542, 5683261.182190987281501 ], [ 343722.324344138382003, 5683259.454879541881382 ], [ 343718.736324752389919, 5683259.687980653718114 ], [ 343722.71967397548724, 5683254.314395241439342 ], [ 343729.583786746661644, 5683253.839025476016104 ], [ 343735.706339505093638, 5683252.945906010456383 ], [ 343738.463629774400033, 5683251.921080101281404 ], [ 343739.729216008388903, 5683251.090220251120627 ], [ 343740.255697529413737, 5683250.355955997481942 ], [ 343739.63653109758161, 5683249.708242795430124 ], [ 343738.28762370563345, 5683249.020867022685707 ], [ 343735.434744953701738, 5683248.303928637877107 ], [ 343729.251226882042829, 5683248.086169532500207 ], [ 343722.376317050191574, 5683248.364800926297903 ], [ 343717.828853731276467, 5683243.45938874501735 ], [ 343721.420833390555345, 5683243.29844961501658 ], [ 343721.330398087273352, 5683241.570658163167536 ], [ 343716.147023735567927, 5683241.841964086517692 ], [ 343704.919949425908271, 5683230.085366279818118 ] ] ] } },
{ "type": "Feature", "properties": { "name": "01987c49-598b-7217-b516-37533059bb11" }, "geometry": { "type": "Polygon", "coordinates": [ [ [ 343690.659468601341359, 5683091.038956531323493 ], [ 343687.842842152400408, 5683091.010437338612974 ], [ 343693.265705822152086, 5683100.073719738982618 ], [ 343695.000055329466704, 5683106.316991957835853 ], [ 343692.829822191211861, 5683106.452578599564731 ], [ 343690.601825732388534, 5683106.745141288265586 ], [ 343687.471005520492326, 5683107.436850906349719 ], [ 343681.525492523331195, 5683101.413997649215162 ], [ 343679.99017251865007, 5683101.494358723051846 ], [ 343682.112188857223373, 5683108.421123230829835 ], [ 343679.512356142338831, 5683109.173013074323535 ], [ 343679.584148723224644, 5683110.231862511485815 ], [ 343682.250647917157039, 5683110.694734632968903 ], [ 343680.899378008150961, 5683117.812114057131112 ], [ 343682.434271485486533, 5683117.723980977199972 ], [ 343687.684991552785505, 5683111.086675407364964 ], [ 343690.872703769942746, 5683111.43162227421999 ], [ 343693.119335189752746, 5683111.478616187348962 ], [ 343695.291372157691512, 5683111.375897884368896 ], [ 343694.250645633612294, 5683117.771467017009854 ], [ 343689.852153129060753, 5683127.373748035170138 ], [ 343692.648743146972265, 5683127.037174011580646 ], [ 343700.670022588223219, 5683116.544894111342728 ], [ 343704.880016134178732, 5683116.303157671354711 ], [ 343704.799437323876191, 5683114.89982648845762 ], [ 343701.884398752765264, 5683115.089206382632256 ], [ 343705.12061778572388, 5683110.723508470691741 ], [ 343710.69727480225265, 5683110.337300634942949 ], [ 343715.671461261226796, 5683109.611697617918253 ], [ 343717.9115850237431, 5683108.779091455042362 ], [ 343718.939793706638739, 5683108.104070434346795 ], [ 343719.367526607646141, 5683107.507527219131589 ], [ 343718.864493085071445, 5683106.981301252730191 ], [ 343717.768591236905195, 5683106.422851959243417 ], [ 343715.450807884626556, 5683105.840384915471077 ], [ 343710.427090968703851, 5683105.663469430059195 ], [ 343704.841662023973186, 5683105.889839796349406 ], [ 343701.147136005805805, 5683101.904502990655601 ], [ 343704.065392048156355, 5683101.77375013846904 ], [ 343703.991919090272859, 5683100.370028981007636 ], [ 343699.780755621497519, 5683100.59044786542654 ], [ 343690.659468601341359, 5683091.038956531323493 ] ] ] } },
{ "type": "Feature", "properties": { "name": "01987c49-598e-715b-95c5-b78028ba84ff" }, "geometry": { "type": "Polygon", "coordinates": [ [ [ 343696.412800336780492, 5683050.039556567557156 ], [ 343693.596173887839541, 5683050.011037374846637 ], [ 343699.019037557591219, 5683059.074319775216281 ], [ 343700.753387064905837, 5683065.317591994069517 ], [ 343698.583153926650994, 5683065.453178635798395 ], [ 343696.355157467827667, 5683065.745741324499249 ], [ 343693.224337255931459, 5683066.437450942583382 ], [ 343687.278824258770328, 5683060.414597685448825 ], [ 343685.743504254089203, 5683060.49495875928551 ], [ 343687.865520592662506, 5683067.421723267063498 ], [ 343685.265687877777964, 5683068.173613110557199 ], [ 343685.337480458663777, 5683069.232462547719479 ], [ 343688.003979652596172, 5683069.695334669202566 ], [ 343686.652709743590094, 5683076.812714093364775 ], [ 343688.187603220925666, 5683076.724581013433635 ], [ 343693.438323288224638, 5683070.087275443598628 ], [ 343696.626035505381878, 5683070.432222310453653 ], [ 343698.872666925191879, 5683070.479216223582625 ], [ 343701.044703893130645, 5683070.37649792060256 ], [ 343700.003977369051427, 5683076.772067053243518 ], [ 343695.605484864499886, 5683086.374348071403801 ], [ 343698.402074882411398, 5683086.03777404781431 ], [ 343706.423354323662352, 5683075.545494147576392 ], [ 343710.633347869617864, 5683075.303757707588375 ], [ 343710.552769059315324, 5683073.900426524691284 ], [ 343707.637730488204397, 5683074.089806418865919 ], [ 343710.873949521163013, 5683069.724108506925404 ], [ 343716.450606537691783, 5683069.337900671176612 ], [ 343721.424792996665929, 5683068.612297654151917 ], [ 343723.664916759182233, 5683067.779691491276026 ], [ 343724.693125442077871, 5683067.104670470580459 ], [ 343725.120858343085274, 5683066.508127255365252 ], [ 343724.617824820510577, 5683065.981901288963854 ], [ 343723.521922972344328, 5683065.42345199547708 ], [ 343721.204139620065689, 5683064.840984951704741 ], [ 343716.180422704142984, 5683064.664069466292858 ], [ 343710.594993759412318, 5683064.89043983258307 ], [ 343706.900467741244938, 5683060.905103026889265 ], [ 343709.818723783595487, 5683060.774350174702704 ], [ 343709.745250825711992, 5683059.370629017241299 ], [ 343705.534087356936652, 5683059.591047901660204 ], [ 343696.412800336780492, 5683050.039556567557156 ] ] ] } },
{ "type": "Feature", "properties": { "name": "01987c49-5994-73c8-99f8-7212ebcce5f2" }, "geometry": { "type": "Polygon", "coordinates": [ [ [ 344285.595102950464934, 5683412.468804750591516 ], [ 344288.368758748809341, 5683412.252961766906083 ], [ 344282.248558302351739, 5683403.805481786839664 ], [ 344280.001560830627568, 5683397.813115114346147 ], [ 344282.125040957063902, 5683397.491787378676236 ], [ 344284.29175938438857, 5683397.01101412717253 ], [ 344287.312172834121156, 5683396.059354486875236 ], [ 344293.683308800798841, 5683401.470198000781238 ], [ 344295.186900945089292, 5683401.258184355683625 ], [ 344292.499304695345927, 5683394.62692157831043 ], [ 344294.992085763311479, 5683393.662032762542367 ], [ 344294.829761723522097, 5683392.626482373103499 ], [ 344292.166198976163287, 5683392.401979709044099 ], [ 344292.879348896094598, 5683385.28241250384599 ], [ 344291.376849402848165, 5683385.502035832963884 ], [ 344286.785587234247942, 5683392.486941922456026 ], [ 344283.619431704573799, 5683392.423595800995827 ], [ 344281.404975493380334, 5683392.571904136799276 ], [ 344279.27687444537878, 5683392.861049994826317 ], [ 344279.746995145804249, 5683386.478539319708943 ], [ 344283.243030451587401, 5683376.65028883703053 ], [ 344280.520702611131128, 5683377.223600009456277 ], [ 344273.537394558254164, 5683388.241201636381447 ], [ 344269.416253089148086, 5683388.843597051687539 ], [ 344269.61705155990785, 5683390.217310874722898 ], [ 344272.468663124833256, 5683389.778562273830175 ], [ 344269.662695445120335, 5683394.354065151885152 ], [ 344264.209448999201413, 5683395.216945657506585 ], [ 344259.378343027376104, 5683396.361575783230364 ], [ 344257.246457301022019, 5683397.374730211682618 ], [ 344256.293289124965668, 5683398.127897601574659 ], [ 344255.924113656103145, 5683398.751855839975178 ], [ 344256.464599656173959, 5683399.226032746955752 ], [ 344257.591179662384093, 5683399.680574472993612 ], [ 344259.922008516441565, 5683400.052939246408641 ], [ 344264.879998286487535, 5683399.79197839461267 ], [ 344270.35571605572477, 5683399.085597129538655 ], [ 344274.335743831295986, 5683402.686716421507299 ], [ 344271.475889969209675, 5683403.068062416277826 ], [ 344271.669730993511621, 5683404.442775246687233 ], [ 344275.793869480548892, 5683403.861252166330814 ], [ 344285.595102950464934, 5683412.468804750591516 ] ] ] } },
{ "type": "Feature", "properties": { "name": "01987c49-59b5-73b8-9d49-8e0e84f48a3d" }, "geometry": { "type": "Polygon", "coordinates": [ [ [ 343692.322048950009048, 5683004.83739107940346 ], [ 343689.505422501068097, 5683004.808871886692941 ], [ 343694.928286170819774, 5683013.872154287062585 ], [ 343696.662635678134393, 5683020.115426505915821 ], [ 343694.492402539879549, 5683020.251013147644699 ], [ 343692.264406081056222, 5683020.543575836345553 ], [ 343689.133585869160015, 5683021.235285454429686 ], [ 343683.188072871998884, 5683015.212432197295129 ], [ 343681.652752867317759, 5683015.292793271131814 ], [ 343683.774769205891062, 5683022.219557778909802 ], [ 343681.17493649100652, 5683022.971447622403502 ], [ 343681.246729071892332, 5683024.030297059565783 ], [ 343683.913228265824728, 5683024.49316918104887 ], [ 343682.56195835681865, 5683031.610548605211079 ], [ 343684.096851834154222, 5683031.522415525279939 ], [ 343689.347571901453193, 5683024.885109955444932 ], [ 343692.535284118610434, 5683025.230056822299957 ], [ 343694.781915538420435, 5683025.277050735428929 ], [ 343696.953952506359201, 5683025.174332432448864 ], [ 343695.913225982279982, 5683031.569901565089822 ], [ 343691.514733477728441, 5683041.172182583250105 ], [ 343694.311323495639954, 5683040.835608559660614 ], [ 343702.332602936890908, 5683030.343328659422696 ], [ 343706.54259648284642, 5683030.101592219434679 ], [ 343706.46201767254388, 5683028.698261036537588 ], [ 343703.546979101432953, 5683028.887640930712223 ], [ 343706.783198134391569, 5683024.521943018771708 ], [ 343712.359855150920339, 5683024.135735183022916 ], [ 343717.334041609894484, 5683023.41013216599822 ], [ 343719.574165372410789, 5683022.57752600312233 ], [ 343720.602374055306427, 5683021.902504982426763 ], [ 343721.03010695631383, 5683021.305961767211556 ], [ 343720.527073433739133, 5683020.779735800810158 ], [ 343719.431171585572883, 5683020.221286507323384 ], [ 343717.113388233294245, 5683019.638819463551044 ], [ 343712.08967131737154, 5683019.461903978139162 ], [ 343706.504242372640874, 5683019.688274344429374 ], [ 343702.809716354473494, 5683015.702937538735569 ], [ 343705.727972396824043, 5683015.572184686549008 ], [ 343705.654499438940547, 5683014.168463529087603 ], [ 343701.443335970165208, 5683014.388882413506508 ], [ 343692.322048950009048, 5683004.83739107940346 ] ] ] } },
{ "type": "Feature", "properties": { "name": "01987c49-59cf-72ff-8d95-1fd848564b91" }, "geometry": { "type": "Polygon", "coordinates": [ [ [ 343692.144401994301006, 5682960.077290250919759 ], [ 343689.327775545360055, 5682960.04877105820924 ], [ 343694.750639215111732, 5682969.112053458578885 ], [ 343696.484988722426351, 5682975.35532567743212 ], [ 343694.314755584171508, 5682975.490912319160998 ], [ 343692.086759125348181, 5682975.783475007861853 ], [ 343688.955938913451973, 5682976.475184625945985 ], [ 343683.010425916290842, 5682970.452331368811429 ], [ 343681.475105911609717, 5682970.532692442648113 ], [ 343683.59712225018302, 5682977.459456950426102 ], [ 343680.997289535298478, 5682978.211346793919802 ], [ 343681.06908211618429, 5682979.270196231082082 ], [ 343683.735581310116686, 5682979.733068352565169 ], [ 343682.384311401110608, 5682986.850447776727378 ], [ 343683.91920487844618, 5682986.762314696796238 ], [ 343689.169924945745151, 5682980.125009126961231 ], [ 343692.357637162902392, 5682980.469955993816257 ], [ 343694.604268582712393, 5682980.516949906945229 ], [ 343696.776305550651159, 5682980.414231603965163 ], [ 343695.735579026571941, 5682986.809800736606121 ], [ 343691.3370865220204, 5682996.412081754766405 ], [ 343694.133676539931912, 5682996.075507731176913 ], [ 343702.154955981182866, 5682985.583227830938995 ], [ 343706.364949527138378, 5682985.341491390950978 ], [ 343706.284370716835838, 5682983.938160208053887 ], [ 343703.369332145724911, 5682984.127540102228522 ], [ 343706.605551178683527, 5682979.761842190288007 ], [ 343712.182208195212297, 5682979.375634354539216 ], [ 343717.156394654186442, 5682978.65003133751452 ], [ 343719.396518416702747, 5682977.817425174638629 ], [ 343720.424727099598385, 5682977.142404153943062 ], [ 343720.852460000605788, 5682976.545860938727856 ], [ 343720.349426478031091, 5682976.019634972326458 ], [ 343719.253524629864842, 5682975.461185678839684 ], [ 343716.935741277586203, 5682974.878718635067344 ], [ 343711.912024361663498, 5682974.701803149655461 ], [ 343706.326595416932832, 5682974.928173515945673 ], [ 343702.632069398765452, 5682970.942836710251868 ], [ 343705.550325441116001, 5682970.812083858065307 ], [ 343705.476852483232506, 5682969.408362700603902 ], [ 343701.265689014457166, 5682969.628781585022807 ], [ 343692.144401994301006, 5682960.077290250919759 ] ] ] } },
{ "type": "Feature", "properties": { "name": "01987c49-59d2-74cc-be9b-5357c856d29f" }, "geometry": { "type": "Polygon", "coordinates": [ [ [ 343708.347183616366237, 5682916.006079860962927 ], [ 343705.782950575230643, 5682914.840358277782798 ], [ 343707.074982941383496, 5682925.322781214490533 ], [ 343706.134922055294737, 5682931.733920093625784 ], [ 343704.095409002387896, 5682930.979809943586588 ], [ 343701.939557656412944, 5682930.345880830660462 ], [ 343698.796584775671363, 5682929.711673555895686 ], [ 343695.796401268802583, 5682921.798217604868114 ], [ 343694.359853852074593, 5682921.250497841276228 ], [ 343693.49776054895483, 5682928.443537186831236 ], [ 343690.816019935067743, 5682928.079207991249859 ], [ 343690.453250135760754, 5682929.07656167820096 ], [ 343692.704449095763266, 5682930.578750679269433 ], [ 343688.588950664037839, 5682936.540771553292871 ], [ 343690.028252674266696, 5682937.08121132850647 ], [ 343697.515509407036006, 5682933.135977107100189 ], [ 343700.291065621189773, 5682934.741213918663561 ], [ 343702.326569717377424, 5682935.693203539587557 ], [ 343704.354433424305171, 5682936.478101257234812 ], [ 343700.814976490102708, 5682941.905684590339661 ], [ 343692.90740707796067, 5682948.90717607922852 ], [ 343695.601038164226338, 5682949.730917162261903 ], [ 343707.181708558928221, 5682943.381355399265885 ], [ 343711.12950836145319, 5682944.863704510033131 ], [ 343711.623624734347686, 5682943.547771242447197 ], [ 343708.881230343598872, 5682942.541497115045786 ], [ 343713.607129303039983, 5682939.858530304394662 ], [ 343718.863181886728853, 5682941.761730558238924 ], [ 343723.705605520168319, 5682943.1107909809798 ], [ 343726.091055263066664, 5682943.255763447843492 ], [ 343727.304461854975671, 5682943.054490208625793 ], [ 343727.936987233348191, 5682942.68202425353229 ], [ 343727.689886292908341, 5682941.997263260185719 ], [ 343726.913652086630464, 5682941.043152716010809 ], [ 343725.029739274410531, 5682939.572690188884735 ], [ 343720.507190509000793, 5682937.378246431238949 ], [ 343715.307788270991296, 5682935.32532743550837 ], [ 343713.541702485876158, 5682930.185933214612305 ], [ 343716.263318007579073, 5682931.247122920118272 ], [ 343716.764090388547629, 5682929.933708139695227 ], [ 343712.823846046347171, 5682928.431391007266939 ], [ 343708.347183616366237, 5682916.006079860962927 ] ] ] } },
{ "type": "Feature", "properties": { "name": "01987c49-59d8-756e-b80a-1a44d47984ae" }, "geometry": { "type": "Polygon", "coordinates": [ [ [ 343726.154189176042564, 5682876.945113927125931 ], [ 343723.685218794795219, 5682875.589244037866592 ], [ 343724.182670757174492, 5682886.139271517284214 ], [ 343722.761569744267035, 5682892.461208569817245 ], [ 343720.784767652163282, 5682891.555366917513311 ], [ 343718.682891233009286, 5682890.760586026124656 ], [ 343715.596727962372825, 5682889.891049561090767 ], [ 343713.202165522030555, 5682881.773786667734385 ], [ 343711.811038239335176, 5682881.11924079246819 ], [ 343710.408688271127176, 5682888.226732224225998 ], [ 343707.762080299085937, 5682887.661104498431087 ], [ 343707.325094321160577, 5682888.62824438419193 ], [ 343709.456536467769183, 5682890.296004236675799 ], [ 343704.902935092919506, 5682895.9305170616135 ], [ 343706.29735839163186, 5682896.578011533245444 ], [ 343714.06094087351812, 5682893.208935474045575 ], [ 343716.707470698514953, 5682895.019012103788555 ], [ 343718.665345277986489, 5682896.121866715140641 ], [ 343720.628208311041817, 5682897.057529237121344 ], [ 343716.689329732442275, 5682902.202590147964656 ], [ 343708.276038378069643, 5682908.58749936055392 ], [ 343710.89984035649104, 5682909.612126599065959 ], [ 343722.926574846787844, 5682904.154423888772726 ], [ 343726.751278754032683, 5682905.930408739484847 ], [ 343727.343273706792388, 5682904.655507436953485 ], [ 343724.684619515959639, 5682903.445188260637224 ], [ 343729.599477283074521, 5682901.126437517814338 ], [ 343734.696951751713641, 5682903.420781435444951 ], [ 343739.423786065715831, 5682905.131356787867844 ], [ 343741.791498155333102, 5682905.455897930078208 ], [ 343743.016632089624181, 5682905.346749786287546 ], [ 343743.675457027507946, 5682905.023069475777447 ], [ 343743.480725561850704, 5682904.321616591885686 ], [ 343742.778691466664895, 5682903.311658868566155 ], [ 343741.011094794899691, 5682901.703246753662825 ], [ 343736.667007650132291, 5682899.173832271248102 ], [ 343731.637318312365096, 5682896.734470633789897 ], [ 343730.264033281535376, 5682891.476474800147116 ], [ 343732.897824457555544, 5682892.739985259249806 ], [ 343733.496266426518559, 5682891.468097460456192 ], [ 343729.680603028449696, 5682889.672771563753486 ], [ 343726.154189176042564, 5682876.945113927125931 ] ] ] } },
{ "type": "Feature", "properties": { "name": "01987c49-59f7-72b9-a92a-412b790f8d7b" }, "geometry": { "type": "Polygon", "coordinates": [ [ [ 343744.275558753695805, 5682836.725701986812055 ], [ 343741.806588372448459, 5682835.369832097552717 ], [ 343742.304040334827732, 5682845.919859576970339 ], [ 343740.882939321920276, 5682852.241796629503369 ], [ 343738.906137229816522, 5682851.335954977199435 ], [ 343736.804260810662527, 5682850.541174085810781 ], [ 343733.718097540026065, 5682849.671637620776892 ], [ 343731.323535099683795, 5682841.554374727420509 ], [ 343729.932407816988416, 5682840.899828852154315 ], [ 343728.530057848780416, 5682848.007320283912122 ], [ 343725.883449876739178, 5682847.441692558117211 ], [ 343725.446463898813818, 5682848.408832443878055 ], [ 343727.577906045422424, 5682850.076592296361923 ], [ 343723.024304670572747, 5682855.711105121299624 ], [ 343724.418727969285101, 5682856.358599592931569 ], [ 343732.182310451171361, 5682852.989523533731699 ], [ 343734.828840276168194, 5682854.799600163474679 ], [ 343736.78671485563973, 5682855.902454774826765 ], [ 343738.749577888695057, 5682856.838117296807468 ], [ 343734.810699310095515, 5682861.983178207650781 ], [ 343726.397407955722883, 5682868.368087420240045 ], [ 343729.021209934144281, 5682869.392714658752084 ], [ 343741.047944424441084, 5682863.93501194845885 ], [ 343744.872648331685923, 5682865.710996799170971 ], [ 343745.464643284445629, 5682864.436095496639609 ], [ 343742.80598909361288, 5682863.225776320323348 ], [ 343747.720846860727761, 5682860.907025577500463 ], [ 343752.818321329366881, 5682863.201369495131075 ], [ 343757.545155643369071, 5682864.911944847553968 ], [ 343759.912867732986342, 5682865.236485989764333 ], [ 343761.138001667277422, 5682865.12733784597367 ], [ 343761.796826605161186, 5682864.803657535463572 ], [ 343761.602095139503945, 5682864.10220465157181 ], [ 343760.900061044318136, 5682863.09224692825228 ], [ 343759.132464372552931, 5682861.483834813348949 ], [ 343754.788377227785531, 5682858.954420330934227 ], [ 343749.758687890018336, 5682856.515058693476021 ], [ 343748.385402859188616, 5682851.257062859833241 ], [ 343751.019194035208784, 5682852.520573318935931 ], [ 343751.6176360041718, 5682851.248685520142317 ], [ 343747.801972606102936, 5682849.45335962343961 ], [ 343744.275558753695805, 5682836.725701986812055 ] ] ] } },
{ "type": "Feature", "properties": { "name": "01987c49-59f9-71ed-bf07-ea2fa29dfb4e" }, "geometry": { "type": "Polygon", "coordinates": [ [ [ 343619.241690343129449, 5682846.339628855697811 ], [ 343621.705540768685751, 5682847.704780488274992 ], [ 343621.247794684546534, 5682837.152955679222941 ], [ 343622.692676643084269, 5682830.836411346681416 ], [ 343624.666055831767153, 5682831.74968577735126 ], [ 343626.764926410920452, 5682832.552370920777321 ], [ 343629.847795548092108, 5682833.433515221811831 ], [ 343632.21179376996588, 5682841.559731965884566 ], [ 343633.600447984412313, 5682842.219508361071348 ], [ 343635.029535266046878, 5682835.117344646714628 ], [ 343637.673995900666341, 5682835.692928206175566 ], [ 343638.114618370193057, 5682834.727439654991031 ], [ 343635.989467508159578, 5682833.051670469343662 ], [ 343640.564240700390656, 5682827.434333867393434 ], [ 343639.172263957036193, 5682826.781596423126757 ], [ 343631.396057785139419, 5682830.121432349085808 ], [ 343628.756358465179801, 5682828.301408992148936 ], [ 343626.802648063399829, 5682827.191194225102663 ], [ 343624.843320058367681, 5682826.248151590116322 ], [ 343628.801532878889702, 5682821.117950083687901 ], [ 343637.23879264673451, 5682814.764747373759747 ], [ 343634.618865172611549, 5682813.730253376998007 ], [ 343622.571677162544802, 5682819.142657872289419 ], [ 343618.753683807270136, 5682817.352292293682694 ], [ 343618.156895278370939, 5682818.624956744723022 ], [ 343620.81097591354046, 5682819.845272522419691 ], [ 343615.887426917732228, 5682822.145511023700237 ], [ 343610.798622726637404, 5682819.832000299356878 ], [ 343606.078259200439788, 5682818.103648815304041 ], [ 343603.711785205057822, 5682817.770199687220156 ], [ 343602.486249194596894, 5682817.874736576341093 ], [ 343601.826210833038203, 5682818.195935274474323 ], [ 343602.018301179574337, 5682818.898116013966501 ], [ 343602.716529583616648, 5682819.910708513110876 ], [ 343604.478060887428001, 5682821.525761141441762 ], [ 343608.81259846087778, 5682824.071505583822727 ], [ 343613.833072263689246, 5682826.529777909629047 ], [ 343615.186560434929561, 5682831.792904521338642 ], [ 343612.557542810449377, 5682830.519491403363645 ], [ 343611.954318651580252, 5682831.789118112064898 ], [ 343615.763198776578065, 5682833.59879057854414 ], [ 343619.241690343129449, 5682846.339628855697811 ] ] ] } },
{ "type": "Feature", "properties": { "name": "01987c49-59fc-726f-85cd-04d1a4a36d1d" }, "geometry": { "type": "Polygon", "coordinates": [ [ [ 343598.3372686363291, 5682883.631082677282393 ], [ 343600.92582653707359, 5682885.065331285819411 ], [ 343600.444911693281028, 5682873.979427209123969 ], [ 343601.96292616793653, 5682867.343171790242195 ], [ 343604.036187692719977, 5682868.302671490237117 ], [ 343606.241292338643689, 5682869.145984439179301 ], [ 343609.480200504185632, 5682870.071727747097611 ], [ 343611.963852194719948, 5682878.609251915477216 ], [ 343613.422792965197004, 5682879.302422809414566 ], [ 343614.924213317397516, 5682871.840783983469009 ], [ 343617.702522989944555, 5682872.445500631816685 ], [ 343618.165447509614751, 5682871.431144 ], [ 343615.932732407585718, 5682869.670555971562862 ], [ 343620.739057161728851, 5682863.768898593261838 ], [ 343619.276625692960806, 5682863.08312292676419 ], [ 343611.106827837007586, 5682866.592004221864045 ], [ 343608.333520472457167, 5682864.679860615171492 ], [ 343606.28092326776823, 5682863.513452468439937 ], [ 343604.222424125531688, 5682862.522677850909531 ], [ 343608.380981383379549, 5682857.13281184900552 ], [ 343617.245291978819296, 5682850.458042594604194 ], [ 343614.492757209576666, 5682849.371187815442681 ], [ 343601.835802314104512, 5682855.057540474459529 ], [ 343597.824561711866409, 5682853.17655577044934 ], [ 343597.197566807677504, 5682854.513635970652103 ], [ 343599.985983395832591, 5682855.795717875473201 ], [ 343594.813229595252778, 5682858.212382655590773 ], [ 343589.466856228769757, 5682855.781773881055415 ], [ 343584.507572104455903, 5682853.965942106209695 ], [ 343582.021319329447579, 5682853.615615493617952 ], [ 343580.733752970059868, 5682853.725443503819406 ], [ 343580.040306850976776, 5682854.062899633310735 ], [ 343580.242119825910777, 5682854.800621161237359 ], [ 343580.975688971579075, 5682855.864465900696814 ], [ 343582.826379957783502, 5682857.561264212243259 ], [ 343587.380309597938322, 5682860.235861185006797 ], [ 343592.654894042294472, 5682862.818558651022613 ], [ 343594.076888844778296, 5682868.348077745176852 ], [ 343591.314803828368895, 5682867.010210984386504 ], [ 343590.681047555641271, 5682868.344099687412381 ], [ 343594.68271366256522, 5682870.245368494652212 ], [ 343598.3372686363291, 5682883.631082677282393 ] ] ] } },
{ "type": "Feature", "properties": { "name": "01987c49-5a1e-7378-8371-9fafc7255176" }, "geometry": { "type": "Polygon", "coordinates": [ [ [ 343578.947950959205627, 5682923.987314064055681 ], [ 343581.536508859950118, 5682925.4215626725927 ], [ 343581.055594016157556, 5682914.335658595897257 ], [ 343582.573608490813058, 5682907.699403177015483 ], [ 343584.646870015596505, 5682908.658902877010405 ], [ 343586.851974661520217, 5682909.50221582595259 ], [ 343590.09088282706216, 5682910.4279591338709 ], [ 343592.574534517596476, 5682918.965483302250504 ], [ 343594.033475288073532, 5682919.658654196187854 ], [ 343595.534895640274044, 5682912.197015370242298 ], [ 343598.313205312821083, 5682912.801732018589973 ], [ 343598.776129832491279, 5682911.787375386804342 ], [ 343596.543414730462246, 5682910.026787358336151 ], [ 343601.349739484605379, 5682904.125129980035126 ], [ 343599.887308015837334, 5682903.439354313537478 ], [ 343591.717510159884114, 5682906.948235608637333 ], [ 343588.944202795333695, 5682905.03609200194478 ], [ 343586.891605590644758, 5682903.869683855213225 ], [ 343584.833106448408216, 5682902.878909237682819 ], [ 343588.991663706256077, 5682897.489043235778809 ], [ 343597.855974301695824, 5682890.814273981377482 ], [ 343595.103439532453194, 5682889.72741920221597 ], [ 343582.44648463698104, 5682895.413771861232817 ], [ 343578.435244034742936, 5682893.532787157222629 ], [ 343577.808249130554032, 5682894.869867357425392 ], [ 343580.596665718709119, 5682896.15194926224649 ], [ 343575.423911918129306, 5682898.568614042364061 ], [ 343570.077538551646285, 5682896.138005267828703 ], [ 343565.118254427332431, 5682894.322173492982984 ], [ 343562.632001652324107, 5682893.97184688039124 ], [ 343561.344435292936396, 5682894.081674890592694 ], [ 343560.650989173853304, 5682894.419131020084023 ], [ 343560.852802148787305, 5682895.156852548010647 ], [ 343561.586371294455603, 5682896.220697287470102 ], [ 343563.43706228066003, 5682897.917495599016547 ], [ 343567.990991920814849, 5682900.592092571780086 ], [ 343573.265576365171, 5682903.174790037795901 ], [ 343574.687571167654824, 5682908.70430913195014 ], [ 343571.925486151245423, 5682907.366442371159792 ], [ 343571.291729878517799, 5682908.700331074185669 ], [ 343575.293395985441748, 5682910.6015998814255 ], [ 343578.947950959205627, 5682923.987314064055681 ] ] ] } },
{ "type": "Feature", "properties": { "name": "01987c49-5a3d-700a-9edb-80fa668e397a" }, "geometry": { "type": "Polygon", "coordinates": [ [ [ 343567.357246389903594, 5682968.34015838522464 ], [ 343569.945804290648084, 5682969.774406993761659 ], [ 343569.464889446855523, 5682958.688502917066216 ], [ 343570.982903921511024, 5682952.052247498184443 ], [ 343573.056165446294472, 5682953.011747198179364 ], [ 343575.261270092218183, 5682953.855060147121549 ], [ 343578.500178257760126, 5682954.780803455039859 ], [ 343580.983829948294442, 5682963.318327623419464 ], [ 343582.442770718771499, 5682964.011498517356813 ], [ 343583.94419107097201, 5682956.549859691411257 ], [ 343586.722500743519049, 5682957.154576339758933 ], [ 343587.185425263189245, 5682956.140219707973301 ], [ 343584.952710161160212, 5682954.37963167950511 ], [ 343589.759034915303346, 5682948.477974301204085 ], [ 343588.2966034465353, 5682947.792198634706438 ], [ 343580.12680559058208, 5682951.301079929806292 ], [ 343577.353498226031661, 5682949.388936323113739 ], [ 343575.300901021342725, 5682948.222528176382184 ], [ 343573.242401879106183, 5682947.231753558851779 ], [ 343577.400959136954043, 5682941.841887556947768 ], [ 343586.26526973239379, 5682935.167118302546442 ], [ 343583.512734963151161, 5682934.080263523384929 ], [ 343570.855780067679007, 5682939.766616182401776 ], [ 343566.844539465440903, 5682937.885631478391588 ], [ 343566.217544561251998, 5682939.222711678594351 ], [ 343569.005961149407085, 5682940.504793583415449 ], [ 343563.833207348827273, 5682942.92145836353302 ], [ 343558.486833982344251, 5682940.490849588997662 ], [ 343553.527549858030397, 5682938.675017814151943 ], [ 343551.041297083022073, 5682938.324691201560199 ], [ 343549.753730723634362, 5682938.434519211761653 ], [ 343549.060284604551271, 5682938.771975341252983 ], [ 343549.262097579485271, 5682939.509696869179606 ], [ 343549.995666725153569, 5682940.573541608639061 ], [ 343551.846357711357996, 5682942.270339920185506 ], [ 343556.400287351512816, 5682944.944936892949045 ], [ 343561.674871795868967, 5682947.52763435896486 ], [ 343563.09686659835279, 5682953.057153453119099 ], [ 343560.334781581943389, 5682951.719286692328751 ], [ 343559.701025309215765, 5682953.053175395354629 ], [ 343563.702691416139714, 5682954.954444202594459 ], [ 343567.357246389903594, 5682968.34015838522464 ] ] ] } },
{ "type": "Feature", "properties": { "name": "01987c49-5a5d-740c-b5fc-829ac4164c6f" }, "geometry": { "type": "Polygon", "coordinates": [ [ [ 343574.383117765188217, 5683017.115393248386681 ], [ 343577.342128863092512, 5683017.159601837396622 ], [ 343571.690694943536073, 5683007.61026453319937 ], [ 343569.900160592980683, 5683001.042293715290725 ], [ 343572.180899166036397, 5683000.910822869278491 ], [ 343574.523118012119085, 5683000.614724729210138 ], [ 343577.815864778123796, 5682999.903848148882389 ], [ 343584.031773712020367, 5683006.2615459067747 ], [ 343585.645191509276628, 5683006.184883859008551 ], [ 343583.450830381829292, 5682998.896873410791159 ], [ 343586.18602463696152, 5682998.12008563708514 ], [ 343586.115954725071788, 5682997.007292442023754 ], [ 343583.316864646039903, 5682996.507510826922953 ], [ 343584.772511532064527, 5682989.036807406693697 ], [ 343583.159502536058426, 5682989.121636905707419 ], [ 343577.609510965179652, 5682996.068250360898674 ], [ 343574.262236621696502, 5682995.689725087024271 ], [ 343571.902157282922417, 5682995.628989891149104 ], [ 343569.619689845014364, 5682995.725920045748353 ], [ 343570.745428161229938, 5682989.011981764808297 ], [ 343575.415063740219921, 5682978.946046613156796 ], [ 343572.475256362464279, 5682979.285507286898792 ], [ 343563.995009520556778, 5682990.268153930082917 ], [ 343559.570756263099611, 5682990.500829110853374 ], [ 343559.648314653895795, 5682991.97558019682765 ], [ 343562.711819906719029, 5682991.791361178271472 ], [ 343559.289758146740496, 5682996.361606668680906 ], [ 343553.428953837603331, 5682996.739151426590979 ], [ 343548.199390089139342, 5682997.476312916725874 ], [ 343545.841698774136603, 5682998.339720849879086 ], [ 343544.758045761846006, 5682999.043699166737497 ], [ 343544.305651159957051, 5682999.668265642598271 ], [ 343544.831477930769324, 5683000.223664361052215 ], [ 343545.980010781437159, 5683000.815915670245886 ], [ 343548.412134156562388, 5683001.439580261707306 ], [ 343553.689169877208769, 5683001.650857663713396 ], [ 343559.558381553273648, 5683001.441282950341702 ], [ 343563.419703073333949, 5683005.646975135430694 ], [ 343560.353114066645503, 5683005.769584152847528 ], [ 343560.423205058090389, 5683007.244709007441998 ], [ 343564.848579616285861, 5683007.03443602565676 ], [ 343574.383117765188217, 5683017.115393248386681 ] ] ] } },
{ "type": "Feature", "properties": { "name": "01987c49-5a77-749a-9c76-49a878fe71e1" }, "geometry": { "type": "Polygon", "coordinates": [ [ [ 343573.701658362988383, 5683061.219257699325681 ], [ 343576.519273054087535, 5683061.261353779584169 ], [ 343571.13789302186342, 5683052.168331757187843 ], [ 343569.432919392420445, 5683045.914211560972035 ], [ 343571.604672825371381, 5683045.789023051969707 ], [ 343573.834968695242424, 5683045.507073967717588 ], [ 343576.970371488598175, 5683044.830166639760137 ], [ 343582.889253084955271, 5683050.884061678312719 ], [ 343584.425573679211084, 5683050.811062928289175 ], [ 343582.33607014385052, 5683043.87131021078676 ], [ 343584.940563084674068, 5683043.13164125662297 ], [ 343584.873841464985162, 5683042.072022907435894 ], [ 343582.208505963499192, 5683041.596123367547989 ], [ 343583.594594732858241, 5683034.482407664880157 ], [ 343582.05866340524517, 5683034.563183585181832 ], [ 343576.773878296895418, 5683041.177852971479297 ], [ 343573.586553527449723, 5683040.817415536381304 ], [ 343571.339250628952868, 5683040.759582572616637 ], [ 343569.165850944991689, 5683040.851880918256938 ], [ 343570.237795832334086, 5683034.458768317475915 ], [ 343574.684292778198142, 5683024.873834085650742 ], [ 343571.884964157070499, 5683025.19707362446934 ], [ 343563.809946086723357, 5683035.654914269223809 ], [ 343559.597105863096658, 5683035.876471062190831 ], [ 343559.670958124566823, 5683037.280751136131585 ], [ 343562.588073715218343, 5683037.105335027910769 ], [ 343559.3295352475252, 5683041.457191241905093 ], [ 343553.748789594101254, 5683041.816695015877485 ], [ 343548.76912065804936, 5683042.518631229177117 ], [ 343546.524091671511997, 5683043.340781196020544 ], [ 343545.492221040942241, 5683044.011119894683361 ], [ 343545.061444124497939, 5683044.605841448530555 ], [ 343545.56214425212238, 5683045.134700427763164 ], [ 343546.655794436635915, 5683045.698650995269418 ], [ 343548.971698745794129, 5683046.292513761669397 ], [ 343553.996571204857901, 5683046.493695268407464 ], [ 343559.585322479018942, 5683046.294135087169707 ], [ 343563.262130670016631, 5683050.298858184367418 ], [ 343560.3420786827337, 5683050.415608326904476 ], [ 343560.408820374694187, 5683051.820244309492409 ], [ 343564.62272831768496, 5683051.620019226334989 ], [ 343573.701658362988383, 5683061.219257699325681 ] ] ] } },
{ "type": "Feature", "properties": { "name": "01987c49-5a8b-7763-88f4-6c6589658b1c" }, "geometry": { "type": "Polygon", "coordinates": [ [ [ 343575.153913989372086, 5683105.948877815157175 ], [ 343577.971528680471238, 5683105.990973895415664 ], [ 343572.590148648247123, 5683096.897951873019338 ], [ 343570.885175018804148, 5683090.643831676803529 ], [ 343573.056928451755084, 5683090.518643167801201 ], [ 343575.287224321626127, 5683090.236694083549082 ], [ 343578.422627114981879, 5683089.559786755591631 ], [ 343584.341508711338975, 5683095.613681794144213 ], [ 343585.877829305594787, 5683095.540683044120669 ], [ 343583.788325770234223, 5683088.600930326618254 ], [ 343586.392818711057771, 5683087.861261372454464 ], [ 343586.326097091368865, 5683086.801643023267388 ], [ 343583.660761589882895, 5683086.325743483379483 ], [ 343585.046850359241944, 5683079.212027780711651 ], [ 343583.510919031628873, 5683079.292803701013327 ], [ 343578.226133923279122, 5683085.907473087310791 ], [ 343575.038809153833427, 5683085.547035652212799 ], [ 343572.791506255336571, 5683085.489202688448131 ], [ 343570.618106571375392, 5683085.581501034088433 ], [ 343571.69005145871779, 5683079.188388433307409 ], [ 343576.136548404581845, 5683069.603454201482236 ], [ 343573.337219783454202, 5683069.926693740300834 ], [ 343565.262201713107061, 5683080.384534385055304 ], [ 343561.049361489480361, 5683080.606091178022325 ], [ 343561.123213750950526, 5683082.010371251963079 ], [ 343564.040329341602046, 5683081.834955143742263 ], [ 343560.781790873908903, 5683086.186811357736588 ], [ 343555.201045220484957, 5683086.54631513170898 ], [ 343550.221376284433063, 5683087.248251345008612 ], [ 343547.9763472978957, 5683088.070401311852038 ], [ 343546.944476667325944, 5683088.740740010514855 ], [ 343546.513699750881642, 5683089.335461564362049 ], [ 343547.014399878506083, 5683089.864320543594658 ], [ 343548.108050063019618, 5683090.428271111100912 ], [ 343550.423954372177832, 5683091.022133877500892 ], [ 343555.448826831241604, 5683091.223315384238958 ], [ 343561.037578105402645, 5683091.023755203001201 ], [ 343564.714386296400335, 5683095.028478300198913 ], [ 343561.794334309117403, 5683095.14522844273597 ], [ 343561.86107600107789, 5683096.549864425323904 ], [ 343566.074983944068663, 5683096.349639342166483 ], [ 343575.153913989372086, 5683105.948877815157175 ] ] ] } },
{ "type": "Feature", "properties": { "name": "01987c49-5a8d-769f-85e9-0e90001e0317" }, "geometry": { "type": "Polygon", "coordinates": [ [ [ 343559.98218103684485, 5683147.620304699987173 ], [ 343562.433218111749738, 5683149.010679428465664 ], [ 343562.081218909472227, 5683138.450452294200659 ], [ 343563.590023466851562, 5683132.146131291985512 ], [ 343565.55494794761762, 5683133.079542733728886 ], [ 343567.646519125439227, 5683133.903584578074515 ], [ 343570.721656431443989, 5683134.815990603528917 ], [ 343573.004942280240357, 5683142.968868023715913 ], [ 343574.387475221417844, 5683143.642820878885686 ], [ 343575.888364916667342, 5683136.552438454702497 ], [ 343578.528002525214106, 5683137.154773026704788 ], [ 343578.978474920149893, 5683136.193358733318746 ], [ 343576.869377401657403, 5683134.495653999038041 ], [ 343581.502184485085309, 5683128.922208772040904 ], [ 343580.116257162764668, 5683128.255264059640467 ], [ 343572.303721825126559, 5683131.518252925015986 ], [ 343569.681338091846555, 5683129.671077274717391 ], [ 343567.738066249061376, 5683128.540851847268641 ], [ 343565.787496814504266, 5683127.577802496030927 ], [ 343569.798631500452757, 5683122.485479539260268 ], [ 343578.302705118898302, 5683116.214671680703759 ], [ 343575.692215755581856, 5683115.153507314622402 ], [ 343563.586354294326156, 5683120.446943445131183 ], [ 343559.784953637048602, 5683118.617609358392656 ], [ 343559.175175605341792, 5683119.884742909111083 ], [ 343561.817965300753713, 5683121.132138918153942 ], [ 343556.869551336858422, 5683123.383788244798779 ], [ 343551.802132228389382, 5683121.018364690244198 ], [ 343547.097413311712444, 5683119.2420096937567 ], [ 343544.733432276174426, 5683118.884687175042927 ], [ 343543.506404742598534, 5683118.976960686966777 ], [ 343542.842904222663492, 5683119.291650276631117 ], [ 343543.028015872463584, 5683119.996012480929494 ], [ 343543.716332525480539, 5683121.015978732146323 ], [ 343545.462288699112833, 5683122.649295234121382 ], [ 343549.772837996482849, 5683125.239465495571494 ], [ 343554.7704490381293, 5683127.749017037451267 ], [ 343556.071597936563194, 5683133.027628323994577 ], [ 343553.454413251020014, 5683131.727367377839983 ], [ 343552.838227758649737, 5683132.991397494450212 ], [ 343556.63031810708344, 5683134.839953964576125 ], [ 343559.98218103684485, 5683147.620304699987173 ] ] ] } },
{ "type": "Feature", "properties": { "name": "01987c49-5a8f-71ec-acbe-ce8430175d59" }, "geometry": { "type": "Polygon", "coordinates": [ [ [ 343449.545361945638433, 5683038.085318931378424 ], [ 343447.070066016283818, 5683036.738606382161379 ], [ 343447.609186189132743, 5683047.290935507975519 ], [ 343446.212360501638614, 5683053.621009165421128 ], [ 343444.23120031284634, 5683052.722571942955256 ], [ 343442.125351859547663, 5683051.935731905512512 ], [ 343439.034525566617958, 5683051.077974927611649 ], [ 343436.607091557409149, 5683042.9668487040326 ], [ 343435.21283022913849, 5683042.31750662624836 ], [ 343433.837850819400046, 5683049.433377930894494 ], [ 343431.187951715721283, 5683048.877924618311226 ], [ 343430.754590813361574, 5683049.847172343172133 ], [ 343432.893448217830155, 5683051.507227375172079 ], [ 343428.360156252863817, 5683057.161911904811859 ], [ 343429.757687212200835, 5683057.804186776280403 ], [ 343437.511159932357259, 5683054.40323609765619 ], [ 343440.165872236248106, 5683056.203640749678016 ], [ 343442.12887164647691, 5683057.299244823865592 ], [ 343444.096204365545418, 5683058.22756973747164 ], [ 343440.175959416199476, 5683063.390188655816019 ], [ 343431.784369572764263, 5683069.810743087902665 ], [ 343434.413257604988758, 5683070.825470756739378 ], [ 343446.423393038567156, 5683065.318294106051326 ], [ 343450.256620814790949, 5683067.079962342046201 ], [ 343450.843843562935945, 5683065.802219751290977 ], [ 343448.1793593831826, 5683064.601862207986414 ], [ 343453.08708629879402, 5683062.262857724912465 ], [ 343458.195635637501255, 5683064.5380914863199 ], [ 343462.931100731948391, 5683066.230777959339321 ], [ 343465.301043815095909, 5683066.546143623068929 ], [ 343466.526243075029925, 5683066.432135979644954 ], [ 343467.184061602165457, 5683066.105735515244305 ], [ 343466.986494462878909, 5683065.40476500056684 ], [ 343466.280207401374355, 5683064.397159147076309 ], [ 343464.505575552990194, 5683062.795045681297779 ], [ 343460.149793570395559, 5683060.281685271300375 ], [ 343455.108486714714672, 5683057.861108841374516 ], [ 343453.713980712462217, 5683052.606389193795621 ], [ 343456.353800916927867, 5683053.86005720961839 ], [ 343456.947485126322135, 5683052.585303996689618 ], [ 343453.123225486488082, 5683050.804251374676824 ], [ 343449.545361945638433, 5683038.085318931378424 ] ] ] } },
{ "type": "Feature", "properties": { "name": "01987c49-5aa1-767d-bc5d-0502c684df4a" }, "geometry": { "type": "Polygon", "coordinates": [ [ [ 343234.859628735575825, 5682991.213006746955216 ], [ 343236.269008011440746, 5682989.375660564750433 ], [ 343235.855410988267977, 5682989.169909018091857 ], [ 343233.768949123041239, 5682990.250616003759205 ], [ 343229.489890603115782, 5682987.912284576334059 ], [ 343231.128574148751795, 5682980.988198792561889 ], [ 343230.322059944854118, 5682980.586983286775649 ], [ 343227.976282978081144, 5682985.198694829829037 ], [ 343227.145401823101565, 5682984.785357528366148 ], [ 343227.504010335367639, 5682984.073736879043281 ], [ 343227.335973455803469, 5682983.983694406226277 ], [ 343226.978480154881254, 5682984.702319237403572 ], [ 343226.632092646730598, 5682984.530002322047949 ], [ 343226.313125411164947, 5682985.145254069939256 ], [ 343226.669852844963316, 5682985.32271477393806 ], [ 343226.338078486733139, 5682985.989639976061881 ], [ 343226.49834733287571, 5682986.069368696771562 ], [ 343226.833568333764561, 5682985.404158093035221 ], [ 343227.636635890172329, 5682985.803659001365304 ], [ 343226.977393382054288, 5682986.713991241529584 ], [ 343223.824396606360096, 5682985.480843068100512 ], [ 343222.797350356297102, 5682985.536154218949378 ], [ 343223.37892690487206, 5682986.404612223617733 ], [ 343226.273741011507809, 5682988.160201715305448 ], [ 343225.951046901755035, 5682989.236851142719388 ], [ 343225.145884642319288, 5682988.841588932089508 ], [ 343225.470683247665875, 5682988.17122773360461 ], [ 343225.309996358701028, 5682988.092344932258129 ], [ 343224.981742121395655, 5682988.761009726673365 ], [ 343224.624084208917338, 5682988.585431879386306 ], [ 343224.329098325048108, 5682989.212534854188561 ], [ 343224.676389342406765, 5682989.383023490197957 ], [ 343224.322689039690886, 5682990.10352276545018 ], [ 343224.496287430403754, 5682990.182311330921948 ], [ 343224.843746404105332, 5682989.465180746279657 ], [ 343225.67679481068626, 5682989.874132543802261 ], [ 343223.438294976367615, 5682994.538858819752932 ], [ 343224.246912867529318, 5682994.935817435383797 ], [ 343228.751806105254218, 5682989.428169627673924 ], [ 343233.300953426107299, 5682991.410318330861628 ], [ 343233.617460236069746, 5682993.720823680981994 ], [ 343234.032136077468749, 5682993.924392201006413 ], [ 343234.633582848357037, 5682991.688211129978299 ], [ 343235.599047423456796, 5682991.81480582524091 ], [ 343234.859628735575825, 5682991.213006746955216 ] ] ] } },
{ "type": "Feature", "properties": { "name": "01987c49-5aa3-70cf-8cc2-755f988dad53" }, "geometry": { "type": "Polygon", "coordinates": [ [ [ 343466.274911387357861, 5682996.01367633137852 ], [ 343463.799615458003245, 5682994.666963782161474 ], [ 343464.33873563085217, 5683005.219292907975614 ], [ 343462.941909943358041, 5683011.549366565421224 ], [ 343460.960749754565768, 5683010.650929342955351 ], [ 343458.854901301267091, 5683009.864089305512607 ], [ 343455.764075008337386, 5683009.006332327611744 ], [ 343453.336640999128576, 5683000.895206104032695 ], [ 343451.942379670857918, 5683000.245864026248455 ], [ 343450.567400261119474, 5683007.361735330894589 ], [ 343447.917501157440711, 5683006.806282018311322 ], [ 343447.484140255081002, 5683007.775529743172228 ], [ 343449.622997659549583, 5683009.435584775172174 ], [ 343445.089705694583245, 5683015.090269304811954 ], [ 343446.487236653920263, 5683015.732544176280499 ], [ 343454.240709374076687, 5683012.331593497656286 ], [ 343456.895421677967533, 5683014.131998149678111 ], [ 343458.858421088196337, 5683015.227602223865688 ], [ 343460.825753807264846, 5683016.155927137471735 ], [ 343456.905508857918903, 5683021.318546055816114 ], [ 343448.51391901448369, 5683027.739100487902761 ], [ 343451.142807046708185, 5683028.753828156739473 ], [ 343463.152942480286583, 5683023.246651506051421 ], [ 343466.986170256510377, 5683025.008319742046297 ], [ 343467.573393004655372, 5683023.730577151291072 ], [ 343464.908908824902028, 5683022.53021960798651 ], [ 343469.816635740513448, 5683020.19121512491256 ], [ 343474.925185079220682, 5683022.466448886319995 ], [ 343479.660650173667818, 5683024.159135359339416 ], [ 343482.030593256815337, 5683024.474501023069024 ], [ 343483.255792516749352, 5683024.36049337964505 ], [ 343483.913611043884885, 5683024.034092915244401 ], [ 343483.716043904598337, 5683023.333122400566936 ], [ 343483.009756843093783, 5683022.325516547076404 ], [ 343481.235124994709622, 5683020.723403081297874 ], [ 343476.879343012114987, 5683018.210042671300471 ], [ 343471.8380361564341, 5683015.789466241374612 ], [ 343470.443530154181644, 5683010.534746593795717 ], [ 343473.083350358647294, 5683011.788414609618485 ], [ 343473.677034568041563, 5683010.513661396689713 ], [ 343469.852774928207509, 5683008.732608774676919 ], [ 343466.274911387357861, 5682996.01367633137852 ] ] ] } },
{ "type": "Feature", "properties": { "name": "01987c49-5aa4-7128-8201-0ddb59af60c5" }, "geometry": { "type": "Polygon", "coordinates": [ [ [ 343486.612926009460352, 5682955.864318775944412 ], [ 343484.137630080105737, 5682954.517606226727366 ], [ 343484.676750252954662, 5682965.069935352541506 ], [ 343483.279924565460533, 5682971.400009009987116 ], [ 343481.29876437666826, 5682970.501571787521243 ], [ 343479.192915923369583, 5682969.714731750078499 ], [ 343476.102089630439878, 5682968.856974772177637 ], [ 343473.674655621231068, 5682960.745848548598588 ], [ 343472.280394292960409, 5682960.096506470814347 ], [ 343470.905414883221965, 5682967.212377775460482 ], [ 343468.255515779543202, 5682966.656924462877214 ], [ 343467.822154877183493, 5682967.626172187738121 ], [ 343469.961012281652074, 5682969.286227219738066 ], [ 343465.427720316685736, 5682974.940911749377847 ], [ 343466.825251276022755, 5682975.583186620846391 ], [ 343474.578723996179178, 5682972.182235942222178 ], [ 343477.233436300070025, 5682973.982640594244003 ], [ 343479.196435710298829, 5682975.07824466843158 ], [ 343481.163768429367337, 5682976.006569582037628 ], [ 343477.243523480021395, 5682981.169188500382006 ], [ 343468.851933636586182, 5682987.589742932468653 ], [ 343471.480821668810677, 5682988.604470601305366 ], [ 343483.490957102389075, 5682983.097293950617313 ], [ 343487.324184878612868, 5682984.858962186612189 ], [ 343487.911407626757864, 5682983.581219595856965 ], [ 343485.246923447004519, 5682982.380862052552402 ], [ 343490.154650362615939, 5682980.041857569478452 ], [ 343495.263199701323174, 5682982.317091330885887 ], [ 343499.99866479577031, 5682984.009777803905308 ], [ 343502.368607878917828, 5682984.325143467634916 ], [ 343503.593807138851844, 5682984.211135824210942 ], [ 343504.251625665987376, 5682983.884735359810293 ], [ 343504.054058526700828, 5682983.183764845132828 ], [ 343503.347771465196274, 5682982.176158991642296 ], [ 343501.573139616812114, 5682980.574045525863767 ], [ 343497.217357634217478, 5682978.060685115866363 ], [ 343492.176050778536592, 5682975.640108685940504 ], [ 343490.781544776284136, 5682970.385389038361609 ], [ 343493.421364980749786, 5682971.639057054184377 ], [ 343494.015049190144055, 5682970.364303841255605 ], [ 343490.190789550310001, 5682968.583251219242811 ], [ 343486.612926009460352, 5682955.864318775944412 ] ] ] } },
{ "type": "Feature", "properties": { "name": "01987c49-5aa6-7185-b2a9-7ba1258386b6" }, "geometry": { "type": "Polygon", "coordinates": [ [ [ 343501.169119923666585, 5682913.391824890859425 ], [ 343498.69382399431197, 5682912.04511234164238 ], [ 343499.232944167160895, 5682922.59744146745652 ], [ 343497.836118479666766, 5682928.927515124902129 ], [ 343495.854958290874492, 5682928.029077902436256 ], [ 343493.749109837575816, 5682927.242237864993513 ], [ 343490.65828354464611, 5682926.38448088709265 ], [ 343488.230849535437301, 5682918.273354663513601 ], [ 343486.836588207166642, 5682917.624012585729361 ], [ 343485.461608797428198, 5682924.739883890375495 ], [ 343482.811709693749435, 5682924.184430577792227 ], [ 343482.378348791389726, 5682925.153678302653134 ], [ 343484.517206195858307, 5682926.81373333465308 ], [ 343479.983914230891969, 5682932.46841786429286 ], [ 343481.381445190228987, 5682933.110692735761404 ], [ 343489.134917910385411, 5682929.709742057137191 ], [ 343491.789630214276258, 5682931.510146709159017 ], [ 343493.752629624505062, 5682932.605750783346593 ], [ 343495.71996234357357, 5682933.534075696952641 ], [ 343491.799717394227628, 5682938.696694615297019 ], [ 343483.408127550792415, 5682945.117249047383666 ], [ 343486.03701558301691, 5682946.131976716220379 ], [ 343498.047151016595308, 5682940.624800065532327 ], [ 343501.880378792819101, 5682942.386468301527202 ], [ 343502.467601540964097, 5682941.108725710771978 ], [ 343499.803117361210752, 5682939.908368167467415 ], [ 343504.710844276822172, 5682937.569363684393466 ], [ 343509.819393615529407, 5682939.8445974458009 ], [ 343514.554858709976543, 5682941.537283918820322 ], [ 343516.924801793124061, 5682941.85264958254993 ], [ 343518.150001053058077, 5682941.738641939125955 ], [ 343518.807819580193609, 5682941.412241474725306 ], [ 343518.610252440907061, 5682940.711270960047841 ], [ 343517.903965379402507, 5682939.70366510655731 ], [ 343516.129333531018347, 5682938.10155164077878 ], [ 343511.773551548423711, 5682935.588191230781376 ], [ 343506.732244692742825, 5682933.167614800855517 ], [ 343505.337738690490369, 5682927.912895153276622 ], [ 343507.977558894956019, 5682929.166563169099391 ], [ 343508.571243104350287, 5682927.891809956170619 ], [ 343504.746983464516234, 5682926.110757334157825 ], [ 343501.169119923666585, 5682913.391824890859425 ] ] ] } },
{ "type": "Feature", "properties": { "name": "01987c49-5aa7-775e-aca4-66ba41187961" }, "geometry": { "type": "Polygon", "coordinates": [ [ [ 343519.557481268886477, 5682872.243314103223383 ], [ 343517.082185339531861, 5682870.896601554006338 ], [ 343517.621305512380786, 5682881.448930679820478 ], [ 343516.224479824886657, 5682887.779004337266088 ], [ 343514.243319636094384, 5682886.880567114800215 ], [ 343512.137471182795707, 5682886.093727077357471 ], [ 343509.046644889866002, 5682885.235970099456608 ], [ 343506.619210880657192, 5682877.124843875877559 ], [ 343505.224949552386533, 5682876.475501798093319 ], [ 343503.84997014264809, 5682883.591373102739453 ], [ 343501.200071038969327, 5682883.035919790156186 ], [ 343500.766710136609618, 5682884.005167515017092 ], [ 343502.905567541078199, 5682885.665222547017038 ], [ 343498.372275576111861, 5682891.319907076656818 ], [ 343499.769806535448879, 5682891.962181948125362 ], [ 343507.523279255605303, 5682888.56123126950115 ], [ 343510.177991559496149, 5682890.361635921522975 ], [ 343512.140990969724953, 5682891.457239995710552 ], [ 343514.108323688793462, 5682892.385564909316599 ], [ 343510.188078739447519, 5682897.548183827660978 ], [ 343501.796488896012306, 5682903.968738259747624 ], [ 343504.425376928236801, 5682904.983465928584337 ], [ 343516.435512361815199, 5682899.476289277896285 ], [ 343520.268740138038993, 5682901.23795751389116 ], [ 343520.855962886183988, 5682899.960214923135936 ], [ 343518.191478706430644, 5682898.759857379831374 ], [ 343523.099205622042064, 5682896.420852896757424 ], [ 343528.207754960749298, 5682898.696086658164859 ], [ 343532.943220055196434, 5682900.38877313118428 ], [ 343535.313163138343953, 5682900.704138794913888 ], [ 343536.538362398277968, 5682900.590131151489913 ], [ 343537.196180925413501, 5682900.263730687089264 ], [ 343536.998613786126953, 5682899.562760172411799 ], [ 343536.292326724622399, 5682898.555154318921268 ], [ 343534.517694876238238, 5682896.953040853142738 ], [ 343530.161912893643603, 5682894.439680443145335 ], [ 343525.120606037962716, 5682892.019104013219476 ], [ 343523.72610003571026, 5682886.764384365640581 ], [ 343526.36592024017591, 5682888.018052381463349 ], [ 343526.959604449570179, 5682886.743299168534577 ], [ 343523.135344809736125, 5682884.962246546521783 ], [ 343519.557481268886477, 5682872.243314103223383 ] ] ] } },
{ "type": "Feature", "properties": { "name": "01987c49-5aa9-72ba-a3ef-435affbb4df6" }, "geometry": { "type": "Polygon", "coordinates": [ [ [ 343537.908823581936304, 5682831.14670208375901 ], [ 343535.433527652581688, 5682829.799989534541965 ], [ 343535.972647825430613, 5682840.352318660356104 ], [ 343534.575822137936484, 5682846.682392317801714 ], [ 343532.594661949144211, 5682845.783955095335841 ], [ 343530.488813495845534, 5682844.997115057893097 ], [ 343527.397987202915829, 5682844.139358079992235 ], [ 343524.970553193707019, 5682836.028231856413186 ], [ 343523.57629186543636, 5682835.378889778628945 ], [ 343522.201312455697916, 5682842.49476108327508 ], [ 343519.551413352019154, 5682841.939307770691812 ], [ 343519.118052449659444, 5682842.908555495552719 ], [ 343521.256909854128025, 5682844.568610527552664 ], [ 343516.723617889161687, 5682850.223295057192445 ], [ 343518.121148848498706, 5682850.865569928660989 ], [ 343525.87462156865513, 5682847.464619250036776 ], [ 343528.529333872545976, 5682849.265023902058601 ], [ 343530.49233328277478, 5682850.360627976246178 ], [ 343532.459666001843289, 5682851.288952889852226 ], [ 343528.539421052497346, 5682856.451571808196604 ], [ 343520.147831209062133, 5682862.872126240283251 ], [ 343522.776719241286628, 5682863.886853909119964 ], [ 343534.786854674865026, 5682858.379677258431911 ], [ 343538.62008245108882, 5682860.141345494426787 ], [ 343539.207305199233815, 5682858.863602903671563 ], [ 343536.542821019480471, 5682857.663245360367 ], [ 343541.45054793509189, 5682855.32424087729305 ], [ 343546.559097273799125, 5682857.599474638700485 ], [ 343551.294562368246261, 5682859.292161111719906 ], [ 343553.664505451393779, 5682859.607526775449514 ], [ 343554.889704711327795, 5682859.49351913202554 ], [ 343555.547523238463327, 5682859.167118667624891 ], [ 343555.349956099176779, 5682858.466148152947426 ], [ 343554.643669037672225, 5682857.458542299456894 ], [ 343552.869037189288065, 5682855.856428833678365 ], [ 343548.513255206693429, 5682853.343068423680961 ], [ 343543.471948351012543, 5682850.922491993755102 ], [ 343542.077442348760087, 5682845.667772346176207 ], [ 343544.717262553225737, 5682846.921440361998975 ], [ 343545.310946762620006, 5682845.646687149070203 ], [ 343541.486687122785952, 5682843.865634527057409 ], [ 343537.908823581936304, 5682831.14670208375901 ] ] ] } },
{ "type": "Feature", "properties": { "name": "01987c49-5ab9-706d-b6ba-1525ac732274" }, "geometry": { "type": "Polygon", "coordinates": [ [ [ 343560.586296751396731, 5682787.497987764887512 ], [ 343558.111000822042115, 5682786.151275215670466 ], [ 343558.65012099489104, 5682796.703604341484606 ], [ 343557.253295307396911, 5682803.033677998930216 ], [ 343555.272135118604638, 5682802.135240776464343 ], [ 343553.166286665305961, 5682801.348400739021599 ], [ 343550.075460372376256, 5682800.490643761120737 ], [ 343547.648026363167446, 5682792.379517537541687 ], [ 343546.253765034896787, 5682791.730175459757447 ], [ 343544.878785625158343, 5682798.846046764403582 ], [ 343542.228886521479581, 5682798.290593451820314 ], [ 343541.795525619119871, 5682799.259841176681221 ], [ 343543.934383023588452, 5682800.919896208681166 ], [ 343539.401091058622114, 5682806.574580738320947 ], [ 343540.798622017959133, 5682807.216855609789491 ], [ 343548.552094738115557, 5682803.815904931165278 ], [ 343551.206807042006403, 5682805.616309583187103 ], [ 343553.169806452235207, 5682806.71191365737468 ], [ 343555.137139171303716, 5682807.640238570980728 ], [ 343551.216894221957773, 5682812.802857489325106 ], [ 343542.82530437852256, 5682819.223411921411753 ], [ 343545.454192410747055, 5682820.238139590248466 ], [ 343557.464327844325453, 5682814.730962939560413 ], [ 343561.297555620549247, 5682816.492631175555289 ], [ 343561.884778368694242, 5682815.214888584800065 ], [ 343559.220294188940898, 5682814.014531041495502 ], [ 343564.128021104552317, 5682811.675526558421552 ], [ 343569.236570443259552, 5682813.950760319828987 ], [ 343573.972035537706688, 5682815.643446792848408 ], [ 343576.341978620854206, 5682815.958812456578016 ], [ 343577.567177880788222, 5682815.844804813154042 ], [ 343578.224996407923754, 5682815.518404348753393 ], [ 343578.027429268637206, 5682814.817433834075928 ], [ 343577.321142207132652, 5682813.809827980585396 ], [ 343575.546510358748492, 5682812.207714514806867 ], [ 343571.190728376153857, 5682809.694354104809463 ], [ 343566.14942152047297, 5682807.273777674883604 ], [ 343564.754915518220514, 5682802.019058027304709 ], [ 343567.394735722686164, 5682803.272726043127477 ], [ 343567.988419932080433, 5682801.997972830198705 ], [ 343564.164160292246379, 5682800.216920208185911 ], [ 343560.586296751396731, 5682787.497987764887512 ] ] ] } },
{ "type": "Feature", "properties": { "name": "01987c49-5acc-7208-8cd3-37200bbf1b33" }, "geometry": { "type": "Polygon", "coordinates": [ [ [ 343452.112883967463858, 5682729.091692140325904 ], [ 343454.588179896818474, 5682730.438404689542949 ], [ 343454.049059723969549, 5682719.886075563728809 ], [ 343455.445885411463678, 5682713.5560019062832 ], [ 343457.427045600255951, 5682714.454439128749073 ], [ 343459.532894053554628, 5682715.241279166191816 ], [ 343462.623720346484333, 5682716.099036144092679 ], [ 343465.051154355693143, 5682724.210162367671728 ], [ 343466.445415683963802, 5682724.859504445455968 ], [ 343467.820395093702246, 5682717.743633140809834 ], [ 343470.470294197381008, 5682718.299086453393102 ], [ 343470.903655099740718, 5682717.329838728532195 ], [ 343468.764797695272136, 5682715.669783696532249 ], [ 343473.298089660238475, 5682710.015099166892469 ], [ 343471.900558700901456, 5682709.372824295423925 ], [ 343464.147085980745032, 5682712.773774974048138 ], [ 343461.492373676854186, 5682710.973370322026312 ], [ 343459.529374266625382, 5682709.877766247838736 ], [ 343457.562041547556873, 5682708.949441334232688 ], [ 343461.482286496902816, 5682703.786822415888309 ], [ 343469.873876340338029, 5682697.366267983801663 ], [ 343467.244988308113534, 5682696.35154031496495 ], [ 343455.234852874535136, 5682701.858716965653002 ], [ 343451.401625098311342, 5682700.097048729658127 ], [ 343450.814402350166347, 5682701.374791320413351 ], [ 343453.478886529919691, 5682702.575148863717914 ], [ 343448.571159614308272, 5682704.914153346791863 ], [ 343443.462610275601037, 5682702.638919585384429 ], [ 343438.727145181153901, 5682700.946233112365007 ], [ 343436.357202098006383, 5682700.630867448635399 ], [ 343435.132002838072367, 5682700.744875092059374 ], [ 343434.474184310936835, 5682701.071275556460023 ], [ 343434.671751450223383, 5682701.772246071137488 ], [ 343435.378038511727937, 5682702.779851924628019 ], [ 343437.152670360112097, 5682704.381965390406549 ], [ 343441.508452342706732, 5682706.895325800403953 ], [ 343446.549759198387619, 5682709.315902230329812 ], [ 343447.944265200640075, 5682714.570621877908707 ], [ 343445.304444996174425, 5682713.316953862085938 ], [ 343444.710760786780156, 5682714.59170707501471 ], [ 343448.53502042661421, 5682716.372759697027504 ], [ 343452.112883967463858, 5682729.091692140325904 ] ] ] } },
{ "type": "Feature", "properties": { "name": "01987c49-5acd-7195-8486-d0d826bb961a" }, "geometry": { "type": "Polygon", "coordinates": [ [ [ 343433.087218288157601, 5682770.255443284288049 ], [ 343435.562514217512216, 5682771.602155833505094 ], [ 343435.023394044663291, 5682761.049826707690954 ], [ 343436.42021973215742, 5682754.719753050245345 ], [ 343438.401379920949694, 5682755.618190272711217 ], [ 343440.507228374248371, 5682756.405030310153961 ], [ 343443.598054667178076, 5682757.262787288054824 ], [ 343446.025488676386885, 5682765.373913511633873 ], [ 343447.419750004657544, 5682766.023255589418113 ], [ 343448.794729414395988, 5682758.907384284771979 ], [ 343451.444628518074751, 5682759.462837597355247 ], [ 343451.87798942043446, 5682758.49358987249434 ], [ 343449.739132015965879, 5682756.833534840494394 ], [ 343454.272423980932217, 5682751.178850310854614 ], [ 343452.874893021595199, 5682750.53657543938607 ], [ 343445.121420301438775, 5682753.937526118010283 ], [ 343442.466707997547928, 5682752.137121465988457 ], [ 343440.503708587319124, 5682751.04151739180088 ], [ 343438.536375868250616, 5682750.113192478194833 ], [ 343442.456620817596558, 5682744.950573559850454 ], [ 343450.848210661031771, 5682738.530019127763808 ], [ 343448.219322628807276, 5682737.515291458927095 ], [ 343436.209187195228878, 5682743.022468109615147 ], [ 343432.375959419005085, 5682741.260799873620272 ], [ 343431.788736670860089, 5682742.538542464375496 ], [ 343434.453220850613434, 5682743.738900007680058 ], [ 343429.545493935002014, 5682746.077904490754008 ], [ 343424.436944596294779, 5682743.802670729346573 ], [ 343419.701479501847643, 5682742.109984256327152 ], [ 343417.331536418700125, 5682741.794618592597544 ], [ 343416.106337158766109, 5682741.908626236021519 ], [ 343415.448518631630577, 5682742.235026700422168 ], [ 343415.646085770917125, 5682742.935997215099633 ], [ 343416.352372832421679, 5682743.943603068590164 ], [ 343418.12700468080584, 5682745.545716534368694 ], [ 343422.482786663400475, 5682748.059076944366097 ], [ 343427.524093519081362, 5682750.479653374291956 ], [ 343428.918599521333817, 5682755.734373021870852 ], [ 343426.278779316868167, 5682754.480705006048083 ], [ 343425.685095107473899, 5682755.755458218976855 ], [ 343429.509354747307952, 5682757.536510840989649 ], [ 343433.087218288157601, 5682770.255443284288049 ] ] ] } },
{ "type": "Feature", "properties": { "name": "01987c49-5acf-75ee-8c96-b9c9918dccd3" }, "geometry": { "type": "Polygon", "coordinates": [ [ [ 343392.741067588620353, 5682856.349055734463036 ], [ 343395.216363517974969, 5682857.695768283680081 ], [ 343394.677243345126044, 5682847.143439157865942 ], [ 343396.074069032620173, 5682840.813365500420332 ], [ 343398.055229221412446, 5682841.711802722886205 ], [ 343400.161077674711123, 5682842.498642760328948 ], [ 343403.251903967640828, 5682843.356399738229811 ], [ 343405.679337976849638, 5682851.46752596180886 ], [ 343407.073599305120297, 5682852.116868039593101 ], [ 343408.448578714858741, 5682845.000996734946966 ], [ 343411.098477818537503, 5682845.556450047530234 ], [ 343411.531838720897213, 5682844.587202322669327 ], [ 343409.392981316428632, 5682842.927147290669382 ], [ 343413.92627328139497, 5682837.272462761029601 ], [ 343412.528742322057951, 5682836.630187889561057 ], [ 343404.775269601901527, 5682840.03113856818527 ], [ 343402.120557298010681, 5682838.230733916163445 ], [ 343400.157557887781877, 5682837.135129841975868 ], [ 343398.190225168713368, 5682836.20680492836982 ], [ 343402.110470118059311, 5682831.044186010025442 ], [ 343410.502059961494524, 5682824.623631577938795 ], [ 343407.873171929270029, 5682823.608903909102082 ], [ 343395.863036495691631, 5682829.116080559790134 ], [ 343392.029808719467837, 5682827.354412323795259 ], [ 343391.442585971322842, 5682828.632154914550483 ], [ 343394.107070151076186, 5682829.832512457855046 ], [ 343389.199343235464767, 5682832.171516940928996 ], [ 343384.090793896757532, 5682829.896283179521561 ], [ 343379.355328802310396, 5682828.20359670650214 ], [ 343376.985385719162878, 5682827.888231042772532 ], [ 343375.760186459228862, 5682828.002238686196506 ], [ 343375.10236793209333, 5682828.328639150597155 ], [ 343375.299935071379878, 5682829.02960966527462 ], [ 343376.006222132884432, 5682830.037215518765152 ], [ 343377.780853981268592, 5682831.639328984543681 ], [ 343382.136635963863228, 5682834.152689394541085 ], [ 343387.177942819544114, 5682836.573265824466944 ], [ 343388.57244882179657, 5682841.827985472045839 ], [ 343385.93262861733092, 5682840.574317456223071 ], [ 343385.338944407936651, 5682841.849070669151843 ], [ 343389.163204047770705, 5682843.630123291164637 ], [ 343392.741067588620353, 5682856.349055734463036 ] ] ] } },
{ "type": "Feature", "properties": { "name": "01987c49-5ad0-7198-a50d-206f58a205d4" }, "geometry": { "type": "Polygon", "coordinates": [ [ [ 343374.018813719332684, 5682896.867882366292179 ], [ 343376.494109648687299, 5682898.214594915509224 ], [ 343375.954989475838374, 5682887.662265789695084 ], [ 343377.351815163332503, 5682881.332192132249475 ], [ 343379.332975352124777, 5682882.230629354715347 ], [ 343381.438823805423453, 5682883.017469392158091 ], [ 343384.529650098353159, 5682883.875226370058954 ], [ 343386.957084107561968, 5682891.986352593638003 ], [ 343388.351345435832627, 5682892.635694671422243 ], [ 343389.726324845571071, 5682885.519823366776109 ], [ 343392.376223949249834, 5682886.075276679359376 ], [ 343392.809584851609543, 5682885.10602895449847 ], [ 343390.670727447140962, 5682883.445973922498524 ], [ 343395.2040194121073, 5682877.791289392858744 ], [ 343393.806488452770282, 5682877.1490145213902 ], [ 343386.053015732613858, 5682880.549965200014412 ], [ 343383.398303428723011, 5682878.749560547992587 ], [ 343381.435304018494207, 5682877.65395647380501 ], [ 343379.467971299425699, 5682876.725631560198963 ], [ 343383.388216248771641, 5682871.563012641854584 ], [ 343391.779806092206854, 5682865.142458209767938 ], [ 343389.150918059982359, 5682864.127730540931225 ], [ 343377.140782626403961, 5682869.634907191619277 ], [ 343373.307554850180168, 5682867.873238955624402 ], [ 343372.720332102035172, 5682869.150981546379626 ], [ 343375.384816281788517, 5682870.351339089684188 ], [ 343370.477089366177097, 5682872.690343572758138 ], [ 343365.368540027469862, 5682870.415109811350703 ], [ 343360.633074933022726, 5682868.722423338331282 ], [ 343358.263131849875208, 5682868.407057674601674 ], [ 343357.037932589941192, 5682868.521065318025649 ], [ 343356.38011406280566, 5682868.847465782426298 ], [ 343356.577681202092208, 5682869.548436297103763 ], [ 343357.283968263596762, 5682870.556042150594294 ], [ 343359.058600111980923, 5682872.158155616372824 ], [ 343363.414382094575558, 5682874.671516026370227 ], [ 343368.455688950256445, 5682877.092092456296086 ], [ 343369.8501949525089, 5682882.346812103874981 ], [ 343367.21037474804325, 5682881.093144088052213 ], [ 343366.616690538648982, 5682882.367897300980985 ], [ 343370.440950178483035, 5682884.148949922993779 ], [ 343374.018813719332684, 5682896.867882366292179 ] ] ] } },
{ "type": "Feature", "properties": { "name": "01987c49-5ad2-760f-b993-1b86fe5adb18" }, "geometry": { "type": "Polygon", "coordinates": [ [ [ 343361.004703113634605, 5682940.362029402516782 ], [ 343363.47999904298922, 5682941.708741951733828 ], [ 343362.940878870140295, 5682931.156412825919688 ], [ 343364.337704557634424, 5682924.826339168474078 ], [ 343366.318864746426698, 5682925.724776390939951 ], [ 343368.424713199725375, 5682926.511616428382695 ], [ 343371.51553949265508, 5682927.369373406283557 ], [ 343373.942973501863889, 5682935.480499629862607 ], [ 343375.337234830134548, 5682936.129841707646847 ], [ 343376.712214239872992, 5682929.013970403000712 ], [ 343379.362113343551755, 5682929.56942371558398 ], [ 343379.795474245911464, 5682928.600175990723073 ], [ 343377.656616841442883, 5682926.940120958723128 ], [ 343382.189908806409221, 5682921.285436429083347 ], [ 343380.792377847072203, 5682920.643161557614803 ], [ 343373.038905126915779, 5682924.044112236239016 ], [ 343370.384192823024932, 5682922.243707584217191 ], [ 343368.421193412796129, 5682921.148103510029614 ], [ 343366.45386069372762, 5682920.219778596423566 ], [ 343370.374105643073563, 5682915.057159678079188 ], [ 343378.765695486508776, 5682908.636605245992541 ], [ 343376.136807454284281, 5682907.621877577155828 ], [ 343364.126672020705882, 5682913.129054227843881 ], [ 343360.293444244482089, 5682911.367385991849005 ], [ 343359.706221496337093, 5682912.645128582604229 ], [ 343362.370705676090438, 5682913.845486125908792 ], [ 343357.462978760479018, 5682916.184490608982742 ], [ 343352.354429421771783, 5682913.909256847575307 ], [ 343347.618964327324647, 5682912.216570374555886 ], [ 343345.249021244177129, 5682911.901204710826278 ], [ 343344.023821984243114, 5682912.015212354250252 ], [ 343343.366003457107581, 5682912.341612818650901 ], [ 343343.563570596394129, 5682913.042583333328366 ], [ 343344.269857657898683, 5682914.050189186818898 ], [ 343346.044489506282844, 5682915.652302652597427 ], [ 343350.400271488877479, 5682918.165663062594831 ], [ 343355.441578344558366, 5682920.58623949252069 ], [ 343356.836084346810821, 5682925.840959140099585 ], [ 343354.196264142345171, 5682924.587291124276817 ], [ 343353.602579932950903, 5682925.862044337205589 ], [ 343357.426839572784957, 5682927.643096959218383 ], [ 343361.004703113634605, 5682940.362029402516782 ] ] ] } },
{ "type": "Feature", "properties": { "name": "01987c49-5ae2-74a9-bc40-ea9635e2184a" }, "geometry": { "type": "Polygon", "coordinates": [ [ [ 343342.253411011246499, 5682981.799793504178524 ], [ 343344.728706940601114, 5682983.146506053395569 ], [ 343344.189586767752189, 5682972.594176927581429 ], [ 343345.586412455246318, 5682966.26410327013582 ], [ 343347.567572644038592, 5682967.162540492601693 ], [ 343349.673421097337268, 5682967.949380530044436 ], [ 343352.764247390266974, 5682968.807137507945299 ], [ 343355.191681399475783, 5682976.918263731524348 ], [ 343356.585942727746442, 5682977.567605809308589 ], [ 343357.960922137484886, 5682970.451734504662454 ], [ 343360.610821241163649, 5682971.007187817245722 ], [ 343361.044182143523358, 5682970.037940092384815 ], [ 343358.905324739054777, 5682968.37788506038487 ], [ 343363.438616704021115, 5682962.723200530745089 ], [ 343362.041085744684096, 5682962.080925659276545 ], [ 343354.287613024527673, 5682965.481876337900758 ], [ 343351.632900720636826, 5682963.681471685878932 ], [ 343349.669901310408022, 5682962.585867611691356 ], [ 343347.702568591339514, 5682961.657542698085308 ], [ 343351.622813540685456, 5682956.49492377974093 ], [ 343360.014403384120669, 5682950.074369347654283 ], [ 343357.385515351896174, 5682949.05964167881757 ], [ 343345.375379918317776, 5682954.566818329505622 ], [ 343341.542152142093983, 5682952.805150093510747 ], [ 343340.954929393948987, 5682954.082892684265971 ], [ 343343.619413573702332, 5682955.283250227570534 ], [ 343338.711686658090912, 5682957.622254710644484 ], [ 343333.603137319383677, 5682955.347020949237049 ], [ 343328.867672224936541, 5682953.654334476217628 ], [ 343326.497729141789023, 5682953.338968812488019 ], [ 343325.272529881855007, 5682953.452976455911994 ], [ 343324.614711354719475, 5682953.779376920312643 ], [ 343324.812278494006023, 5682954.480347434990108 ], [ 343325.518565555510577, 5682955.487953288480639 ], [ 343327.293197403894737, 5682957.090066754259169 ], [ 343331.648979386489373, 5682959.603427164256573 ], [ 343336.690286242170259, 5682962.024003594182432 ], [ 343338.084792244422715, 5682967.278723241761327 ], [ 343335.444972039957065, 5682966.025055225938559 ], [ 343334.851287830562796, 5682967.299808438867331 ], [ 343338.67554747039685, 5682969.080861060880125 ], [ 343342.253411011246499, 5682981.799793504178524 ] ] ] } },
{ "type": "Feature", "properties": { "name": "01987c49-5ae3-745f-8897-cd9aa71e87f0" }, "geometry": { "type": "Polygon", "coordinates": [ [ [ 343324.954563179810066, 5683023.177317418158054 ], [ 343327.429859109164681, 5683024.5240299673751 ], [ 343326.890738936315756, 5683013.97170084156096 ], [ 343328.287564623809885, 5683007.64162718411535 ], [ 343330.268724812602159, 5683008.540064406581223 ], [ 343332.374573265900835, 5683009.326904444023967 ], [ 343335.465399558830541, 5683010.184661421924829 ], [ 343337.89283356803935, 5683018.295787645503879 ], [ 343339.287094896310009, 5683018.945129723288119 ], [ 343340.662074306048453, 5683011.829258418641984 ], [ 343343.311973409727216, 5683012.384711731225252 ], [ 343343.745334312086925, 5683011.415464006364346 ], [ 343341.606476907618344, 5683009.7554089743644 ], [ 343346.139768872584682, 5683004.100724444724619 ], [ 343344.742237913247664, 5683003.458449573256075 ], [ 343336.98876519309124, 5683006.859400251880288 ], [ 343334.334052889200393, 5683005.058995599858463 ], [ 343332.371053478971589, 5683003.963391525670886 ], [ 343330.403720759903081, 5683003.035066612064838 ], [ 343334.323965709249023, 5682997.87244769372046 ], [ 343342.715555552684236, 5682991.451893261633813 ], [ 343340.086667520459741, 5682990.437165592797101 ], [ 343328.076532086881343, 5682995.944342243485153 ], [ 343324.24330431065755, 5682994.182674007490277 ], [ 343323.656081562512554, 5682995.460416598245502 ], [ 343326.320565742265899, 5682996.660774141550064 ], [ 343321.412838826654479, 5682998.999778624624014 ], [ 343316.304289487947244, 5682996.724544863216579 ], [ 343311.568824393500108, 5682995.031858390197158 ], [ 343309.19888131035259, 5682994.71649272646755 ], [ 343307.973682050418574, 5682994.830500369891524 ], [ 343307.315863523283042, 5682995.156900834292173 ], [ 343307.51343066256959, 5682995.857871348969638 ], [ 343308.219717724074144, 5682996.86547720246017 ], [ 343309.994349572458304, 5682998.467590668238699 ], [ 343314.35013155505294, 5683000.980951078236103 ], [ 343319.391438410733826, 5683003.401527508161962 ], [ 343320.785944412986282, 5683008.656247155740857 ], [ 343318.146124208520632, 5683007.402579139918089 ], [ 343317.552439999126364, 5683008.677332352846861 ], [ 343321.376699638960417, 5683010.458384974859655 ], [ 343324.954563179810066, 5683023.177317418158054 ] ] ] } },
{ "type": "Feature", "properties": { "name": "01987c49-5ae5-7039-866a-4faeb1264a50" }, "geometry": { "type": "Polygon", "coordinates": [ [ [ 343305.446928848745301, 5683063.918979478999972 ], [ 343307.922224778099917, 5683065.265692028217018 ], [ 343307.383104605250992, 5683054.713362902402878 ], [ 343308.779930292745121, 5683048.383289244957268 ], [ 343310.761090481537394, 5683049.281726467423141 ], [ 343312.866938934836071, 5683050.068566504865885 ], [ 343315.957765227765776, 5683050.926323482766747 ], [ 343318.385199236974586, 5683059.037449706345797 ], [ 343319.779460565245245, 5683059.686791784130037 ], [ 343321.154439974983688, 5683052.570920479483902 ], [ 343323.804339078662451, 5683053.12637379206717 ], [ 343324.237699981022161, 5683052.157126067206264 ], [ 343322.098842576553579, 5683050.497071035206318 ], [ 343326.632134541519918, 5683044.842386505566537 ], [ 343325.234603582182899, 5683044.200111634097993 ], [ 343317.481130862026475, 5683047.601062312722206 ], [ 343314.826418558135629, 5683045.800657660700381 ], [ 343312.863419147906825, 5683044.705053586512804 ], [ 343310.896086428838316, 5683043.776728672906756 ], [ 343314.816331378184259, 5683038.614109754562378 ], [ 343323.207921221619472, 5683032.193555322475731 ], [ 343320.579033189394977, 5683031.178827653639019 ], [ 343308.568897755816579, 5683036.686004304327071 ], [ 343304.735669979592785, 5683034.924336068332195 ], [ 343304.14844723144779, 5683036.20207865908742 ], [ 343306.812931411201134, 5683037.402436202391982 ], [ 343301.905204495589714, 5683039.741440685465932 ], [ 343296.79665515688248, 5683037.466206924058497 ], [ 343292.061190062435344, 5683035.773520451039076 ], [ 343289.691246979287826, 5683035.458154787309468 ], [ 343288.46604771935381, 5683035.572162430733442 ], [ 343287.808229192218278, 5683035.898562895134091 ], [ 343288.005796331504826, 5683036.599533409811556 ], [ 343288.71208339300938, 5683037.607139263302088 ], [ 343290.48671524139354, 5683039.209252729080617 ], [ 343294.842497223988175, 5683041.722613139078021 ], [ 343299.883804079669062, 5683044.14318956900388 ], [ 343301.278310081921518, 5683049.397909216582775 ], [ 343298.638489877455868, 5683048.144241200760007 ], [ 343298.044805668061599, 5683049.418994413688779 ], [ 343301.869065307895653, 5683051.200047035701573 ], [ 343305.446928848745301, 5683063.918979478999972 ] ] ] } },
{ "type": "Feature", "properties": { "name": "01987c49-5ae6-76c9-9f14-25b6a9d3e29a" }, "geometry": { "type": "Polygon", "coordinates": [ [ [ 343300.347358577768318, 5682816.086073373444378 ], [ 343301.541491450974718, 5682816.735754773952067 ], [ 343301.281408964132424, 5682811.645097551867366 ], [ 343301.982871570216957, 5682808.483245021663606 ], [ 343303.94073692773236, 5682809.292495408095419 ], [ 343305.417998858145438, 5682809.818153060041368 ], [ 343306.589042172010522, 5682813.731124575249851 ], [ 343307.261662066157442, 5682814.044380340725183 ], [ 343307.984357544744853, 5682810.29258746560663 ], [ 343308.970939929131418, 5682810.400463920086622 ], [ 343308.21559125976637, 5682809.76257521379739 ], [ 343310.567530737258494, 5682806.88313868176192 ], [ 343309.893333506886847, 5682806.573292280547321 ], [ 343306.152901283407118, 5682808.213979746215045 ], [ 343304.697226178483106, 5682807.394876131787896 ], [ 343302.904176651034504, 5682806.478063197806478 ], [ 343304.867348058673088, 5682803.878491874784231 ], [ 343308.915620902262162, 5682800.781086420640349 ], [ 343307.647392088838387, 5682800.291561248712242 ], [ 343301.853459588543046, 5682802.948334767483175 ], [ 343300.004232898529153, 5682802.098470342345536 ], [ 343299.720944755419623, 5682802.714879238046706 ], [ 343301.006345871079247, 5682803.29395601991564 ], [ 343298.638759041146841, 5682804.422339140437543 ], [ 343293.889807168452535, 5682802.508134081028402 ], [ 343292.746498641266953, 5682802.355995300225914 ], [ 343292.098737435124349, 5682802.53900729957968 ], [ 343291.963227355852723, 5682802.838763845153153 ], [ 343292.27413030230673, 5682803.392708921805024 ], [ 343293.130248636647593, 5682804.16560089495033 ], [ 343297.663594553538132, 5682806.545831923373044 ], [ 343298.336332483333535, 5682809.08081507217139 ], [ 343297.062829768692609, 5682808.476020239293575 ], [ 343296.776424485899042, 5682809.09098699875176 ], [ 343298.621324765263125, 5682809.950202844105661 ], [ 343300.347358577768318, 5682816.086073373444378 ] ] ] } },
{ "type": "Feature", "properties": { "name": "01987c49-5ae9-706e-91da-b23eb3334401" }, "geometry": { "type": "Polygon", "coordinates": [ [ [ 343292.829749252530746, 5682832.306406239047647 ], [ 343294.023882125737146, 5682832.956087639555335 ], [ 343293.763799638894852, 5682827.865430417470634 ], [ 343294.465262244979385, 5682824.703577887266874 ], [ 343296.423127602494787, 5682825.512828273698688 ], [ 343297.900389532907866, 5682826.038485925644636 ], [ 343299.07143284677295, 5682829.951457440853119 ], [ 343299.744052740919869, 5682830.264713206328452 ], [ 343300.466748219507281, 5682826.512920331209898 ], [ 343301.453330603893846, 5682826.62079678568989 ], [ 343300.697981934528798, 5682825.982908079400659 ], [ 343303.049921412020922, 5682823.103471547365189 ], [ 343302.375724181649275, 5682822.793625146150589 ], [ 343298.635291958169546, 5682824.434312611818314 ], [ 343297.179616853245534, 5682823.615208997391164 ], [ 343295.386567325796932, 5682822.698396063409746 ], [ 343297.349738733435515, 5682820.098824740387499 ], [ 343301.39801157702459, 5682817.001419286243618 ], [ 343300.129782763600815, 5682816.51189411431551 ], [ 343294.335850263305474, 5682819.168667633086443 ], [ 343292.486623573291581, 5682818.318803207948804 ], [ 343292.203335430182051, 5682818.935212103649974 ], [ 343293.488736545841675, 5682819.514288885518909 ], [ 343291.121149715909269, 5682820.642672006040812 ], [ 343286.372197843214963, 5682818.72846694663167 ], [ 343285.228889316029381, 5682818.576328165829182 ], [ 343284.581128109886777, 5682818.759340165182948 ], [ 343284.445618030615151, 5682819.059096710756421 ], [ 343284.756520977069158, 5682819.613041787408292 ], [ 343285.612639311410021, 5682820.385933760553598 ], [ 343290.14598522830056, 5682822.766164788976312 ], [ 343290.818723158095963, 5682825.301147937774658 ], [ 343289.545220443455037, 5682824.696353104896843 ], [ 343289.25881516066147, 5682825.311319864355028 ], [ 343291.103715440025553, 5682826.170535709708929 ], [ 343292.829749252530746, 5682832.306406239047647 ] ] ] } },
{ "type": "Feature", "properties": { "name": "01987c49-5aea-751e-becd-435805a8a8a0" }, "geometry": { "type": "Polygon", "coordinates": [ [ [ 343285.535894591535907, 5682846.48403650149703 ], [ 343286.730027464742307, 5682847.133717902004719 ], [ 343286.469944977900013, 5682842.043060679920018 ], [ 343287.171407583984546, 5682838.881208149716258 ], [ 343289.129272941499949, 5682839.690458536148071 ], [ 343290.606534871913027, 5682840.21611618809402 ], [ 343291.777578185778111, 5682844.129087703302503 ], [ 343292.45019807992503, 5682844.442343468777835 ], [ 343293.172893558512442, 5682840.690550593659282 ], [ 343294.159475942899007, 5682840.798427048139274 ], [ 343293.404127273533959, 5682840.160538341850042 ], [ 343295.756066751026083, 5682837.281101809814572 ], [ 343295.081869520654436, 5682836.971255408599973 ], [ 343291.341437297174707, 5682838.611942874267697 ], [ 343289.885762192250695, 5682837.792839259840548 ], [ 343288.092712664802093, 5682836.876026325859129 ], [ 343290.055884072440676, 5682834.276455002836883 ], [ 343294.104156916029751, 5682831.179049548693001 ], [ 343292.835928102605976, 5682830.689524376764894 ], [ 343287.041995602310635, 5682833.346297895535827 ], [ 343285.192768912296742, 5682832.496433470398188 ], [ 343284.909480769187212, 5682833.112842366099358 ], [ 343286.194881884846836, 5682833.691919147968292 ], [ 343283.82729505491443, 5682834.820302268490195 ], [ 343279.078343182220124, 5682832.906097209081054 ], [ 343277.935034655034542, 5682832.753958428278565 ], [ 343277.287273448891938, 5682832.936970427632332 ], [ 343277.151763369620312, 5682833.236726973205805 ], [ 343277.462666316074319, 5682833.790672049857676 ], [ 343278.318784650415182, 5682834.563564023002982 ], [ 343282.852130567305721, 5682836.943795051425695 ], [ 343283.524868497101124, 5682839.478778200224042 ], [ 343282.251365782460198, 5682838.873983367346227 ], [ 343281.964960499666631, 5682839.488950126804411 ], [ 343283.809860779030714, 5682840.348165972158313 ], [ 343285.535894591535907, 5682846.48403650149703 ] ] ] } },
{ "type": "Feature", "properties": { "name": "01987c49-5aec-7545-9675-b4a5b8817163" }, "geometry": { "type": "Polygon", "coordinates": [ [ [ 343279.084352236648556, 5682861.08629787247628 ], [ 343280.278485109854955, 5682861.735979272983968 ], [ 343280.018402623012662, 5682856.645322050899267 ], [ 343280.719865229097195, 5682853.483469520695508 ], [ 343282.677730586612597, 5682854.292719907127321 ], [ 343284.154992517025676, 5682854.818377559073269 ], [ 343285.32603583089076, 5682858.731349074281752 ], [ 343285.998655725037679, 5682859.044604839757085 ], [ 343286.72135120362509, 5682855.292811964638531 ], [ 343287.707933588011656, 5682855.400688419118524 ], [ 343286.952584918646608, 5682854.762799712829292 ], [ 343289.304524396138731, 5682851.883363180793822 ], [ 343288.630327165767085, 5682851.573516779579222 ], [ 343284.889894942287356, 5682853.214204245246947 ], [ 343283.434219837363344, 5682852.395100630819798 ], [ 343281.641170309914742, 5682851.478287696838379 ], [ 343283.604341717553325, 5682848.878716373816133 ], [ 343287.6526145611424, 5682845.781310919672251 ], [ 343286.384385747718625, 5682845.291785747744143 ], [ 343280.590453247423284, 5682847.948559266515076 ], [ 343278.741226557409391, 5682847.098694841377437 ], [ 343278.457938414299861, 5682847.715103737078607 ], [ 343279.743339529959485, 5682848.294180518947542 ], [ 343277.375752700027078, 5682849.422563639469445 ], [ 343272.626800827332772, 5682847.508358580060303 ], [ 343271.483492300147191, 5682847.356219799257815 ], [ 343270.835731094004586, 5682847.539231798611581 ], [ 343270.700221014732961, 5682847.838988344185054 ], [ 343271.011123961186968, 5682848.392933420836926 ], [ 343271.867242295527831, 5682849.165825393982232 ], [ 343276.40058821241837, 5682851.546056422404945 ], [ 343277.073326142213773, 5682854.081039571203291 ], [ 343275.799823427572846, 5682853.476244738325477 ], [ 343275.51341814477928, 5682854.091211497783661 ], [ 343277.358318424143363, 5682854.950427343137562 ], [ 343279.084352236648556, 5682861.08629787247628 ] ] ] } },
{ "type": "Feature", "properties": { "name": "01987c49-5aed-736c-a709-f580b5d648bb" }, "geometry": { "type": "Polygon", "coordinates": [ [ [ 343272.241252482985146, 5682876.114001746289432 ], [ 343273.435385356191546, 5682876.763683146797121 ], [ 343273.175302869349252, 5682871.67302592471242 ], [ 343273.876765475433785, 5682868.51117339450866 ], [ 343275.834630832949188, 5682869.320423780940473 ], [ 343277.311892763362266, 5682869.846081432886422 ], [ 343278.48293607722735, 5682873.759052948094904 ], [ 343279.15555597137427, 5682874.072308713570237 ], [ 343279.878251449961681, 5682870.320515838451684 ], [ 343280.864833834348246, 5682870.428392292931676 ], [ 343280.109485164983198, 5682869.790503586642444 ], [ 343282.461424642475322, 5682866.911067054606974 ], [ 343281.787227412103675, 5682866.601220653392375 ], [ 343278.046795188623946, 5682868.241908119060099 ], [ 343276.591120083699934, 5682867.42280450463295 ], [ 343274.798070556251332, 5682866.505991570651531 ], [ 343276.761241963889915, 5682863.906420247629285 ], [ 343280.80951480747899, 5682860.809014793485403 ], [ 343279.541285994055215, 5682860.319489621557295 ], [ 343273.747353493759874, 5682862.976263140328228 ], [ 343271.898126803745981, 5682862.126398715190589 ], [ 343271.614838660636451, 5682862.742807610891759 ], [ 343272.900239776296075, 5682863.321884392760694 ], [ 343270.532652946363669, 5682864.450267513282597 ], [ 343265.783701073669363, 5682862.536062453873456 ], [ 343264.640392546483781, 5682862.383923673070967 ], [ 343263.992631340341177, 5682862.566935672424734 ], [ 343263.857121261069551, 5682862.866692217998207 ], [ 343264.168024207523558, 5682863.420637294650078 ], [ 343265.024142541864421, 5682864.193529267795384 ], [ 343269.55748845875496, 5682866.573760296218097 ], [ 343270.230226388550363, 5682869.108743445016444 ], [ 343268.956723673909437, 5682868.503948612138629 ], [ 343268.67031839111587, 5682869.118915371596813 ], [ 343270.515218670479953, 5682869.978131216950715 ], [ 343272.241252482985146, 5682876.114001746289432 ] ] ] } },
{ "type": "Feature", "properties": { "name": "01987c49-5afd-778a-ba12-39ffec55e7db" }, "geometry": { "type": "Polygon", "coordinates": [ [ [ 343242.957949442090467, 5682850.827752159908414 ], [ 343244.606436010333709, 5682851.724629791453481 ], [ 343244.247395156649873, 5682844.697036596015096 ], [ 343245.177646912285127, 5682840.48136230930686 ], [ 343247.134102468786296, 5682841.250888611190021 ], [ 343249.957909481832758, 5682842.174960935488343 ], [ 343251.574521181522869, 5682847.5767726842314 ], [ 343252.503065136668738, 5682848.009218631312251 ], [ 343253.543164780072402, 5682842.871339288540184 ], [ 343255.343670839618426, 5682843.241671102121472 ], [ 343253.859494936245028, 5682842.149984137155116 ], [ 343257.066778457839973, 5682838.123207660391927 ], [ 343256.136057008407079, 5682837.695468299090862 ], [ 343250.97243374818936, 5682839.960418298840523 ], [ 343248.439027753251139, 5682838.37169468216598 ], [ 343246.586955159204081, 5682837.413505598902702 ], [ 343249.197742445976473, 5682833.97532762400806 ], [ 343254.786336108343676, 5682829.699395354837179 ], [ 343253.035560954886023, 5682829.023611536249518 ], [ 343245.037104402435943, 5682832.69125653617084 ], [ 343242.484268425381742, 5682831.518028563819826 ], [ 343242.093192432657816, 5682832.368973888456821 ], [ 343243.867673750035465, 5682833.168382663279772 ], [ 343240.599247617588844, 5682834.726102461107075 ], [ 343237.197078661411069, 5682833.210852405056357 ], [ 343234.04337468999438, 5682832.083564599975944 ], [ 343232.465050541446544, 5682831.873538779094815 ], [ 343231.211006734811235, 5682832.166839811019599 ], [ 343231.812951533414889, 5682833.304709897376597 ], [ 343232.994812954915687, 5682834.371678294613957 ], [ 343235.895657257002313, 5682836.045514876022935 ], [ 343239.253044363576919, 5682837.657559596002102 ], [ 343240.181751265539788, 5682841.157074403017759 ], [ 343238.423695552686695, 5682840.322162156924605 ], [ 343238.028316384763457, 5682841.171116629615426 ], [ 343240.575179802195635, 5682842.357254128903151 ], [ 343242.957949442090467, 5682850.827752159908414 ] ] ] } },
{ "type": "Feature", "properties": { "name": "01987c49-5aff-714d-be47-d48a0fa2b43e" }, "geometry": { "type": "Polygon", "coordinates": [ [ [ 343253.764813804125879, 5682828.761046568863094 ], [ 343255.413300372369122, 5682829.657924200408161 ], [ 343255.054259518685285, 5682822.630331004969776 ], [ 343255.984511274320539, 5682818.41465671826154 ], [ 343257.984756416175514, 5682819.215417829342186 ], [ 343260.76477384386817, 5682820.108255344443023 ], [ 343262.381385543558281, 5682825.51006709318608 ], [ 343263.30992949870415, 5682825.942513040266931 ], [ 343264.350029142107815, 5682820.804633697494864 ], [ 343266.163549706805497, 5682821.156719846650958 ], [ 343264.66635929828044, 5682820.083278546109796 ], [ 343267.873642819875386, 5682816.056502069346607 ], [ 343266.942921370442491, 5682815.628762708045542 ], [ 343261.779298110224772, 5682817.893712707795203 ], [ 343259.222925734648015, 5682816.244561227038503 ], [ 343257.393819521239493, 5682815.346800007857382 ], [ 343260.004606808011886, 5682811.908622032962739 ], [ 343265.593200470379088, 5682807.632689763791859 ], [ 343263.842425316921435, 5682806.956905945204198 ], [ 343255.843968764471356, 5682810.62455094512552 ], [ 343253.291132787417155, 5682809.451322972774506 ], [ 343252.900056794693228, 5682810.302268297411501 ], [ 343254.674538112070877, 5682811.101677072234452 ], [ 343251.406111979624256, 5682812.659396870061755 ], [ 343248.003943023446482, 5682811.144146814011037 ], [ 343244.850239052029792, 5682810.016859008930624 ], [ 343243.271914903481957, 5682809.806833188049495 ], [ 343242.017871096846648, 5682810.100134219974279 ], [ 343242.619815895450301, 5682811.238004306331277 ], [ 343243.8016773169511, 5682812.304972703568637 ], [ 343246.702521619037725, 5682813.978809284977615 ], [ 343250.059908725612331, 5682815.590854004956782 ], [ 343250.9886156275752, 5682819.090368811972439 ], [ 343249.230559914722107, 5682818.255456565879285 ], [ 343248.835180746798869, 5682819.104411038570106 ], [ 343251.382044164231047, 5682820.290548537857831 ], [ 343253.764813804125879, 5682828.761046568863094 ] ] ] } },
{ "type": "Feature", "properties": { "name": "01987c49-5b00-74f6-b074-2f68b58b364f" }, "geometry": { "type": "Polygon", "coordinates": [ [ [ 343241.592460496758576, 5682977.544040014967322 ], [ 343243.001839772623498, 5682975.706693833693862 ], [ 343242.588242749450728, 5682975.500942287035286 ], [ 343240.501780884165782, 5682976.581649272702634 ], [ 343236.222722364298534, 5682974.243317846208811 ], [ 343237.861405909876339, 5682967.319232061505318 ], [ 343237.054891706036869, 5682966.9180165566504 ], [ 343234.709114739205688, 5682971.529728097841144 ], [ 343233.878233584226109, 5682971.116390797309577 ], [ 343234.23684209655039, 5682970.404770148918033 ], [ 343234.06880521698622, 5682970.314727675169706 ], [ 343233.711311916005798, 5682971.033352505415678 ], [ 343233.36492440791335, 5682970.8610355919227 ], [ 343233.045957172347698, 5682971.476287339814007 ], [ 343233.40268460608786, 5682971.653748042881489 ], [ 343233.070910247857682, 5682972.320673245936632 ], [ 343233.231179094058461, 5682972.400401965714991 ], [ 343233.566400094889104, 5682971.73519136197865 ], [ 343234.369467651296873, 5682972.134692270308733 ], [ 343233.710225143237039, 5682973.045024510473013 ], [ 343230.557228367426433, 5682971.811876337043941 ], [ 343229.530182117421646, 5682971.867187487892807 ], [ 343230.111758665996604, 5682972.735645492561162 ], [ 343233.006572772632353, 5682974.491234984248877 ], [ 343232.683878662937786, 5682975.567884411662817 ], [ 343231.87871640350204, 5682975.172622201032937 ], [ 343232.203515008790419, 5682974.502261002548039 ], [ 343232.042828119883779, 5682974.423378201201558 ], [ 343231.714573882578406, 5682975.092042995616794 ], [ 343231.356915970041882, 5682974.916465149261057 ], [ 343231.061930086172651, 5682975.54356812313199 ], [ 343231.409221103589516, 5682975.714056760072708 ], [ 343231.05552080081543, 5682976.434556034393609 ], [ 343231.229119191528298, 5682976.513344599865377 ], [ 343231.576578165229876, 5682975.796214016154408 ], [ 343232.409626571810804, 5682976.205165811814368 ], [ 343230.171126737550367, 5682980.869892088696361 ], [ 343230.979744628653862, 5682981.266850704327226 ], [ 343235.484637866378762, 5682975.759202896617353 ], [ 343240.03378518729005, 5682977.741351599805057 ], [ 343240.350291997252498, 5682980.051856949925423 ], [ 343240.764967838593293, 5682980.255425470881164 ], [ 343241.366414609481581, 5682978.019244397990406 ], [ 343242.331879184581339, 5682978.145839094184339 ], [ 343241.592460496758576, 5682977.544040014967322 ] ] ] } },
{ "type": "Feature", "properties": { "name": "01987c49-5b02-7335-8701-46274a1a64c9" }, "geometry": { "type": "Polygon", "coordinates": [ [ [ 343247.911850437289104, 5682965.029845643788576 ], [ 343249.321229713212233, 5682963.192499461583793 ], [ 343248.907632689923048, 5682962.98674791585654 ], [ 343246.82117082469631, 5682964.067454900592566 ], [ 343242.542112304829061, 5682961.729123475030065 ], [ 343244.180795850406867, 5682954.805037689395249 ], [ 343243.374281646625604, 5682954.403822184540331 ], [ 343241.028504679794423, 5682959.015533726662397 ], [ 343240.197623524814844, 5682958.602196425199509 ], [ 343240.55623203702271, 5682957.890575776807964 ], [ 343240.388195157516748, 5682957.800533303059638 ], [ 343240.030701856536325, 5682958.519158134236932 ], [ 343239.684314348502085, 5682958.346841219812632 ], [ 343239.365347112878226, 5682958.962092967703938 ], [ 343239.722074546676595, 5682959.139553671702743 ], [ 343239.390300188446417, 5682959.806478874757886 ], [ 343239.550569034530781, 5682959.886207593604922 ], [ 343239.885790035419632, 5682959.220996989868581 ], [ 343240.6888575918274, 5682959.620497898198664 ], [ 343240.029615083709359, 5682960.530830138362944 ], [ 343236.876618308015168, 5682959.297681965865195 ], [ 343235.849572058010381, 5682959.352993115782738 ], [ 343236.431148606585339, 5682960.221451121382415 ], [ 343239.325962713221088, 5682961.97704061307013 ], [ 343239.003268603468314, 5682963.053690039552748 ], [ 343238.198106344032567, 5682962.658427828922868 ], [ 343238.522904949320946, 5682961.98806663043797 ], [ 343238.362218060414307, 5682961.909183829091489 ], [ 343238.033963823108934, 5682962.577848624438047 ], [ 343237.676305910630617, 5682962.402270777150989 ], [ 343237.381320026703179, 5682963.029373751953244 ], [ 343237.728611044178251, 5682963.199862387962639 ], [ 343237.374910741345957, 5682963.92036166228354 ], [ 343237.548509132058825, 5682963.999150227755308 ], [ 343237.895968105760403, 5682963.28201964404434 ], [ 343238.729016512341332, 5682963.690971440635622 ], [ 343236.490516678139102, 5682968.355697717517614 ], [ 343237.299134569184389, 5682968.752656332217157 ], [ 343241.804027806967497, 5682963.245008524507284 ], [ 343246.353175127820577, 5682965.227157227694988 ], [ 343246.669681937783025, 5682967.537662578746676 ], [ 343247.08435777912382, 5682967.741231098771095 ], [ 343247.685804550070316, 5682965.505050026811659 ], [ 343248.651269125170074, 5682965.631644723005593 ], [ 343247.911850437289104, 5682965.029845643788576 ] ] ] } },
{ "type": "Feature", "properties": { "name": "01987c49-5b04-76dc-bf6e-b9f8284a33df" }, "geometry": { "type": "Polygon", "coordinates": [ [ [ 343254.600596927513834, 5682951.330062848515809 ], [ 343256.009976203436963, 5682949.492716666311026 ], [ 343255.596379180264194, 5682949.286965121515095 ], [ 343253.509917314979248, 5682950.367672105319798 ], [ 343249.230858795111999, 5682948.029340679757297 ], [ 343250.869542340631597, 5682941.105254894122481 ], [ 343250.063028136850335, 5682940.704039389267564 ], [ 343247.717251170077361, 5682945.31575093138963 ], [ 343246.886370015039574, 5682944.902413629926741 ], [ 343247.244978527305648, 5682944.190792981535196 ], [ 343247.076941647799686, 5682944.10075050778687 ], [ 343246.719448346819263, 5682944.819375338964164 ], [ 343246.373060838726815, 5682944.647058424539864 ], [ 343246.054093603161164, 5682945.262310172431171 ], [ 343246.410821036901325, 5682945.439770876429975 ], [ 343246.079046678729355, 5682946.106696079485118 ], [ 343246.239315524871927, 5682946.186424798332155 ], [ 343246.574536525644362, 5682945.521214194595814 ], [ 343247.377604082110338, 5682945.920715102925897 ], [ 343246.718361574050505, 5682946.831047343090177 ], [ 343243.565364798239898, 5682945.59789917152375 ], [ 343242.538318548293319, 5682945.65321032050997 ], [ 343243.119895096810069, 5682946.521668326109648 ], [ 343246.014709203445818, 5682948.277257817797363 ], [ 343245.692015093751252, 5682949.353907244279981 ], [ 343244.886852834257297, 5682948.9586450336501 ], [ 343245.211651439603884, 5682948.288283835165203 ], [ 343245.050964550697245, 5682948.209401033818722 ], [ 343244.722710313391872, 5682948.87806582916528 ], [ 343244.365052400913555, 5682948.702487981878221 ], [ 343244.070066516927909, 5682949.329590956680477 ], [ 343244.417357534402981, 5682949.500079592689872 ], [ 343244.063657231628895, 5682950.220578867010772 ], [ 343244.237255622341763, 5682950.299367432482541 ], [ 343244.584714596043341, 5682949.582236848771572 ], [ 343245.41776300262427, 5682949.991188645362854 ], [ 343243.179263168363832, 5682954.655914922244847 ], [ 343243.987881059409119, 5682955.052873536944389 ], [ 343248.492774297192227, 5682949.545225729234517 ], [ 343253.041921618045308, 5682951.527374432422221 ], [ 343253.358428428065963, 5682953.837879783473909 ], [ 343253.773104269348551, 5682954.041448303498328 ], [ 343254.374551040295046, 5682951.805267231538892 ], [ 343255.340015615394805, 5682951.931861927732825 ], [ 343254.600596927513834, 5682951.330062848515809 ] ] ] } },
{ "type": "Feature", "properties": { "name": "01987c49-5b05-7388-b577-ecac630fd4dd" }, "geometry": { "type": "Polygon", "coordinates": [ [ [ 343261.11343857285101, 5682938.163580959662795 ], [ 343262.522817848774139, 5682936.326234777458012 ], [ 343262.109220825543161, 5682936.120483231730759 ], [ 343260.022758960316423, 5682937.201190217398107 ], [ 343255.743700440449174, 5682934.862858789972961 ], [ 343257.38238398602698, 5682927.93877300620079 ], [ 343256.57586978218751, 5682927.53755750041455 ], [ 343254.230092815414537, 5682932.149269043467939 ], [ 343253.39921166037675, 5682931.735931741073728 ], [ 343253.757820172642823, 5682931.024311092682183 ], [ 343253.589783293078654, 5682930.934268618933856 ], [ 343253.232289992156439, 5682931.652893450111151 ], [ 343252.88590248406399, 5682931.480576535686851 ], [ 343252.566935248440132, 5682932.095828283578157 ], [ 343252.923662682238501, 5682932.273288988508284 ], [ 343252.591888324008323, 5682932.940214189700782 ], [ 343252.752157170209102, 5682933.019942909479141 ], [ 343253.087378171039745, 5682932.3547323057428 ], [ 343253.890445727447513, 5682932.754233214072883 ], [ 343253.23120321938768, 5682933.664565455168486 ], [ 343250.078206443577074, 5682932.431417282670736 ], [ 343249.051160193630494, 5682932.486728432588279 ], [ 343249.632736742147245, 5682933.355186437256634 ], [ 343252.527550848782994, 5682935.110775928944349 ], [ 343252.204856739088427, 5682936.187425355426967 ], [ 343251.399694479594473, 5682935.792163145728409 ], [ 343251.724493084941059, 5682935.121801946312189 ], [ 343251.56380619603442, 5682935.042919144965708 ], [ 343251.235551958729047, 5682935.711583941243589 ], [ 343250.877894046250731, 5682935.536006093025208 ], [ 343250.582908162323292, 5682936.163109066896141 ], [ 343250.930199179740157, 5682936.333597703836858 ], [ 343250.57649887696607, 5682937.054096979089081 ], [ 343250.750097267620731, 5682937.13288554456085 ], [ 343251.097556241380516, 5682936.415754959918559 ], [ 343251.930604647961445, 5682936.824706757441163 ], [ 343249.692104813701008, 5682941.489433034323156 ], [ 343250.500722704804502, 5682941.886391648091376 ], [ 343255.00561594258761, 5682936.378743841312826 ], [ 343259.554763263382483, 5682938.36089254450053 ], [ 343259.871270073403139, 5682940.671397894620895 ], [ 343260.285945914685726, 5682940.874966414645314 ], [ 343260.887392685632221, 5682938.638785343617201 ], [ 343261.85285726073198, 5682938.765380038879812 ], [ 343261.11343857285101, 5682938.163580959662795 ] ] ] } },
{ "type": "Feature", "properties": { "name": "01987c49-5b08-76bc-be40-863f1875c474" }, "geometry": { "type": "Polygon", "coordinates": [ [ [ 343267.520562815770973, 5682925.054453548043966 ], [ 343268.929942091694102, 5682923.217107365839183 ], [ 343268.516345068463124, 5682923.01135582011193 ], [ 343266.429883203236386, 5682924.092062804847956 ], [ 343262.150824683369137, 5682921.753731378354132 ], [ 343263.789508228888735, 5682914.829645593650639 ], [ 343262.982994025107473, 5682914.428430087864399 ], [ 343260.6372170583345, 5682919.040141630917788 ], [ 343259.80633590335492, 5682918.626804330386221 ], [ 343260.164944415562786, 5682917.915183681063354 ], [ 343259.996907535998616, 5682917.825141207315028 ], [ 343259.639414235076401, 5682918.543766038492322 ], [ 343259.293026726983953, 5682918.371449123136699 ], [ 343258.974059491360094, 5682918.986700872890651 ], [ 343259.330786925158463, 5682919.164161575958133 ], [ 343258.999012566928286, 5682919.831086778081954 ], [ 343259.159281413070858, 5682919.910815498791635 ], [ 343259.494502413959708, 5682919.245604895055294 ], [ 343260.297569970367476, 5682919.645105803385377 ], [ 343259.638327462249435, 5682920.555438042618334 ], [ 343256.485330686555244, 5682919.322289870120585 ], [ 343255.458284436550457, 5682919.377601020038128 ], [ 343256.039860985067207, 5682920.246059025637805 ], [ 343258.934675091702957, 5682922.001648517325521 ], [ 343258.61198098200839, 5682923.078297944739461 ], [ 343257.806818722514436, 5682922.683035734109581 ], [ 343258.131617327861022, 5682922.012674535624683 ], [ 343257.970930438896175, 5682921.933791734278202 ], [ 343257.642676201590803, 5682922.602456528693438 ], [ 343257.285018289170694, 5682922.426878680475056 ], [ 343256.990032405243255, 5682923.053981656208634 ], [ 343257.33732342266012, 5682923.224470293149352 ], [ 343256.983623119886033, 5682923.94496956653893 ], [ 343257.157221510540694, 5682924.023758132942021 ], [ 343257.504680484300479, 5682923.30662754829973 ], [ 343258.337728890881408, 5682923.715579344891012 ], [ 343256.09922905662097, 5682928.380305621773005 ], [ 343256.907846947724465, 5682928.777264236472547 ], [ 343261.412740185507573, 5682923.269616428762674 ], [ 343265.961887506302446, 5682925.251765132881701 ], [ 343266.278394316264894, 5682927.562270483002067 ], [ 343266.693070157663897, 5682927.765839003026485 ], [ 343267.294516928610392, 5682925.52965793106705 ], [ 343268.259981503651943, 5682925.656252627260983 ], [ 343267.520562815770973, 5682925.054453548043966 ] ] ] } },
{ "type": "Feature", "properties": { "name": "01987c49-5b1b-7509-b6f2-b92707a36001" }, "geometry": { "type": "Polygon", "coordinates": [ [ [ 343273.052004251570906, 5682913.76137755997479 ], [ 343274.461383527435828, 5682911.924031377770007 ], [ 343274.047786504263058, 5682911.718279832974076 ], [ 343271.96132463903632, 5682912.798986817710102 ], [ 343267.682266119110864, 5682910.460655391216278 ], [ 343269.320949664688669, 5682903.536569606512785 ], [ 343268.514435460849199, 5682903.135354100726545 ], [ 343266.168658494076226, 5682907.747065643779933 ], [ 343265.337777339038439, 5682907.333728341385722 ], [ 343265.69638585136272, 5682906.622107692994177 ], [ 343265.52834897179855, 5682906.532065219245851 ], [ 343265.170855670876335, 5682907.250690050423145 ], [ 343264.82446816272568, 5682907.078373135998845 ], [ 343264.505500927160028, 5682907.693624883890152 ], [ 343264.862228360958397, 5682907.871085587888956 ], [ 343264.53045400272822, 5682908.538010790944099 ], [ 343264.690722848870791, 5682908.617739509791136 ], [ 343265.025943849701434, 5682907.952528906054795 ], [ 343265.82901140616741, 5682908.3520298153162 ], [ 343265.169768898049369, 5682909.26236205548048 ], [ 343262.01677212229697, 5682908.029213882982731 ], [ 343260.989725872292183, 5682908.084525032900274 ], [ 343261.571302420808934, 5682908.952983037568629 ], [ 343264.466116527502891, 5682910.708572529256344 ], [ 343264.143422417750116, 5682911.785221955738962 ], [ 343263.33826015831437, 5682911.389959745109081 ], [ 343263.663058763602749, 5682910.719598546624184 ], [ 343263.502371874696109, 5682910.640715745277703 ], [ 343263.174117637390736, 5682911.309380541555583 ], [ 343262.81645972491242, 5682911.133802693337202 ], [ 343262.521473841043189, 5682911.760905668139458 ], [ 343262.868764858401846, 5682911.931394304148853 ], [ 343262.515064555685967, 5682912.651893579401076 ], [ 343262.688662946340628, 5682912.730682145804167 ], [ 343263.036121920100413, 5682912.013551560230553 ], [ 343263.869170326681342, 5682912.422503356821835 ], [ 343261.630670492362697, 5682917.08722963463515 ], [ 343262.439288383524399, 5682917.48418824840337 ], [ 343266.944181621191092, 5682911.97654044162482 ], [ 343271.49332894210238, 5682913.958689143881202 ], [ 343271.809835752064828, 5682916.26919449493289 ], [ 343272.224511593405623, 5682916.472763014957309 ], [ 343272.825958364293911, 5682914.236581943929195 ], [ 343273.791422939451877, 5682914.363176639191806 ], [ 343273.052004251570906, 5682913.76137755997479 ] ] ] } },
{ "type": "Feature", "properties": { "name": "01987c49-5b1d-77ac-bd1c-955c4576ff51" }, "geometry": { "type": "Polygon", "coordinates": [ [ [ 343228.499853478628211, 5682960.202996741048992 ], [ 343229.891130681207869, 5682958.351905528455973 ], [ 343229.475534059805796, 5682958.150223488919437 ], [ 343227.399780211504549, 5682959.251357751898468 ], [ 343223.097976298129652, 5682956.955139390192926 ], [ 343224.668618635449093, 5682950.015302910469472 ], [ 343223.858205215306953, 5682949.622022945433855 ], [ 343221.55780677445, 5682954.25653693638742 ], [ 343220.722908597439528, 5682953.851374928839505 ], [ 343221.074515034968499, 5682953.136268695816398 ], [ 343220.905602452286985, 5682953.047879898920655 ], [ 343220.555179920862429, 5682953.769979030825198 ], [ 343220.207117749378085, 5682953.601070329546928 ], [ 343219.894204785348848, 5682954.219423213042319 ], [ 343220.252656872442458, 5682954.393373965285718 ], [ 343219.927444595261477, 5682955.063523520715535 ], [ 343220.088488285720814, 5682955.141675305552781 ], [ 343220.417163868842181, 5682954.47320643812418 ], [ 343221.224113978212699, 5682954.864805718883872 ], [ 343220.573838449257892, 5682955.781564797274768 ], [ 343217.408889787329827, 5682954.579423768445849 ], [ 343216.382435909647029, 5682954.644813065417111 ], [ 343216.97250865510432, 5682955.507520861923695 ], [ 343219.884415025182534, 5682957.234612193889916 ], [ 343219.572304142522626, 5682958.31437711045146 ], [ 343218.763301035272889, 5682957.927036882378161 ], [ 343219.081504170026165, 5682957.253519967198372 ], [ 343218.920050760032609, 5682957.176218162290752 ], [ 343218.598375508910976, 5682957.848072674125433 ], [ 343218.239011468773242, 5682957.676013820804656 ], [ 343217.950195025012363, 5682958.305981972254813 ], [ 343218.299142717150971, 5682958.473053617402911 ], [ 343217.952531399496365, 5682959.196989873424172 ], [ 343218.126894764369354, 5682959.274070715531707 ], [ 343218.467298118455801, 5682958.553564249537885 ], [ 343219.304320397495758, 5682958.954319689422846 ], [ 343217.11171427933732, 5682963.640792899765074 ], [ 343217.924189502547961, 5682964.029795533046126 ], [ 343222.374806285195518, 5682958.47819596901536 ], [ 343226.943189933779649, 5682960.415597752667964 ], [ 343227.282359897391871, 5682962.722885179333389 ], [ 343227.699013857753016, 5682962.922373708337545 ], [ 343228.278482773923315, 5682960.680396950803697 ], [ 343229.245143411215395, 5682960.797509183175862 ], [ 343228.499853478628211, 5682960.202996741048992 ] ] ] } },
{ "type": "Feature", "properties": { "name": "01987c49-5b1f-76fe-bb73-1732930e9c11" }, "geometry": { "type": "Polygon", "coordinates": [ [ [ 343235.412409530254081, 5682945.568871590308845 ], [ 343236.803686732833739, 5682943.717780376784503 ], [ 343236.388090111373458, 5682943.516098339110613 ], [ 343234.312336263130419, 5682944.617232601158321 ], [ 343230.010532349755522, 5682942.321014240384102 ], [ 343231.581174687016755, 5682935.381177758798003 ], [ 343230.770761266932823, 5682934.987897794693708 ], [ 343228.470362826134078, 5682939.622411785647273 ], [ 343227.635464649065398, 5682939.217249778099358 ], [ 343227.987071086477954, 5682938.502143544144928 ], [ 343227.818158503854647, 5682938.413754748180509 ], [ 343227.467735972488299, 5682939.135853880085051 ], [ 343227.119673801003955, 5682938.966945178806782 ], [ 343226.806760836858302, 5682939.58529806137085 ], [ 343227.165212924068328, 5682939.759248815476894 ], [ 343226.840000646945555, 5682940.429398369975388 ], [ 343227.001044337230269, 5682940.507550154812634 ], [ 343227.329719920409843, 5682939.839081287384033 ], [ 343228.136670029838569, 5682940.230680568143725 ], [ 343227.486394500767346, 5682941.147439646534622 ], [ 343224.321445838955697, 5682939.945298618637025 ], [ 343223.294991961331107, 5682940.010687913745642 ], [ 343223.885064706730191, 5682940.873395712114871 ], [ 343226.796971076808404, 5682942.600487043149769 ], [ 343226.484860194148496, 5682943.680251958779991 ], [ 343225.675857086898759, 5682943.292911731638014 ], [ 343225.994060221652035, 5682942.619394816458225 ], [ 343225.832606811600272, 5682942.542093011550605 ], [ 343225.510931560536847, 5682943.213947523385286 ], [ 343225.151567520399112, 5682943.041888669133186 ], [ 343224.862751076580025, 5682943.671856823377311 ], [ 343225.211698768776841, 5682943.838928465731442 ], [ 343224.865087451064028, 5682944.562864721752703 ], [ 343225.039450815937016, 5682944.63994556479156 ], [ 343225.379854170023464, 5682943.919439097866416 ], [ 343226.21687644906342, 5682944.320194539614022 ], [ 343224.024270330963191, 5682949.00666774995625 ], [ 343224.836745554115623, 5682949.395670381374657 ], [ 343229.287362336821388, 5682943.844070818275213 ], [ 343233.855745985347312, 5682945.781472601927817 ], [ 343234.194915948959533, 5682948.088760028593242 ], [ 343234.611569909320679, 5682948.288248557597399 ], [ 343235.191038825549185, 5682946.04627180006355 ], [ 343236.157699462899473, 5682946.163384033367038 ], [ 343235.412409530254081, 5682945.568871590308845 ] ] ] } },
{ "type": "Feature", "properties": { "name": "01987c49-5b20-7484-b057-49c4250f5e5e" }, "geometry": { "type": "Polygon", "coordinates": [ [ [ 343242.291913624154404, 5682931.244164229370654 ], [ 343243.68319082679227, 5682929.393073014914989 ], [ 343243.267594205448404, 5682929.191390978172421 ], [ 343241.19184035708895, 5682930.292525239288807 ], [ 343236.89003644377226, 5682927.996306878514588 ], [ 343238.460678780975286, 5682921.056470397859812 ], [ 343237.650265360891353, 5682920.663190432824194 ], [ 343235.349866920092609, 5682925.297704423777759 ], [ 343234.514968743023928, 5682924.892542417161167 ], [ 343234.866575180436485, 5682924.177436182275414 ], [ 343234.697662597871386, 5682924.089047386310995 ], [ 343234.34724006644683, 5682924.81114651914686 ], [ 343233.999177894962486, 5682924.64223781786859 ], [ 343233.686264930875041, 5682925.260590699501336 ], [ 343234.044717018026859, 5682925.43454145360738 ], [ 343233.719504740962293, 5682926.104691009037197 ], [ 343233.880548431305215, 5682926.182842793874443 ], [ 343234.209224014368374, 5682925.514373925514519 ], [ 343235.016174123738892, 5682925.905973206274211 ], [ 343234.365898594842292, 5682926.822732284665108 ], [ 343231.200949932914227, 5682925.620591256767511 ], [ 343230.174496055289637, 5682925.68598055280745 ], [ 343230.764568800688721, 5682926.548688350245357 ], [ 343233.676475170766935, 5682928.275779682211578 ], [ 343233.364364288165234, 5682929.355544596910477 ], [ 343232.555361180799082, 5682928.968204370699823 ], [ 343232.873564315610565, 5682928.294687454588711 ], [ 343232.71211090561701, 5682928.217385649681091 ], [ 343232.390435654495377, 5682928.889240161515772 ], [ 343232.03107161441585, 5682928.717181307263672 ], [ 343231.742255170538556, 5682929.347149461507797 ], [ 343232.091202862735372, 5682929.514221104793251 ], [ 343231.744591545080766, 5682930.238157359883189 ], [ 343231.918954909953754, 5682930.315238202922046 ], [ 343232.259358264040202, 5682929.594731735996902 ], [ 343233.096380543080159, 5682929.995487176813185 ], [ 343230.903774424921721, 5682934.681960389018059 ], [ 343231.716249648074154, 5682935.070963019505143 ], [ 343236.166866430779919, 5682929.519363456405699 ], [ 343240.735250079247635, 5682931.456765240058303 ], [ 343241.074420042976271, 5682933.764052667655051 ], [ 343241.491074003279209, 5682933.963541195727885 ], [ 343242.070542919507716, 5682931.721564438194036 ], [ 343243.037203556858003, 5682931.838676671497524 ], [ 343242.291913624154404, 5682931.244164229370654 ] ] ] } },
{ "type": "Feature", "properties": { "name": "01987c49-5b22-705a-bb37-5b69376c4250" }, "geometry": { "type": "Polygon", "coordinates": [ [ [ 343248.661917449091561, 5682917.939493274316192 ], [ 343250.053194651729427, 5682916.08840206079185 ], [ 343249.637598030327354, 5682915.886720022186637 ], [ 343247.561844182084315, 5682916.987854285165668 ], [ 343243.260040268709417, 5682914.691635921597481 ], [ 343244.830682606028859, 5682907.75179944280535 ], [ 343244.020269185886718, 5682907.35851947683841 ], [ 343241.719870745087974, 5682911.993033470585942 ], [ 343240.884972568019293, 5682911.587871461175382 ], [ 343241.23657900543185, 5682910.872765228152275 ], [ 343241.067666422808543, 5682910.78437643032521 ], [ 343240.717243891442195, 5682911.506475564092398 ], [ 343240.369181719899643, 5682911.337566861882806 ], [ 343240.056268755812198, 5682911.955919745378196 ], [ 343240.414720843022224, 5682912.129870499484241 ], [ 343240.089508565841243, 5682912.800020053051412 ], [ 343240.250552256242372, 5682912.878171837888658 ], [ 343240.579227839363739, 5682912.209702969528735 ], [ 343241.386177948734257, 5682912.601302250288427 ], [ 343240.73590241977945, 5682913.518061330541968 ], [ 343237.570953757909592, 5682912.315920302644372 ], [ 343236.544499880285002, 5682912.381309598684311 ], [ 343237.134572625684086, 5682913.244017395190895 ], [ 343240.046478995704092, 5682914.971108726225793 ], [ 343239.734368113102391, 5682916.050873641856015 ], [ 343238.925365005794447, 5682915.663533415645361 ], [ 343239.24356814060593, 5682914.990016499534249 ], [ 343239.082114730612375, 5682914.912714694626629 ], [ 343238.760439479490742, 5682915.584569208323956 ], [ 343238.4010754392948, 5682915.41251035220921 ], [ 343238.112258995592128, 5682916.04247850459069 ], [ 343238.461206687672529, 5682916.209550148807466 ], [ 343238.114595370076131, 5682916.933486406691372 ], [ 343238.288958734890912, 5682917.010567248798907 ], [ 343238.629362089035567, 5682916.290060780011117 ], [ 343239.466384368075524, 5682916.690816223621368 ], [ 343237.273778249917086, 5682921.377289433963597 ], [ 343238.086253473127726, 5682921.766292065382004 ], [ 343242.536870255833492, 5682916.21469250228256 ], [ 343247.105253904243, 5682918.152094285003841 ], [ 343247.444423867971636, 5682920.459381711669266 ], [ 343247.861077828216366, 5682920.658870240673423 ], [ 343248.440546744503081, 5682918.41689348500222 ], [ 343249.40720738179516, 5682918.534005716443062 ], [ 343248.661917449091561, 5682917.939493274316192 ] ] ] } },
{ "type": "Feature", "properties": { "name": "01987c49-5b32-71bd-bb97-04ce8702a6ad" }, "geometry": { "type": "Polygon", "coordinates": [ [ [ 343255.159909303067252, 5682904.265561680309474 ], [ 343256.551186505705118, 5682902.414470466785133 ], [ 343256.135589884303045, 5682902.21278842817992 ], [ 343254.059836036060005, 5682903.313922689296305 ], [ 343249.758032122685108, 5682901.017704327590764 ], [ 343251.328674459829926, 5682894.07786784786731 ], [ 343250.518261039745994, 5682893.68458788190037 ], [ 343248.217862599063665, 5682898.319101875647902 ], [ 343247.382964421994984, 5682897.913939868099988 ], [ 343247.734570859349333, 5682897.198833634145558 ], [ 343247.565658276784234, 5682897.110444836318493 ], [ 343247.215235745417885, 5682897.83254397008568 ], [ 343246.867173573875334, 5682897.663635266944766 ], [ 343246.554260609729681, 5682898.281988152302802 ], [ 343246.912712696939707, 5682898.455938904546201 ], [ 343246.587500419816934, 5682899.126088459044695 ], [ 343246.748544110159855, 5682899.204240244813263 ], [ 343247.07721969333943, 5682898.53577137645334 ], [ 343247.884169802768156, 5682898.927370657213032 ], [ 343247.233894273696933, 5682899.844129734672606 ], [ 343244.068945611885283, 5682898.641988707706332 ], [ 343243.042491734260693, 5682898.707378003746271 ], [ 343243.632564479601569, 5682899.570085801184177 ], [ 343246.544470849679783, 5682901.297177132219076 ], [ 343246.232359967078082, 5682902.37694204878062 ], [ 343245.42335685971193, 5682901.989601821638644 ], [ 343245.741559994581621, 5682901.316084906458855 ], [ 343245.58010658447165, 5682901.238783101551235 ], [ 343245.258431333408225, 5682901.910637613385916 ], [ 343244.899067293270491, 5682901.738578757271171 ], [ 343244.610250849509612, 5682902.368546911515296 ], [ 343244.95919854164822, 5682902.535618555732071 ], [ 343244.612587223993614, 5682903.259554811753333 ], [ 343244.786950588808395, 5682903.336635653860867 ], [ 343245.127353943011258, 5682902.6161291860044 ], [ 343245.964376221993007, 5682903.016884628683329 ], [ 343243.771770103834569, 5682907.703357839025557 ], [ 343244.58424532704521, 5682908.092360471375287 ], [ 343249.034862109809183, 5682902.54076090734452 ], [ 343253.603245758218691, 5682904.478162690997124 ], [ 343253.942415721830912, 5682906.785450117662549 ], [ 343254.359069682250265, 5682906.984938645735383 ], [ 343254.938538598478772, 5682904.742961889132857 ], [ 343255.905199235770851, 5682904.860074121505022 ], [ 343255.159909303067252, 5682904.265561680309474 ] ] ] } },
{ "type": "Feature", "properties": { "name": "01987c49-5b34-7448-bf91-9da0d2c0c70e" }, "geometry": { "type": "Polygon", "coordinates": [ [ [ 343261.222266412165482, 5682891.530085657723248 ], [ 343262.613543614686932, 5682889.678994443267584 ], [ 343262.197946993401274, 5682889.477312407456338 ], [ 343260.122193145158235, 5682890.578446668572724 ], [ 343255.820389231666923, 5682888.282228306867182 ], [ 343257.391031568928156, 5682881.342391827143729 ], [ 343256.580618148786016, 5682880.949111861176789 ], [ 343254.280219708103687, 5682885.583625853061676 ], [ 343253.445321530918591, 5682885.178463845513761 ], [ 343253.796927968447562, 5682884.463357611559331 ], [ 343253.628015385824256, 5682884.374968814663589 ], [ 343253.277592854457907, 5682885.097067947499454 ], [ 343252.929530682915356, 5682884.928159246221185 ], [ 343252.616617718827911, 5682885.546512128785253 ], [ 343252.975069805979729, 5682885.720462882891297 ], [ 343252.649857528856955, 5682886.390612437389791 ], [ 343252.810901219258085, 5682886.468764222227037 ], [ 343253.139576802321244, 5682885.800295353867114 ], [ 343253.946526911808178, 5682886.191894635558128 ], [ 343253.296251382736955, 5682887.108653713949025 ], [ 343250.131302720867097, 5682885.906512686982751 ], [ 343249.104848843300715, 5682885.971901982091367 ], [ 343249.694921588641591, 5682886.834609779529274 ], [ 343252.606827958719805, 5682888.561701110564172 ], [ 343252.294717076059896, 5682889.641466026194394 ], [ 343251.48571396881016, 5682889.254125799052417 ], [ 343251.803917103621643, 5682888.580608882941306 ], [ 343251.642463693511672, 5682888.503307078965008 ], [ 343251.320788442506455, 5682889.175161591731012 ], [ 343250.961424402310513, 5682889.003102735616267 ], [ 343250.672607958549634, 5682889.633070889860392 ], [ 343251.021555650630035, 5682889.800142533145845 ], [ 343250.674944333033636, 5682890.524078790098429 ], [ 343250.849307697906625, 5682890.601159633137286 ], [ 343251.189711051993072, 5682889.880653164349496 ], [ 343252.026733331091236, 5682890.281408607028425 ], [ 343249.834127212874591, 5682894.967881818301976 ], [ 343250.646602436143439, 5682895.35688444878906 ], [ 343255.097219218732789, 5682889.805284886620939 ], [ 343259.66560286731692, 5682891.742686668410897 ], [ 343260.004772830870934, 5682894.049974096007645 ], [ 343260.421426791290287, 5682894.249462624080479 ], [ 343261.000895707402378, 5682892.007485867477953 ], [ 343261.967556344810873, 5682892.124598099850118 ], [ 343261.222266412165482, 5682891.530085657723248 ] ] ] } },
{ "type": "Feature", "properties": { "name": "01987c49-5b35-75d1-8160-c8c8079f9260" }, "geometry": { "type": "Polygon", "coordinates": [ [ [ 343221.901511632604524, 5682973.937390062958002 ], [ 343223.292788835184183, 5682972.086298849433661 ], [ 343222.877192213840317, 5682971.884616809897125 ], [ 343220.801438365597278, 5682972.985751073807478 ], [ 343216.499634452164173, 5682970.689532710239291 ], [ 343218.070276789483614, 5682963.74969623144716 ], [ 343217.259863369283266, 5682963.35641626548022 ], [ 343214.959464928542729, 5682967.99093025829643 ], [ 343214.124566751474049, 5682967.585768250748515 ], [ 343214.476173188886605, 5682966.870662015862763 ], [ 343214.307260606263299, 5682966.782273219898343 ], [ 343213.956838074955158, 5682967.504372352734208 ], [ 343213.608775903354399, 5682967.335463650524616 ], [ 343213.295862939266954, 5682967.953816533088684 ], [ 343213.654315026476979, 5682968.127767287194729 ], [ 343213.329102749354206, 5682968.7979168407619 ], [ 343213.490146439697128, 5682968.876068627461791 ], [ 343213.818822022876702, 5682968.207599759101868 ], [ 343214.625772132189013, 5682968.599199040792882 ], [ 343213.975496603234205, 5682969.515958119183779 ], [ 343210.810547941422556, 5682968.31381709035486 ], [ 343209.784094063739758, 5682968.379206386394799 ], [ 343210.374166809138842, 5682969.241914183832705 ], [ 343213.286073179217055, 5682970.969005514867604 ], [ 343212.973962296498939, 5682972.048770431429148 ], [ 343212.164959189249203, 5682971.661430204287171 ], [ 343212.483162324118894, 5682970.987913289107382 ], [ 343212.321708914008923, 5682970.910611484199762 ], [ 343212.000033662945498, 5682971.582465995103121 ], [ 343211.640669622749556, 5682971.410407140851021 ], [ 343211.351853179046884, 5682972.040375294163823 ], [ 343211.700800871069077, 5682972.207446937449276 ], [ 343211.354189553530887, 5682972.93138319440186 ], [ 343211.528552918403875, 5682973.008464037440717 ], [ 343211.868956272490323, 5682972.287957568652928 ], [ 343212.705978551530279, 5682972.688713012263179 ], [ 343210.513372433313634, 5682977.375186221674085 ], [ 343211.325847656582482, 5682977.764188854023814 ], [ 343215.77646443923004, 5682972.21258929092437 ], [ 343220.344848087755963, 5682974.149991073645651 ], [ 343220.684018051368184, 5682976.457278500311077 ], [ 343221.100672011787537, 5682976.656767029315233 ], [ 343221.680140927957837, 5682974.414790272712708 ], [ 343222.646801565308124, 5682974.531902505084872 ], [ 343221.901511632604524, 5682973.937390062958002 ] ] ] } },
{ "type": "Feature", "properties": { "name": "01987c49-5b37-7337-beb8-c41b42a7de40" }, "geometry": { "type": "Polygon", "coordinates": [ [ [ 343267.084479974990245, 5682879.287722339853644 ], [ 343268.475757177569903, 5682877.43663112539798 ], [ 343268.060160556284245, 5682877.234949088655412 ], [ 343265.984406707982998, 5682878.33608335070312 ], [ 343261.682602794608101, 5682876.039864988997579 ], [ 343263.253245131869335, 5682869.100028509274125 ], [ 343262.442831711727194, 5682868.706748543307185 ], [ 343260.14243327092845, 5682873.341262535192072 ], [ 343259.307535093859769, 5682872.936100527644157 ], [ 343259.659141531330533, 5682872.220994293689728 ], [ 343259.490228948707227, 5682872.132605496793985 ], [ 343259.139806417340878, 5682872.85470462962985 ], [ 343258.791744245798327, 5682872.685795928351581 ], [ 343258.478831281710882, 5682873.304148810915649 ], [ 343258.837283368920907, 5682873.478099564090371 ], [ 343258.512071091739926, 5682874.148249119520187 ], [ 343258.673114782141056, 5682874.226400904357433 ], [ 343259.001790365204215, 5682873.557932035066187 ], [ 343259.808740474632941, 5682873.949531316757202 ], [ 343259.158464945678134, 5682874.866290396079421 ], [ 343255.993516283808276, 5682873.664149368181825 ], [ 343254.967062406125478, 5682873.729538664221764 ], [ 343255.557135151524562, 5682874.592246460728347 ], [ 343258.469041521660984, 5682876.319337792694569 ], [ 343258.156930638942868, 5682877.399102707393467 ], [ 343257.347927531693131, 5682877.011762481182814 ], [ 343257.666130666446406, 5682876.338245565071702 ], [ 343257.504677256452851, 5682876.260943761095405 ], [ 343257.183002005331218, 5682876.932798273861408 ], [ 343256.823637965193484, 5682876.760739417746663 ], [ 343256.534821521490812, 5682877.390707571990788 ], [ 343256.883769213513006, 5682877.557779215276241 ], [ 343256.537157895974815, 5682878.281715472228825 ], [ 343256.711521260789596, 5682878.358796315267682 ], [ 343257.051924614934251, 5682877.638289846479893 ], [ 343257.888946893974207, 5682878.039045288227499 ], [ 343255.696340775757562, 5682882.725518500432372 ], [ 343256.50881599902641, 5682883.114521130919456 ], [ 343260.95943278161576, 5682877.562921568751335 ], [ 343265.527816430141684, 5682879.500323349609971 ], [ 343265.866986393812113, 5682881.807610778138041 ], [ 343266.283640354173258, 5682882.007099306210876 ], [ 343266.863109270343557, 5682879.76512254960835 ], [ 343267.829769907693844, 5682879.882234781980515 ], [ 343267.084479974990245, 5682879.287722339853644 ] ] ] } },
{ "type": "Feature", "properties": { "name": "01987c49-5b38-77b5-8256-5567bff940ab" }, "geometry": { "type": "Polygon", "coordinates": [ [ [ 343231.384608593594749, 5682925.592290096916258 ], [ 343232.775885796174407, 5682923.741198884323239 ], [ 343232.360289174772333, 5682923.539516844786704 ], [ 343230.284535326471087, 5682924.640651107765734 ], [ 343225.982731413096189, 5682922.344432746060193 ], [ 343227.553373750415631, 5682915.404596266336739 ], [ 343226.74296033027349, 5682915.011316301301122 ], [ 343224.442561889416538, 5682919.645830292254686 ], [ 343223.607663712406065, 5682919.240668284706771 ], [ 343223.959270149935037, 5682918.525562051683664 ], [ 343223.790357567253523, 5682918.437173254787922 ], [ 343223.439935035828967, 5682919.159272386692464 ], [ 343223.091872864344623, 5682918.990363685414195 ], [ 343222.778959900315385, 5682919.608716568909585 ], [ 343223.137411987408996, 5682919.782667321152985 ], [ 343222.812199710228015, 5682920.452816876582801 ], [ 343222.973243400687352, 5682920.530968661420047 ], [ 343223.301918983808719, 5682919.862499793991446 ], [ 343224.108869093179237, 5682920.254099074751139 ], [ 343223.458593564224429, 5682921.170858153142035 ], [ 343220.293644902296364, 5682919.968717124313116 ], [ 343219.267191024613567, 5682920.034106421284378 ], [ 343219.857263770070858, 5682920.896814217790961 ], [ 343222.769170140149072, 5682922.623905549757183 ], [ 343222.457059257489163, 5682923.703670466318727 ], [ 343221.648056150239427, 5682923.316330238245428 ], [ 343221.966259284992702, 5682922.642813323065639 ], [ 343221.804805874999147, 5682922.565511518158019 ], [ 343221.483130623877514, 5682923.2373660299927 ], [ 343221.12376658373978, 5682923.065307176671922 ], [ 343220.834950139978901, 5682923.695275328122079 ], [ 343221.183897832117509, 5682923.862346973270178 ], [ 343220.837286514462903, 5682924.586283229291439 ], [ 343221.011649879335891, 5682924.663364071398973 ], [ 343221.352053233422339, 5682923.942857605405152 ], [ 343222.189075512462296, 5682924.343613045290112 ], [ 343219.996469394303858, 5682929.030086255632341 ], [ 343220.808944617514499, 5682929.419088888913393 ], [ 343225.259561400162056, 5682923.867489324882627 ], [ 343229.827945048746187, 5682925.80489110853523 ], [ 343230.167115012358408, 5682928.112178535200655 ], [ 343230.583768972719554, 5682928.311667064204812 ], [ 343231.163237888889853, 5682926.069690306670964 ], [ 343232.129898526181933, 5682926.186802539043128 ], [ 343231.384608593594749, 5682925.592290096916258 ] ] ] } },
{ "type": "Feature", "properties": { "name": "01987c49-5b3a-77da-a9ad-d303bbcb357f" }, "geometry": { "type": "Polygon", "coordinates": [ [ [ 343237.572943084291182, 5682912.621864928863943 ], [ 343238.964220286870841, 5682910.770773715339601 ], [ 343238.54862366541056, 5682910.56909167766571 ], [ 343236.472869817167521, 5682911.670225939713418 ], [ 343232.171065903792623, 5682909.374007578939199 ], [ 343233.741708241053857, 5682902.434171097353101 ], [ 343232.931294820969924, 5682902.040891133248806 ], [ 343230.63089638017118, 5682906.675405124202371 ], [ 343229.795998203102499, 5682906.270243116654456 ], [ 343230.147604640515056, 5682905.555136882700026 ], [ 343229.978692057891749, 5682905.466748086735606 ], [ 343229.628269526525401, 5682906.188847218640149 ], [ 343229.280207355041057, 5682906.019938517361879 ], [ 343228.967294390895404, 5682906.638291399925947 ], [ 343229.32574647810543, 5682906.812242154031992 ], [ 343229.000534200982656, 5682907.482391708530486 ], [ 343229.16157789126737, 5682907.560543493367732 ], [ 343229.490253474446945, 5682906.892074625939131 ], [ 343230.297203583875671, 5682907.283673906698823 ], [ 343229.646928054804448, 5682908.200432985089719 ], [ 343226.481979392992798, 5682906.998291957192123 ], [ 343225.455525515368208, 5682907.063681252300739 ], [ 343226.045598260767292, 5682907.926389050669968 ], [ 343228.957504630845506, 5682909.653480381704867 ], [ 343228.645393748185597, 5682910.733245297335088 ], [ 343227.836390640935861, 5682910.345905070193112 ], [ 343228.154593775689136, 5682909.672388155013323 ], [ 343227.993140365637373, 5682909.595086350105703 ], [ 343227.671465114573948, 5682910.266940861940384 ], [ 343227.312101074436214, 5682910.094882007688284 ], [ 343227.023284630617127, 5682910.724850161932409 ], [ 343227.372232322813943, 5682910.89192180428654 ], [ 343227.025621005101129, 5682911.615858060307801 ], [ 343227.199984369974118, 5682911.692938903346658 ], [ 343227.540387724060565, 5682910.972432436421514 ], [ 343228.377410003100522, 5682911.373187878169119 ], [ 343226.184803885000292, 5682916.059661088511348 ], [ 343226.997279108152725, 5682916.448663719929755 ], [ 343231.44789589085849, 5682910.897064156830311 ], [ 343236.016279539384414, 5682912.834465940482914 ], [ 343236.355449502996635, 5682915.14175336714834 ], [ 343236.77210346335778, 5682915.341241896152496 ], [ 343237.351572379586287, 5682913.099265138618648 ], [ 343238.318233016936574, 5682913.216377371922135 ], [ 343237.572943084291182, 5682912.621864928863943 ] ] ] } },
{ "type": "Feature", "properties": { "name": "01987c49-5b3b-74fa-9edb-566595d5051d" }, "geometry": { "type": "Polygon", "coordinates": [ [ [ 343224.692562323878519, 5682939.458052176050842 ], [ 343226.083839526458178, 5682937.6069609625265 ], [ 343225.668242905114312, 5682937.405278922989964 ], [ 343223.592489056871273, 5682938.506413186900318 ], [ 343219.290685143438168, 5682936.210194823332131 ], [ 343220.861327480757609, 5682929.27035834454 ], [ 343220.050914060557261, 5682928.87707837857306 ], [ 343217.750515619816724, 5682933.51159237138927 ], [ 343216.915617442748044, 5682933.106430363841355 ], [ 343217.2672238801606, 5682932.391324128955603 ], [ 343217.098311297537293, 5682932.302935332991183 ], [ 343216.747888766229153, 5682933.025034465827048 ], [ 343216.399826594628394, 5682932.856125763617456 ], [ 343216.086913630540948, 5682933.474478646181524 ], [ 343216.445365717750974, 5682933.648429400287569 ], [ 343216.120153440628201, 5682934.31857895385474 ], [ 343216.281197130971123, 5682934.396730740554631 ], [ 343216.609872714150697, 5682933.728261872194707 ], [ 343217.416822823463008, 5682934.119861153885722 ], [ 343216.7665472945082, 5682935.036620232276618 ], [ 343213.60159863269655, 5682933.8344792034477 ], [ 343212.575144755013753, 5682933.899868499487638 ], [ 343213.165217500412837, 5682934.762576296925545 ], [ 343216.07712387049105, 5682936.489667627960443 ], [ 343215.765012987772934, 5682937.569432544521987 ], [ 343214.956009880523197, 5682937.182092317380011 ], [ 343215.274213015392888, 5682936.508575402200222 ], [ 343215.112759605282918, 5682936.431273597292602 ], [ 343214.791084354219493, 5682937.103128108195961 ], [ 343214.431720314023551, 5682936.931069253943861 ], [ 343214.142903870320879, 5682937.561037407256663 ], [ 343214.491851562343072, 5682937.728109050542116 ], [ 343214.145240244804882, 5682938.4520453074947 ], [ 343214.31960360967787, 5682938.529126150533557 ], [ 343214.660006963764317, 5682937.808619681745768 ], [ 343215.497029242804274, 5682938.209375125356019 ], [ 343213.304423124587629, 5682942.895848334766924 ], [ 343214.116898347856477, 5682943.284850967116654 ], [ 343218.567515130504034, 5682937.73325140401721 ], [ 343223.135898779029958, 5682939.670653186738491 ], [ 343223.475068742642179, 5682941.977940613403916 ], [ 343223.891722703061532, 5682942.177429142408073 ], [ 343224.471191619231831, 5682939.935452385805547 ], [ 343225.437852256582119, 5682940.052564618177712 ], [ 343224.692562323878519, 5682939.458052176050842 ] ] ] } },
{ "type": "Feature", "properties": { "name": "01987c49-5b3d-779d-9f2b-6f87c1c67041" }, "geometry": { "type": "Polygon", "coordinates": [ [ [ 343332.012332701822743, 5682719.359199489466846 ], [ 343332.972715940792114, 5682717.25210315361619 ], [ 343332.523457759525627, 5682717.14457044750452 ], [ 343330.733260670909658, 5682718.666557664051652 ], [ 343326.038138395408168, 5682717.349757567979395 ], [ 343326.078725288854912, 5682710.234520367346704 ], [ 343325.202671829378232, 5682710.024831601418555 ], [ 343323.953379757702351, 5682715.045769983902574 ], [ 343323.050858379807323, 5682714.82974595669657 ], [ 343323.240357303060591, 5682714.055734219029546 ], [ 343323.056382460752502, 5682714.005761252716184 ], [ 343322.869544394081458, 5682714.786347342655063 ], [ 343322.493290667422116, 5682714.696288707666099 ], [ 343322.320760162780061, 5682715.367487661540508 ], [ 343322.708245343994349, 5682715.460234614089131 ], [ 343322.534848865121603, 5682716.184663432650268 ], [ 343322.708936408860609, 5682716.226332352496684 ], [ 343322.886076707625762, 5682715.502799643203616 ], [ 343323.758386343484744, 5682715.711592303588986 ], [ 343323.320604587672278, 5682716.746798857115209 ], [ 343319.971123615046963, 5682716.253827964887023 ], [ 343318.982783426530659, 5682716.538550627417862 ], [ 343319.744665620848536, 5682717.2540826741606 ], [ 343322.959986645262688, 5682718.314155259169638 ], [ 343322.88752279500477, 5682719.435785531997681 ], [ 343322.014124683802947, 5682719.231593910604715 ], [ 343322.179951637517661, 5682718.505384786054492 ], [ 343322.00564686418511, 5682718.464634098112583 ], [ 343321.836071420460939, 5682719.189966863021255 ], [ 343321.448102733120322, 5682719.099263720214367 ], [ 343321.30160360224545, 5682719.776620949618518 ], [ 343321.678326821886003, 5682719.864695019088686 ], [ 343321.495605994248763, 5682720.646255130879581 ], [ 343321.682470774510875, 5682720.684012160636485 ], [ 343321.859867051709443, 5682719.907137284055352 ], [ 343322.763514603022486, 5682720.118400914594531 ], [ 343321.630670139100403, 5682725.16688743699342 ], [ 343322.507816740078852, 5682725.371955418027937 ], [ 343325.659628423629329, 5682718.992744607850909 ], [ 343330.537878462579101, 5682719.901772323064506 ], [ 343331.365569403162226, 5682722.082033600658178 ], [ 343331.815388172632083, 5682722.187196668237448 ], [ 343331.898870973614976, 5682719.873050036840141 ], [ 343332.868087901733816, 5682719.779419866390526 ], [ 343332.012332701822743, 5682719.359199489466846 ] ] ] } },
{ "type": "Feature", "properties": { "name": "01987c49-5b4a-7603-9063-b740b061d39c" }, "geometry": { "type": "Polygon", "coordinates": [ [ [ 343335.450457446160726, 5682704.45676504727453 ], [ 343336.410840685362928, 5682702.349668711423874 ], [ 343335.96158250386361, 5682702.242136005312204 ], [ 343334.171385415247642, 5682703.764123220928013 ], [ 343329.476263139978983, 5682702.447323125787079 ], [ 343329.516850033425726, 5682695.332085924223065 ], [ 343328.640796574181877, 5682695.122397159226239 ], [ 343327.391504502505995, 5682700.143335541710258 ], [ 343326.488983124378137, 5682699.927311514504254 ], [ 343326.678482047165744, 5682699.15329977683723 ], [ 343326.494507205090486, 5682699.103326810523868 ], [ 343326.307669138652273, 5682699.883912900462747 ], [ 343325.93141541199293, 5682699.793854265473783 ], [ 343325.758884907118045, 5682700.46505321841687 ], [ 343326.146370088565163, 5682700.557800172828138 ], [ 343325.972973609692417, 5682701.282228991389275 ], [ 343326.147061153431423, 5682701.323897910304368 ], [ 343326.324201451730914, 5682700.6003652010113 ], [ 343327.196511087589897, 5682700.80915786139667 ], [ 343326.758729331777431, 5682701.84436441399157 ], [ 343323.409248359617777, 5682701.351393522694707 ], [ 343322.420908170868643, 5682701.636116185225546 ], [ 343323.182790365652181, 5682702.351648232899606 ], [ 343326.398111390066333, 5682703.411720817908645 ], [ 343326.325647539109923, 5682704.533351088874042 ], [ 343325.4522494279081, 5682704.329159467481077 ], [ 343325.618076382088475, 5682703.602950343862176 ], [ 343325.443771608755924, 5682703.562199654988945 ], [ 343325.274196165031753, 5682704.287532420828938 ], [ 343324.886227477691136, 5682704.196829277090728 ], [ 343324.739728346816264, 5682704.874186507426202 ], [ 343325.116451566456817, 5682704.962260576896369 ], [ 343324.933730738819577, 5682705.743820687755942 ], [ 343325.120595518848859, 5682705.781577717512846 ], [ 343325.297991796047427, 5682705.004702840931714 ], [ 343326.201639347826131, 5682705.215966472402215 ], [ 343325.068794883904047, 5682710.264452995732427 ], [ 343325.945941484416835, 5682710.469520974904299 ], [ 343329.097753168200143, 5682704.090310164727271 ], [ 343333.976003207149915, 5682704.999337879940867 ], [ 343334.803694147965871, 5682707.179599159397185 ], [ 343335.253512916970067, 5682707.284762226045132 ], [ 343335.33699571818579, 5682704.970615594647825 ], [ 343336.30621264653746, 5682704.87698542419821 ], [ 343335.450457446160726, 5682704.45676504727453 ] ] ] } },
{ "type": "Feature", "properties": { "name": "01987c49-5b5b-7504-9b4e-0f1853ac8ee6" }, "geometry": { "type": "Polygon", "coordinates": [ [ [ 343338.730306899407879, 5682690.614101470448077 ], [ 343339.690690138377249, 5682688.507005132734776 ], [ 343339.241431957343593, 5682688.399472428485751 ], [ 343337.451234868727624, 5682689.921459643170238 ], [ 343332.756112592993304, 5682688.604659548960626 ], [ 343332.796699486440048, 5682681.48942234646529 ], [ 343331.920646027196199, 5682681.27973358053714 ], [ 343330.671353955753148, 5682686.300671963952482 ], [ 343329.768832577392459, 5682686.084647935815156 ], [ 343329.958331500645727, 5682685.310636199079454 ], [ 343329.774356658337638, 5682685.260663232766092 ], [ 343329.587518591899425, 5682686.041249322704971 ], [ 343329.211264865007252, 5682685.951190686784685 ], [ 343329.038734360365197, 5682686.622389640659094 ], [ 343329.426219541812316, 5682686.715136596001685 ], [ 343329.252823062939569, 5682687.439565413631499 ], [ 343329.426910606678575, 5682687.481234332546592 ], [ 343329.604050904978067, 5682686.757701622322202 ], [ 343330.476360540837049, 5682686.966494283638895 ], [ 343330.038578785024583, 5682688.001700836233795 ], [ 343326.689097812864929, 5682687.508729945868254 ], [ 343325.700757624348626, 5682687.793452607467771 ], [ 343326.462639818899333, 5682688.50898465514183 ], [ 343329.677960843313485, 5682689.569057240150869 ], [ 343329.605496992357075, 5682690.690687511116266 ], [ 343328.732098880922422, 5682690.486495889723301 ], [ 343328.897925835102797, 5682689.760286765173078 ], [ 343328.723621061770245, 5682689.719536077231169 ], [ 343328.554045618278906, 5682690.444868843071163 ], [ 343328.166076930705458, 5682690.354165699332952 ], [ 343328.019577799830586, 5682691.031522929668427 ], [ 343328.396301019471139, 5682691.119596999138594 ], [ 343328.213580192066729, 5682691.901157109998167 ], [ 343328.40044497186318, 5682691.93891413975507 ], [ 343328.577841249061748, 5682691.162039263173938 ], [ 343329.481488800840452, 5682691.373302895575762 ], [ 343328.348644336918369, 5682696.421789417043328 ], [ 343329.225790937431157, 5682696.626857398077846 ], [ 343332.377602621447295, 5682690.247646586969495 ], [ 343337.255852660164237, 5682691.156674302183092 ], [ 343338.083543600980192, 5682693.336935580708086 ], [ 343338.533362370217219, 5682693.442098648287356 ], [ 343338.616845171432942, 5682691.127952017821372 ], [ 343339.586062099551782, 5682691.034321846440434 ], [ 343338.730306899407879, 5682690.614101470448077 ] ] ] } },
{ "type": "Feature", "properties": { "name": "01987c49-5b79-750c-8a96-36a135980b5b" }, "geometry": { "type": "Polygon", "coordinates": [ [ [ 343328.523819710826501, 5682734.191662270575762 ], [ 343329.484202949563041, 5682732.084565934725106 ], [ 343329.034944768296555, 5682731.977033227682114 ], [ 343327.244747679913417, 5682733.499020444229245 ], [ 343322.549625404179096, 5682732.182220347225666 ], [ 343322.59021229785867, 5682725.066983147524297 ], [ 343321.71415883814916, 5682724.857294380664825 ], [ 343320.46486676693894, 5682729.878232764080167 ], [ 343319.562345388811082, 5682729.662208737805486 ], [ 343319.751844311831519, 5682728.888196998275816 ], [ 343319.567869469756261, 5682728.838224032893777 ], [ 343319.381031403085217, 5682729.618810123763978 ], [ 343319.004777676193044, 5682729.52875148691237 ], [ 343318.832247171318159, 5682730.199950440786779 ], [ 343319.219732352765277, 5682730.292697395198047 ], [ 343319.046335873892531, 5682731.017126211896539 ], [ 343319.220423417864367, 5682731.058795132674277 ], [ 343319.39756371662952, 5682730.335262423381209 ], [ 343320.269873352255672, 5682730.544055084697902 ], [ 343319.832091596443206, 5682731.57926163636148 ], [ 343316.482610624050722, 5682731.086290744133294 ], [ 343315.494270435534418, 5682731.371013408526778 ], [ 343316.256152629852295, 5682732.086545454338193 ], [ 343319.471473654266447, 5682733.146618039347231 ], [ 343319.399009803775698, 5682734.268248311243951 ], [ 343318.525611692573875, 5682734.064056689850986 ], [ 343318.691438646521419, 5682733.337847566232085 ], [ 343318.517133873188868, 5682733.297096877358854 ], [ 343318.347558429464698, 5682734.022429643198848 ], [ 343317.95958974189125, 5682733.931726499460638 ], [ 343317.813090611249208, 5682734.609083729796112 ], [ 343318.189813830656931, 5682734.697157798334956 ], [ 343318.007093003252521, 5682735.478717910125852 ], [ 343318.193957783514634, 5682735.516474939882755 ], [ 343318.371354060480371, 5682734.7396000623703 ], [ 343319.275001612259075, 5682734.950863695703447 ], [ 343318.14215714787133, 5682739.999350217171013 ], [ 343319.01930374908261, 5682740.204418199136853 ], [ 343322.171115432633087, 5682733.825207388028502 ], [ 343327.04936547158286, 5682734.734235103242099 ], [ 343327.877056412165985, 5682736.914496380835772 ], [ 343328.32687518117018, 5682737.019659447483718 ], [ 343328.410357982618734, 5682734.705512817949057 ], [ 343329.379574910737574, 5682734.61188264656812 ], [ 343328.523819710826501, 5682734.191662270575762 ] ] ] } },
{ "type": "Feature", "properties": { "name": "01987c49-5b8d-71bb-a595-ea0864170de3" }, "geometry": { "type": "Polygon", "coordinates": [ [ [ 343310.603179448808078, 5682715.594199446029961 ], [ 343311.641250289452728, 5682713.524271943606436 ], [ 343311.1963013849454, 5682713.400108065456152 ], [ 343309.350747707067057, 5682714.854474705643952 ], [ 343304.707837382855359, 5682713.363998474553227 ], [ 343305.012974332668819, 5682706.255191320553422 ], [ 343304.145323962555267, 5682706.013071767985821 ], [ 343302.710193686012644, 5682710.984083135612309 ], [ 343301.816329277353361, 5682710.734648500569165 ], [ 343302.034478557179682, 5682709.968218526802957 ], [ 343301.852489181095734, 5682709.911439068615437 ], [ 343301.636754452250898, 5682710.684537789784372 ], [ 343301.264109744690359, 5682710.580550547689199 ], [ 343301.066740213194862, 5682711.244869807735085 ], [ 343301.450508643407375, 5682711.351961146108806 ], [ 343301.25029439892387, 5682712.069441257044673 ], [ 343301.422712098050397, 5682712.117554755881429 ], [ 343301.626634251675569, 5682711.40110934805125 ], [ 343302.490576708805747, 5682711.642194202169776 ], [ 343302.014603849733248, 5682712.660406022332609 ], [ 343298.685770334093831, 5682712.043226541951299 ], [ 343297.687526339315809, 5682712.291001135483384 ], [ 343298.422274761716835, 5682713.034368705004454 ], [ 343301.595953593496233, 5682714.213268976658583 ], [ 343301.481832347344607, 5682715.331428991630673 ], [ 343300.61663107923232, 5682715.094901520758867 ], [ 343300.80934723385144, 5682714.375360865145922 ], [ 343300.636678311158903, 5682714.328156884759665 ], [ 343300.440248846192844, 5682715.046682400628924 ], [ 343300.055921245715581, 5682714.941615479066968 ], [ 343299.884336091228761, 5682715.613056723959744 ], [ 343300.257523762644269, 5682715.715078230947256 ], [ 343300.045867206645198, 5682716.489303399808705 ], [ 343300.23119876824785, 5682716.533982832916081 ], [ 343300.437360237003304, 5682715.764241666533053 ], [ 343301.332527054240927, 5682716.008961073122919 ], [ 343300.012739481288008, 5682721.011831601150334 ], [ 343300.881654059514403, 5682721.249374211765826 ], [ 343304.268495166790672, 5682714.991774450987577 ], [ 343309.109569508116692, 5682716.081569868139923 ], [ 343309.855615613050759, 5682718.291100756265223 ], [ 343310.301212832331657, 5682718.412917479872704 ], [ 343310.47068879933795, 5682716.103475576266646 ], [ 343311.442717037745751, 5682716.045950222760439 ], [ 343310.603179448808078, 5682715.594199446029961 ] ] ] } },
{ "type": "Feature", "properties": { "name": "01987c49-5b9b-709a-b8c0-28eebbfd12b3" }, "geometry": { "type": "Polygon", "coordinates": [ [ [ 343314.593069317052141, 5682700.829917109571397 ], [ 343315.631140157813206, 5682698.759989607147872 ], [ 343315.186191253189463, 5682698.635825728997588 ], [ 343313.340637575369328, 5682700.090192369185388 ], [ 343308.697727251332253, 5682698.599716139025986 ], [ 343309.002864201145712, 5682691.490908983163536 ], [ 343308.135213831264991, 5682691.248789431527257 ], [ 343306.700083554722369, 5682696.219800799153745 ], [ 343305.806219145830255, 5682695.970366164110601 ], [ 343306.024368425132707, 5682695.203936190344393 ], [ 343305.84237904928159, 5682695.147156732156873 ], [ 343305.626644320669584, 5682695.920255453325808 ], [ 343305.253999613109045, 5682695.816268212161958 ], [ 343305.056630081497133, 5682696.480587470345199 ], [ 343305.440398511826061, 5682696.587678811512887 ], [ 343305.240184267400764, 5682697.305158921517432 ], [ 343305.412601966527291, 5682697.353272420354187 ], [ 343305.616524119628593, 5682696.636827012524009 ], [ 343306.48046657681698, 5682696.877911865711212 ], [ 343306.004493717744481, 5682697.896123684942722 ], [ 343302.675660202570725, 5682697.278944205492735 ], [ 343301.677416207559872, 5682697.526718799956143 ], [ 343302.412164630368352, 5682698.270086370408535 ], [ 343305.58584346214775, 5682699.448986641131341 ], [ 343305.47172221535584, 5682700.567146654240787 ], [ 343304.60652094730176, 5682700.330619183368981 ], [ 343304.799237102328334, 5682699.611078528687358 ], [ 343304.626568179694004, 5682699.563874548301101 ], [ 343304.430138714669738, 5682700.282400064170361 ], [ 343304.045811114250682, 5682700.177333141677082 ], [ 343303.874225959705655, 5682700.848774388432503 ], [ 343304.247413631062955, 5682700.950795894488692 ], [ 343304.0357570751803, 5682701.725021063350141 ], [ 343304.221088636491913, 5682701.769700495526195 ], [ 343304.427250105247367, 5682700.999959330074489 ], [ 343305.322416922892444, 5682701.244678737595677 ], [ 343304.002629349939525, 5682706.247549265623093 ], [ 343304.871543927758466, 5682706.485091874375939 ], [ 343308.258385035325773, 5682700.227492113597691 ], [ 343313.099459376651794, 5682701.317287531681359 ], [ 343313.845505481644068, 5682703.526818420737982 ], [ 343314.291102700575721, 5682703.648635144345462 ], [ 343314.460578667814843, 5682701.339193239808083 ], [ 343315.432606906397268, 5682701.281667886301875 ], [ 343314.593069317052141, 5682700.829917109571397 ] ] ] } },
{ "type": "Feature", "properties": { "name": "01987c49-5bb3-7495-9d9b-71d820cedec1" }, "geometry": { "type": "Polygon", "coordinates": [ [ [ 343318.385386069596279, 5682687.118787288665771 ], [ 343319.423456910299137, 5682685.048859784379601 ], [ 343318.978508005966432, 5682684.924695908091962 ], [ 343317.132954328204505, 5682686.379062546417117 ], [ 343312.490044003701769, 5682684.888586317189038 ], [ 343312.795180953573436, 5682677.779779161326587 ], [ 343311.927530583692715, 5682677.537659608758986 ], [ 343310.492400307324715, 5682682.508670976385474 ], [ 343309.598535898257978, 5682682.25923634134233 ], [ 343309.816685178026091, 5682681.492806368507445 ], [ 343309.634695801942144, 5682681.436026910319924 ], [ 343309.418961073388346, 5682682.20912563148886 ], [ 343309.046316365594976, 5682682.105138388462365 ], [ 343308.848946834157687, 5682682.769457648508251 ], [ 343309.232715264428407, 5682682.876548989675939 ], [ 343309.032501019944903, 5682683.594029098749161 ], [ 343309.204918719129637, 5682683.642142596654594 ], [ 343309.408840872347355, 5682682.925697188824415 ], [ 343310.272783329419326, 5682683.166782042942941 ], [ 343309.796810470405035, 5682684.184993863105774 ], [ 343306.467976955114864, 5682683.567814383655787 ], [ 343305.469732960395049, 5682683.815588977187872 ], [ 343306.204481382970698, 5682684.558956547640264 ], [ 343309.378160214750096, 5682685.737856819294393 ], [ 343309.264038967899978, 5682686.856016832403839 ], [ 343308.398837699671276, 5682686.619489361532032 ], [ 343308.591553854756057, 5682685.899948704987764 ], [ 343308.41888493206352, 5682685.852744724601507 ], [ 343308.222455467272084, 5682686.57127024140209 ], [ 343307.838127866620198, 5682686.466203319840133 ], [ 343307.666542712133378, 5682687.137644565664232 ], [ 343308.039730383548886, 5682687.239666072651744 ], [ 343307.828073827782646, 5682688.013891239650548 ], [ 343308.013405388919637, 5682688.058570672757924 ], [ 343308.21956685767509, 5682687.288829507306218 ], [ 343309.114733675261959, 5682687.533548915758729 ], [ 343307.794946102425456, 5682692.536419441923499 ], [ 343308.663860680127982, 5682692.773962053470314 ], [ 343312.050701787928119, 5682686.516362291760743 ], [ 343316.891776129021309, 5682687.606157708913088 ], [ 343317.637822234071791, 5682689.815688597038388 ], [ 343318.083419453119859, 5682689.937505320645869 ], [ 343318.252895420358982, 5682687.628063418902457 ], [ 343319.224923658766784, 5682687.570538064464927 ], [ 343318.385386069596279, 5682687.118787288665771 ] ] ] } },
{ "type": "Feature", "properties": { "name": "01987c49-5bb5-761c-9edb-beb696cb4e8d" }, "geometry": { "type": "Polygon", "coordinates": [ [ [ 343306.565538058872335, 5682730.286684839986265 ], [ 343307.603608899225947, 5682728.216757338494062 ], [ 343307.158659994835034, 5682728.092593458481133 ], [ 343305.313106317131314, 5682729.546960099600255 ], [ 343300.670195992686786, 5682728.056483866646886 ], [ 343300.975332942674868, 5682720.94767671264708 ], [ 343300.107682572444901, 5682720.705557160079479 ], [ 343298.672552296309732, 5682725.676568527705967 ], [ 343297.778687887475826, 5682725.427133893594146 ], [ 343297.996837167011108, 5682724.660703919827938 ], [ 343297.814847791101784, 5682724.603924460709095 ], [ 343297.599113062256947, 5682725.377023184671998 ], [ 343297.226468354521785, 5682725.273035939782858 ], [ 343297.029098822851665, 5682725.937355199828744 ], [ 343297.412867253297009, 5682726.044446540996432 ], [ 343297.212653008755296, 5682726.761926649138331 ], [ 343297.385070708114654, 5682726.81004014890641 ], [ 343297.588992861739825, 5682726.093594741076231 ], [ 343298.452935318578966, 5682726.33467959612608 ], [ 343297.976962459622882, 5682727.352891414426267 ], [ 343294.648128944216296, 5682726.735711933113635 ], [ 343293.649884949321859, 5682726.98348653037101 ], [ 343294.384633371722884, 5682727.726854098960757 ], [ 343297.558312203502283, 5682728.905754369683564 ], [ 343297.444190957176033, 5682730.023914383724332 ], [ 343296.578989689121954, 5682729.787386911921203 ], [ 343296.771705843915697, 5682729.067846258170903 ], [ 343296.599036921281368, 5682729.020642276853323 ], [ 343296.402607456315309, 5682729.739167793653905 ], [ 343296.018279855605215, 5682729.634100870229304 ], [ 343295.846694701351225, 5682730.305542117916048 ], [ 343296.219882372533903, 5682730.407563623972237 ], [ 343296.008225816767663, 5682731.181788791902363 ], [ 343296.193557378312107, 5682731.226468224078417 ], [ 343296.399718846892938, 5682730.456727057695389 ], [ 343297.294885664479807, 5682730.701446467079222 ], [ 343295.975098091119435, 5682735.704316993243992 ], [ 343296.844012669520453, 5682735.941859605722129 ], [ 343300.230853776913136, 5682729.684259844012558 ], [ 343305.071928118239157, 5682730.774055261164904 ], [ 343305.817974223056808, 5682732.983586148358881 ], [ 343306.263571441988461, 5682733.105402871966362 ], [ 343306.433047409343999, 5682730.795960969291627 ], [ 343307.405075647810008, 5682730.73843561578542 ], [ 343306.565538058872335, 5682730.286684839986265 ] ] ] } },
{ "type": "Feature", "properties": { "name": "01987c49-5be2-701c-b3ae-b40752e5f403" }, "geometry": { "type": "Polygon", "coordinates": [ [ [ 343282.092224861029536, 5682723.995203781872988 ], [ 343283.059355141595006, 5682721.891195713542402 ], [ 343282.61044384422712, 5682721.782223958522081 ], [ 343280.815378895960748, 5682723.298466858454049 ], [ 343276.12450027547311, 5682721.966628490015864 ], [ 343276.187887002248317, 5682714.85155787691474 ], [ 343275.312509966315702, 5682714.639062964357436 ], [ 343274.047135231085122, 5682719.655972342938185 ], [ 343273.14531071332749, 5682719.437057388015091 ], [ 343273.33728890423663, 5682718.663656852208078 ], [ 343273.153475139755756, 5682718.613094614818692 ], [ 343272.964136724825948, 5682719.393077993765473 ], [ 343272.588173513533548, 5682719.301814155653119 ], [ 343272.413493107073009, 5682719.972456807270646 ], [ 343272.800679100910202, 5682720.066444939002395 ], [ 343272.624962155125104, 5682720.790314408019185 ], [ 343272.798915281309746, 5682720.832540959119797 ], [ 343272.978373156278394, 5682720.109579592943192 ], [ 343273.850009259185754, 5682720.321166407316923 ], [ 343273.408912538667209, 5682721.354964818805456 ], [ 343270.061028436757624, 5682720.851263392716646 ], [ 343269.071780958212912, 5682721.132817558012903 ], [ 343269.831366392434575, 5682721.850787304341793 ], [ 343273.043274016235955, 5682722.921157611533999 ], [ 343272.967216389835812, 5682724.042549922131002 ], [ 343272.094477073522285, 5682723.835560635663569 ], [ 343272.262630237964913, 5682723.109886615537107 ], [ 343272.088456940837204, 5682723.068577594123781 ], [ 343271.916558113996871, 5682723.793363247998059 ], [ 343271.528882067301311, 5682723.701417366042733 ], [ 343271.380213167401962, 5682724.378301676362753 ], [ 343271.756652228650637, 5682724.467582463286817 ], [ 343271.571427910588682, 5682725.248553053475916 ], [ 343271.758170743007213, 5682725.286908678710461 ], [ 343271.938055524602532, 5682724.510606237687171 ], [ 343272.841021464089863, 5682724.724764429032803 ], [ 343271.692005463410169, 5682729.769594950601459 ], [ 343272.568490441888571, 5682729.977472603321075 ], [ 343275.740727464901283, 5682723.608394199050963 ], [ 343280.616039573214948, 5682724.533049094490707 ], [ 343281.436739842640236, 5682726.715951428748667 ], [ 343281.886219318490475, 5682726.82255535479635 ], [ 343281.977117134490982, 5682724.508688115514815 ], [ 343282.946629114681855, 5682724.418164181523025 ], [ 343282.092224861029536, 5682723.995203781872988 ] ] ] } },
{ "type": "Feature", "properties": { "name": "01987c49-5c04-7753-bda0-83a3608a6814" }, "geometry": { "type": "Polygon", "coordinates": [ [ [ 343285.504926949855871, 5682709.700763702392578 ], [ 343286.472057230537757, 5682707.59675563313067 ], [ 343286.023145933053456, 5682707.487783878110349 ], [ 343284.228080984903499, 5682709.004026778973639 ], [ 343279.537202364532277, 5682707.672188411466777 ], [ 343279.600589091191068, 5682700.557117795571685 ], [ 343278.725212055724114, 5682700.344622884877026 ], [ 343277.459837320260704, 5682705.361532262526453 ], [ 343276.558012802386656, 5682705.142617307603359 ], [ 343276.749990992830135, 5682704.369216772727668 ], [ 343276.566177228465676, 5682704.318654535338283 ], [ 343276.376838813885115, 5682705.098637913353741 ], [ 343276.000875602592714, 5682705.007374076172709 ], [ 343275.826195195899345, 5682705.678016725927591 ], [ 343276.213381189852953, 5682705.772004860453308 ], [ 343276.037664244184271, 5682706.495874328538775 ], [ 343276.211617370368913, 5682706.53810088057071 ], [ 343276.391075244871899, 5682705.815139513462782 ], [ 343277.262711347779259, 5682706.026726326905191 ], [ 343276.821614627144299, 5682707.060524738393724 ], [ 343273.473730525816791, 5682706.556823313236237 ], [ 343272.484483046922833, 5682706.838377479463816 ], [ 343273.244068481726572, 5682707.556347225792706 ], [ 343276.455976105527952, 5682708.62671753205359 ], [ 343276.379918478312902, 5682709.74810984171927 ], [ 343275.507179162232205, 5682709.541120555251837 ], [ 343275.67533232702408, 5682708.815446535125375 ], [ 343275.501159030012786, 5682708.774137513712049 ], [ 343275.329260203056037, 5682709.498923168517649 ], [ 343274.941584156360477, 5682709.406977284699678 ], [ 343274.792915256461129, 5682710.083861596882343 ], [ 343275.169354317709804, 5682710.173142383806407 ], [ 343274.984129999764264, 5682710.954112973995507 ], [ 343275.170872831833549, 5682710.992468597367406 ], [ 343275.350757613428868, 5682710.216166157275438 ], [ 343276.25372355338186, 5682710.430324350483716 ], [ 343275.104707552702166, 5682715.475154871121049 ], [ 343275.981192530714907, 5682715.683032521978021 ], [ 343279.15342955396045, 5682709.313954117707908 ], [ 343284.028741662274115, 5682710.238609014078975 ], [ 343284.849441931932233, 5682712.42151135019958 ], [ 343285.298921407433227, 5682712.52811527531594 ], [ 343285.389819223433733, 5682710.214248036034405 ], [ 343286.359331203857437, 5682710.123724102042615 ], [ 343285.504926949855871, 5682709.700763702392578 ] ] ] } },
{ "type": "Feature", "properties": { "name": "01987c49-5c30-76a3-9d57-76c1443d8a4e" }, "geometry": { "type": "Polygon", "coordinates": [ [ [ 343288.769194189226255, 5682695.764398018829525 ], [ 343289.736324469791725, 5682693.660389948636293 ], [ 343289.28741317265667, 5682693.551418195478618 ], [ 343287.492348224506713, 5682695.06766109354794 ], [ 343282.801469603786245, 5682693.735822726972401 ], [ 343282.864856330445036, 5682686.620752112008631 ], [ 343281.989479294861667, 5682686.408257199451327 ], [ 343280.724104559747502, 5682691.425166578032076 ], [ 343279.822280041640624, 5682691.20625162217766 ], [ 343280.014258232549764, 5682690.432851088233292 ], [ 343279.830444467952475, 5682690.382288850843906 ], [ 343279.641106053488329, 5682691.162272229790688 ], [ 343279.265142841846682, 5682691.071008388884366 ], [ 343279.090462435269728, 5682691.741651042364538 ], [ 343279.477648429339752, 5682691.835639176890254 ], [ 343279.301931483438239, 5682692.559508644044399 ], [ 343279.475884609622881, 5682692.601735194213688 ], [ 343279.655342484358698, 5682691.878773827105761 ], [ 343280.526978587149642, 5682692.090360642410815 ], [ 343280.085881866631098, 5682693.124159053899348 ], [ 343276.737997765187174, 5682692.62045762874186 ], [ 343275.748750286642462, 5682692.902011794038117 ], [ 343276.508335721213371, 5682693.61998154129833 ], [ 343279.720243344898336, 5682694.690351848490536 ], [ 343279.644185717683285, 5682695.811744157224894 ], [ 343278.771446401369758, 5682695.604754870757461 ], [ 343278.939599566161633, 5682694.879080848768353 ], [ 343278.765426269150339, 5682694.83777182828635 ], [ 343278.593527442426421, 5682695.56255748309195 ], [ 343278.205851395614445, 5682695.470611601136625 ], [ 343278.057182495715097, 5682696.147495911456645 ], [ 343278.433621556963772, 5682696.236776699312031 ], [ 343278.248397239134647, 5682697.017747287638485 ], [ 343278.435140071087517, 5682697.05610291287303 ], [ 343278.615024852682836, 5682696.279800472781062 ], [ 343279.517990792635828, 5682696.493958665989339 ], [ 343278.368974791956134, 5682701.53878918569535 ], [ 343279.245459769968875, 5682701.74666683934629 ], [ 343282.417696793447249, 5682695.377588434144855 ], [ 343287.293008901528083, 5682696.302243329584599 ], [ 343288.113709171069786, 5682698.485145663842559 ], [ 343288.563188646687195, 5682698.591749588958919 ], [ 343288.654086462920532, 5682696.277882352471352 ], [ 343289.623598443111405, 5682696.187358417548239 ], [ 343288.769194189226255, 5682695.764398018829525 ] ] ] } },
{ "type": "Feature", "properties": { "name": "01987c49-5c52-76fd-8c6c-c2d547e1d629" }, "geometry": { "type": "Polygon", "coordinates": [ [ [ 343278.556200687773526, 5682738.816411834210157 ], [ 343279.52333096798975, 5682736.712403764948249 ], [ 343279.07441967073828, 5682736.603432008065283 ], [ 343277.279354722704738, 5682738.119674909859896 ], [ 343272.588476101867855, 5682736.787836538627744 ], [ 343272.651862828759477, 5682729.672765925526619 ], [ 343271.776485792826861, 5682729.460271012969315 ], [ 343270.511111057829112, 5682734.477180391550064 ], [ 343269.609286539955065, 5682734.258265437558293 ], [ 343269.801264730747789, 5682733.484864902682602 ], [ 343269.617450966266915, 5682733.434302665293217 ], [ 343269.428112551569939, 5682734.21428604517132 ], [ 343269.052149339928292, 5682734.123022204264998 ], [ 343268.877468933234923, 5682734.793664855882525 ], [ 343269.264654927304946, 5682734.887652991339564 ], [ 343269.088937981403433, 5682735.611522457562387 ], [ 343269.262891107937321, 5682735.653749009594321 ], [ 343269.442348982905969, 5682734.930787642486393 ], [ 343270.313985085580498, 5682735.142374457791448 ], [ 343269.872888365061954, 5682736.176172867417336 ], [ 343266.525004263501614, 5682735.672471441328526 ], [ 343265.535756784724072, 5682735.954025611281395 ], [ 343266.29534221906215, 5682736.67199535574764 ], [ 343269.507249842747115, 5682737.742365661077201 ], [ 343269.431192216230556, 5682738.863757971674204 ], [ 343268.558452899917029, 5682738.656768684275448 ], [ 343268.726606064592488, 5682737.931094665080309 ], [ 343268.552432767464779, 5682737.889785643666983 ], [ 343268.380533940624446, 5682738.614571299403906 ], [ 343267.992857893696055, 5682738.522625414654613 ], [ 343267.844188994029537, 5682739.199509726837277 ], [ 343268.220628055045381, 5682739.288790513761342 ], [ 343268.035403737332672, 5682740.069761102087796 ], [ 343268.222146569634788, 5682740.10811672732234 ], [ 343268.402031350997277, 5682739.33181428629905 ], [ 343269.304997290950269, 5682739.545972479507327 ], [ 343268.155981289804913, 5682744.590802999213338 ], [ 343269.032466268516146, 5682744.7986806537956 ], [ 343272.204703291645274, 5682738.429602248594165 ], [ 343277.080015399842523, 5682739.354257144033909 ], [ 343277.900715669267811, 5682741.537159478291869 ], [ 343278.350195144768804, 5682741.643763403408229 ], [ 343278.441092961002141, 5682739.329896165989339 ], [ 343279.41060494130943, 5682739.239372231066227 ], [ 343278.556200687773526, 5682738.816411834210157 ] ] ] } },
{ "type": "Feature", "properties": { "name": "01987c49-5c79-7614-a7fe-3761d9ed88b9" }, "geometry": { "type": "Polygon", "coordinates": [ [ [ 343292.314299820922315, 5682681.076451549306512 ], [ 343293.281430101487786, 5682678.972443479113281 ], [ 343292.832518804352731, 5682678.863471725955606 ], [ 343291.037453856202774, 5682680.379714624024928 ], [ 343286.34657523536589, 5682679.047876256518066 ], [ 343286.409961962141097, 5682671.932805641554296 ], [ 343285.534584926557727, 5682671.720310729928315 ], [ 343284.269210191443563, 5682676.737220107577741 ], [ 343283.367385673336685, 5682676.518305152654648 ], [ 343283.559363864245825, 5682675.744904618710279 ], [ 343283.375550099648535, 5682675.694342381320894 ], [ 343283.186211685184389, 5682676.474325760267675 ], [ 343282.810248473426327, 5682676.383061920292675 ], [ 343282.635568066965789, 5682677.053704572841525 ], [ 343283.022754061035812, 5682677.147692707367241 ], [ 343282.847037115134299, 5682677.871562174521387 ], [ 343283.020990241435356, 5682677.913788724690676 ], [ 343283.200448115938343, 5682677.190827357582748 ], [ 343284.072084218845703, 5682677.402414172887802 ], [ 343283.630987498327158, 5682678.436212584376335 ], [ 343280.283103396883234, 5682677.932511159218848 ], [ 343279.293855918338522, 5682678.214065324515104 ], [ 343280.053441352909431, 5682678.932035071775317 ], [ 343283.265348976594396, 5682680.002405378967524 ], [ 343283.189291349379346, 5682681.123797687701881 ], [ 343282.316552033065818, 5682680.916808402165771 ], [ 343282.484705197857693, 5682680.191134379245341 ], [ 343282.310531900846399, 5682680.149825358763337 ], [ 343282.138633074122481, 5682680.87461101450026 ], [ 343281.750957027310506, 5682680.782665131613612 ], [ 343281.602288127411157, 5682681.459549442864954 ], [ 343281.978727188659832, 5682681.548830229789019 ], [ 343281.793502870714292, 5682682.32980081718415 ], [ 343281.980245702783577, 5682682.368156443350017 ], [ 343282.160130484378897, 5682681.591854003258049 ], [ 343283.063096424215473, 5682681.806012195535004 ], [ 343281.914080423652194, 5682686.850842716172338 ], [ 343282.790565401664935, 5682687.058720369823277 ], [ 343285.962802425143309, 5682680.689641964621842 ], [ 343290.838114533224143, 5682681.614296860061586 ], [ 343291.658814802765846, 5682683.797199194319546 ], [ 343292.108294278383255, 5682683.903803119435906 ], [ 343292.199192094616592, 5682681.589935882948339 ], [ 343293.168704074807465, 5682681.499411947093904 ], [ 343292.314299820922315, 5682681.076451549306512 ] ] ] } },
{ "type": "Feature", "properties": { "name": "01987c49-5ce7-77cd-8073-76b5836e63cf" }, "geometry": { "type": "Polygon", "coordinates": [ [ [ 345174.732505888969172, 5684299.04667236097157 ], [ 345176.900186917395331, 5684296.42716113012284 ], [ 345164.279465911560692, 5684294.623187344521284 ], [ 345157.106773122854065, 5684291.50395392999053 ], [ 345158.629241637943778, 5684289.365836454555392 ], [ 345160.048417901969515, 5684287.054234893992543 ], [ 345161.779551554122008, 5684283.592648760415614 ], [ 345171.946490403439384, 5684282.595474930480123 ], [ 345173.038142606674228, 5684281.094701475463808 ], [ 345164.92986144288443, 5684277.819461066275835 ], [ 345166.20095583377406, 5684274.810045700520277 ], [ 345165.153488273383118, 5684274.072527436539531 ], [ 345162.69262142147636, 5684276.221107488498092 ], [ 345157.045668134116568, 5684269.544031609781086 ], [ 345155.961628050368745, 5684271.050312662497163 ], [ 345158.19440921198111, 5684281.019048290327191 ], [ 345155.447944675805047, 5684283.746012713760138 ], [ 345153.696197003708221, 5684285.816989093087614 ], [ 345152.141536296461709, 5684287.9318145820871 ], [ 345146.935388043464627, 5684282.094592697918415 ], [ 345141.274524781678338, 5684270.671303084120154 ], [ 345139.464426458638627, 5684273.549535879865289 ], [ 345143.206147124932613, 5684289.04645661264658 ], [ 345140.232780033606105, 5684293.177970357239246 ], [ 345141.609951281046961, 5684294.16909272223711 ], [ 345143.648109145869967, 5684291.291672434657812 ], [ 345145.282009808346629, 5684297.644717623479664 ], [ 345141.405304683663417, 5684303.167584023438394 ], [ 345138.304797278309707, 5684308.383482335135341 ], [ 345137.382809063070454, 5684311.116946795023978 ], [ 345137.234236566990148, 5684312.594200417399406 ], [ 345137.468500360788312, 5684313.448728192597628 ], [ 345138.344309021544177, 5684313.377015001140535 ], [ 345139.70097745466046, 5684312.773854312486947 ], [ 345142.008928651339374, 5684311.043174811638892 ], [ 345145.993388373230118, 5684306.466841976158321 ], [ 345150.026642865675967, 5684301.05724364425987 ], [ 345156.57198333775159, 5684300.622119834646583 ], [ 345154.476404475513846, 5684303.457994351163507 ], [ 345155.848540198407136, 5684304.456076395697892 ], [ 345158.842786321649328, 5684300.339669223874807 ], [ 345174.732505888969172, 5684299.04667236097157 ] ] ] } },
{ "type": "Feature", "properties": { "name": "01987c49-5cf7-71e2-b8a4-e993bb25688d" }, "geometry": { "type": "Polygon", "coordinates": [ [ [ 345225.221895938739181, 5684327.390072347596288 ], [ 345227.641959467844572, 5684324.465572151355445 ], [ 345213.551811417215504, 5684322.451562198810279 ], [ 345205.544003997405525, 5684318.969157302752137 ], [ 345207.243733099254314, 5684316.582099403254688 ], [ 345208.828143661899958, 5684314.001358713954687 ], [ 345210.76083272480173, 5684310.136741067282856 ], [ 345222.111505443288479, 5684309.023466565646231 ], [ 345223.330258409609087, 5684307.347958473488688 ], [ 345214.277932319790125, 5684303.691382732242346 ], [ 345215.697019877901766, 5684300.33158197067678 ], [ 345214.527595960127655, 5684299.50819465983659 ], [ 345211.780211063451134, 5684301.906933290883899 ], [ 345205.475784571783151, 5684294.452447320334613 ], [ 345204.26553000183776, 5684296.13410425838083 ], [ 345206.758273254556116, 5684307.263497008942068 ], [ 345203.692038614535704, 5684310.307961143553257 ], [ 345201.736335447058082, 5684312.620060727931559 ], [ 345200.00066602503648, 5684314.981114761903882 ], [ 345194.188367375521921, 5684308.46426675375551 ], [ 345187.868411374918651, 5684295.710966699756682 ], [ 345185.847563806397375, 5684298.924311340786517 ], [ 345190.024931971624028, 5684316.225534254685044 ], [ 345186.705376574886031, 5684320.838078998029232 ], [ 345188.242891488538589, 5684321.944597464986145 ], [ 345190.518351508013438, 5684318.732159932143986 ], [ 345192.342486771231052, 5684325.824888409115374 ], [ 345188.014417944592424, 5684331.990780611522496 ], [ 345184.552919322333764, 5684337.813964516855776 ], [ 345183.523584275040776, 5684340.865685485303402 ], [ 345183.357713524485007, 5684342.514935337007046 ], [ 345183.619252586795483, 5684343.46895554382354 ], [ 345184.597031406883616, 5684343.388892805203795 ], [ 345186.11165636923397, 5684342.715506285429001 ], [ 345188.688321683323011, 5684340.783324250020087 ], [ 345193.136690945073497, 5684335.674170252867043 ], [ 345197.639536138914991, 5684329.634733887389302 ], [ 345204.94694878597511, 5684329.148948733694851 ], [ 345202.607382258283906, 5684332.315003333613276 ], [ 345204.139275362656917, 5684333.429291793145239 ], [ 345207.482140731182881, 5684328.833612476475537 ], [ 345225.221895938739181, 5684327.390072347596288 ] ] ] } },
{ "type": "Feature", "properties": { "name": "01987c49-5cf9-7697-b06d-7ed0de9c407b" }, "geometry": { "type": "Polygon", "coordinates": [ [ [ 345263.044948291790206, 5684356.833057782612741 ], [ 345265.210839281091467, 5684354.215709705837071 ], [ 345252.600540281098802, 5684352.413225615397096 ], [ 345245.433770596631803, 5684349.296568017452955 ], [ 345246.95498187962221, 5684347.160216168500483 ], [ 345248.372986208763905, 5684344.850523494184017 ], [ 345250.102690316154622, 5684341.391795887611806 ], [ 345260.261233456898481, 5684340.395445508882403 ], [ 345261.351984189765062, 5684338.895911370404065 ], [ 345253.250398725329433, 5684335.62337560672313 ], [ 345254.520443465153221, 5684332.616445371881127 ], [ 345253.473840888123959, 5684331.879536139778793 ], [ 345251.015006183821242, 5684334.026341926306486 ], [ 345245.372716067533474, 5684327.354779878631234 ], [ 345244.289571168075781, 5684328.85981706622988 ], [ 345246.520508531830274, 5684338.820320658385754 ], [ 345243.776311985740904, 5684341.545033195056021 ], [ 345242.026010881119873, 5684343.614299392327666 ], [ 345240.47263398981886, 5684345.72737848944962 ], [ 345235.270784897496924, 5684339.894976898096502 ], [ 345229.614596293366048, 5684328.481120469048619 ], [ 345227.805992722918745, 5684331.356976461596787 ], [ 345231.544623531284742, 5684346.841100065037608 ], [ 345228.573711802775506, 5684350.969202066771686 ], [ 345229.949745802441612, 5684351.959505977109075 ], [ 345231.986220586462878, 5684349.084461821243167 ], [ 345233.618771997804288, 5684355.432260758243501 ], [ 345229.745268199243583, 5684360.950566456653178 ], [ 345226.647321147262119, 5684366.162157556973398 ], [ 345225.726094296376687, 5684368.893364761956036 ], [ 345225.577644489298109, 5684370.36939848959446 ], [ 345225.811714831506833, 5684371.223220608197153 ], [ 345226.68680026230868, 5684371.151566636748612 ], [ 345228.04234837857075, 5684370.548904029652476 ], [ 345230.348393703112379, 5684368.819653698243201 ], [ 345234.329563116771169, 5684364.24709993135184 ], [ 345238.35948700690642, 5684358.841968765482306 ], [ 345244.899422433052678, 5684358.407204275019467 ], [ 345242.805574069032446, 5684361.240736967884004 ], [ 345244.176576702448074, 5684362.237994810566306 ], [ 345247.168350221239962, 5684358.124986907467246 ], [ 345263.044948291790206, 5684356.833057782612741 ] ] ] } },
{ "type": "Feature", "properties": { "name": "01987c49-5cfb-746c-8225-12e1e4ed56e5" }, "geometry": { "type": "Polygon", "coordinates": [ [ [ 345323.761863217456266, 5684386.916584623977542 ], [ 345326.680364003172144, 5684383.389753192663193 ], [ 345309.68820340000093, 5684380.960936941206455 ], [ 345300.031104747322388, 5684376.761294533498585 ], [ 345302.08091073774267, 5684373.882597230374813 ], [ 345303.991647136339452, 5684370.770326152443886 ], [ 345306.322393614973407, 5684366.109750302508473 ], [ 345320.01085544610396, 5684364.767185336910188 ], [ 345321.480623262992594, 5684362.74658892583102 ], [ 345310.563876455358695, 5684358.336903375573456 ], [ 345312.275239857030101, 5684354.285116699524224 ], [ 345310.864960919367149, 5684353.292144207283854 ], [ 345307.551723525743, 5684356.184928010217845 ], [ 345299.94883482134901, 5684347.195113115012646 ], [ 345298.489315734012052, 5684349.223124791868031 ], [ 345301.495465388405137, 5684362.644731743261218 ], [ 345297.797707830264699, 5684366.316234934143722 ], [ 345295.439207252755295, 5684369.104535478167236 ], [ 345293.34605865937192, 5684371.951873148791492 ], [ 345286.336656645231415, 5684364.092812507413328 ], [ 345278.715039968024939, 5684348.712837651371956 ], [ 345276.277977822523098, 5684352.588004045188427 ], [ 345281.315718413097784, 5684373.45259378105402 ], [ 345277.312466053350363, 5684379.015140092000365 ], [ 345279.166648156242445, 5684380.349557546898723 ], [ 345281.910762835410424, 5684376.475485089235008 ], [ 345284.110597730148584, 5684385.029034772887826 ], [ 345278.89111810940085, 5684392.46485660970211 ], [ 345274.716687840409577, 5684399.487385811284184 ], [ 345273.475350533321034, 5684403.167640456929803 ], [ 345273.275316976360045, 5684405.15657046996057 ], [ 345273.590722728986293, 5684406.307081062346697 ], [ 345274.7698852676549, 5684406.210528569296002 ], [ 345276.596462995687034, 5684405.398451091721654 ], [ 345279.703819332877174, 5684403.06831606850028 ], [ 345285.068376514711417, 5684396.906878661364317 ], [ 345290.498629513429478, 5684389.623557556420565 ], [ 345299.311079804669134, 5684389.037719896994531 ], [ 345296.489655215118546, 5684392.855856373906136 ], [ 345298.337057638680562, 5684394.199644132517278 ], [ 345302.368420901300851, 5684388.657436857931316 ], [ 345323.761863217456266, 5684386.916584623977542 ] ] ] } },
{ "type": "Feature", "properties": { "name": "019e2370-73f1-7488-8b21-750ba0f4c79a" }, "geometry": { "type": "Polygon", "coordinates": [ [ [ 344495.527293264982291, 5683818.380556826479733 ], [ 344497.300940645975061, 5683816.237211392261088 ], [ 344486.974371162359603, 5683814.761157794855535 ], [ 344481.105505949934013, 5683812.208927967585623 ], [ 344482.351225342717953, 5683810.459470178000629 ], [ 344483.512428596732207, 5683808.568063647486269 ], [ 344484.928882691194303, 5683805.735712808556855 ], [ 344493.24771015078295, 5683804.919801828451455 ], [ 344494.140925548155792, 5683803.691833841614425 ], [ 344487.506540017318912, 5683801.011955438181758 ], [ 344488.546579214860685, 5683798.549581310711801 ], [ 344487.689516726997681, 5683797.946126595139503 ], [ 344485.675977839273401, 5683799.704145110212266 ], [ 344481.055508417193778, 5683794.240805259905756 ], [ 344480.168521434185095, 5683795.473279692232609 ], [ 344481.995435268734582, 5683803.629932634532452 ], [ 344479.748213667538948, 5683805.861198786646128 ], [ 344478.314892699127086, 5683807.555720158852637 ], [ 344477.042832900886424, 5683809.286119899712503 ], [ 344472.78304048080463, 5683804.509968255646527 ], [ 344468.151189591852017, 5683795.163165179081261 ], [ 344466.67012475442607, 5683797.518202655948699 ], [ 344469.73168822855223, 5683810.198146112263203 ], [ 344467.298809643019922, 5683813.578647411428392 ], [ 344468.425643408787437, 5683814.389606940560043 ], [ 344470.093311904114671, 5683812.035234277136624 ], [ 344471.430207689409144, 5683817.233444628305733 ], [ 344468.25819677032996, 5683821.752383253537118 ], [ 344465.721289002452977, 5683826.020153399556875 ], [ 344464.966896653291769, 5683828.256738034076989 ], [ 344464.845331157674082, 5683829.465461542829871 ], [ 344465.037011279840954, 5683830.164656179957092 ], [ 344465.753618436050601, 5683830.105978767387569 ], [ 344466.863676319015212, 5683829.612458567135036 ], [ 344468.75209603656549, 5683828.196376069448888 ], [ 344472.012274290551431, 5683824.451913373544812 ], [ 344475.312377568450756, 5683820.025653334334493 ], [ 344480.667928423848934, 5683819.669624843634665 ], [ 344478.953276723739691, 5683821.990003784187138 ], [ 344480.075990305398591, 5683822.80665788706392 ], [ 344482.52595260378439, 5683819.438517139293253 ], [ 344495.527293264982291, 5683818.380556826479733 ] ] ] } },
{ "type": "Feature", "properties": { "name": "019e2370-73f2-759b-b882-ec5a36f2a3d6" }, "geometry": { "type": "Polygon", "coordinates": [ [ [ 344531.658230473287404, 5683845.229610987938941 ], [ 344533.431877854280174, 5683843.086265553720295 ], [ 344523.105308370664716, 5683841.610211956314743 ], [ 344517.236443158239126, 5683839.057982129044831 ], [ 344518.482162551023066, 5683837.308524339459836 ], [ 344519.64336580503732, 5683835.417117808945477 ], [ 344521.059819899499416, 5683832.584766970016062 ], [ 344529.378647359088063, 5683831.768855989910662 ], [ 344530.271862756460905, 5683830.540888003073633 ], [ 344523.637477225624025, 5683827.861009599640965 ], [ 344524.677516423165798, 5683825.398635472171009 ], [ 344523.820453935302794, 5683824.795180756598711 ], [ 344521.806915047578514, 5683826.553199271671474 ], [ 344517.186445625498891, 5683821.089859421364963 ], [ 344516.299458642490208, 5683822.322333853691816 ], [ 344518.126372477039695, 5683830.478986795991659 ], [ 344515.879150875844061, 5683832.710252948105335 ], [ 344514.445829907432199, 5683834.404774320311844 ], [ 344513.173770109191537, 5683836.13517406117171 ], [ 344508.913977689109743, 5683831.359022417105734 ], [ 344504.28212680015713, 5683822.012219340540469 ], [ 344502.801061962731183, 5683824.367256817407906 ], [ 344505.862625436857343, 5683837.04720027372241 ], [ 344503.429746851325035, 5683840.427701572887599 ], [ 344504.55658061709255, 5683841.23866110201925 ], [ 344506.224249112419784, 5683838.884288438595831 ], [ 344507.561144897714257, 5683844.082498789764941 ], [ 344504.389133978635073, 5683848.601437414996326 ], [ 344501.85222621075809, 5683852.869207561016083 ], [ 344501.097833861596882, 5683855.105792195536196 ], [ 344500.976268365979195, 5683856.314515704289079 ], [ 344501.167948488146067, 5683857.013710341416299 ], [ 344501.884555644355714, 5683856.955032928846776 ], [ 344502.994613527320325, 5683856.461512728594244 ], [ 344504.883033244870603, 5683855.045430230908096 ], [ 344508.143211498856544, 5683851.30096753500402 ], [ 344511.443314776755869, 5683846.8747074957937 ], [ 344516.798865632154047, 5683846.518679005093873 ], [ 344515.084213932044804, 5683848.839057945646346 ], [ 344516.206927513703704, 5683849.655712048523128 ], [ 344518.656889812089503, 5683846.287571300752461 ], [ 344531.658230473287404, 5683845.229610987938941 ] ] ] } },
{ "type": "Feature", "properties": { "name": "019e2370-73f2-759b-b882-f0564411f163" }, "geometry": { "type": "Polygon", "coordinates": [ [ [ 344568.075879106123466, 5683871.667220504954457 ], [ 344569.849526487116236, 5683869.523875070735812 ], [ 344559.522957003500778, 5683868.047821473330259 ], [ 344553.654091791075189, 5683865.495591646060348 ], [ 344554.899811183859129, 5683863.746133856475353 ], [ 344556.061014437873382, 5683861.854727325960994 ], [ 344557.477468532335479, 5683859.022376487031579 ], [ 344565.796295991924126, 5683858.206465506926179 ], [ 344566.689511389296968, 5683856.978497520089149 ], [ 344560.055125858460087, 5683854.298619116656482 ], [ 344561.095165056001861, 5683851.836244989186525 ], [ 344560.238102568138856, 5683851.232790273614228 ], [ 344558.224563680414576, 5683852.990808788686991 ], [ 344553.604094258334953, 5683847.52746893838048 ], [ 344552.717107275326271, 5683848.759943370707333 ], [ 344554.544021109875757, 5683856.916596313007176 ], [ 344552.296799508680124, 5683859.147862465120852 ], [ 344550.863478540268261, 5683860.842383837327361 ], [ 344549.591418742027599, 5683862.572783578187227 ], [ 344545.331626321945805, 5683857.796631934121251 ], [ 344540.699775432993192, 5683848.449828857555985 ], [ 344539.218710595567245, 5683850.804866334423423 ], [ 344542.280274069693405, 5683863.484809790737927 ], [ 344539.847395484161098, 5683866.865311089903116 ], [ 344540.974229249928612, 5683867.676270619034767 ], [ 344542.641897745255847, 5683865.321897955611348 ], [ 344543.97879353055032, 5683870.520108306780457 ], [ 344540.806782611471135, 5683875.039046932011843 ], [ 344538.269874843594152, 5683879.3068170780316 ], [ 344537.515482494432945, 5683881.543401712551713 ], [ 344537.393916998815257, 5683882.752125221304595 ], [ 344537.585597120982129, 5683883.451319858431816 ], [ 344538.302204277191777, 5683883.392642445862293 ], [ 344539.412262160156388, 5683882.89912224560976 ], [ 344541.300681877706666, 5683881.483039747923613 ], [ 344544.560860131692607, 5683877.738577052019536 ], [ 344547.860963409591932, 5683873.312317012809217 ], [ 344553.21651426499011, 5683872.956288522109389 ], [ 344551.501862564880867, 5683875.276667462661862 ], [ 344552.624576146539766, 5683876.093321565538645 ], [ 344555.074538444925565, 5683872.725180817767978 ], [ 344568.075879106123466, 5683871.667220504954457 ] ] ] } },
{ "type": "Feature", "properties": { "name": "019e2370-73f2-759b-b882-f4e78a103694" }, "geometry": { "type": "Polygon", "coordinates": [ [ [ 344605.033143941895105, 5683897.311008002609015 ], [ 344606.806791322887875, 5683895.167662568390369 ], [ 344596.480221839272417, 5683893.691608970984817 ], [ 344590.611356626846828, 5683891.139379143714905 ], [ 344591.857076019630767, 5683889.38992135412991 ], [ 344593.018279273645021, 5683887.498514823615551 ], [ 344594.434733368107118, 5683884.666163984686136 ], [ 344602.753560827695765, 5683883.850253004580736 ], [ 344603.646776225068606, 5683882.622285017743707 ], [ 344597.012390694231726, 5683879.942406614311039 ], [ 344598.0524298917735, 5683877.480032486841083 ], [ 344597.195367403910495, 5683876.876577771268785 ], [ 344595.181828516186215, 5683878.634596286341548 ], [ 344590.561359094106592, 5683873.171256436035037 ], [ 344589.67437211109791, 5683874.40373086836189 ], [ 344591.501285945647396, 5683882.560383810661733 ], [ 344589.254064344451763, 5683884.791649962775409 ], [ 344587.8207433760399, 5683886.486171334981918 ], [ 344586.548683577799238, 5683888.216571075841784 ], [ 344582.288891157717444, 5683883.440419431775808 ], [ 344577.657040268764831, 5683874.093616355210543 ], [ 344576.175975431338884, 5683876.44865383207798 ], [ 344579.237538905465044, 5683889.128597288392484 ], [ 344576.804660319932736, 5683892.509098587557673 ], [ 344577.931494085700251, 5683893.320058116689324 ], [ 344579.599162581027485, 5683890.965685453265905 ], [ 344580.936058366321959, 5683896.163895804435015 ], [ 344577.764047447242774, 5683900.6828344296664 ], [ 344575.227139679365791, 5683904.950604575686157 ], [ 344574.472747330204584, 5683907.18718921020627 ], [ 344574.351181834586896, 5683908.395912718959153 ], [ 344574.542861956753768, 5683909.095107356086373 ], [ 344575.259469112963416, 5683909.03642994351685 ], [ 344576.369526995928027, 5683908.542909743264318 ], [ 344578.257946713478304, 5683907.12682724557817 ], [ 344581.518124967464246, 5683903.382364549674094 ], [ 344584.818228245363571, 5683898.956104510463774 ], [ 344590.173779100761749, 5683898.600076019763947 ], [ 344588.459127400652505, 5683900.92045496031642 ], [ 344589.581840982311405, 5683901.737109063193202 ], [ 344592.031803280697204, 5683898.368968315422535 ], [ 344605.033143941895105, 5683897.311008002609015 ] ] ] } },
{ "type": "Feature", "properties": { "name": "019e2370-73f2-759b-b882-f9494c8b3e8c" }, "geometry": { "type": "Polygon", "coordinates": [ [ [ 344649.371879726648331, 5683929.911380209028721 ], [ 344651.145527107641101, 5683927.768034774810076 ], [ 344640.818957624025643, 5683926.291981177404523 ], [ 344634.950092411600053, 5683923.739751350134611 ], [ 344636.195811804383993, 5683921.990293560549617 ], [ 344637.357015058398247, 5683920.098887030035257 ], [ 344638.773469152860343, 5683917.266536191105843 ], [ 344647.09229661244899, 5683916.450625211000443 ], [ 344647.985512009821832, 5683915.222657224163413 ], [ 344641.351126478984952, 5683912.542778820730746 ], [ 344642.391165676526725, 5683910.080404693260789 ], [ 344641.534103188663721, 5683909.476949977688491 ], [ 344639.520564300939441, 5683911.234968492761254 ], [ 344634.900094878859818, 5683905.771628642454743 ], [ 344634.013107895851135, 5683907.004103074781597 ], [ 344635.840021730400622, 5683915.160756017081439 ], [ 344633.592800129204988, 5683917.392022169195116 ], [ 344632.159479160793126, 5683919.086543541401625 ], [ 344630.887419362552464, 5683920.816943282261491 ], [ 344626.62762694247067, 5683916.040791638195515 ], [ 344621.995776053518057, 5683906.693988561630249 ], [ 344620.51471121609211, 5683909.049026038497686 ], [ 344623.57627469021827, 5683921.728969494812191 ], [ 344621.143396104685962, 5683925.10947079397738 ], [ 344622.270229870453477, 5683925.920430323109031 ], [ 344623.937898365780711, 5683923.566057659685612 ], [ 344625.274794151075184, 5683928.764268010854721 ], [ 344622.102783231996, 5683933.283206636086106 ], [ 344619.565875464119017, 5683937.550976782105863 ], [ 344618.811483114957809, 5683939.787561416625977 ], [ 344618.689917619340122, 5683940.996284925378859 ], [ 344618.881597741506994, 5683941.69547956250608 ], [ 344619.598204897716641, 5683941.636802149936557 ], [ 344620.708262780681252, 5683941.143281949684024 ], [ 344622.59668249823153, 5683939.727199451997876 ], [ 344625.856860752217472, 5683935.9827367560938 ], [ 344629.156964030116796, 5683931.556476716883481 ], [ 344634.512514885514975, 5683931.200448226183653 ], [ 344632.797863185405731, 5683933.520827166736126 ], [ 344633.920576767064631, 5683934.337481269612908 ], [ 344636.37053906545043, 5683930.969340521842241 ], [ 344649.371879726648331, 5683929.911380209028721 ] ] ] } },
{ "type": "Feature", "properties": { "name": "019e2370-73f2-759b-b882-ffca1d9f8d73" }, "geometry": { "type": "Polygon", "coordinates": [ [ [ 344686.452067913778592, 5683955.335516295395792 ], [ 344688.225715294771362, 5683953.192170861177146 ], [ 344677.899145811155904, 5683951.716117263771594 ], [ 344672.030280598730315, 5683949.163887436501682 ], [ 344673.275999991514254, 5683947.414429646916687 ], [ 344674.437203245528508, 5683945.523023116402328 ], [ 344675.853657339990605, 5683942.690672277472913 ], [ 344684.172484799579252, 5683941.874761297367513 ], [ 344685.065700196952093, 5683940.646793310530484 ], [ 344678.431314666115213, 5683937.966914907097816 ], [ 344679.471353863656987, 5683935.50454077962786 ], [ 344678.614291375793982, 5683934.901086064055562 ], [ 344676.600752488069702, 5683936.659104579128325 ], [ 344671.980283065990079, 5683931.195764728821814 ], [ 344671.093296082981396, 5683932.428239161148667 ], [ 344672.920209917530883, 5683940.58489210344851 ], [ 344670.67298831633525, 5683942.816158255562186 ], [ 344669.239667347923387, 5683944.510679627768695 ], [ 344667.967607549682725, 5683946.241079368628561 ], [ 344663.707815129600931, 5683941.464927724562585 ], [ 344659.075964240648318, 5683932.11812464799732 ], [ 344657.594899403222371, 5683934.473162124864757 ], [ 344660.656462877348531, 5683947.153105581179261 ], [ 344658.223584291816223, 5683950.53360688034445 ], [ 344659.350418057583738, 5683951.344566409476101 ], [ 344661.018086552910972, 5683948.990193746052682 ], [ 344662.354982338205446, 5683954.188404097221792 ], [ 344659.182971419126261, 5683958.707342722453177 ], [ 344656.646063651249278, 5683962.975112868472934 ], [ 344655.891671302088071, 5683965.211697502993047 ], [ 344655.770105806470383, 5683966.42042101174593 ], [ 344655.961785928637255, 5683967.11961564887315 ], [ 344656.678393084846903, 5683967.060938236303627 ], [ 344657.788450967811514, 5683966.567418036051095 ], [ 344659.676870685361791, 5683965.151335538364947 ], [ 344662.937048939347733, 5683961.406872842460871 ], [ 344666.237152217247058, 5683956.980612803250551 ], [ 344671.592703072645236, 5683956.624584312550724 ], [ 344669.878051372535992, 5683958.944963253103197 ], [ 344671.000764954194892, 5683959.761617355979979 ], [ 344673.450727252580691, 5683956.393476608209312 ], [ 344686.452067913778592, 5683955.335516295395792 ] ] ] } },
{ "type": "Feature", "properties": { "name": "019e2370-73f2-759b-b883-03cddbc61392" }, "geometry": { "type": "Polygon", "coordinates": [ [ [ 344723.538683313061483, 5683980.86675594188273 ], [ 344725.312330694054253, 5683978.723410507664084 ], [ 344714.985761210438795, 5683977.247356910258532 ], [ 344709.116895998013206, 5683974.69512708298862 ], [ 344710.362615390797146, 5683972.945669293403625 ], [ 344711.523818644811399, 5683971.054262762889266 ], [ 344712.940272739273496, 5683968.221911923959851 ], [ 344721.259100198862143, 5683967.406000943854451 ], [ 344722.152315596234985, 5683966.178032957017422 ], [ 344715.517930065398104, 5683963.498154553584754 ], [ 344716.557969262939878, 5683961.035780426114798 ], [ 344715.700906775076874, 5683960.4323257105425 ], [ 344713.687367887352593, 5683962.190344225615263 ], [ 344709.06689846527297, 5683956.727004375308752 ], [ 344708.179911482264288, 5683957.959478807635605 ], [ 344710.006825316813774, 5683966.116131749935448 ], [ 344707.759603715618141, 5683968.347397902049124 ], [ 344706.326282747206278, 5683970.041919274255633 ], [ 344705.054222948965617, 5683971.772319015115499 ], [ 344700.794430528883822, 5683966.996167371049523 ], [ 344696.162579639931209, 5683957.649364294484258 ], [ 344694.681514802505262, 5683960.004401771351695 ], [ 344697.743078276631422, 5683972.684345227666199 ], [ 344695.310199691099115, 5683976.064846526831388 ], [ 344696.437033456866629, 5683976.875806055963039 ], [ 344698.104701952193864, 5683974.52143339253962 ], [ 344699.441597737488337, 5683979.71964374370873 ], [ 344696.269586818409152, 5683984.238582368940115 ], [ 344693.73267905053217, 5683988.506352514959872 ], [ 344692.978286701370962, 5683990.742937149479985 ], [ 344692.856721205753274, 5683991.951660658232868 ], [ 344693.048401327920146, 5683992.650855295360088 ], [ 344693.765008484129794, 5683992.592177882790565 ], [ 344694.875066367094405, 5683992.098657682538033 ], [ 344696.763486084644683, 5683990.682575184851885 ], [ 344700.023664338630624, 5683986.938112488947809 ], [ 344703.323767616529949, 5683982.511852449737489 ], [ 344708.679318471928127, 5683982.155823959037662 ], [ 344706.964666771818884, 5683984.476202899590135 ], [ 344708.087380353477784, 5683985.292857002466917 ], [ 344710.537342651863582, 5683981.92471625469625 ], [ 344723.538683313061483, 5683980.86675594188273 ] ] ] } },
{ "type": "Feature", "properties": { "name": "019e2370-73f2-759b-b883-054ed3713c64" }, "geometry": { "type": "Polygon", "coordinates": [ [ [ 344759.770384751667734, 5684007.633054168894887 ], [ 344761.544032132660504, 5684005.489708734676242 ], [ 344751.217462649045046, 5684004.013655137270689 ], [ 344745.348597436619457, 5684001.461425310000777 ], [ 344746.594316829403397, 5683999.711967520415783 ], [ 344747.75552008341765, 5683997.820560989901423 ], [ 344749.171974177879747, 5683994.988210150972009 ], [ 344757.490801637468394, 5683994.172299170866609 ], [ 344758.384017034841236, 5683992.944331184029579 ], [ 344751.749631504004356, 5683990.264452780596912 ], [ 344752.789670701546129, 5683987.802078653126955 ], [ 344751.932608213683125, 5683987.198623937554657 ], [ 344749.919069325958844, 5683988.95664245262742 ], [ 344745.298599903879222, 5683983.49330260232091 ], [ 344744.411612920870539, 5683984.725777034647763 ], [ 344746.238526755420025, 5683992.882429976947606 ], [ 344743.991305154224392, 5683995.113696129061282 ], [ 344742.557984185812529, 5683996.808217501267791 ], [ 344741.285924387571868, 5683998.538617242127657 ], [ 344737.026131967490073, 5683993.762465598061681 ], [ 344732.39428107853746, 5683984.415662521496415 ], [ 344730.913216241111513, 5683986.770699998363853 ], [ 344733.974779715237673, 5683999.450643454678357 ], [ 344731.541901129705366, 5684002.831144753843546 ], [ 344732.66873489547288, 5684003.642104282975197 ], [ 344734.336403390800115, 5684001.287731619551778 ], [ 344735.673299176094588, 5684006.485941970720887 ], [ 344732.501288257015403, 5684011.004880595952272 ], [ 344729.964380489138421, 5684015.272650741972029 ], [ 344729.209988139977213, 5684017.509235376492143 ], [ 344729.088422644359525, 5684018.717958885245025 ], [ 344729.280102766526397, 5684019.417153522372246 ], [ 344729.996709922736045, 5684019.358476109802723 ], [ 344731.106767805700656, 5684018.86495590955019 ], [ 344732.995187523250934, 5684017.448873411864042 ], [ 344736.255365777236875, 5684013.704410715959966 ], [ 344739.5554690551362, 5684009.278150676749647 ], [ 344744.911019910534378, 5684008.922122186049819 ], [ 344743.196368210425135, 5684011.242501126602292 ], [ 344744.319081792084035, 5684012.059155229479074 ], [ 344746.769044090469833, 5684008.691014481708407 ], [ 344759.770384751667734, 5684007.633054168894887 ] ] ] } },
{ "type": "Feature", "properties": { "name": "019e2370-73f2-759b-b883-0b5368de65d1" }, "geometry": { "type": "Polygon", "coordinates": [ [ [ 344796.61878340120893, 5684033.403659779578447 ], [ 344798.3924307822017, 5684031.260314345359802 ], [ 344788.065861298586242, 5684029.784260747954249 ], [ 344782.196996086160652, 5684027.232030920684338 ], [ 344783.442715478944592, 5684025.482573131099343 ], [ 344784.603918732958846, 5684023.591166600584984 ], [ 344786.020372827420942, 5684020.758815761655569 ], [ 344794.339200287009589, 5684019.942904781550169 ], [ 344795.232415684382431, 5684018.71493679471314 ], [ 344788.598030153545551, 5684016.035058391280472 ], [ 344789.638069351087324, 5684013.572684263810515 ], [ 344788.78100686322432, 5684012.969229548238218 ], [ 344786.76746797550004, 5684014.727248063310981 ], [ 344782.146998553420417, 5684009.26390821300447 ], [ 344781.260011570411734, 5684010.496382645331323 ], [ 344783.086925404961221, 5684018.653035587631166 ], [ 344780.839703803765588, 5684020.884301739744842 ], [ 344779.406382835353725, 5684022.578823111951351 ], [ 344778.134323037113063, 5684024.309222852811217 ], [ 344773.874530617031269, 5684019.533071208745241 ], [ 344769.242679728078656, 5684010.186268132179976 ], [ 344767.761614890652709, 5684012.541305609047413 ], [ 344770.823178364778869, 5684025.221249065361917 ], [ 344768.390299779246561, 5684028.601750364527106 ], [ 344769.517133545014076, 5684029.412709893658757 ], [ 344771.18480204034131, 5684027.058337230235338 ], [ 344772.521697825635783, 5684032.256547581404448 ], [ 344769.349686906556599, 5684036.775486206635833 ], [ 344766.812779138679616, 5684041.04325635265559 ], [ 344766.058386789518408, 5684043.279840987175703 ], [ 344765.936821293900721, 5684044.488564495928586 ], [ 344766.128501416067593, 5684045.187759133055806 ], [ 344766.84510857227724, 5684045.129081720486283 ], [ 344767.955166455241852, 5684044.63556152023375 ], [ 344769.843586172792129, 5684043.219479022547603 ], [ 344773.103764426778071, 5684039.475016326643527 ], [ 344776.403867704677396, 5684035.048756287433207 ], [ 344781.759418560075574, 5684034.692727796733379 ], [ 344780.04476685996633, 5684037.013106737285852 ], [ 344781.16748044162523, 5684037.829760840162635 ], [ 344783.617442740011029, 5684034.461620092391968 ], [ 344796.61878340120893, 5684033.403659779578447 ] ] ] } },
{ "type": "Feature", "properties": { "name": "019e2370-73f2-759b-b883-0c32f66f9a7a" }, "geometry": { "type": "Polygon", "coordinates": [ [ [ 344832.979221122805029, 5684059.851993499323726 ], [ 344834.752868503797799, 5684057.708648065105081 ], [ 344824.426299020182341, 5684056.232594467699528 ], [ 344818.557433807756752, 5684053.680364640429616 ], [ 344819.803153200540692, 5684051.930906850844622 ], [ 344820.964356454554945, 5684050.039500320330262 ], [ 344822.380810549017042, 5684047.207149481400847 ], [ 344830.699638008605689, 5684046.391238501295447 ], [ 344831.592853405978531, 5684045.163270514458418 ], [ 344824.95846787514165, 5684042.483392111025751 ], [ 344825.998507072683424, 5684040.021017983555794 ], [ 344825.14144458482042, 5684039.417563267983496 ], [ 344823.127905697096139, 5684041.175581783056259 ], [ 344818.507436275016516, 5684035.712241932749748 ], [ 344817.620449292007834, 5684036.944716365076602 ], [ 344819.44736312655732, 5684045.101369307376444 ], [ 344817.200141525361687, 5684047.33263545949012 ], [ 344815.766820556949824, 5684049.02715683169663 ], [ 344814.494760758709162, 5684050.757556572556496 ], [ 344810.234968338627368, 5684045.98140492849052 ], [ 344805.603117449674755, 5684036.634601851925254 ], [ 344804.122052612248808, 5684038.989639328792691 ], [ 344807.183616086374968, 5684051.669582785107195 ], [ 344804.750737500842661, 5684055.050084084272385 ], [ 344805.877571266610175, 5684055.861043613404036 ], [ 344807.54523976193741, 5684053.506670949980617 ], [ 344808.882135547231883, 5684058.704881301149726 ], [ 344805.710124628152698, 5684063.223819926381111 ], [ 344803.173216860275716, 5684067.491590072400868 ], [ 344802.418824511114508, 5684069.728174706920981 ], [ 344802.29725901549682, 5684070.936898215673864 ], [ 344802.488939137663692, 5684071.636092852801085 ], [ 344803.20554629387334, 5684071.577415440231562 ], [ 344804.315604176837951, 5684071.083895239979029 ], [ 344806.204023894388229, 5684069.667812742292881 ], [ 344809.46420214837417, 5684065.923350046388805 ], [ 344812.764305426273495, 5684061.497090007178485 ], [ 344818.119856281671673, 5684061.141061516478658 ], [ 344816.40520458156243, 5684063.461440457031131 ], [ 344817.527918163221329, 5684064.278094559907913 ], [ 344819.977880461607128, 5684060.909953812137246 ], [ 344832.979221122805029, 5684059.851993499323726 ] ] ] } },
{ "type": "Feature", "properties": { "name": "019e2370-73f2-759b-b883-132eb4772cc4" }, "geometry": { "type": "Polygon", "coordinates": [ [ [ 344869.911590909585357, 5684085.580696480348706 ], [ 344871.685238290578127, 5684083.437351046130061 ], [ 344861.358668806962669, 5684081.961297448724508 ], [ 344855.489803594537079, 5684079.409067621454597 ], [ 344856.735522987321019, 5684077.659609831869602 ], [ 344857.896726241335273, 5684075.768203301355243 ], [ 344859.313180335797369, 5684072.935852462425828 ], [ 344867.632007795386016, 5684072.119941482320428 ], [ 344868.525223192758858, 5684070.891973495483398 ], [ 344861.890837661921978, 5684068.212095092050731 ], [ 344862.930876859463751, 5684065.749720964580774 ], [ 344862.073814371600747, 5684065.146266249008477 ], [ 344860.060275483876467, 5684066.90428476408124 ], [ 344855.439806061796844, 5684061.440944913774729 ], [ 344854.552819078788161, 5684062.673419346101582 ], [ 344856.379732913337648, 5684070.830072288401425 ], [ 344854.132511312142015, 5684073.061338440515101 ], [ 344852.699190343730152, 5684074.75585981272161 ], [ 344851.42713054548949, 5684076.486259553581476 ], [ 344847.167338125407696, 5684071.7101079095155 ], [ 344842.535487236455083, 5684062.363304832950234 ], [ 344841.054422399029136, 5684064.718342309817672 ], [ 344844.115985873155296, 5684077.398285766132176 ], [ 344841.683107287622988, 5684080.778787065297365 ], [ 344842.809941053390503, 5684081.589746594429016 ], [ 344844.477609548717737, 5684079.235373931005597 ], [ 344845.81450533401221, 5684084.433584282174706 ], [ 344842.642494414933026, 5684088.952522907406092 ], [ 344840.105586647056043, 5684093.220293053425848 ], [ 344839.351194297894835, 5684095.456877687945962 ], [ 344839.229628802277148, 5684096.665601196698844 ], [ 344839.42130892444402, 5684097.364795833826065 ], [ 344840.137916080653667, 5684097.306118421256542 ], [ 344841.247973963618279, 5684096.812598221004009 ], [ 344843.136393681168556, 5684095.396515723317862 ], [ 344846.396571935154498, 5684091.652053027413785 ], [ 344849.696675213053823, 5684087.225792988203466 ], [ 344855.052226068452001, 5684086.869764497503638 ], [ 344853.337574368342757, 5684089.190143438056111 ], [ 344854.460287950001657, 5684090.006797540932894 ], [ 344856.910250248387456, 5684086.638656793162227 ], [ 344869.911590909585357, 5684085.580696480348706 ] ] ] } },
{ "type": "Feature", "properties": { "name": "019e2370-73f2-759b-b883-146d95614174" }, "geometry": { "type": "Polygon", "coordinates": [ [ [ 344913.15332271164516, 5684116.629765000194311 ], [ 344914.92697009263793, 5684114.486419565975666 ], [ 344904.600400609022472, 5684113.010365968570113 ], [ 344898.731535396596882, 5684110.458136141300201 ], [ 344899.977254789380822, 5684108.708678351715207 ], [ 344901.138458043395076, 5684106.817271821200848 ], [ 344902.554912137857173, 5684103.984920982271433 ], [ 344910.87373959744582, 5684103.169010002166033 ], [ 344911.766954994818661, 5684101.941042015329003 ], [ 344905.132569463981781, 5684099.261163611896336 ], [ 344906.172608661523554, 5684096.798789484426379 ], [ 344905.31554617366055, 5684096.195334768854082 ], [ 344903.30200728593627, 5684097.953353283926845 ], [ 344898.681537863856647, 5684092.490013433620334 ], [ 344897.794550880847964, 5684093.722487865947187 ], [ 344899.621464715397451, 5684101.87914080824703 ], [ 344897.374243114201818, 5684104.110406960360706 ], [ 344895.940922145789955, 5684105.804928332567215 ], [ 344894.668862347549293, 5684107.535328073427081 ], [ 344890.409069927467499, 5684102.759176429361105 ], [ 344885.777219038514886, 5684093.412373352795839 ], [ 344884.296154201088939, 5684095.767410829663277 ], [ 344887.357717675215099, 5684108.447354285977781 ], [ 344884.924839089682791, 5684111.82785558514297 ], [ 344886.051672855450306, 5684112.638815114274621 ], [ 344887.71934135077754, 5684110.284442450851202 ], [ 344889.056237136072014, 5684115.482652802020311 ], [ 344885.884226216992829, 5684120.001591427251697 ], [ 344883.347318449115846, 5684124.269361573271453 ], [ 344882.592926099954639, 5684126.505946207791567 ], [ 344882.471360604336951, 5684127.714669716544449 ], [ 344882.663040726503823, 5684128.41386435367167 ], [ 344883.379647882713471, 5684128.355186941102147 ], [ 344884.489705765678082, 5684127.861666740849614 ], [ 344886.378125483228359, 5684126.445584243163466 ], [ 344889.638303737214301, 5684122.70112154725939 ], [ 344892.938407015113626, 5684118.274861508049071 ], [ 344898.293957870511804, 5684117.918833017349243 ], [ 344896.57930617040256, 5684120.239211957901716 ], [ 344897.70201975206146, 5684121.055866060778499 ], [ 344900.151982050447259, 5684117.687725313007832 ], [ 344913.15332271164516, 5684116.629765000194311 ] ] ] } },
{ "type": "Feature", "properties": { "name": "019e2370-73f2-759b-b883-1af0dcef38fb" }, "geometry": { "type": "Polygon", "coordinates": [ [ [ 344960.918591893161647, 5684127.086966554634273 ], [ 344962.692239274154417, 5684124.943621120415628 ], [ 344952.365669790538959, 5684123.467567523010075 ], [ 344946.49680457811337, 5684120.915337695740163 ], [ 344947.742523970897309, 5684119.165879906155169 ], [ 344948.903727224911563, 5684117.27447337564081 ], [ 344950.32018131937366, 5684114.442122536711395 ], [ 344958.639008778962307, 5684113.626211556605995 ], [ 344959.532224176335149, 5684112.398243569768965 ], [ 344952.897838645498268, 5684109.718365166336298 ], [ 344953.937877843040042, 5684107.255991038866341 ], [ 344953.080815355177037, 5684106.652536323294044 ], [ 344951.067276467452757, 5684108.410554838366807 ], [ 344946.446807045373134, 5684102.947214988060296 ], [ 344945.559820062364452, 5684104.179689420387149 ], [ 344947.386733896913938, 5684112.336342362686992 ], [ 344945.139512295718305, 5684114.567608514800668 ], [ 344943.706191327306442, 5684116.262129887007177 ], [ 344942.43413152906578, 5684117.992529627867043 ], [ 344938.174339108983986, 5684113.216377983801067 ], [ 344933.542488220031373, 5684103.869574907235801 ], [ 344932.061423382605426, 5684106.224612384103239 ], [ 344935.122986856731586, 5684118.904555840417743 ], [ 344932.690108271199279, 5684122.285057139582932 ], [ 344933.816942036966793, 5684123.096016668714583 ], [ 344935.484610532294028, 5684120.741644005291164 ], [ 344936.821506317588501, 5684125.939854356460273 ], [ 344933.649495398509316, 5684130.458792981691658 ], [ 344931.112587630632333, 5684134.726563127711415 ], [ 344930.358195281471126, 5684136.963147762231529 ], [ 344930.236629785853438, 5684138.171871270984411 ], [ 344930.42830990802031, 5684138.871065908111632 ], [ 344931.144917064229958, 5684138.812388495542109 ], [ 344932.254974947194569, 5684138.318868295289576 ], [ 344934.143394664744847, 5684136.902785797603428 ], [ 344937.403572918730788, 5684133.158323101699352 ], [ 344940.703676196630113, 5684128.732063062489033 ], [ 344946.059227052028291, 5684128.376034571789205 ], [ 344944.344575351919048, 5684130.696413512341678 ], [ 344945.467288933577947, 5684131.513067615218461 ], [ 344947.917251231963746, 5684128.144926867447793 ], [ 344960.918591893161647, 5684127.086966554634273 ] ] ] } },
{ "type": "Feature", "properties": { "name": "019e2370-73f2-759b-b883-1cd9817d1a46" }, "geometry": { "type": "Polygon", "coordinates": [ [ [ 344555.502124204067513, 5683724.039406669326127 ], [ 344553.728476823074743, 5683726.182752103544772 ], [ 344564.055046306690201, 5683727.658805700950325 ], [ 344569.923911519115791, 5683730.211035528220236 ], [ 344568.678192126331851, 5683731.960493317805231 ], [ 344567.516988872317597, 5683733.85189984831959 ], [ 344566.100534777855501, 5683736.684250687249005 ], [ 344557.781707318266854, 5683737.500161667354405 ], [ 344556.888491920894012, 5683738.728129654191434 ], [ 344563.522877451730892, 5683741.408008057624102 ], [ 344562.482838254189119, 5683743.870382185094059 ], [ 344563.339900742052123, 5683744.473836900666356 ], [ 344565.353439629776403, 5683742.715818385593593 ], [ 344569.973909051856026, 5683748.179158235900104 ], [ 344570.860896034864709, 5683746.946683803573251 ], [ 344569.033982200315222, 5683738.790030861273408 ], [ 344571.281203801510856, 5683736.558764709159732 ], [ 344572.714524769922718, 5683734.864243336953223 ], [ 344573.98658456816338, 5683733.133843596093357 ], [ 344578.246376988245174, 5683737.909995240159333 ], [ 344582.878227877197787, 5683747.256798316724598 ], [ 344584.359292714623734, 5683744.901760839857161 ], [ 344581.297729240497574, 5683732.221817383542657 ], [ 344583.730607826029882, 5683728.841316084377468 ], [ 344582.603774060262367, 5683728.030356555245817 ], [ 344580.936105564935133, 5683730.384729218669236 ], [ 344579.59920977964066, 5683725.186518867500126 ], [ 344582.771220698719844, 5683720.667580242268741 ], [ 344585.308128466596827, 5683716.399810096248984 ], [ 344586.062520815758035, 5683714.163225461728871 ], [ 344586.184086311375722, 5683712.954501952975988 ], [ 344585.99240618920885, 5683712.255307315848768 ], [ 344585.275799032999203, 5683712.313984728418291 ], [ 344584.165741150034592, 5683712.807504928670824 ], [ 344582.277321432484314, 5683714.223587426356971 ], [ 344579.017143178498372, 5683717.968050122261047 ], [ 344575.717039900599048, 5683722.394310161471367 ], [ 344570.361489045200869, 5683722.750338652171195 ], [ 344572.076140745310113, 5683720.429959711618721 ], [ 344570.953427163651213, 5683719.613305608741939 ], [ 344568.503464865265414, 5683722.981446356512606 ], [ 344555.502124204067513, 5683724.039406669326127 ] ] ] } },
{ "type": "Feature", "properties": { "name": "019e2370-73f2-759b-b883-226a4bfdc152" }, "geometry": { "type": "Polygon", "coordinates": [ [ [ 344482.302846658043563, 5683671.725255170837045 ], [ 344480.529199277050793, 5683673.86860060505569 ], [ 344490.855768760666251, 5683675.344654202461243 ], [ 344496.724633973091841, 5683677.896884029731154 ], [ 344495.478914580307901, 5683679.646341819316149 ], [ 344494.317711326293647, 5683681.537748349830508 ], [ 344492.901257231831551, 5683684.370099188759923 ], [ 344484.582429772242904, 5683685.186010168865323 ], [ 344483.689214374870062, 5683686.413978155702353 ], [ 344490.323599905706942, 5683689.09385655913502 ], [ 344489.283560708165169, 5683691.556230686604977 ], [ 344490.140623196028173, 5683692.159685402177274 ], [ 344492.154162083752453, 5683690.401666887104511 ], [ 344496.774631505832076, 5683695.865006737411022 ], [ 344497.661618488840759, 5683694.632532305084169 ], [ 344495.834704654291272, 5683686.475879362784326 ], [ 344498.081926255486906, 5683684.24461321067065 ], [ 344499.515247223898768, 5683682.550091838464141 ], [ 344500.78730702213943, 5683680.819692097604275 ], [ 344505.047099442221224, 5683685.595843741670251 ], [ 344509.678950331173837, 5683694.942646818235517 ], [ 344511.160015168599784, 5683692.587609341368079 ], [ 344508.098451694473624, 5683679.907665885053575 ], [ 344510.531330280005932, 5683676.527164585888386 ], [ 344509.404496514238417, 5683675.716205056756735 ], [ 344507.736828018911183, 5683678.070577720180154 ], [ 344506.39993223361671, 5683672.872367369011045 ], [ 344509.571943152695894, 5683668.353428743779659 ], [ 344512.108850920572877, 5683664.085658597759902 ], [ 344512.863243269734085, 5683661.849073963239789 ], [ 344512.984808765351772, 5683660.640350454486907 ], [ 344512.7931286431849, 5683659.941155817359686 ], [ 344512.076521486975253, 5683659.999833229929209 ], [ 344510.966463604010642, 5683660.493353430181742 ], [ 344509.078043886460364, 5683661.909435927867889 ], [ 344505.817865632474422, 5683665.653898623771966 ], [ 344502.517762354575098, 5683670.080158662982285 ], [ 344497.162211499176919, 5683670.436187153682113 ], [ 344498.876863199286163, 5683668.11580821312964 ], [ 344497.754149617627263, 5683667.299154110252857 ], [ 344495.304187319241464, 5683670.667294858023524 ], [ 344482.302846658043563, 5683671.725255170837045 ] ] ] } },
{ "type": "Feature", "properties": { "name": "019e2370-73f2-759b-b883-27d4639bee49" }, "geometry": { "type": "Polygon", "coordinates": [ [ [ 344518.492762692738324, 5683698.460845560766757 ], [ 344516.719115311745554, 5683700.604190994985402 ], [ 344527.045684795361012, 5683702.080244592390954 ], [ 344532.914550007786602, 5683704.632474419660866 ], [ 344531.668830615002662, 5683706.381932209245861 ], [ 344530.507627360988408, 5683708.27333873976022 ], [ 344529.091173266526312, 5683711.105689578689635 ], [ 344520.772345806937665, 5683711.921600558795035 ], [ 344519.879130409564823, 5683713.149568545632064 ], [ 344526.513515940401703, 5683715.829446949064732 ], [ 344525.47347674285993, 5683718.291821076534688 ], [ 344526.330539230722934, 5683718.895275792106986 ], [ 344528.344078118447214, 5683717.137257277034223 ], [ 344532.964547540526837, 5683722.600597127340734 ], [ 344533.85153452353552, 5683721.368122695013881 ], [ 344532.024620688986033, 5683713.211469752714038 ], [ 344534.271842290181667, 5683710.980203600600362 ], [ 344535.705163258593529, 5683709.285682228393853 ], [ 344536.977223056834191, 5683707.555282487533987 ], [ 344541.237015476915985, 5683712.331434131599963 ], [ 344545.868866365868598, 5683721.678237208165228 ], [ 344547.349931203294545, 5683719.323199731297791 ], [ 344544.288367729168385, 5683706.643256274983287 ], [ 344546.721246314700693, 5683703.262754975818098 ], [ 344545.594412548933178, 5683702.451795446686447 ], [ 344543.926744053605944, 5683704.806168110109866 ], [ 344542.589848268311471, 5683699.607957758940756 ], [ 344545.761859187390655, 5683695.089019133709371 ], [ 344548.298766955267638, 5683690.821248987689614 ], [ 344549.053159304428846, 5683688.584664353169501 ], [ 344549.174724800046533, 5683687.375940844416618 ], [ 344548.983044677879661, 5683686.676746207289398 ], [ 344548.266437521670014, 5683686.735423619858921 ], [ 344547.156379638705403, 5683687.228943820111454 ], [ 344545.267959921155125, 5683688.645026317797601 ], [ 344542.007781667169183, 5683692.389489013701677 ], [ 344538.707678389269859, 5683696.815749052911997 ], [ 344533.35212753387168, 5683697.171777543611825 ], [ 344535.066779233980924, 5683694.851398603059351 ], [ 344533.944065652322024, 5683694.034744500182569 ], [ 344531.494103353936225, 5683697.402885247953236 ], [ 344518.492762692738324, 5683698.460845560766757 ] ] ] } },
{ "type": "Feature", "properties": { "name": "019e2370-73f2-759b-b883-2b038aa58605" }, "geometry": { "type": "Polygon", "coordinates": [ [ [ 344592.906354406441096, 5683749.182419590651989 ], [ 344591.132707025448326, 5683751.325765024870634 ], [ 344601.459276509063784, 5683752.801818622276187 ], [ 344607.328141721489374, 5683755.354048449546099 ], [ 344606.082422328705434, 5683757.103506239131093 ], [ 344604.92121907469118, 5683758.994912769645452 ], [ 344603.504764980229083, 5683761.827263608574867 ], [ 344595.185937520640437, 5683762.643174588680267 ], [ 344594.292722123267595, 5683763.871142575517297 ], [ 344600.927107654104475, 5683766.551020978949964 ], [ 344599.887068456562702, 5683769.013395106419921 ], [ 344600.744130944425706, 5683769.616849821992218 ], [ 344602.757669832149986, 5683767.858831306919456 ], [ 344607.378139254229609, 5683773.322171157225966 ], [ 344608.265126237238292, 5683772.089696724899113 ], [ 344606.438212402688805, 5683763.93304378259927 ], [ 344608.685434003884438, 5683761.701777630485594 ], [ 344610.118754972296301, 5683760.007256258279085 ], [ 344611.390814770536963, 5683758.276856517419219 ], [ 344615.650607190618757, 5683763.053008161485195 ], [ 344620.28245807957137, 5683772.399811238050461 ], [ 344621.763522916997317, 5683770.044773761183023 ], [ 344618.701959442871157, 5683757.364830304868519 ], [ 344621.134838028403465, 5683753.98432900570333 ], [ 344620.00800426263595, 5683753.173369476571679 ], [ 344618.340335767308716, 5683755.527742139995098 ], [ 344617.003439982014243, 5683750.329531788825989 ], [ 344620.175450901093427, 5683745.810593163594604 ], [ 344622.71235866897041, 5683741.542823017574847 ], [ 344623.466751018131617, 5683739.306238383054733 ], [ 344623.588316513749305, 5683738.097514874301851 ], [ 344623.396636391582433, 5683737.39832023717463 ], [ 344622.680029235372785, 5683737.456997649744153 ], [ 344621.569971352408174, 5683737.950517849996686 ], [ 344619.681551634857897, 5683739.366600347682834 ], [ 344616.421373380871955, 5683743.11106304358691 ], [ 344613.12127010297263, 5683747.537323082797229 ], [ 344607.765719247574452, 5683747.893351573497057 ], [ 344609.480370947683696, 5683745.572972632944584 ], [ 344608.357657366024796, 5683744.756318530067801 ], [ 344605.907695067638997, 5683748.124459277838469 ], [ 344592.906354406441096, 5683749.182419590651989 ] ] ] } },
{ "type": "Feature", "properties": { "name": "019e2370-73f2-759b-b883-2ce160f431a5" }, "geometry": { "type": "Polygon", "coordinates": [ [ [ 344629.446936983324122, 5683775.451283518224955 ], [ 344627.673289602331351, 5683777.5946289524436 ], [ 344637.99985908594681, 5683779.070682549849153 ], [ 344643.868724298372399, 5683781.622912377119064 ], [ 344642.623004905588459, 5683783.372370166704059 ], [ 344641.461801651574206, 5683785.263776697218418 ], [ 344640.045347557112109, 5683788.096127536147833 ], [ 344631.726520097523462, 5683788.912038516253233 ], [ 344630.83330470015062, 5683790.140006503090262 ], [ 344637.4676902309875, 5683792.81988490652293 ], [ 344636.427651033445727, 5683795.282259033992887 ], [ 344637.284713521308731, 5683795.885713749565184 ], [ 344639.298252409033012, 5683794.127695234492421 ], [ 344643.918721831112634, 5683799.591035084798932 ], [ 344644.805708814121317, 5683798.358560652472079 ], [ 344642.97879497957183, 5683790.201907710172236 ], [ 344645.226016580767464, 5683787.97064155805856 ], [ 344646.659337549179327, 5683786.276120185852051 ], [ 344647.931397347419988, 5683784.545720444992185 ], [ 344652.191189767501783, 5683789.321872089058161 ], [ 344656.823040656454396, 5683798.668675165623426 ], [ 344658.304105493880343, 5683796.313637688755989 ], [ 344655.242542019754183, 5683783.633694232441485 ], [ 344657.67542060528649, 5683780.253192933276296 ], [ 344656.548586839518975, 5683779.442233404144645 ], [ 344654.880918344191741, 5683781.796606067568064 ], [ 344653.544022558897268, 5683776.598395716398954 ], [ 344656.716033477976453, 5683772.079457091167569 ], [ 344659.252941245853435, 5683767.811686945147812 ], [ 344660.007333595014643, 5683765.575102310627699 ], [ 344660.128899090632331, 5683764.366378801874816 ], [ 344659.937218968465459, 5683763.667184164747596 ], [ 344659.220611812255811, 5683763.725861577317119 ], [ 344658.1105539292912, 5683764.219381777569652 ], [ 344656.222134211740922, 5683765.635464275255799 ], [ 344652.961955957754981, 5683769.379926971159875 ], [ 344649.661852679855656, 5683773.806187010370195 ], [ 344644.306301824457478, 5683774.162215501070023 ], [ 344646.020953524566721, 5683771.84183656051755 ], [ 344644.898239942907821, 5683771.025182457640767 ], [ 344642.448277644522022, 5683774.393323205411434 ], [ 344629.446936983324122, 5683775.451283518224955 ] ] ] } },
{ "type": "Feature", "properties": { "name": "019e2370-73f2-759b-b883-3351111dcf5d" }, "geometry": { "type": "Polygon", "coordinates": [ [ [ 344686.571037768444512, 5683815.890791958197951 ], [ 344684.797390387451742, 5683818.034137392416596 ], [ 344695.1239598710672, 5683819.510190989822149 ], [ 344700.992825083492789, 5683822.062420817092061 ], [ 344699.74710569070885, 5683823.811878606677055 ], [ 344698.585902436694596, 5683825.703285137191415 ], [ 344697.169448342232499, 5683828.53563597612083 ], [ 344688.850620882643852, 5683829.35154695622623 ], [ 344687.957405485271011, 5683830.579514943063259 ], [ 344694.591791016107891, 5683833.259393346495926 ], [ 344693.551751818566117, 5683835.721767473965883 ], [ 344694.408814306429122, 5683836.325222189538181 ], [ 344696.422353194153402, 5683834.567203674465418 ], [ 344701.042822616233025, 5683840.030543524771929 ], [ 344701.929809599241707, 5683838.798069092445076 ], [ 344700.102895764692221, 5683830.641416150145233 ], [ 344702.350117365887854, 5683828.410149998031557 ], [ 344703.783438334299717, 5683826.715628625825047 ], [ 344705.055498132540379, 5683824.985228884965181 ], [ 344709.315290552622173, 5683829.761380529031157 ], [ 344713.947141441574786, 5683839.108183605596423 ], [ 344715.428206279000733, 5683836.753146128728986 ], [ 344712.366642804874573, 5683824.073202672414482 ], [ 344714.799521390406881, 5683820.692701373249292 ], [ 344713.672687624639366, 5683819.881741844117641 ], [ 344712.005019129312132, 5683822.23611450754106 ], [ 344710.668123344017658, 5683817.037904156371951 ], [ 344713.840134263096843, 5683812.518965531140566 ], [ 344716.377042030973826, 5683808.251195385120809 ], [ 344717.131434380135033, 5683806.014610750600696 ], [ 344717.252999875752721, 5683804.805887241847813 ], [ 344717.061319753585849, 5683804.106692604720592 ], [ 344716.344712597376201, 5683804.165370017290115 ], [ 344715.23465471441159, 5683804.658890217542648 ], [ 344713.346234996861313, 5683806.074972715228796 ], [ 344710.086056742875371, 5683809.819435411132872 ], [ 344706.785953464976046, 5683814.245695450343192 ], [ 344701.430402609577868, 5683814.601723941043019 ], [ 344703.145054309687112, 5683812.281345000490546 ], [ 344702.022340728028212, 5683811.464690897613764 ], [ 344699.572378429642413, 5683814.832831645384431 ], [ 344686.571037768444512, 5683815.890791958197951 ] ] ] } },
{ "type": "Feature", "properties": { "name": "019e2370-73f2-759b-b883-3504d0d41161" }, "geometry": { "type": "Polygon", "coordinates": [ [ [ 344726.522338942391798, 5683837.314184739254415 ], [ 344724.748691561399028, 5683839.45753017347306 ], [ 344735.075261045014486, 5683840.933583770878613 ], [ 344740.944126257440075, 5683843.485813598148525 ], [ 344739.698406864656135, 5683845.235271387733519 ], [ 344738.537203610641882, 5683847.126677918247879 ], [ 344737.120749516179785, 5683849.959028757177293 ], [ 344728.801922056591138, 5683850.774939737282693 ], [ 344727.908706659218296, 5683852.002907724119723 ], [ 344734.543092190055177, 5683854.68278612755239 ], [ 344733.503052992513403, 5683857.145160255022347 ], [ 344734.360115480376408, 5683857.748614970594645 ], [ 344736.373654368100688, 5683855.990596455521882 ], [ 344740.994123790180311, 5683861.453936305828393 ], [ 344741.881110773188993, 5683860.221461873501539 ], [ 344740.054196938639507, 5683852.064808931201696 ], [ 344742.30141853983514, 5683849.83354277908802 ], [ 344743.734739508247003, 5683848.139021406881511 ], [ 344745.006799306487665, 5683846.408621666021645 ], [ 344749.266591726569459, 5683851.184773310087621 ], [ 344753.898442615522072, 5683860.531576386652887 ], [ 344755.379507452948019, 5683858.17653890978545 ], [ 344752.317943978821859, 5683845.496595453470945 ], [ 344754.750822564354166, 5683842.116094154305756 ], [ 344753.623988798586652, 5683841.305134625174105 ], [ 344751.956320303259417, 5683843.659507288597524 ], [ 344750.619424517964944, 5683838.461296937428415 ], [ 344753.791435437044129, 5683833.94235831219703 ], [ 344756.328343204921111, 5683829.674588166177273 ], [ 344757.082735554082319, 5683827.438003531657159 ], [ 344757.204301049700007, 5683826.229280022904277 ], [ 344757.012620927533135, 5683825.530085385777056 ], [ 344756.296013771323487, 5683825.588762798346579 ], [ 344755.185955888358876, 5683826.082282998599112 ], [ 344753.297536170808598, 5683827.49836549628526 ], [ 344750.037357916822657, 5683831.242828192189336 ], [ 344746.737254638923332, 5683835.669088231399655 ], [ 344741.381703783525154, 5683836.025116722099483 ], [ 344743.096355483634397, 5683833.70473778154701 ], [ 344741.973641901975498, 5683832.888083678670228 ], [ 344739.523679603589699, 5683836.256224426440895 ], [ 344726.522338942391798, 5683837.314184739254415 ] ] ] } },
{ "type": "Feature", "properties": { "name": "019e2370-73f2-759b-b883-39b559554205" }, "geometry": { "type": "Polygon", "coordinates": [ [ [ 344765.382957393769175, 5683860.283741513267159 ], [ 344763.609310012776405, 5683862.427086947485805 ], [ 344773.935879496391863, 5683863.903140544891357 ], [ 344779.804744708817452, 5683866.455370372161269 ], [ 344778.559025316033512, 5683868.204828161746264 ], [ 344777.397822062019259, 5683870.096234692260623 ], [ 344775.981367967557162, 5683872.928585531190038 ], [ 344767.662540507968515, 5683873.744496511295438 ], [ 344766.769325110595673, 5683874.972464498132467 ], [ 344773.403710641432554, 5683877.652342901565135 ], [ 344772.36367144389078, 5683880.114717029035091 ], [ 344773.220733931753784, 5683880.718171744607389 ], [ 344775.234272819478065, 5683878.960153229534626 ], [ 344779.854742241557688, 5683884.423493079841137 ], [ 344780.74172922456637, 5683883.191018647514284 ], [ 344778.914815390016884, 5683875.034365705214441 ], [ 344781.162036991212517, 5683872.803099553100765 ], [ 344782.59535795962438, 5683871.108578180894256 ], [ 344783.867417757865041, 5683869.378178440034389 ], [ 344788.127210177946836, 5683874.154330084100366 ], [ 344792.759061066899449, 5683883.501133160665631 ], [ 344794.240125904325396, 5683881.146095683798194 ], [ 344791.178562430199236, 5683868.46615222748369 ], [ 344793.611441015731543, 5683865.085650928318501 ], [ 344792.484607249964029, 5683864.27469139918685 ], [ 344790.816938754636794, 5683866.629064062610269 ], [ 344789.480042969342321, 5683861.430853711441159 ], [ 344792.652053888421506, 5683856.911915086209774 ], [ 344795.188961656298488, 5683852.644144940190017 ], [ 344795.943354005459696, 5683850.407560305669904 ], [ 344796.064919501077384, 5683849.198836796917021 ], [ 344795.873239378910512, 5683848.499642159789801 ], [ 344795.156632222700864, 5683848.558319572359324 ], [ 344794.046574339736253, 5683849.051839772611856 ], [ 344792.158154622185975, 5683850.467922270298004 ], [ 344788.897976368200034, 5683854.21238496620208 ], [ 344785.597873090300709, 5683858.6386450054124 ], [ 344780.242322234902531, 5683858.994673496112227 ], [ 344781.956973935011774, 5683856.674294555559754 ], [ 344780.834260353352875, 5683855.857640452682972 ], [ 344778.384298054967076, 5683859.225781200453639 ], [ 344765.382957393769175, 5683860.283741513267159 ] ] ] } },
{ "type": "Feature", "properties": { "name": "019e2370-73f2-759b-b883-3c29ec172eb4" }, "geometry": { "type": "Polygon", "coordinates": [ [ [ 344803.350300118443556, 5683884.529783236794174 ], [ 344801.576652737450786, 5683886.673128671012819 ], [ 344811.903222221066244, 5683888.149182268418372 ], [ 344817.772087433491834, 5683890.701412095688283 ], [ 344816.526368040707894, 5683892.450869885273278 ], [ 344815.36516478669364, 5683894.342276415787637 ], [ 344813.948710692231543, 5683897.174627254717052 ], [ 344805.629883232642896, 5683897.990538234822452 ], [ 344804.736667835270055, 5683899.218506221659482 ], [ 344811.371053366106935, 5683901.898384625092149 ], [ 344810.331014168565162, 5683904.360758752562106 ], [ 344811.188076656428166, 5683904.964213468134403 ], [ 344813.201615544152446, 5683903.20619495306164 ], [ 344817.822084966232069, 5683908.669534803368151 ], [ 344818.709071949240752, 5683907.437060371041298 ], [ 344816.882158114691265, 5683899.280407428741455 ], [ 344819.129379715886898, 5683897.049141276627779 ], [ 344820.562700684298761, 5683895.35461990442127 ], [ 344821.834760482539423, 5683893.624220163561404 ], [ 344826.094552902621217, 5683898.40037180762738 ], [ 344830.72640379157383, 5683907.747174884192646 ], [ 344832.207468628999777, 5683905.392137407325208 ], [ 344829.145905154873617, 5683892.712193951010704 ], [ 344831.578783740405925, 5683889.331692651845515 ], [ 344830.45194997463841, 5683888.520733122713864 ], [ 344828.784281479311176, 5683890.875105786137283 ], [ 344827.447385694016702, 5683885.676895434968174 ], [ 344830.619396613095887, 5683881.157956809736788 ], [ 344833.15630438097287, 5683876.890186663717031 ], [ 344833.910696730134077, 5683874.653602029196918 ], [ 344834.032262225751765, 5683873.444878520444036 ], [ 344833.840582103584893, 5683872.745683883316815 ], [ 344833.123974947375245, 5683872.804361295886338 ], [ 344832.013917064410634, 5683873.297881496138871 ], [ 344830.125497346860357, 5683874.713963993825018 ], [ 344826.865319092874415, 5683878.458426689729095 ], [ 344823.56521581497509, 5683882.884686728939414 ], [ 344818.209664959576912, 5683883.240715219639242 ], [ 344819.924316659686156, 5683880.920336279086769 ], [ 344818.801603078027256, 5683880.103682176209986 ], [ 344816.351640779641457, 5683883.471822923980653 ], [ 344803.350300118443556, 5683884.529783236794174 ] ] ] } },
{ "type": "Feature", "properties": { "name": "019e2370-73f2-759b-b883-410433a6877a" }, "geometry": { "type": "Polygon", "coordinates": [ [ [ 344868.928984865720849, 5683940.446209946647286 ], [ 344866.746442836942151, 5683943.117631398141384 ], [ 344879.562263655883726, 5683944.867506179027259 ], [ 344886.859167371294461, 5683947.98645855486393 ], [ 344885.328160291654058, 5683950.165375099517405 ], [ 344883.903052649053279, 5683952.519642139784992 ], [ 344882.16876992804464, 5683956.042610524222255 ], [ 344871.860263036214747, 5683957.119015540927649 ], [ 344870.762282717798371, 5683958.648572905920446 ], [ 344879.009379592142068, 5683961.919845945201814 ], [ 344877.738950567087159, 5683964.981136398389935 ], [ 344878.806352560815867, 5683965.722716359421611 ], [ 344881.289343883458059, 5683963.527211098000407 ], [ 344887.060960030241404, 5683970.265481038950384 ], [ 344888.1511824207264, 5683968.73038440849632 ], [ 344885.822455320099834, 5683958.630830321460962 ], [ 344888.591517370543443, 5683955.846707786433399 ], [ 344890.355566755519249, 5683953.73444954585284 ], [ 344891.919382661697455, 5683951.578958916477859 ], [ 344897.238434037659317, 5683957.467962248250842 ], [ 344903.054377317952458, 5683969.021408791653812 ], [ 344904.872487221437041, 5683966.089778105728328 ], [ 344900.977674569585361, 5683950.391216829419136 ], [ 344903.967998844804242, 5683946.180666072294116 ], [ 344902.564481926849112, 5683945.183891314081848 ], [ 344900.514989330433309, 5683948.116149516776204 ], [ 344898.816873467178084, 5683941.681077080778778 ], [ 344902.714820739056449, 5683936.053180517628789 ], [ 344905.827231778181158, 5683930.741659384220839 ], [ 344906.745232299494091, 5683927.962557011283934 ], [ 344906.886562019877601, 5683926.46286538708955 ], [ 344906.643449989438523, 5683925.597396654076874 ], [ 344905.755355949804652, 5683925.675728651694953 ], [ 344904.38278947310755, 5683926.296301230788231 ], [ 344902.052278146205936, 5683928.066852541640401 ], [ 344898.038982873142231, 5683932.735130643472075 ], [ 344893.981487563927658, 5683938.249107835814357 ], [ 344887.343690679816063, 5683938.732230323366821 ], [ 344889.451704160426743, 5683935.841756782494485 ], [ 344888.053251721546985, 5683934.837889032438397 ], [ 344885.041648481215816, 5683939.033246352337301 ], [ 344868.928984865720849, 5683940.446209946647286 ] ] ] } },
{ "type": "Feature", "properties": { "name": "019e2370-73f2-759b-b883-450673d27529" }, "geometry": { "type": "Polygon", "coordinates": [ [ [ 344832.787915773980785, 5683913.668366415426135 ], [ 344830.605373745202087, 5683916.339787866920233 ], [ 344843.421194564143661, 5683918.089662647806108 ], [ 344850.718098279554397, 5683921.208615023642778 ], [ 344849.187091199913993, 5683923.387531568296254 ], [ 344847.761983557313215, 5683925.74179860856384 ], [ 344846.027700836304575, 5683929.264766993001103 ], [ 344835.719193944474682, 5683930.341172009706497 ], [ 344834.621213626058307, 5683931.870729374699295 ], [ 344842.868310500402004, 5683935.142002413980663 ], [ 344841.597881475347094, 5683938.203292867168784 ], [ 344842.665283469075803, 5683938.944872828200459 ], [ 344845.148274791717995, 5683936.749367566779256 ], [ 344850.919890938501339, 5683943.487637507729232 ], [ 344852.010113328986336, 5683941.952540877275169 ], [ 344849.68138622835977, 5683931.852986790239811 ], [ 344852.450448278803378, 5683929.068864255212247 ], [ 344854.214497663779184, 5683926.956606014631689 ], [ 344855.77831356995739, 5683924.801115385256708 ], [ 344861.097364945919253, 5683930.690118717029691 ], [ 344866.913308226212393, 5683942.243565260432661 ], [ 344868.731418129696976, 5683939.311934574507177 ], [ 344864.836605477845296, 5683923.613373298197985 ], [ 344867.826929753064178, 5683919.402822541072965 ], [ 344866.423412835109048, 5683918.406047782860696 ], [ 344864.373920238693245, 5683921.338305985555053 ], [ 344862.67580437543802, 5683914.903233549557626 ], [ 344866.573751647316385, 5683909.275336986407638 ], [ 344869.686162686441094, 5683903.963815852999687 ], [ 344870.604163207754027, 5683901.184713480062783 ], [ 344870.745492928137537, 5683899.685021855868399 ], [ 344870.502380897698458, 5683898.819553122855723 ], [ 344869.614286858064588, 5683898.897885120473802 ], [ 344868.241720381367486, 5683899.51845769956708 ], [ 344865.911209054465871, 5683901.28900901041925 ], [ 344861.897913781402167, 5683905.957287112250924 ], [ 344857.840418472187594, 5683911.471264304593205 ], [ 344851.202621588075999, 5683911.954386792145669 ], [ 344853.310635068686679, 5683909.063913251273334 ], [ 344851.912182629806921, 5683908.060045501217246 ], [ 344848.900579389475752, 5683912.255402821116149 ], [ 344832.787915773980785, 5683913.668366415426135 ] ] ] } },
{ "type": "Feature", "properties": { "name": "019e2370-73f2-759b-b883-482e184f8fdc" }, "geometry": { "type": "Polygon", "coordinates": [ [ [ 344905.853373904130422, 5683966.272114413790405 ], [ 344903.670831875351723, 5683968.943535865284503 ], [ 344916.486652694293298, 5683970.693410646170378 ], [ 344923.783556409704033, 5683973.812363022007048 ], [ 344922.25254933006363, 5683975.991279566660523 ], [ 344920.827441687462851, 5683978.34554660692811 ], [ 344919.093158966454212, 5683981.868514991365373 ], [ 344908.784652074624319, 5683982.944920008070767 ], [ 344907.686671756207943, 5683984.474477373063564 ], [ 344915.93376863055164, 5683987.745750412344933 ], [ 344914.663339605496731, 5683990.807040865533054 ], [ 344915.730741599225439, 5683991.548620826564729 ], [ 344918.213732921867631, 5683989.353115565143526 ], [ 344923.985349068650976, 5683996.091385506093502 ], [ 344925.075571459135972, 5683994.556288875639439 ], [ 344922.746844358509406, 5683984.456734788604081 ], [ 344925.515906408953015, 5683981.672612253576517 ], [ 344927.279955793928821, 5683979.560354012995958 ], [ 344928.843771700107027, 5683977.404863383620977 ], [ 344934.162823076068889, 5683983.29386671539396 ], [ 344939.97876635636203, 5683994.84731325879693 ], [ 344941.796876259846613, 5683991.915682572871447 ], [ 344937.902063607994933, 5683976.217121296562254 ], [ 344940.892387883213814, 5683972.006570539437234 ], [ 344939.488870965258684, 5683971.009795781224966 ], [ 344937.439378368842881, 5683973.942053983919322 ], [ 344935.741262505587656, 5683967.506981547921896 ], [ 344939.639209777466021, 5683961.879084984771907 ], [ 344942.75162081659073, 5683956.567563851363957 ], [ 344943.669621337903664, 5683953.788461478427052 ], [ 344943.810951058287174, 5683952.288769854232669 ], [ 344943.567839027848095, 5683951.423301121219993 ], [ 344942.679744988214225, 5683951.501633118838072 ], [ 344941.307178511517122, 5683952.122205697931349 ], [ 344938.976667184615508, 5683953.892757008783519 ], [ 344934.963371911551803, 5683958.561035110615194 ], [ 344930.90587660233723, 5683964.075012302957475 ], [ 344924.268079718225636, 5683964.558134790509939 ], [ 344926.376093198836315, 5683961.667661249637604 ], [ 344924.977640759956557, 5683960.663793499581516 ], [ 344921.966037519625388, 5683964.859150819480419 ], [ 344905.853373904130422, 5683966.272114413790405 ] ] ] } },
{ "type": "Feature", "properties": { "name": "019e2370-73f2-759b-b883-4c3aeabca552" }, "geometry": { "type": "Polygon", "coordinates": [ [ [ 344973.998279757972341, 5684203.885858342982829 ], [ 344976.194627849268727, 5684205.695611406117678 ], [ 344977.682383373728953, 5684195.128858149982989 ], [ 344980.280588263703976, 5684189.119810678996146 ], [ 344982.07287453423487, 5684190.390364696271718 ], [ 344984.01018603524426, 5684191.574157937429845 ], [ 344986.910586415848229, 5684193.017039828933775 ], [ 344987.763088700186927, 5684201.525047669187188 ], [ 344989.021159010066185, 5684202.436126966960728 ], [ 344991.748298298218288, 5684195.643714939244092 ], [ 344994.269421964534558, 5684196.702337034977973 ], [ 344994.692204727500211, 5684196.333732970990241 ], [ 344994.884886549494695, 5684195.824307455681264 ], [ 344993.082194180402439, 5684193.768329442478716 ], [ 344998.661005399713758, 5684189.030079174786806 ], [ 344997.398338590166532, 5684188.125380923040211 ], [ 344989.058398595720064, 5684190.011742188595235 ], [ 344986.771094844967593, 5684187.717734306119382 ], [ 344985.034603011619765, 5684186.255154934711754 ], [ 344983.261755640909541, 5684184.957615022547543 ], [ 344988.138380960503127, 5684180.589795694686472 ], [ 344997.689763660775498, 5684175.831563021056354 ], [ 344995.27749312040396, 5684174.321562422439456 ], [ 344982.313096092955675, 5684177.480624568648636 ], [ 344978.849781416822225, 5684174.999166507273912 ], [ 344978.022628727194387, 5684176.153604730032384 ], [ 344980.434619926731102, 5684177.854493315331638 ], [ 344975.11997196439188, 5684179.233236466534436 ], [ 344970.490503428212833, 5684175.998126399703324 ], [ 344966.119332034490071, 5684173.41215689573437 ], [ 344963.829793573997449, 5684172.645252890884876 ], [ 344962.593066555215046, 5684172.523492968641222 ], [ 344961.902232574124355, 5684172.714441235177219 ], [ 344961.900778620678466, 5684172.713395585305989 ], [ 344961.900853793078568, 5684172.714822335168719 ], [ 344961.878235733427573, 5684172.721074022352695 ], [ 344961.939798811392393, 5684173.454002634622157 ], [ 344962.447030059469398, 5684174.588478575460613 ], [ 344963.899669651582371, 5684176.517200007103384 ], [ 344967.737075936223846, 5684179.844164197333157 ], [ 344972.272013819019776, 5684183.21050560940057 ], [ 344972.647714838618413, 5684188.68821173813194 ], [ 344970.270396685402375, 5684186.939188597723842 ], [ 344969.437409874983132, 5684188.0894242990762 ], [ 344972.888116988819093, 5684190.588384722359478 ], [ 344973.998279757972341, 5684203.885858342982829 ] ] ] } },
{ "type": "Feature", "properties": { "name": "019e2370-73f2-759b-b883-50ed9f796a1e" }, "geometry": { "type": "Polygon", "coordinates": [ [ [ 345002.261508359457366, 5684163.230502424761653 ], [ 345004.457856450753752, 5684165.040255487896502 ], [ 345005.945611975213978, 5684154.473502231761813 ], [ 345008.543816865189001, 5684148.46445476077497 ], [ 345010.336103135719895, 5684149.735008778050542 ], [ 345012.273414636729285, 5684150.91880201920867 ], [ 345015.173815017333254, 5684152.3616839107126 ], [ 345016.026317301671952, 5684160.869691750966012 ], [ 345017.28438761155121, 5684161.780771048739552 ], [ 345020.011526899703313, 5684154.988359021022916 ], [ 345022.532650566019583, 5684156.046981116756797 ], [ 345022.955433328985237, 5684155.678377052769065 ], [ 345023.14811515097972, 5684155.168951537460089 ], [ 345021.345422781887464, 5684153.112973524257541 ], [ 345026.924234001198784, 5684148.37472325656563 ], [ 345025.661567191651557, 5684147.470025004819036 ], [ 345017.321627197205089, 5684149.35638627037406 ], [ 345015.034323446452618, 5684147.062378387898207 ], [ 345013.29783161310479, 5684145.599799016490579 ], [ 345011.524984242394567, 5684144.302259104326367 ], [ 345016.401609561988153, 5684139.934439776465297 ], [ 345025.952992262260523, 5684135.176207102835178 ], [ 345023.540721721888985, 5684133.66620650421828 ], [ 345010.5763246944407, 5684136.825268650427461 ], [ 345007.11301001830725, 5684134.343810589052737 ], [ 345006.285857328679413, 5684135.498248811811209 ], [ 345008.697848528216127, 5684137.199137397110462 ], [ 345003.383200565876905, 5684138.57788054831326 ], [ 344998.753732029697858, 5684135.342770481482148 ], [ 344994.382560635975096, 5684132.756800977513194 ], [ 344992.093022175482474, 5684131.989896972663701 ], [ 344990.856295156700071, 5684131.868137050420046 ], [ 344990.16546117560938, 5684132.059085316956043 ], [ 344990.164007222163491, 5684132.058039667084813 ], [ 344990.164082394563593, 5684132.059466416947544 ], [ 344990.141464334912598, 5684132.06571810413152 ], [ 344990.203027412877418, 5684132.798646716400981 ], [ 344990.710258660954423, 5684133.933122657239437 ], [ 344992.162898253067397, 5684135.861844088882208 ], [ 344996.000304537708871, 5684139.188808279111981 ], [ 345000.535242420504801, 5684142.555149691179395 ], [ 345000.910943440103438, 5684148.032855819910765 ], [ 344998.5336252868874, 5684146.283832679502666 ], [ 344997.700638476468157, 5684147.434068380855024 ], [ 345001.151345590304118, 5684149.933028804138303 ], [ 345002.261508359457366, 5684163.230502424761653 ] ] ] } }
]
}
