{
"type": "FeatureCollection",
"name": "buildings_aixm",
"crs": { "type": "name", "properties": { "name": "urn:ogc:def:crs:EPSG::32632" } },
"features": [
{ "type": "Feature", "properties": { "name": "60ad4527-8d1f-e1fa-e053-0100007f5781" }, "geometry": { "type": "Polygon", "coordinates": [ [ [ 303102.305588507733773, 5721390.892692719586194 ], [ 303104.639917540189344, 5721390.540324648842216 ], [ 303105.048381684755441, 5721393.441101968288422 ], [ 303102.71920082392171, 5721393.823689896613359 ], [ 303102.305588507733773, 5721390.892692719586194 ] ] ] } },
{ "type": "Feature", "properties": { "name": "60ad4527-8d7c-e1fa-e053-0100007f5781" }, "geometry": { "type": "Polygon", "coordinates": [ [ [ 302804.684845609415788, 5721082.461830170825124 ], [ 302801.601843691954855, 5721085.905574667267501 ], [ 302798.80721599701792, 5721083.342393185943365 ], [ 302801.938279198249802, 5721079.926835951395333 ], [ 302804.684845609415788, 5721082.461830170825124 ] ] ] } },
{ "type": "Feature", "properties": { "name": "60ad4527-8d83-e1fa-e053-0100007f5781" }, "geometry": { "type": "Polygon", "coordinates": [ [ [ 302900.73005461669527, 5721158.213054708205163 ], [ 302902.342522311140783, 5721150.186727923341095 ], [ 302905.329831243376248, 5721150.780732032842934 ], [ 302903.669634557503741, 5721158.809810068458319 ], [ 302900.73005461669527, 5721158.213054708205163 ] ] ] } },
{ "type": "Feature", "properties": { "name": "60ad4527-8d7a-e1fa-e053-0100007f5781" }, "geometry": { "type": "Polygon", "coordinates": [ [ [ 302807.84608137793839, 5721061.61518878210336 ], [ 302810.049708009231836, 5721059.355730778537691 ], [ 302813.406621692935005, 5721062.531355774961412 ], [ 302818.000817156629637, 5721057.495934538543224 ], [ 302818.790881132765207, 5721056.609215747565031 ], [ 302837.364519761293195, 5721073.448002684861422 ], [ 302836.530443476745859, 5721074.35999299492687 ], [ 302831.808197613689117, 5721079.462869818322361 ], [ 302834.542826678021811, 5721081.92716417927295 ], [ 302832.638330766698346, 5721084.125885969959199 ], [ 302829.378077669767663, 5721087.697085100226104 ], [ 302826.132451867626514, 5721091.102366791106761 ], [ 302823.429790591704659, 5721094.18816788867116 ], [ 302798.78323228075169, 5721071.61789230350405 ], [ 302801.389614225830883, 5721068.716776019893587 ], [ 302804.599106999230571, 5721065.235266243107617 ], [ 302807.84608137793839, 5721061.61518878210336 ] ] ] } },
{ "type": "Feature", "properties": { "name": "60ad4527-8d7b-e1fa-e053-0100007f5781" }, "geometry": { "type": "Polygon", "coordinates": [ [ [ 302799.106431146967225, 5721065.392739039845765 ], [ 302804.317888905410655, 5721059.567847289144993 ], [ 302807.234790346119553, 5721062.296721986494958 ], [ 302804.599106999230571, 5721065.235266243107617 ], [ 302802.027267906640191, 5721068.025078704580665 ], [ 302799.106431146967225, 5721065.392739039845765 ] ] ] } },
{ "type": "Feature", "properties": { "name": "60ad4527-8d70-e1fa-e053-0100007f5781" }, "geometry": { "type": "Polygon", "coordinates": [ [ [ 302664.114574099017773, 5721218.54434750135988 ], [ 302667.665495682973415, 5721199.072340494953096 ], [ 302677.9705762618687, 5721200.97925725672394 ], [ 302674.471309706859756, 5721220.319270425476134 ], [ 302664.114574099017773, 5721218.54434750135988 ] ] ] } },
{ "type": "Feature", "properties": { "name": "60ad4527-8d71-e1fa-e053-0100007f5781" }, "geometry": { "type": "Polygon", "coordinates": [ [ [ 302639.937260458595119, 5721221.049430062994361 ], [ 302646.405969311075751, 5721184.289498986676335 ], [ 302647.573654244770296, 5721181.807633670046926 ], [ 302649.645573783898726, 5721180.075942354276776 ], [ 302652.897450443939306, 5721179.125403610989451 ], [ 302656.07441725517856, 5721178.842088120058179 ], [ 302659.287888739840128, 5721179.080881056375802 ], [ 302662.449544331640936, 5721179.978159413672984 ], [ 302665.324080228689127, 5721181.316712488420308 ], [ 302668.070964148268104, 5721183.371484283357859 ], [ 302669.373231672914699, 5721185.648120457306504 ], [ 302669.640952826128341, 5721188.239627204835415 ], [ 302662.892071126494557, 5721225.24812448490411 ], [ 302661.481753064435907, 5721224.935281385667622 ], [ 302658.770654942840338, 5721224.410710487514734 ], [ 302655.479207297437824, 5721223.88297026231885 ], [ 302651.601093125238549, 5721223.194070775993168 ], [ 302649.553550867014565, 5721222.774837355129421 ], [ 302643.973364615638275, 5721221.732012558728456 ], [ 302641.504515698528849, 5721221.329624507576227 ], [ 302639.937260458595119, 5721221.049430062994361 ] ] ] } },
{ "type": "Feature", "properties": { "name": "60ad4527-8d68-e1fa-e053-0100007f5781" }, "geometry": { "type": "Polygon", "coordinates": [ [ [ 302801.075451157405041, 5721172.974883482791483 ], [ 302804.737656946759671, 5721173.684355769306421 ], [ 302803.791154362610541, 5721178.258617360144854 ], [ 302800.161218763096258, 5721177.475204216316342 ], [ 302801.075451157405041, 5721172.974883482791483 ] ] ] } },
{ "type": "Feature", "properties": { "name": "60ad4527-8d6a-e1fa-e053-0100007f5781" }, "geometry": { "type": "Polygon", "coordinates": [ [ [ 302820.891651344369166, 5721203.779634184204042 ], [ 302817.297954392735846, 5721203.119575274176896 ], [ 302816.069168136804365, 5721208.852392059750855 ], [ 302815.785356303153094, 5721210.078680667094886 ], [ 302791.236740540480241, 5721205.040864685550332 ], [ 302791.441775435989257, 5721203.887064792215824 ], [ 302792.702641727169976, 5721197.649259531870484 ], [ 302788.032061715319287, 5721196.757786060683429 ], [ 302788.793814205098897, 5721193.328894548118114 ], [ 302789.823120593908243, 5721188.522806695662439 ], [ 302790.715540500765201, 5721183.944419934414327 ], [ 302791.584125088294968, 5721179.907854842953384 ], [ 302824.212269974406809, 5721186.537129623815417 ], [ 302823.498723913100548, 5721190.545267038978636 ], [ 302822.51982276327908, 5721195.271299444139004 ], [ 302821.615099713031668, 5721199.994031055830419 ], [ 302820.891651344369166, 5721203.779634184204042 ] ] ] } },
{ "type": "Feature", "properties": { "name": "60ad4527-8d66-e1fa-e053-0100007f5781" }, "geometry": { "type": "Polygon", "coordinates": [ [ [ 302821.273741980432533, 5721168.631383433938026 ], [ 302828.784538340521976, 5721164.769552606157959 ], [ 302835.641966797062196, 5721177.958333362825215 ], [ 302828.105811709538102, 5721181.88106869533658 ], [ 302821.273741980432533, 5721168.631383433938026 ] ] ] } },
{ "type": "Feature", "properties": { "name": "60ad4527-8d67-e1fa-e053-0100007f5781" }, "geometry": { "type": "Polygon", "coordinates": [ [ [ 302789.008551857084967, 5721192.326231009326875 ], [ 302785.161053682852071, 5721191.622318210080266 ], [ 302786.689195487299003, 5721183.855243473313749 ], [ 302790.569681214401498, 5721184.692722706124187 ], [ 302789.823120593908243, 5721188.522806695662439 ], [ 302789.008551857084967, 5721192.326231009326875 ] ] ] } },
{ "type": "Feature", "properties": { "name": "60ad4527-8d5a-e1fa-e053-0100007f5781" }, "geometry": { "type": "Polygon", "coordinates": [ [ [ 303069.938776611816138, 5721405.596858070231974 ], [ 303068.389070624485612, 5721383.292255828157067 ], [ 303070.414930532104336, 5721383.121824408881366 ], [ 303070.19010078383144, 5721380.284707001410425 ], [ 303074.833724329364486, 5721379.911884428933263 ], [ 303075.040250892634504, 5721382.753526074811816 ], [ 303078.550455116084777, 5721382.484387833625078 ], [ 303080.153362605720758, 5721404.861880594864488 ], [ 303069.938776611816138, 5721405.596858070231974 ] ] ] } },
{ "type": "Feature", "properties": { "name": "60ad4527-8d5b-e1fa-e053-0100007f5781" }, "geometry": { "type": "Polygon", "coordinates": [ [ [ 302806.693331571063027, 5721369.645502905361354 ], [ 302805.276765699672978, 5721365.088170845992863 ], [ 302799.554548141430132, 5721366.642233482562006 ], [ 302798.28965678147506, 5721366.981333547271788 ], [ 302791.334065436269157, 5721343.069760397076607 ], [ 302792.470195097965188, 5721342.713591346517205 ], [ 302798.54411666537635, 5721340.869809634052217 ], [ 302797.43159053416457, 5721337.345671112649143 ], [ 302800.815725180786103, 5721336.404822243377566 ], [ 302805.54101533634821, 5721335.0522007253021 ], [ 302810.000978086725809, 5721333.685902494005859 ], [ 302813.971603918180335, 5721332.553459348157048 ], [ 302823.470888421987183, 5721364.464377796277404 ], [ 302819.598282788065262, 5721365.720259631983936 ], [ 302814.967348666861653, 5721367.079700284637511 ], [ 302810.374222776270472, 5721368.503045729361475 ], [ 302806.693331571063027, 5721369.645502905361354 ] ] ] } },
{ "type": "Feature", "properties": { "name": "60ad4527-8d49-e1fa-e053-0100007f5781" }, "geometry": { "type": "Polygon", "coordinates": [ [ [ 302980.151089666585904, 5721333.33064969535917 ], [ 302979.097016593441367, 5721319.807641542516649 ], [ 302987.618122456828132, 5721319.146546116098762 ], [ 302987.994374393252656, 5721323.644988221116364 ], [ 302990.952787393587641, 5721323.441973415203393 ], [ 302991.41717281495221, 5721329.565001768060029 ], [ 302991.71115441044094, 5721332.486474354751408 ], [ 302980.151089666585904, 5721333.33064969535917 ] ] ] } },
{ "type": "Feature", "properties": { "name": "60ad4527-8d4c-e1fa-e053-0100007f5781" }, "geometry": { "type": "Polygon", "coordinates": [ [ [ 302974.158877726120409, 5721284.623934946022928 ], [ 302968.52848651225213, 5721285.062992657534778 ], [ 302968.067685383663047, 5721278.77810319326818 ], [ 302963.718608784605749, 5721279.098991410806775 ], [ 302962.860564160568174, 5721268.442361173219979 ], [ 303000.058914205757901, 5721265.467723078094423 ], [ 303000.457830303930677, 5721269.889809858985245 ], [ 303002.694882987882011, 5721269.714688565582037 ], [ 303003.15986552357208, 5721276.125443066470325 ], [ 302990.964336586068384, 5721276.933808987028897 ], [ 302991.206529615737963, 5721279.672649297863245 ], [ 302993.26653494767379, 5721279.478208959102631 ], [ 302993.697314331424423, 5721284.100843540392816 ], [ 302992.69123024813598, 5721284.159467896446586 ], [ 302991.260634609032422, 5721283.576974571682513 ], [ 302974.269605177920312, 5721284.92266589961946 ], [ 302974.158877726120409, 5721284.623934946022928 ] ] ] } },
{ "type": "Feature", "properties": { "name": "60ad4527-8d47-e1fa-e053-0100007f5781" }, "geometry": { "type": "Polygon", "coordinates": [ [ [ 302979.950843995669857, 5721377.706944859586656 ], [ 302977.193652170826681, 5721340.124363197945058 ], [ 302978.348660968476906, 5721340.002902301959693 ], [ 302977.767375061113853, 5721333.504720802418888 ], [ 303048.747882961994037, 5721328.321359350346029 ], [ 303049.357505105785094, 5721334.931505436077714 ], [ 303050.425651430152357, 5721334.798514198511839 ], [ 303053.264399165986106, 5721372.308967733755708 ], [ 303051.967911407060456, 5721372.417042883113027 ], [ 303052.608703181205783, 5721380.943768735975027 ], [ 302988.116635870828759, 5721385.588939744047821 ], [ 302988.213925263204146, 5721386.560766279697418 ], [ 302980.917676304932684, 5721387.063173945061862 ], [ 302980.386038227356039, 5721379.865401925519109 ], [ 302980.246684523532167, 5721377.627396650612354 ], [ 302979.950843995669857, 5721377.706944859586656 ] ] ] } },
{ "type": "Feature", "properties": { "name": "60ad4527-8d48-e1fa-e053-0100007f5781" }, "geometry": { "type": "Polygon", "coordinates": [ [ [ 302991.41717281495221, 5721329.565001768060029 ], [ 302990.385763902682811, 5721315.965638293884695 ], [ 303027.085671494656708, 5721313.15876395162195 ], [ 303028.117916675982997, 5721326.783300427719951 ], [ 302991.41717281495221, 5721329.565001768060029 ] ] ] } },
{ "type": "Feature", "properties": { "name": "60ad4527-8cfb-e1fa-e053-0100007f5781" }, "geometry": { "type": "Polygon", "coordinates": [ [ [ 303046.203552315477282, 5720914.14656088128686 ], [ 303044.983417533920147, 5720898.810740779154003 ], [ 303062.120135283446871, 5720897.533641651272774 ], [ 303063.613982768729329, 5720917.041928702034056 ], [ 303056.217179506202228, 5720917.588331023231149 ], [ 303055.791186995687895, 5720913.425853583961725 ], [ 303046.203552315477282, 5720914.14656088128686 ] ] ] } },
{ "type": "Feature", "properties": { "name": "60ad4527-8cfd-e1fa-e053-0100007f5781" }, "geometry": { "type": "Polygon", "coordinates": [ [ [ 303060.633924672787543, 5720921.855126759037375 ], [ 303048.628563664737158, 5720948.254811288788915 ], [ 303040.261286754801404, 5720944.539511111564934 ], [ 303052.209376239683479, 5720918.089606476947665 ], [ 303060.633924672787543, 5720921.855126759037375 ] ] ] } },
{ "type": "Feature", "properties": { "name": "60ad4527-8cf7-e1fa-e053-0100007f5781" }, "geometry": { "type": "Polygon", "coordinates": [ [ [ 303139.894116039329674, 5720982.873632945120335 ], [ 303127.380205434630625, 5720951.777560913003981 ], [ 303131.104239363397937, 5720950.281060303561389 ], [ 303135.63683232862968, 5720948.506530297920108 ], [ 303140.029171986447182, 5720946.834937886334956 ], [ 303143.728015873814002, 5720945.315424623899162 ], [ 303156.212381621240638, 5720976.292078588157892 ], [ 303152.417132326052524, 5720977.815946668386459 ], [ 303148.006134837283753, 5720979.609134520404041 ], [ 303143.641162652231287, 5720981.351942266337574 ], [ 303139.894116039329674, 5720982.873632945120335 ] ] ] } },
{ "type": "Feature", "properties": { "name": "60ad4527-8cf8-e1fa-e053-0100007f5781" }, "geometry": { "type": "Polygon", "coordinates": [ [ [ 303156.912407990312204, 5720967.587821302004158 ], [ 303155.51426157890819, 5720964.070885386317968 ], [ 303159.888730858219787, 5720962.38981394469738 ], [ 303161.265044324682094, 5720965.849148671142757 ], [ 303156.912407990312204, 5720967.587821302004158 ] ] ] } },
{ "type": "Feature", "properties": { "name": "60ad4527-8cf4-e1fa-e053-0100007f5781" }, "geometry": { "type": "Polygon", "coordinates": [ [ [ 302999.440685939509422, 5720965.746066661551595 ], [ 303002.947025297442451, 5720962.733431882224977 ], [ 303005.364738820819184, 5720965.595051717013121 ], [ 303001.836919260094874, 5720968.571090809069574 ], [ 302999.440685939509422, 5720965.746066661551595 ] ] ] } },
{ "type": "Feature", "properties": { "name": "60ad4527-8cf6-e1fa-e053-0100007f5781" }, "geometry": { "type": "Polygon", "coordinates": [ [ [ 303040.781009860220365, 5720982.64857854694128 ], [ 303046.977435821434483, 5720977.36788279376924 ], [ 303048.921198838972487, 5720979.632804313674569 ], [ 303042.726864143274724, 5720984.944606442935765 ], [ 303040.781009860220365, 5720982.64857854694128 ] ] ] } },
{ "type": "Feature", "properties": { "name": "60ad4527-8cf2-e1fa-e053-0100007f5781" }, "geometry": { "type": "Polygon", "coordinates": [ [ [ 302924.064867782406509, 5720929.492634153924882 ], [ 302928.248617362231016, 5720930.327642442658544 ], [ 302927.198878884431906, 5720935.533782681450248 ], [ 302923.014153336291201, 5720934.679741782136261 ], [ 302924.064867782406509, 5720929.492634153924882 ] ] ] } },
{ "type": "Feature", "properties": { "name": "60ad4527-8cf3-e1fa-e053-0100007f5781" }, "geometry": { "type": "Polygon", "coordinates": [ [ [ 303000.712538790947292, 5720954.204245890490711 ], [ 303003.811393951880746, 5720951.637443814426661 ], [ 303007.520918888389133, 5720948.535069344565272 ], [ 303010.922403095173649, 5720945.37732485961169 ], [ 303014.127226423239335, 5720942.689279203303158 ], [ 303035.911627310677432, 5720967.966681030578911 ], [ 303032.785087131313048, 5720970.687503453344107 ], [ 303029.191713951062411, 5720973.820108844898641 ], [ 303025.59324896230828, 5720976.876976983621716 ], [ 303022.350557012716308, 5720979.567568538710475 ], [ 303000.712538790947292, 5720954.204245890490711 ] ] ] } },
{ "type": "Feature", "properties": { "name": "60ad4527-8cf0-e1fa-e053-0100007f5781" }, "geometry": { "type": "Polygon", "coordinates": [ [ [ 302779.613709021708928, 5721025.069711950607598 ], [ 302779.346186992246658, 5721022.075909237377346 ], [ 302787.533175159711391, 5721021.406935243867338 ], [ 302787.773282910231501, 5721024.395281589590013 ], [ 302779.613709021708928, 5721025.069711950607598 ] ] ] } },
{ "type": "Feature", "properties": { "name": "60ad4527-8cf1-e1fa-e053-0100007f5781" }, "geometry": { "type": "Polygon", "coordinates": [ [ [ 302935.942112705262844, 5720984.931009574793279 ], [ 302936.470178293529898, 5720982.044716391712427 ], [ 302944.580470866465475, 5720983.642959084361792 ], [ 302943.983606666850392, 5720986.560949778184295 ], [ 302935.942112705262844, 5720984.931009574793279 ] ] ] } },
{ "type": "Feature", "properties": { "name": "60ad4527-8cda-e1fa-e053-0100007f5781" }, "geometry": { "type": "Polygon", "coordinates": [ [ [ 301384.058363351679873, 5721046.735725891776383 ], [ 301388.751483951811679, 5721046.358290823176503 ], [ 301388.888279496924952, 5721047.878754298202693 ], [ 301384.231325657223351, 5721048.255323588848114 ], [ 301384.058363351679873, 5721046.735725891776383 ] ] ] } },
{ "type": "Feature", "properties": { "name": "60ad4527-8cdb-e1fa-e053-0100007f5781" }, "geometry": { "type": "Polygon", "coordinates": [ [ [ 301382.822822462534532, 5721029.679480017162859 ], [ 301382.535359629546292, 5721025.829019601456821 ], [ 301402.10512924590148, 5721024.322359224781394 ], [ 301402.45053814095445, 5721028.208156963810325 ], [ 301382.822822462534532, 5721029.679480017162859 ] ] ] } },
{ "type": "Feature", "properties": { "name": "60ad4527-8cd8-e1fa-e053-0100007f5781" }, "geometry": { "type": "Polygon", "coordinates": [ [ [ 301384.058363351679873, 5721046.735725891776383 ], [ 301384.816976170055568, 5721045.461672243662179 ], [ 301403.35454812576063, 5721044.053238459862769 ], [ 301409.401812153693754, 5721039.852611293084919 ], [ 301408.825558025040664, 5721032.585050268098712 ], [ 301402.179431137687061, 5721029.424832981079817 ], [ 301383.715573890367523, 5721030.792609382420778 ], [ 301382.838782677194104, 5721030.074462399818003 ], [ 301382.822822462534532, 5721029.679480017162859 ], [ 301402.45053814095445, 5721028.208156963810325 ], [ 301409.945527463685721, 5721031.861576977185905 ], [ 301410.563773712841794, 5721040.634592844173312 ], [ 301403.831988485355396, 5721045.145470657385886 ], [ 301384.058363351679873, 5721046.735725891776383 ] ] ] } },
{ "type": "Feature", "properties": { "name": "60ad4527-8cd9-e1fa-e053-0100007f5781" }, "geometry": { "type": "Polygon", "coordinates": [ [ [ 301382.838782677194104, 5721030.074462399818003 ], [ 301383.715573890367523, 5721030.792609382420778 ], [ 301384.816976170055568, 5721045.461672243662179 ], [ 301384.058363351679873, 5721046.735725891776383 ], [ 301382.838782677194104, 5721030.074462399818003 ] ] ] } },
{ "type": "Feature", "properties": { "name": "60ad4527-8ccd-e1fa-e053-0100007f5781" }, "geometry": { "type": "Polygon", "coordinates": [ [ [ 300752.282154068467207, 5721091.02587637398392 ], [ 300739.063308107084595, 5721100.238222887739539 ], [ 300729.372354087303393, 5721106.959126800298691 ], [ 300716.829436460277066, 5721089.907785084098577 ], [ 300722.871078719676007, 5721085.51351628638804 ], [ 300739.505246034590527, 5721073.313842437230051 ], [ 300752.282154068467207, 5721091.02587637398392 ] ] ] } },
{ "type": "Feature", "properties": { "name": "60ad4527-8d19-e1fa-e053-0100007f5781" }, "geometry": { "type": "Polygon", "coordinates": [ [ [ 303095.073076461500023, 5721223.964922767132521 ], [ 303105.362669632420875, 5721217.941098190844059 ], [ 303113.978447983972728, 5721212.881194442510605 ], [ 303124.326486203237437, 5721206.883332683704793 ], [ 303126.311469028238207, 5721210.22835458535701 ], [ 303116.056965847034007, 5721216.393728202208877 ], [ 303116.27651810151292, 5721216.813159813173115 ], [ 303107.658131999662146, 5721221.815922384150326 ], [ 303107.378830811474472, 5721221.341957368887961 ], [ 303097.006133645307273, 5721227.426834749989212 ], [ 303095.073076461500023, 5721223.964922767132521 ] ] ] } },
{ "type": "Feature", "properties": { "name": "60ad4527-8d1b-e1fa-e053-0100007f5781" }, "geometry": { "type": "Polygon", "coordinates": [ [ [ 303115.098976441367995, 5721414.016272742301226 ], [ 303124.022701210109517, 5721406.702356965281069 ], [ 303127.81950714206323, 5721411.627933507785201 ], [ 303118.689961050171405, 5721418.710581476800144 ], [ 303115.098976441367995, 5721414.016272742301226 ] ] ] } },
{ "type": "Feature", "properties": { "name": "60ad4527-8d17-e1fa-e053-0100007f5781" }, "geometry": { "type": "Polygon", "coordinates": [ [ [ 303057.216481969342567, 5721190.392045637592673 ], [ 303062.158884571748786, 5721185.353821685537696 ], [ 303067.120943235349841, 5721190.128430958837271 ], [ 303062.232154607365374, 5721195.215588930994272 ], [ 303057.216481969342567, 5721190.392045637592673 ] ] ] } },
{ "type": "Feature", "properties": { "name": "60ad4527-8d18-e1fa-e053-0100007f5781" }, "geometry": { "type": "Polygon", "coordinates": [ [ [ 303054.362135929870419, 5721194.273107152432203 ], [ 303056.489629244897515, 5721192.103656126186252 ], [ 303060.682440655888058, 5721196.159786748699844 ], [ 303058.590690013254061, 5721198.361860439181328 ], [ 303054.362135929870419, 5721194.273107152432203 ] ] ] } },
{ "type": "Feature", "properties": { "name": "60ad4527-8d15-e1fa-e053-0100007f5781" }, "geometry": { "type": "Polygon", "coordinates": [ [ [ 303096.710939853917807, 5721184.805655459873378 ], [ 303096.521269178658258, 5721178.851583790965378 ], [ 303101.987765808880795, 5721178.766220506280661 ], [ 303102.174945136881433, 5721184.665701943449676 ], [ 303096.710939853917807, 5721184.805655459873378 ] ] ] } },
{ "type": "Feature", "properties": { "name": "60ad4527-8d16-e1fa-e053-0100007f5781" }, "geometry": { "type": "Polygon", "coordinates": [ [ [ 303142.370634386199526, 5721182.437879168428481 ], [ 303140.824171278392896, 5721179.840488757938147 ], [ 303147.940321992733516, 5721175.758028952404857 ], [ 303149.459504051366821, 5721178.306561741046607 ], [ 303142.370634386199526, 5721182.437879168428481 ] ] ] } },
{ "type": "Feature", "properties": { "name": "60ad4527-8d0d-e1fa-e053-0100007f5781" }, "geometry": { "type": "Polygon", "coordinates": [ [ [ 303001.493879121611826, 5721085.845182173885405 ], [ 303005.192375036771409, 5721085.540755878202617 ], [ 303005.575709508731961, 5721090.127339069731534 ], [ 303001.911224836308975, 5721090.479192247614264 ], [ 303001.493879121611826, 5721085.845182173885405 ] ] ] } },
{ "type": "Feature", "properties": { "name": "60ad4527-8d10-e1fa-e053-0100007f5781" }, "geometry": { "type": "Polygon", "coordinates": [ [ [ 302992.989824556279927, 5721077.662994313985109 ], [ 302989.033037228044122, 5721077.921365816146135 ], [ 302988.480152483156417, 5721070.152855436317623 ], [ 302992.385348672396503, 5721069.816270485520363 ], [ 302992.989824556279927, 5721077.662994313985109 ] ] ] } },
{ "type": "Feature", "properties": { "name": "60ad4527-8d0b-e1fa-e053-0100007f5781" }, "geometry": { "type": "Polygon", "coordinates": [ [ [ 303095.514146034722216, 5721049.544857813976705 ], [ 303098.73996913281735, 5721046.995608697645366 ], [ 303103.742262930492871, 5721052.87632585503161 ], [ 303100.663970583234914, 5721055.465989384800196 ], [ 303095.514146034722216, 5721049.544857813976705 ] ] ] } },
{ "type": "Feature", "properties": { "name": "60ad4527-8d0c-e1fa-e053-0100007f5781" }, "geometry": { "type": "Polygon", "coordinates": [ [ [ 303115.366882800648455, 5721054.424616683274508 ], [ 303118.236446547089145, 5721052.062746060080826 ], [ 303121.253570265485905, 5721055.65074125956744 ], [ 303118.415066955087241, 5721058.026518089696765 ], [ 303115.366882800648455, 5721054.424616683274508 ] ] ] } },
{ "type": "Feature", "properties": { "name": "60ad4527-8d07-e1fa-e053-0100007f5781" }, "geometry": { "type": "Polygon", "coordinates": [ [ [ 303144.456299017358106, 5720981.026481784880161 ], [ 303151.698997587256599, 5720978.107887540012598 ], [ 303153.122051138663664, 5720981.832497994415462 ], [ 303145.841662831720896, 5720984.765375034883618 ], [ 303144.456299017358106, 5720981.026481784880161 ] ] ] } },
{ "type": "Feature", "properties": { "name": "60ad4527-8d0a-e1fa-e053-0100007f5781" }, "geometry": { "type": "Polygon", "coordinates": [ [ [ 303095.497088430682197, 5721043.197223043069243 ], [ 303121.013922302692663, 5721021.578572573140264 ], [ 303123.6496109944419, 5721024.693951334804296 ], [ 303126.672080510121305, 5721028.373117221519351 ], [ 303129.837816876475699, 5721032.009892949834466 ], [ 303132.287848589825444, 5721035.024395045824349 ], [ 303106.878078144742176, 5721056.602202083915472 ], [ 303104.240842765080743, 5721053.450619913637638 ], [ 303101.265403460012749, 5721050.023331008851528 ], [ 303098.168980473245028, 5721046.311055121943355 ], [ 303095.497088430682197, 5721043.197223043069243 ] ] ] } },
{ "type": "Feature", "properties": { "name": "60ad4527-8d00-e1fa-e053-0100007f5781" }, "geometry": { "type": "Polygon", "coordinates": [ [ [ 303019.032906746142544, 5720928.004221429117024 ], [ 303021.343886923510581, 5720922.667446321807802 ], [ 303024.36600520578213, 5720923.995398784987628 ], [ 303027.658736249781214, 5720925.469152372330427 ], [ 303024.938977833138779, 5720931.475970138795674 ], [ 303018.699976371601224, 5720928.730960099026561 ], [ 303019.032906746142544, 5720928.004221429117024 ] ] ] } },
{ "type": "Feature", "properties": { "name": "60ad4527-8d02-e1fa-e053-0100007f5781" }, "geometry": { "type": "Polygon", "coordinates": [ [ [ 303021.579546209308319, 5720905.459103619679809 ], [ 303016.771922702086158, 5720905.718706069514155 ], [ 303016.503656573593616, 5720900.353887508623302 ], [ 303021.340870376501698, 5720900.120232101529837 ], [ 303021.579546209308319, 5720905.459103619679809 ] ] ] } },
{ "type": "Feature", "properties": { "name": "60ad4527-8cfe-e1fa-e053-0100007f5781" }, "geometry": { "type": "Polygon", "coordinates": [ [ [ 303010.482052730978467, 5720924.123514262028039 ], [ 303013.184903572546318, 5720917.90009777341038 ], [ 303011.772536796750501, 5720917.249214053153992 ], [ 303013.67824199073948, 5720913.191293659619987 ], [ 303015.247749703121372, 5720913.851435679011047 ], [ 303018.696030593127944, 5720906.46381728630513 ], [ 303029.949608728056774, 5720911.576028864830732 ], [ 303024.36600520578213, 5720923.995398784987628 ], [ 303021.343886923510581, 5720922.667446321807802 ], [ 303019.032906746142544, 5720928.004221429117024 ], [ 303010.482052730978467, 5720924.123514262028039 ] ] ] } },
{ "type": "Feature", "properties": { "name": "60ad4527-8cff-e1fa-e053-0100007f5781" }, "geometry": { "type": "Polygon", "coordinates": [ [ [ 303024.36600520578213, 5720923.995398784987628 ], [ 303026.879246425931342, 5720918.405304118990898 ], [ 303031.155829620023724, 5720920.486709351651371 ], [ 303028.71381759387441, 5720925.941383456811309 ], [ 303024.36600520578213, 5720923.995398784987628 ] ] ] } },
{ "type": "Feature", "properties": { "name": "60ad4527-8fea-e1fa-e053-0100007f5781" }, "geometry": { "type": "Polygon", "coordinates": [ [ [ 302198.279270124388859, 5720190.197400904260576 ], [ 302188.851150272472296, 5720181.102986528538167 ], [ 302213.404234744259156, 5720155.612613439559937 ], [ 302263.134620307129808, 5720104.09961551707238 ], [ 302272.526501083513722, 5720113.234345214441419 ], [ 302198.279270124388859, 5720190.197400904260576 ] ] ] } },
{ "type": "Feature", "properties": { "name": "60ad4527-8feb-e1fa-e053-0100007f5781" }, "geometry": { "type": "Polygon", "coordinates": [ [ [ 302550.1786693346221, 5720069.064995160326362 ], [ 302552.903796790749766, 5720104.204570529982448 ], [ 302541.324364971602336, 5720104.996663578785956 ], [ 302538.542280912282877, 5720069.990415139123797 ], [ 302550.1786693346221, 5720069.064995160326362 ] ] ] } },
{ "type": "Feature", "properties": { "name": "60ad4527-8fe8-e1fa-e053-0100007f5781" }, "geometry": { "type": "Polygon", "coordinates": [ [ [ 302301.354856469901279, 5720141.379893569275737 ], [ 302226.754860686138272, 5720217.963842491619289 ], [ 302217.423619560082443, 5720208.73115764465183 ], [ 302292.102779890992679, 5720132.181278739124537 ], [ 302301.354856469901279, 5720141.379893569275737 ] ] ] } },
{ "type": "Feature", "properties": { "name": "60ad4527-8fe9-e1fa-e053-0100007f5781" }, "geometry": { "type": "Polygon", "coordinates": [ [ [ 302287.164493083837442, 5720127.522650799714029 ], [ 302212.564497327432036, 5720204.106599742546678 ], [ 302203.233256171864923, 5720194.873914865776896 ], [ 302277.912416533043142, 5720118.324035990983248 ], [ 302287.164493083837442, 5720127.522650799714029 ] ] ] } },
{ "type": "Feature", "properties": { "name": "60ad4527-8fe6-e1fa-e053-0100007f5781" }, "geometry": { "type": "Polygon", "coordinates": [ [ [ 302328.549111295782495, 5720167.92696600407362 ], [ 302253.949115514406003, 5720244.510914934799075 ], [ 302244.617874384624884, 5720235.278230058029294 ], [ 302319.297034721355885, 5720158.728351186029613 ], [ 302328.549111295782495, 5720167.92696600407362 ] ] ] } },
{ "type": "Feature", "properties": { "name": "60ad4527-8fe7-e1fa-e053-0100007f5781" }, "geometry": { "type": "Polygon", "coordinates": [ [ [ 302315.014113426732365, 5720154.727082122117281 ], [ 302240.414117645588703, 5720231.31103106494993 ], [ 302231.082876520231366, 5720222.078346191905439 ], [ 302305.762036848929711, 5720145.528467318974435 ], [ 302315.014113426732365, 5720154.727082122117281 ] ] ] } },
{ "type": "Feature", "properties": { "name": "60ad4527-8fe1-e1fa-e053-0100007f5781" }, "geometry": { "type": "Polygon", "coordinates": [ [ [ 302428.395380375208333, 5720031.010688773356378 ], [ 302432.956655977235641, 5720026.373764294199646 ], [ 302467.992010760121047, 5720060.42450169660151 ], [ 302463.466451024753042, 5720065.172314025461674 ], [ 302428.395380375208333, 5720031.010688773356378 ] ] ] } },
{ "type": "Feature", "properties": { "name": "60ad4527-8fe2-e1fa-e053-0100007f5781" }, "geometry": { "type": "Polygon", "coordinates": [ [ [ 302451.920337918680161, 5720036.490576025098562 ], [ 302460.451412079797592, 5720027.688698389567435 ], [ 302475.404350260039791, 5720042.102957959286869 ], [ 302466.897186471731402, 5720050.877967501990497 ], [ 302457.371349763125181, 5720041.726702093146741 ], [ 302456.985825875075534, 5720042.105812762863934 ], [ 302455.312611243105493, 5720040.496422552503645 ], [ 302455.671267055440694, 5720040.093401478603482 ], [ 302451.920337918680161, 5720036.490576025098562 ] ] ] } },
{ "type": "Feature", "properties": { "name": "60ad4527-8fdf-e1fa-e053-0100007f5781" }, "geometry": { "type": "Polygon", "coordinates": [ [ [ 302292.222411324910354, 5720122.086120620369911 ], [ 302282.822575474216137, 5720112.970330989919603 ], [ 302325.539927742676809, 5720069.159808091819286 ], [ 302389.627149674692191, 5720003.366023548878729 ], [ 302398.959335635940079, 5720012.455511633306742 ], [ 302356.315359237836674, 5720056.323041182942688 ], [ 302292.222411324910354, 5720122.086120620369911 ] ] ] } },
{ "type": "Feature", "properties": { "name": "60ad4527-8fe0-e1fa-e053-0100007f5781" }, "geometry": { "type": "Polygon", "coordinates": [ [ [ 302490.72994353773538, 5720058.70925016887486 ], [ 302476.551845383597538, 5720073.275989398360252 ], [ 302471.886728712706827, 5720068.716594696044922 ], [ 302486.062945962243248, 5720054.12166329100728 ], [ 302490.72994353773538, 5720058.70925016887486 ] ] ] } },
{ "type": "Feature", "properties": { "name": "60ad4527-8fdd-e1fa-e053-0100007f5781" }, "geometry": { "type": "Polygon", "coordinates": [ [ [ 302320.149259070400149, 5720149.088704348541796 ], [ 302310.749423218949232, 5720139.972914717160165 ], [ 302353.466775486594997, 5720096.1623918088153 ], [ 302417.553997424081899, 5720030.368607274256647 ], [ 302426.88618338375818, 5720039.458095329813659 ], [ 302384.242206981405616, 5720083.325624883174896 ], [ 302320.149259070400149, 5720149.088704348541796 ] ] ] } },
{ "type": "Feature", "properties": { "name": "60ad4527-8fde-e1fa-e053-0100007f5781" }, "geometry": { "type": "Polygon", "coordinates": [ [ [ 302306.505329726496711, 5720135.772429316304624 ], [ 302297.105493882205337, 5720126.656639718450606 ], [ 302339.822846126742661, 5720082.846116810105741 ], [ 302403.910068080993369, 5720017.052332252264023 ], [ 302413.242254044220317, 5720026.141820325516164 ], [ 302370.598277642973699, 5720070.009349877946079 ], [ 302306.505329726496711, 5720135.772429316304624 ] ] ] } },
{ "type": "Feature", "properties": { "name": "60ad4527-8fdb-e1fa-e053-0100007f5781" }, "geometry": { "type": "Polygon", "coordinates": [ [ [ 302333.68919940374326, 5720162.360225270502269 ], [ 302324.289363530813716, 5720153.244435666128993 ], [ 302367.006715799099766, 5720109.433912736363709 ], [ 302431.093937730358448, 5720043.640128194354475 ], [ 302440.426123717799783, 5720052.729616280645132 ], [ 302397.782147289195564, 5720096.597145831212401 ], [ 302333.68919940374326, 5720162.360225270502269 ] ] ] } },
{ "type": "Feature", "properties": { "name": "60ad4527-8fdc-e1fa-e053-0100007f5781" }, "geometry": { "type": "Polygon", "coordinates": [ [ [ 302333.68919940374326, 5720162.360225270502269 ], [ 302324.289363530813716, 5720153.244435666128993 ], [ 302367.006715799099766, 5720109.433912736363709 ], [ 302431.093937730358448, 5720043.640128194354475 ], [ 302440.426123717799783, 5720052.729616280645132 ], [ 302397.782147289195564, 5720096.597145831212401 ], [ 302333.68919940374326, 5720162.360225270502269 ] ] ] } },
{ "type": "Feature", "properties": { "name": "60ad4527-8fd9-e1fa-e053-0100007f5781" }, "geometry": { "type": "Polygon", "coordinates": [ [ [ 302383.545411136525217, 5720167.221595353446901 ], [ 302374.280798222403973, 5720158.053330613300204 ], [ 302395.552699185325764, 5720136.237390548922122 ], [ 302459.596674748929217, 5720070.468690730631351 ], [ 302468.919222614145838, 5720079.572086099535227 ], [ 302426.300485542858951, 5720123.331393510103226 ], [ 302383.545411136525217, 5720167.221595353446901 ] ] ] } },
{ "type": "Feature", "properties": { "name": "60ad4527-8fda-e1fa-e053-0100007f5781" }, "geometry": { "type": "Polygon", "coordinates": [ [ [ 302347.246266464993823, 5720175.599069845862687 ], [ 302337.901483657886274, 5720166.434987573884428 ], [ 302380.605243253346998, 5720122.592707257717848 ], [ 302444.641898324131034, 5720056.851052192039788 ], [ 302454.017801955924369, 5720065.970727059058845 ], [ 302432.727193594560958, 5720087.780438775196671 ], [ 302389.994379475829192, 5720131.635301719419658 ], [ 302347.246266464993823, 5720175.599069845862687 ] ] ] } },
{ "type": "Feature", "properties": { "name": "60ad4527-9027-e1fa-e053-0100007f5781" }, "geometry": { "type": "Polygon", "coordinates": [ [ [ 301987.910994863486849, 5720398.245102705433965 ], [ 301986.626799848978408, 5720380.161752673797309 ], [ 301987.163256956380792, 5720380.112191523425281 ], [ 301986.403811766416766, 5720370.636935500428081 ], [ 301988.514861847797874, 5720370.480549321509898 ], [ 301988.941539318184368, 5720376.353879208676517 ], [ 302016.465367104508914, 5720374.352097464725375 ], [ 302016.634241106454283, 5720377.853228882886469 ], [ 302017.998612929368392, 5720395.967817107215524 ], [ 301987.910994863486849, 5720398.245102705433965 ] ] ] } },
{ "type": "Feature", "properties": { "name": "60ad4527-9028-e1fa-e053-0100007f5781" }, "geometry": { "type": "Polygon", "coordinates": [ [ [ 301986.403811766416766, 5720370.636935500428081 ], [ 301947.229753115912899, 5720373.598610572516918 ], [ 301946.409032727999147, 5720362.935899623669684 ], [ 302002.316002300824039, 5720359.031009912490845 ], [ 302002.992941194912419, 5720369.323485179804265 ], [ 301988.514861847797874, 5720370.480549321509898 ], [ 301986.403811766416766, 5720370.636935500428081 ] ] ] } },
{ "type": "Feature", "properties": { "name": "60ad4527-9024-e1fa-e053-0100007f5781" }, "geometry": { "type": "Polygon", "coordinates": [ [ [ 301835.807667237240821, 5720166.297824830748141 ], [ 301845.288380529149435, 5720161.19235815666616 ], [ 301868.841526369564235, 5720205.376868888735771 ], [ 301859.360813077946659, 5720210.482335586100817 ], [ 301835.807667237240821, 5720166.297824830748141 ] ] ] } },
{ "type": "Feature", "properties": { "name": "60ad4527-9025-e1fa-e053-0100007f5781" }, "geometry": { "type": "Polygon", "coordinates": [ [ [ 301828.876809366396628, 5720118.729981891810894 ], [ 301861.934782076743431, 5720101.052221669815481 ], [ 301865.393992189492565, 5720107.367298088036478 ], [ 301871.12742233654717, 5720104.370400689542294 ], [ 301892.852689294901211, 5720145.288024950772524 ], [ 301887.121429873048328, 5720148.335797592997551 ], [ 301887.468400125508197, 5720149.12843800149858 ], [ 301854.306227786350064, 5720166.708390544168651 ], [ 301848.337933329225052, 5720155.410189036279917 ], [ 301842.912995559163392, 5720158.337292656302452 ], [ 301829.286803348571993, 5720132.570209563709795 ], [ 301834.828515792672988, 5720129.902401056140661 ], [ 301828.876809366396628, 5720118.729981891810894 ] ] ] } },
{ "type": "Feature", "properties": { "name": "60ad4527-901f-e1fa-e053-0100007f5781" }, "geometry": { "type": "Polygon", "coordinates": [ [ [ 302004.604027798166499, 5720250.253841203637421 ], [ 302003.486473800963722, 5720235.615412103012204 ], [ 302002.81112463620957, 5720227.644064084626734 ], [ 302007.23800986353308, 5720227.326004373840988 ], [ 302007.811187703802716, 5720235.230810711160302 ], [ 302008.155069261440076, 5720235.256881141103804 ], [ 302009.344006613886449, 5720249.866136141121387 ], [ 302004.604027798166499, 5720250.253841203637421 ] ] ] } },
{ "type": "Feature", "properties": { "name": "60ad4527-9020-e1fa-e053-0100007f5781" }, "geometry": { "type": "Polygon", "coordinates": [ [ [ 302038.70756228431128, 5720155.17592070158571 ], [ 302051.677713849057909, 5720171.169096548110247 ], [ 302013.172397476271726, 5720202.687483094632626 ], [ 302000.139326098607853, 5720187.088940166868269 ], [ 302038.70756228431128, 5720155.17592070158571 ] ] ] } },
{ "type": "Feature", "properties": { "name": "60ad4527-901b-e1fa-e053-0100007f5781" }, "geometry": { "type": "Polygon", "coordinates": [ [ [ 301952.304731584270485, 5720269.833924193866551 ], [ 301979.001989249314647, 5720267.778058830648661 ], [ 301979.577792458876502, 5720275.026445958763361 ], [ 301973.494367796112783, 5720275.493300379253924 ], [ 301973.655618431861512, 5720277.446813209913671 ], [ 301968.991584450472146, 5720277.819524286314845 ], [ 301969.322614911710843, 5720281.377495707944036 ], [ 301956.621643429563846, 5720282.378311857581139 ], [ 301956.133546448196284, 5720276.929911629296839 ], [ 301950.359265711740591, 5720277.281219268217683 ], [ 301949.756104619242251, 5720270.098008242435753 ], [ 301949.569749098736793, 5720267.765991255640984 ], [ 301951.99430005683098, 5720267.541817457415164 ], [ 301952.304731584270485, 5720269.833924193866551 ] ] ] } },
{ "type": "Feature", "properties": { "name": "60ad4527-901c-e1fa-e053-0100007f5781" }, "geometry": { "type": "Polygon", "coordinates": [ [ [ 301943.686564497591462, 5720257.716807994060218 ], [ 301948.437408095283899, 5720257.356442431919277 ], [ 301948.878812748240307, 5720262.305573116056621 ], [ 301944.105439140228555, 5720262.667433002963662 ], [ 301943.686564497591462, 5720257.716807994060218 ] ] ] } },
{ "type": "Feature", "properties": { "name": "60ad4527-9019-e1fa-e053-0100007f5781" }, "geometry": { "type": "Polygon", "coordinates": [ [ [ 301936.359224992920645, 5720306.178508058190346 ], [ 301927.107325752032921, 5720306.801578271202743 ], [ 301922.165813733823597, 5720241.839250735938549 ], [ 301923.231241395580582, 5720241.775195365771651 ], [ 301922.264076262596063, 5720228.467358409427106 ], [ 301930.158903243369423, 5720228.059537587687373 ], [ 301932.083985664241482, 5720227.843553401529789 ], [ 301932.672494322352577, 5720237.632169924676418 ], [ 301930.909881523461081, 5720237.77155624050647 ], [ 301931.182648950722069, 5720241.196898016147316 ], [ 301931.548889711673837, 5720241.174878988415003 ], [ 301936.359224992920645, 5720306.178508058190346 ] ] ] } },
{ "type": "Feature", "properties": { "name": "60ad4527-901a-e1fa-e053-0100007f5781" }, "geometry": { "type": "Polygon", "coordinates": [ [ [ 301985.474697733530775, 5720222.317691675387323 ], [ 301996.207112174772192, 5720221.728949547745287 ], [ 301996.554791981121525, 5720226.506884376518428 ], [ 301985.897885255224537, 5720227.306047620251775 ], [ 301986.515861105290242, 5720236.159210862591863 ], [ 301943.710486246040091, 5720239.459980072453618 ], [ 301942.661193658248521, 5720225.49589763674885 ], [ 301985.474697733530775, 5720222.317691675387323 ] ] ] } },
{ "type": "Feature", "properties": { "name": "60ad4527-9017-e1fa-e053-0100007f5781" }, "geometry": { "type": "Polygon", "coordinates": [ [ [ 301999.539869976579212, 5720262.933569288812578 ], [ 302010.349424795887899, 5720262.206562208011746 ], [ 302012.060132884245832, 5720286.069773768074811 ], [ 302013.152372793934774, 5720300.369717793539166 ], [ 302002.414201623585541, 5720301.21301927883178 ], [ 302001.360300851927605, 5720287.001619718968868 ], [ 301999.539869976579212, 5720262.933569288812578 ] ] ] } },
{ "type": "Feature", "properties": { "name": "60ad4527-9018-e1fa-e053-0100007f5781" }, "geometry": { "type": "Polygon", "coordinates": [ [ [ 301943.488326792372391, 5720295.257596120238304 ], [ 301991.723561317077838, 5720291.699984249658883 ], [ 301992.539112854981795, 5720302.471199952065945 ], [ 301946.262587741075549, 5720305.965996140614152 ], [ 301945.936305714189075, 5720300.538974025286734 ], [ 301943.872039657086134, 5720300.663081299513578 ], [ 301943.488326792372391, 5720295.257596120238304 ] ] ] } },
{ "type": "Feature", "properties": { "name": "60ad4527-900e-e1fa-e053-0100007f5781" }, "geometry": { "type": "Polygon", "coordinates": [ [ [ 302268.350997499306686, 5720098.71643141657114 ], [ 302314.529456905263942, 5720051.204182856716216 ], [ 302378.616678857244551, 5719985.410398326814175 ], [ 302387.948864821111783, 5719994.499886404722929 ], [ 302345.304888417886104, 5720038.367415947839618 ], [ 302277.710215974075254, 5720107.841295161284506 ], [ 302268.350997499306686, 5720098.71643141657114 ] ] ] } },
{ "type": "Feature", "properties": { "name": "60ad4527-9013-e1fa-e053-0100007f5781" }, "geometry": { "type": "Polygon", "coordinates": [ [ [ 302211.251600722724106, 5719974.380312902852893 ], [ 302210.207569694204722, 5719973.364227008074522 ], [ 302209.739883831935003, 5719973.310418160632253 ], [ 302209.277553036692552, 5719973.028708702884614 ], [ 302208.831156135769561, 5719972.507997489534318 ], [ 302208.669210318534169, 5719972.088895215652883 ], [ 302208.642176893074065, 5719971.417078188620508 ], [ 302208.740390396444127, 5719970.991707476787269 ], [ 302208.967377619526815, 5719970.509002668783069 ], [ 302209.489655926008709, 5719970.127645594067872 ], [ 302210.070835424005054, 5719969.940102085471153 ], [ 302210.710916089417879, 5719969.946372104808688 ], [ 302211.182519720634446, 5719970.162780549377203 ], [ 302211.656474043847993, 5719970.476748733781278 ], [ 302211.937137149623595, 5719970.871298057027161 ], [ 302212.126508975576144, 5719971.528357336297631 ], [ 302213.126657751621678, 5719972.523807977326214 ], [ 302211.251600722724106, 5719974.380312902852893 ] ] ] } },
{ "type": "Feature", "properties": { "name": "60ad4527-8fed-e1fa-e053-0100007f5781" }, "geometry": { "type": "Polygon", "coordinates": [ [ [ 302576.730340434296522, 5720135.573718903586268 ], [ 302566.229698418872431, 5720136.377110619097948 ], [ 302566.178498791879974, 5720135.816383898258209 ], [ 302563.542732831672765, 5720136.03757815156132 ], [ 302563.32688210188644, 5720133.228042858652771 ], [ 302565.957935309270397, 5720132.928291001357138 ], [ 302565.079746364499442, 5720121.939473737031221 ], [ 302575.583216048195027, 5720121.183216596022248 ], [ 302576.730340434296522, 5720135.573718903586268 ] ] ] } },
{ "type": "Feature", "properties": { "name": "60ad4527-8ff5-e1fa-e053-0100007f5781" }, "geometry": { "type": "Polygon", "coordinates": [ [ [ 302428.299783444381319, 5720005.956498209387064 ], [ 302417.628790784161538, 5720016.864436500705779 ], [ 302402.186797119211406, 5720001.748369349166751 ], [ 302412.85904953390127, 5719990.862058912403882 ], [ 302416.219537733471952, 5719994.160220617428422 ], [ 302412.305293799960054, 5719998.120825834572315 ], [ 302421.07460579671897, 5720006.724561567418277 ], [ 302424.985070464550517, 5720002.699072750285268 ], [ 302428.299783444381319, 5720005.956498209387064 ] ] ] } },
{ "type": "Feature", "properties": { "name": "60ad4527-8da4-e1fa-e053-0100007f5781" }, "geometry": { "type": "Polygon", "coordinates": [ [ [ 302530.728624842595309, 5720992.207767073065042 ], [ 302529.501455876452383, 5720975.971539204008877 ], [ 302539.560503481538035, 5720975.194704879075289 ], [ 302540.734313391149044, 5720991.455456541851163 ], [ 302530.728624842595309, 5720992.207767073065042 ] ] ] } },
{ "type": "Feature", "properties": { "name": "60ad4527-8da5-e1fa-e053-0100007f5781" }, "geometry": { "type": "Polygon", "coordinates": [ [ [ 302529.966735911904834, 5720975.935606820508838 ], [ 302529.619183897448238, 5720971.600661813281476 ], [ 302536.443625190411694, 5720971.102083059027791 ], [ 302536.752624723943882, 5720975.411550105549395 ], [ 302529.966735911904834, 5720975.935606820508838 ] ] ] } },
{ "type": "Feature", "properties": { "name": "60ad4527-8da2-e1fa-e053-0100007f5781" }, "geometry": { "type": "Polygon", "coordinates": [ [ [ 302576.028285289765336, 5721009.476337313652039 ], [ 302587.391886022174731, 5721008.639167092740536 ], [ 302587.197362777777016, 5721006.040941026993096 ], [ 302590.141008617938496, 5721005.847948024980724 ], [ 302590.420099307782948, 5721010.294248698279262 ], [ 302576.189276025921572, 5721011.347788167186081 ], [ 302576.028285289765336, 5721009.476337313652039 ] ] ] } },
{ "type": "Feature", "properties": { "name": "60ad4527-8da3-e1fa-e053-0100007f5781" }, "geometry": { "type": "Polygon", "coordinates": [ [ [ 302548.154764792823698, 5720999.544887605123222 ], [ 302531.103769634268247, 5721000.809427271597087 ], [ 302530.431916931178421, 5720992.230076028034091 ], [ 302547.519097616604995, 5720990.945320257917047 ], [ 302548.154764792823698, 5720999.544887605123222 ] ] ] } },
{ "type": "Feature", "properties": { "name": "60ad4527-8d9b-e1fa-e053-0100007f5781" }, "geometry": { "type": "Polygon", "coordinates": [ [ [ 302560.935498333885334, 5720973.506597695872188 ], [ 302567.495429133297876, 5720973.006233882158995 ], [ 302567.845312311197631, 5720978.89483052585274 ], [ 302561.382173632388003, 5720979.330910439603031 ], [ 302560.935498333885334, 5720973.506597695872188 ] ] ] } },
{ "type": "Feature", "properties": { "name": "60ad4527-8da1-e1fa-e053-0100007f5781" }, "geometry": { "type": "Polygon", "coordinates": [ [ [ 302566.669468041975051, 5721010.165812722407281 ], [ 302565.701696992618963, 5720997.258765547536314 ], [ 302586.421821762167383, 5720995.682122842408717 ], [ 302587.391886022174731, 5721008.639167092740536 ], [ 302566.669468041975051, 5721010.165812722407281 ] ] ] } },
{ "type": "Feature", "properties": { "name": "60ad4527-8d99-e1fa-e053-0100007f5781" }, "geometry": { "type": "Polygon", "coordinates": [ [ [ 302558.736151693970896, 5721043.490947720594704 ], [ 302563.312681388109922, 5721043.188403735868633 ], [ 302563.666315624956042, 5721047.801038951613009 ], [ 302559.051753590931185, 5721048.086770963855088 ], [ 302558.736151693970896, 5721043.490947720594704 ] ] ] } },
{ "type": "Feature", "properties": { "name": "60ad4527-8d9a-e1fa-e053-0100007f5781" }, "geometry": { "type": "Polygon", "coordinates": [ [ [ 302567.674040981684811, 5721020.735757492482662 ], [ 302572.907681274577044, 5721020.347256370820105 ], [ 302573.256599521904718, 5721025.527042980305851 ], [ 302568.060843446000945, 5721025.932362881489098 ], [ 302567.674040981684811, 5721020.735757492482662 ] ] ] } },
{ "type": "Feature", "properties": { "name": "60ad4527-8d93-e1fa-e053-0100007f5781" }, "geometry": { "type": "Polygon", "coordinates": [ [ [ 302430.368205930339172, 5721147.318445820361376 ], [ 302426.177320579532534, 5721143.460364261642098 ], [ 302433.501953504281119, 5721135.079014031216502 ], [ 302437.783490563102532, 5721138.795422344468534 ], [ 302430.368205930339172, 5721147.318445820361376 ] ] ] } },
{ "type": "Feature", "properties": { "name": "60ad4527-8d95-e1fa-e053-0100007f5781" }, "geometry": { "type": "Polygon", "coordinates": [ [ [ 302523.818878842284903, 5721146.235867947340012 ], [ 302530.545594189199619, 5721141.596974988467991 ], [ 302532.287182906875387, 5721144.071110569871962 ], [ 302525.47513325343607, 5721148.6802814649418 ], [ 302523.818878842284903, 5721146.235867947340012 ] ] ] } },
{ "type": "Feature", "properties": { "name": "60ad4527-8d8f-e1fa-e053-0100007f5781" }, "geometry": { "type": "Polygon", "coordinates": [ [ [ 302225.710653402085882, 5721025.269946321845055 ], [ 302230.462054375908338, 5721024.902546556666493 ], [ 302230.955665635759942, 5721030.376294264569879 ], [ 302226.152299098204821, 5721030.74714140035212 ], [ 302225.710653402085882, 5721025.269946321845055 ] ] ] } },
{ "type": "Feature", "properties": { "name": "60ad4527-8d91-e1fa-e053-0100007f5781" }, "geometry": { "type": "Polygon", "coordinates": [ [ [ 302324.925379253341816, 5721094.563030816614628 ], [ 302332.059220695518889, 5721095.279438192024827 ], [ 302331.425064257346094, 5721101.255844506435096 ], [ 302324.29338705574628, 5721100.547007105313241 ], [ 302324.925379253341816, 5721094.563030816614628 ] ] ] } },
{ "type": "Feature", "properties": { "name": "60ad4527-8d8d-e1fa-e053-0100007f5781" }, "geometry": { "type": "Polygon", "coordinates": [ [ [ 302325.589416721602902, 5721041.460659865289927 ], [ 302321.685258174547926, 5721044.094626355916262 ], [ 302317.906577518500853, 5721038.353448270820081 ], [ 302318.292479564552195, 5721036.464822082780302 ], [ 302323.04929068335332, 5721037.606830414384604 ], [ 302325.589416721602902, 5721041.460659865289927 ] ] ] } },
{ "type": "Feature", "properties": { "name": "60ad4527-8d8e-e1fa-e053-0100007f5781" }, "geometry": { "type": "Polygon", "coordinates": [ [ [ 302217.980238393705804, 5721035.412617665715516 ], [ 302217.381099847727455, 5721029.528316549956799 ], [ 302215.87582242989447, 5721029.654273038730025 ], [ 302215.544237475492992, 5721026.622906456701458 ], [ 302217.151722334616352, 5721026.464072468690574 ], [ 302216.828883341629989, 5721023.171154418028891 ], [ 302224.353546812781133, 5721022.515389334410429 ], [ 302225.421782474673819, 5721034.684075318276882 ], [ 302217.980238393705804, 5721035.412617665715516 ] ] ] } },
{ "type": "Feature", "properties": { "name": "60ad4527-8d85-e1fa-e053-0100007f5781" }, "geometry": { "type": "Polygon", "coordinates": [ [ [ 302654.727061460958794, 5721003.793255699798465 ], [ 302662.796763703459874, 5721004.42160211596638 ], [ 302662.605414033285342, 5721007.373681522905827 ], [ 302654.48146288539283, 5721006.67499093990773 ], [ 302654.727061460958794, 5721003.793255699798465 ] ] ] } },
{ "type": "Feature", "properties": { "name": "60ad4527-8d87-e1fa-e053-0100007f5781" }, "geometry": { "type": "Polygon", "coordinates": [ [ [ 302222.690153888543136, 5720977.364137342199683 ], [ 302227.237566642230377, 5720977.032500923611224 ], [ 302227.615930203697644, 5720981.606777176260948 ], [ 302222.981000258238055, 5720981.974182801321149 ], [ 302222.690153888543136, 5720977.364137342199683 ] ] ] } },
{ "type": "Feature", "properties": { "name": "60ad4527-8f6f-e1fa-e053-0100007f5781" }, "geometry": { "type": "Polygon", "coordinates": [ [ [ 302441.830678198952228, 5720162.983181706629694 ], [ 302432.430965856590774, 5720153.956193315796554 ], [ 302457.138352989160921, 5720128.379157826304436 ], [ 302503.188420007238165, 5720080.690408948808908 ], [ 302512.547049328684807, 5720089.74101975467056 ], [ 302491.404855034314096, 5720111.649990292266011 ], [ 302441.830678198952228, 5720162.983181706629694 ] ] ] } },
{ "type": "Feature", "properties": { "name": "60ad4527-8f70-e1fa-e053-0100007f5781" }, "geometry": { "type": "Polygon", "coordinates": [ [ [ 302411.080349183175713, 5720167.596847908571362 ], [ 302401.880021023564041, 5720158.446967472322285 ], [ 302451.520449187315535, 5720107.394150494597852 ], [ 302494.20436913962476, 5720063.510479052551091 ], [ 302503.543073127628304, 5720072.583479939959943 ], [ 302461.038186643039808, 5720116.359892246313393 ], [ 302411.080349183175713, 5720167.596847908571362 ] ] ] } },
{ "type": "Feature", "properties": { "name": "60ad4527-8f46-e1fa-e053-0100007f5781" }, "geometry": { "type": "Polygon", "coordinates": [ [ [ 302675.098234011617023, 5720278.505324753001332 ], [ 302676.51393027161248, 5720278.436014082282782 ], [ 302676.687806224392261, 5720282.192638009786606 ], [ 302675.256682872015517, 5720282.248524880968034 ], [ 302675.098234011617023, 5720278.505324753001332 ] ] ] } },
{ "type": "Feature", "properties": { "name": "60ad4527-8f6e-e1fa-e053-0100007f5781" }, "geometry": { "type": "Polygon", "coordinates": [ [ [ 302455.198397902189754, 5720167.376997824758291 ], [ 302450.507643274380825, 5720162.930671688169241 ], [ 302470.266058610752225, 5720142.469950599595904 ], [ 302510.02597825526027, 5720101.275349765084684 ], [ 302514.721744513662998, 5720105.807717190124094 ], [ 302475.177903935371432, 5720146.759510284289718 ], [ 302455.198397902189754, 5720167.376997824758291 ] ] ] } },
{ "type": "Feature", "properties": { "name": "60ad4527-8e42-e1fa-e053-0100007f5781" }, "geometry": { "type": "Polygon", "coordinates": [ [ [ 302385.396643567946739, 5720284.008665931411088 ], [ 302378.895605682278983, 5720197.770857974886894 ], [ 302427.019527507247403, 5720194.276500787585974 ], [ 302433.478099369560368, 5720280.485662977211177 ], [ 302385.396643567946739, 5720284.008665931411088 ] ] ] } },
{ "type": "Feature", "properties": { "name": "60ad4527-8e43-e1fa-e053-0100007f5781" }, "geometry": { "type": "Polygon", "coordinates": [ [ [ 302670.360937907767948, 5720378.909476489759982 ], [ 302670.286747499310877, 5720377.346348281018436 ], [ 302669.730773852847051, 5720369.927578682079911 ], [ 302650.583910394867416, 5720371.389434085227549 ], [ 302651.112873221747577, 5720378.78289760556072 ], [ 302651.232714415644296, 5720380.29658517986536 ], [ 302592.487167548621073, 5720384.725285021588206 ], [ 302592.681564829661511, 5720388.280276271514595 ], [ 302580.454755781684071, 5720389.150036146864295 ], [ 302580.246985575649887, 5720385.988273920491338 ], [ 302572.646811601822264, 5720386.602531016804278 ], [ 302570.349878431588877, 5720355.489590571261942 ], [ 302570.00311482034158, 5720350.473135974258184 ], [ 302574.707372833276168, 5720350.188917645253241 ], [ 302575.184928678674623, 5720355.201110422611237 ], [ 302578.970231698243879, 5720354.84209116641432 ], [ 302578.337637353455648, 5720353.108227530494332 ], [ 302577.91004867706215, 5720351.23675271961838 ], [ 302577.78783767123241, 5720349.093465084210038 ], [ 302578.03440199047327, 5720347.016719622537494 ], [ 302578.506428839173168, 5720345.430165654979646 ], [ 302579.018251989211421, 5720344.261294425465167 ], [ 302579.586653873499017, 5720343.221510671079159 ], [ 302580.665439105883706, 5720341.772302931174636 ], [ 302581.524993344733957, 5720340.827776897698641 ], [ 302582.980225205654278, 5720339.680537338368595 ], [ 302584.498002359294333, 5720338.845494363456964 ], [ 302585.734855581191368, 5720338.229094948619604 ], [ 302586.875598692684434, 5720337.877689477056265 ], [ 302588.153100608556997, 5720337.70513126719743 ], [ 302587.266720010607969, 5720326.46242197509855 ], [ 302582.179969168035313, 5720326.861714738421142 ], [ 302581.472082828986458, 5720316.896284053102136 ], [ 302616.353936956613325, 5720314.301249855197966 ], [ 302616.317485619103536, 5720313.745842390693724 ], [ 302685.290489697945304, 5720308.652491824701428 ], [ 302685.3236871973495, 5720309.130592064931989 ], [ 302719.91807784960838, 5720306.5149738015607 ], [ 302720.717780973529443, 5720316.494579350575805 ], [ 302715.830534097505733, 5720316.833931448869407 ], [ 302717.288233925006352, 5720336.286452557891607 ], [ 302719.395263980957679, 5720336.140148272737861 ], [ 302719.622543071454857, 5720339.767901204526424 ], [ 302722.242642854747828, 5720339.608290501870215 ], [ 302724.018724133609794, 5720363.265030801296234 ], [ 302721.924083925783634, 5720363.463853131979704 ], [ 302722.773945878841914, 5720374.934570250101388 ], [ 302670.360937907767948, 5720378.909476489759982 ] ] ] } },
{ "type": "Feature", "properties": { "name": "60ad4527-8df1-e1fa-e053-0100007f5781" }, "geometry": { "type": "Polygon", "coordinates": [ [ [ 302765.315026592114009, 5720337.130076529458165 ], [ 302770.190990734379739, 5720336.707759018987417 ], [ 302770.433569760120008, 5720339.167487618513405 ], [ 302765.521058723214082, 5720339.58037867769599 ], [ 302765.315026592114009, 5720337.130076529458165 ] ] ] } },
{ "type": "Feature", "properties": { "name": "60ad4527-8df3-e1fa-e053-0100007f5781" }, "geometry": { "type": "Polygon", "coordinates": [ [ [ 302732.775816985289566, 5720237.034026233479381 ], [ 302732.203841304115485, 5720230.996777628548443 ], [ 302735.606527326395735, 5720230.7515141479671 ], [ 302735.299774741579313, 5720226.766912025399506 ], [ 302738.041367483674549, 5720226.569299731403589 ], [ 302738.856157973059453, 5720236.517579313367605 ], [ 302732.775816985289566, 5720237.034026233479381 ] ] ] } },
{ "type": "Feature", "properties": { "name": "60ad4527-8de4-e1fa-e053-0100007f5781" }, "geometry": { "type": "Polygon", "coordinates": [ [ [ 302568.910749245784245, 5720349.094674701802433 ], [ 302568.43836512719281, 5720341.830298682674766 ], [ 302574.393966625328176, 5720341.37437448464334 ], [ 302574.891656804247759, 5720348.611739703454077 ], [ 302568.910749245784245, 5720349.094674701802433 ] ] ] } },
{ "type": "Feature", "properties": { "name": "60ad4527-8df0-e1fa-e053-0100007f5781" }, "geometry": { "type": "Polygon", "coordinates": [ [ [ 302743.802101850626059, 5720340.888752911239862 ], [ 302747.875080845609773, 5720338.312511093914509 ], [ 302751.132694265805185, 5720343.291626379825175 ], [ 302747.066838095313869, 5720345.970449110493064 ], [ 302743.802101850626059, 5720340.888752911239862 ] ] ] } },
{ "type": "Feature", "properties": { "name": "60ad4527-8dcb-e1fa-e053-0100007f5781" }, "geometry": { "type": "Polygon", "coordinates": [ [ [ 304208.509834445081651, 5720524.225509091280401 ], [ 304210.957652414042968, 5720523.991056494414806 ], [ 304211.175390496617183, 5720526.424350744113326 ], [ 304208.742096245405264, 5720526.642088856548071 ], [ 304208.509834445081651, 5720524.225509091280401 ] ] ] } },
{ "type": "Feature", "properties": { "name": "60ad4527-8de1-e1fa-e053-0100007f5781" }, "geometry": { "type": "Polygon", "coordinates": [ [ [ 303751.132157314568758, 5720648.520601974800229 ], [ 303754.14255787798902, 5720648.253750598058105 ], [ 303754.334904376184568, 5720650.724321907386184 ], [ 303751.335412187094335, 5720650.965093312785029 ], [ 303751.132157314568758, 5720648.520601974800229 ] ] ] } },
{ "type": "Feature", "properties": { "name": "60ad4527-8db0-e1fa-e053-0100007f5781" }, "geometry": { "type": "Polygon", "coordinates": [ [ [ 302443.093818568042479, 5720999.243180057965219 ], [ 302449.61166894424241, 5720998.742893284186721 ], [ 302450.170549181173556, 5721006.231689327396452 ], [ 302443.665968703804538, 5721006.754943151026964 ], [ 302443.093818568042479, 5720999.243180057965219 ] ] ] } },
{ "type": "Feature", "properties": { "name": "60ad4527-8db1-e1fa-e053-0100007f5781" }, "geometry": { "type": "Polygon", "coordinates": [ [ [ 302379.115237976948265, 5721031.022267641499639 ], [ 302378.892608596710488, 5721028.010531341657043 ], [ 302389.839780167443678, 5721027.186381717212498 ], [ 302389.619608854176477, 5721024.215377774089575 ], [ 302399.571295761154033, 5721023.492183154448867 ], [ 302410.541291549336165, 5721022.707536860369146 ], [ 302410.78060000075493, 5721025.656945569440722 ], [ 302399.857481718354393, 5721026.540964713320136 ], [ 302400.120843433658592, 5721029.550242943689227 ], [ 302390.024135236046277, 5721030.241308443248272 ], [ 302379.115237976948265, 5721031.022267641499639 ] ] ] } },
{ "type": "Feature", "properties": { "name": "60ad4527-8da6-e1fa-e053-0100007f5781" }, "geometry": { "type": "Polygon", "coordinates": [ [ [ 302539.560503481538035, 5720975.194704879075289 ], [ 302546.073643616749905, 5720974.76429635938257 ], [ 302547.243561580660753, 5720990.966037360951304 ], [ 302540.734313391149044, 5720991.455456541851163 ], [ 302539.560503481538035, 5720975.194704879075289 ] ] ] } },
{ "type": "Feature", "properties": { "name": "60ad4527-8da8-e1fa-e053-0100007f5781" }, "geometry": { "type": "Polygon", "coordinates": [ [ [ 302471.441568614798598, 5721026.081182385794818 ], [ 302479.556612370652147, 5721025.407502277754247 ], [ 302479.794691774528474, 5721028.336544808000326 ], [ 302471.617320445249788, 5721028.993545847013593 ], [ 302471.441568614798598, 5721026.081182385794818 ] ] ] } },
{ "type": "Feature", "properties": { "name": "60ad4527-914f-e1fa-e053-0100007f5781" }, "geometry": { "type": "Polygon", "coordinates": [ [ [ 301514.709089640935417, 5719939.401606755331159 ], [ 301514.180045876302756, 5719932.999487461522222 ], [ 301518.46062620281009, 5719932.645519198849797 ], [ 301518.989669972332194, 5719939.047638494521379 ], [ 301514.709089640935417, 5719939.401606755331159 ] ] ] } },
{ "type": "Feature", "properties": { "name": "60ad4527-9150-e1fa-e053-0100007f5781" }, "geometry": { "type": "Polygon", "coordinates": [ [ [ 301501.027980263112113, 5719923.454001365229487 ], [ 301500.540639740996994, 5719917.420302747748792 ], [ 301503.539490137307439, 5719917.180712348781526 ], [ 301503.261306052329019, 5719913.817020663060248 ], [ 301507.77125161094591, 5719913.456702667288482 ], [ 301508.04943572031334, 5719916.820394387468696 ], [ 301508.497884637268726, 5719916.784565953537822 ], [ 301508.985225161944982, 5719922.818264570087194 ], [ 301501.027980263112113, 5719923.454001365229487 ] ] ] } },
{ "type": "Feature", "properties": { "name": "60ad4527-914b-e1fa-e053-0100007f5781" }, "geometry": { "type": "Polygon", "coordinates": [ [ [ 301444.199152574699838, 5720120.762491297908127 ], [ 301465.215985281334724, 5720106.551697952672839 ], [ 301469.205547601392027, 5720112.454859205521643 ], [ 301472.712481479742564, 5720110.086783597245812 ], [ 301482.620697311824188, 5720124.747488549910486 ], [ 301454.876188949681818, 5720143.50603446085006 ], [ 301444.990322855126578, 5720128.883917594328523 ], [ 301448.301813875616062, 5720126.644250709563494 ], [ 301444.199152574699838, 5720120.762491297908127 ] ] ] } },
{ "type": "Feature", "properties": { "name": "60ad4527-914c-e1fa-e053-0100007f5781" }, "geometry": { "type": "Polygon", "coordinates": [ [ [ 301456.171083120512776, 5720149.791581437923014 ], [ 301470.253553921822459, 5720154.57075291313231 ], [ 301467.337836418533698, 5720162.676072032190859 ], [ 301453.321710187708959, 5720157.794439109973609 ], [ 301456.171083120512776, 5720149.791581437923014 ] ] ] } },
{ "type": "Feature", "properties": { "name": "60ad4527-9141-e1fa-e053-0100007f5781" }, "geometry": { "type": "Polygon", "coordinates": [ [ [ 301348.426601155661047, 5720326.891030145809054 ], [ 301345.480793721799273, 5720324.61617870721966 ], [ 301348.300401361426339, 5720320.963696581311524 ], [ 301351.246208793076221, 5720323.238548053428531 ], [ 301348.426601155661047, 5720326.891030145809054 ] ] ] } },
{ "type": "Feature", "properties": { "name": "60ad4527-9143-e1fa-e053-0100007f5781" }, "geometry": { "type": "Polygon", "coordinates": [ [ [ 301336.624936944223009, 5720323.180784963071346 ], [ 301363.253134307800792, 5720343.337337135337293 ], [ 301360.648824243806303, 5720346.553276246413589 ], [ 301357.647355013992637, 5720350.338796910829842 ], [ 301354.811086949135642, 5720354.031814632937312 ], [ 301352.170427782461047, 5720357.376605778001249 ], [ 301349.443450125632808, 5720355.257996898144484 ], [ 301345.960240657848772, 5720359.617060046643019 ], [ 301345.202271425281651, 5720360.627371133305132 ], [ 301325.459265242156107, 5720345.403910710476339 ], [ 301326.182865841430612, 5720344.564742208458483 ], [ 301329.005270605732221, 5720340.57569079566747 ], [ 301325.429222114034928, 5720337.522028683684766 ], [ 301328.430691342800856, 5720333.736508015543222 ], [ 301328.888478957174812, 5720333.049682005308568 ], [ 301325.678960307035595, 5720330.69545235298574 ], [ 301330.490678343514446, 5720324.452875735238194 ], [ 301333.710215933795553, 5720326.959165410138667 ], [ 301334.349048768170178, 5720326.169427630491555 ], [ 301336.624936944223009, 5720323.180784963071346 ] ] ] } },
{ "type": "Feature", "properties": { "name": "60ad4527-913e-e1fa-e053-0100007f5781" }, "geometry": { "type": "Polygon", "coordinates": [ [ [ 301381.466699011623859, 5720042.45900734513998 ], [ 301380.950989824254066, 5720039.173584905453026 ], [ 301383.627345733111724, 5720038.752213179133832 ], [ 301384.189814171753824, 5720042.003053822554648 ], [ 301381.466699011623859, 5720042.45900734513998 ] ] ] } },
{ "type": "Feature", "properties": { "name": "60ad4527-913f-e1fa-e053-0100007f5781" }, "geometry": { "type": "Polygon", "coordinates": [ [ [ 301328.224081688327715, 5720155.311807569116354 ], [ 301303.740403829608113, 5720156.988349625840783 ], [ 301303.23512287880294, 5720149.60939034819603 ], [ 301299.642868904978968, 5720149.85562985483557 ], [ 301298.437646017991938, 5720132.265310622751713 ], [ 301331.85021654056618, 5720129.976004700176418 ], [ 301333.05543023289647, 5720147.566213061101735 ], [ 301327.718587474024389, 5720147.932044108398259 ], [ 301328.224081688327715, 5720155.311807569116354 ] ] ] } },
{ "type": "Feature", "properties": { "name": "60ad4527-9137-e1fa-e053-0100007f5781" }, "geometry": { "type": "Polygon", "coordinates": [ [ [ 301213.981389316613786, 5720227.504718402400613 ], [ 301196.162417781422846, 5720232.288623387925327 ], [ 301195.192070826306008, 5720228.7443783339113 ], [ 301188.921657666738611, 5720230.383717630058527 ], [ 301182.69985898619052, 5720205.799392556771636 ], [ 301189.125801906106062, 5720204.272206434980035 ], [ 301187.973875771858729, 5720199.638528852723539 ], [ 301206.060807426052634, 5720194.985602671280503 ], [ 301213.981389316613786, 5720227.504718402400613 ] ] ] } },
{ "type": "Feature", "properties": { "name": "60ad4527-913c-e1fa-e053-0100007f5781" }, "geometry": { "type": "Polygon", "coordinates": [ [ [ 301355.522205047716852, 5720050.160062201321125 ], [ 301375.183802517130971, 5720048.658882341347635 ], [ 301377.077147657633759, 5720073.74434310477227 ], [ 301357.41555021260865, 5720075.245522977784276 ], [ 301355.522205047716852, 5720050.160062201321125 ] ] ] } },
{ "type": "Feature", "properties": { "name": "60ad4527-9135-e1fa-e053-0100007f5781" }, "geometry": { "type": "Polygon", "coordinates": [ [ [ 301125.602739771304186, 5720256.660337556153536 ], [ 301125.027143772284035, 5720261.847844069823623 ], [ 301122.698047648533247, 5720265.438915005885065 ], [ 301119.63613857072778, 5720267.721424545161426 ], [ 301115.833385427482426, 5720269.222569582052529 ], [ 301110.932224473741371, 5720270.102877922356129 ], [ 301106.977251321892254, 5720268.728153167292476 ], [ 301101.410816988558508, 5720259.455016211606562 ], [ 301091.435673173284158, 5720265.212355321273208 ], [ 301079.375900227576494, 5720245.656775984913111 ], [ 301088.691072524001356, 5720239.658454109914601 ], [ 301085.76467677205801, 5720234.495380504056811 ], [ 301104.598824845743366, 5720222.34182468149811 ], [ 301125.602739771304186, 5720256.660337556153536 ] ] ] } },
{ "type": "Feature", "properties": { "name": "60ad4527-9136-e1fa-e053-0100007f5781" }, "geometry": { "type": "Polygon", "coordinates": [ [ [ 301226.845921714731958, 5720233.872094243764877 ], [ 301219.778316602343693, 5720228.568311606533825 ], [ 301229.281247387814801, 5720216.661001563072205 ], [ 301235.934991701156832, 5720221.707757755182683 ], [ 301226.845921714731958, 5720233.872094243764877 ] ] ] } },
{ "type": "Feature", "properties": { "name": "60ad4527-912c-e1fa-e053-0100007f5781" }, "geometry": { "type": "Polygon", "coordinates": [ [ [ 300938.725076732574962, 5720449.85906127654016 ], [ 300925.368020761874504, 5720464.326790717430413 ], [ 300906.868335308739915, 5720447.262013169005513 ], [ 300920.078312766854651, 5720432.834401083178818 ], [ 300938.725076732574962, 5720449.85906127654016 ] ] ] } },
{ "type": "Feature", "properties": { "name": "60ad4527-912e-e1fa-e053-0100007f5781" }, "geometry": { "type": "Polygon", "coordinates": [ [ [ 300887.850420795148239, 5720420.733092379756272 ], [ 300891.832108505943324, 5720416.136270671151578 ], [ 300896.241531690058764, 5720420.432970315217972 ], [ 300892.202420104760677, 5720424.871094665490091 ], [ 300887.850420795148239, 5720420.733092379756272 ] ] ] } },
{ "type": "Feature", "properties": { "name": "60ad4527-9122-e1fa-e053-0100007f5781" }, "geometry": { "type": "Polygon", "coordinates": [ [ [ 301157.826412207854446, 5720498.210405200719833 ], [ 301136.917992529983167, 5720484.484074993059039 ], [ 301137.719665895914659, 5720483.405186034739017 ], [ 301141.00325034908019, 5720478.380260082893074 ], [ 301137.987076603109017, 5720476.184654109179974 ], [ 301140.152584942406975, 5720473.11088186968118 ], [ 301142.92368770315079, 5720469.002217128872871 ], [ 301145.448058922716882, 5720465.165528628975153 ], [ 301147.625366124906577, 5720461.828529234044254 ], [ 301175.476154406380374, 5720480.08210426568985 ], [ 301172.823416073748376, 5720484.333561634644866 ], [ 301176.158612264320254, 5720486.473818281665444 ], [ 301171.729896771954373, 5720493.151423409581184 ], [ 301168.440767107123975, 5720491.19461636710912 ], [ 301165.465392931306269, 5720495.684605811722577 ], [ 301161.326890405616723, 5720493.063508441671729 ], [ 301157.826412207854446, 5720498.210405200719833 ] ] ] } },
{ "type": "Feature", "properties": { "name": "60ad4527-9123-e1fa-e053-0100007f5781" }, "geometry": { "type": "Polygon", "coordinates": [ [ [ 301173.675127225928009, 5720468.690355916507542 ], [ 301171.075605833670124, 5720472.564260773360729 ], [ 301167.97706419264432, 5720470.496606944128871 ], [ 301170.5474051120691, 5720466.639111832715571 ], [ 301173.675127225928009, 5720468.690355916507542 ] ] ] } },
{ "type": "Feature", "properties": { "name": "60ad4527-928a-e1fa-e053-0100007f5781" }, "geometry": { "type": "Polygon", "coordinates": [ [ [ 302904.486764670116827, 5720246.779687380418181 ], [ 302906.20495347538963, 5720251.10730092227459 ], [ 302902.808448981435504, 5720252.455812280997634 ], [ 302901.090260168362875, 5720248.12819876614958 ], [ 302904.486764670116827, 5720246.779687380418181 ] ] ] } },
{ "type": "Feature", "properties": { "name": "60ad4527-928c-e1fa-e053-0100007f5781" }, "geometry": { "type": "Polygon", "coordinates": [ [ [ 302984.994511102617253, 5720181.143881955184042 ], [ 302988.008340070140548, 5720177.312778486870229 ], [ 302984.476098728191573, 5720174.534056530334055 ], [ 302990.528864333755337, 5720166.839933387003839 ], [ 302994.060003516613506, 5720169.617788329720497 ], [ 302995.880441355169751, 5720167.303693641908467 ], [ 302999.656969211180694, 5720170.274589444510639 ], [ 303004.082986377063207, 5720164.648347941227257 ], [ 303023.906180665246211, 5720180.242736878804862 ], [ 303019.48016349907266, 5720185.868978370912373 ], [ 303022.178784630377777, 5720187.991913096047938 ], [ 303011.291747545474209, 5720201.831240481697023 ], [ 302984.994511102617253, 5720181.143881955184042 ] ] ] } },
{ "type": "Feature", "properties": { "name": "60ad4527-9281-e1fa-e053-0100007f5781" }, "geometry": { "type": "Polygon", "coordinates": [ [ [ 300289.984677708358504, 5720647.574302524328232 ], [ 300288.944332158484031, 5720636.883170885033906 ], [ 300294.981838767882437, 5720636.295664085075259 ], [ 300296.022184290341102, 5720646.986795754171908 ], [ 300289.984677708358504, 5720647.574302524328232 ] ] ] } },
{ "type": "Feature", "properties": { "name": "60ad4527-9289-e1fa-e053-0100007f5781" }, "geometry": { "type": "Polygon", "coordinates": [ [ [ 302910.205767629668117, 5720280.529136759229004 ], [ 302907.590990873868577, 5720273.888577699661255 ], [ 302903.152060722350143, 5720275.636444301344454 ], [ 302901.341702670848463, 5720271.03880915697664 ], [ 302897.759669157792814, 5720272.449265404604375 ], [ 302894.974512526532635, 5720265.376004948280752 ], [ 302898.556546043197159, 5720263.965548701584339 ], [ 302896.688985345768742, 5720259.222640184685588 ], [ 302928.025726172025315, 5720246.883531237952411 ], [ 302934.471603128069546, 5720263.253657848574221 ], [ 302931.03906054480467, 5720264.605249663814902 ], [ 302933.670732876344118, 5720271.287825374864042 ], [ 302910.205767629668117, 5720280.529136759229004 ] ] ] } },
{ "type": "Feature", "properties": { "name": "60ad4527-927e-e1fa-e053-0100007f5781" }, "geometry": { "type": "Polygon", "coordinates": [ [ [ 300342.888734664418735, 5720574.206972482614219 ], [ 300343.856144157005474, 5720586.900259354151785 ], [ 300328.440926927141845, 5720588.075646379962564 ], [ 300327.473517434438691, 5720575.382359527051449 ], [ 300342.888734664418735, 5720574.206972482614219 ] ] ] } },
{ "type": "Feature", "properties": { "name": "60ad4527-9280-e1fa-e053-0100007f5781" }, "geometry": { "type": "Polygon", "coordinates": [ [ [ 300280.408768955152482, 5720638.023289578035474 ], [ 300279.873714703775477, 5720632.956075537018478 ], [ 300287.190792644803878, 5720632.183455000631511 ], [ 300287.725846901186742, 5720637.250669053755701 ], [ 300280.408768955152482, 5720638.023289578035474 ] ] ] } },
{ "type": "Feature", "properties": { "name": "60ad4527-9274-e1fa-e053-0100007f5781" }, "geometry": { "type": "Polygon", "coordinates": [ [ [ 300741.878123367787339, 5720549.778573962859809 ], [ 300742.255671776365489, 5720555.511406562291086 ], [ 300732.571367154130712, 5720556.149976518005133 ], [ 300732.193818774423562, 5720550.417143911123276 ], [ 300741.878123367787339, 5720549.778573962859809 ] ] ] } },
{ "type": "Feature", "properties": { "name": "60ad4527-9275-e1fa-e053-0100007f5781" }, "geometry": { "type": "Polygon", "coordinates": [ [ [ 300745.53326543426374, 5720532.688927413895726 ], [ 300746.405833041644655, 5720544.443233229219913 ], [ 300709.127400555822533, 5720547.210033942013979 ], [ 300708.254832921666093, 5720535.455728097818792 ], [ 300745.53326543426374, 5720532.688927413895726 ] ] ] } },
{ "type": "Feature", "properties": { "name": "60ad4527-9164-e1fa-e053-0100007f5781" }, "geometry": { "type": "Polygon", "coordinates": [ [ [ 301391.657801110937726, 5719920.744234838522971 ], [ 301392.25404542486649, 5719928.685722197405994 ], [ 301392.600034745875746, 5719933.35047968942672 ], [ 301390.506525763950776, 5719933.507645150646567 ], [ 301390.160536466166377, 5719928.842887678183615 ], [ 301380.863326628576033, 5719929.540854731574655 ], [ 301377.578893072961364, 5719929.790896851569414 ], [ 301377.434122259903233, 5719927.862667933106422 ], [ 301380.718555816914886, 5719927.612625781446695 ], [ 301380.267082292004488, 5719921.599367345683277 ], [ 301391.657801110937726, 5719920.744234838522971 ] ] ] } },
{ "type": "Feature", "properties": { "name": "60ad4527-9167-e1fa-e053-0100007f5781" }, "geometry": { "type": "Polygon", "coordinates": [ [ [ 301430.868815096851904, 5719812.560546874068677 ], [ 301434.4921140493243, 5719811.657546878792346 ], [ 301435.097876962507144, 5719814.085610454902053 ], [ 301431.474578002351336, 5719814.988610450178385 ], [ 301430.868815096851904, 5719812.560546874068677 ] ] ] } },
{ "type": "Feature", "properties": { "name": "60ad4527-9159-e1fa-e053-0100007f5781" }, "geometry": { "type": "Polygon", "coordinates": [ [ [ 301390.528022009064443, 5719947.298264321871102 ], [ 301394.356010944582522, 5719947.068895910866559 ], [ 301394.565941673121415, 5719950.606876559555531 ], [ 301390.737952741095796, 5719950.836244971491396 ], [ 301390.528022009064443, 5719947.298264321871102 ] ] ] } },
{ "type": "Feature", "properties": { "name": "60ad4527-915a-e1fa-e053-0100007f5781" }, "geometry": { "type": "Polygon", "coordinates": [ [ [ 301369.360141544835642, 5719948.837556614540517 ], [ 301369.687441978487186, 5719952.373397397808731 ], [ 301365.875758511712775, 5719952.724462595768273 ], [ 301365.548458081902936, 5719949.18862178735435 ], [ 301369.360141544835642, 5719948.837556614540517 ] ] ] } },
{ "type": "Feature", "properties": { "name": "60ad4527-9157-e1fa-e053-0100007f5781" }, "geometry": { "type": "Polygon", "coordinates": [ [ [ 301451.734087450080551, 5719942.88401422649622 ], [ 301454.654834275424946, 5719942.594892079010606 ], [ 301454.998220165260136, 5719946.063817700371146 ], [ 301452.077473335084505, 5719946.352939810603857 ], [ 301451.734087450080551, 5719942.88401422649622 ] ] ] } },
{ "type": "Feature", "properties": { "name": "60ad4527-9158-e1fa-e053-0100007f5781" }, "geometry": { "type": "Polygon", "coordinates": [ [ [ 301418.206724390853196, 5719945.41495175100863 ], [ 301421.206242780492175, 5719945.212270749732852 ], [ 301421.43526313721668, 5719948.60968813393265 ], [ 301418.43574474559864, 5719948.812369129620492 ], [ 301418.206724390853196, 5719945.41495175100863 ] ] ] } },
{ "type": "Feature", "properties": { "name": "60ad4527-9153-e1fa-e053-0100007f5781" }, "geometry": { "type": "Polygon", "coordinates": [ [ [ 301391.208232504141051, 5719899.595008127391338 ], [ 301390.76399549015332, 5719894.614889848977327 ], [ 301393.199544916278683, 5719894.422346318140626 ], [ 301393.282905679079704, 5719895.807053010910749 ], [ 301399.427835686306935, 5719895.342317351140082 ], [ 301399.836970265139826, 5719900.379110776819289 ], [ 301397.400183470686898, 5719900.534695812501013 ], [ 301397.279245477053337, 5719899.132747258991003 ], [ 301391.208232504141051, 5719899.595008127391338 ] ] ] } },
{ "type": "Feature", "properties": { "name": "60ad4527-9156-e1fa-e053-0100007f5781" }, "geometry": { "type": "Polygon", "coordinates": [ [ [ 301443.462094245944172, 5719944.612265223637223 ], [ 301429.485457308939658, 5719945.709177733398974 ], [ 301428.885082057444379, 5719938.059318041428924 ], [ 301442.861718995380215, 5719936.962405529804528 ], [ 301443.462094245944172, 5719944.612265223637223 ] ] ] } },
{ "type": "Feature", "properties": { "name": "60ad4527-903c-e1fa-e053-0100007f5781" }, "geometry": { "type": "Polygon", "coordinates": [ [ [ 301885.618912602425553, 5720354.664019607007504 ], [ 301885.276486928225495, 5720351.690765408799052 ], [ 301887.789357951493002, 5720351.425651117227972 ], [ 301888.098969509766903, 5720354.36796048283577 ], [ 301885.618912602425553, 5720354.664019607007504 ] ] ] } },
{ "type": "Feature", "properties": { "name": "60ad4527-903d-e1fa-e053-0100007f5781" }, "geometry": { "type": "Polygon", "coordinates": [ [ [ 301870.122891741222702, 5720299.31010113004595 ], [ 301867.211334328749217, 5720293.929568149149418 ], [ 301872.554456598474644, 5720291.165142894722521 ], [ 301875.420658736955374, 5720296.421832470223308 ], [ 301870.122891741222702, 5720299.31010113004595 ] ] ] } },
{ "type": "Feature", "properties": { "name": "60ad4527-903a-e1fa-e053-0100007f5781" }, "geometry": { "type": "Polygon", "coordinates": [ [ [ 301908.703639797051437, 5720372.037662441842258 ], [ 301914.700417927408125, 5720371.345801507122815 ], [ 301914.965798595338129, 5720373.715289667248726 ], [ 301908.970237471221481, 5720374.43190885335207 ], [ 301908.703639797051437, 5720372.037662441842258 ] ] ] } },
{ "type": "Feature", "properties": { "name": "60ad4527-903b-e1fa-e053-0100007f5781" }, "geometry": { "type": "Polygon", "coordinates": [ [ [ 301877.257558922632597, 5720355.148461506702006 ], [ 301876.945143416756764, 5720352.110513688996434 ], [ 301882.701776911620982, 5720351.479089444503188 ], [ 301883.029664830071852, 5720354.500630213879049 ], [ 301877.257558922632597, 5720355.148461506702006 ] ] ] } },
{ "type": "Feature", "properties": { "name": "60ad4527-9035-e1fa-e053-0100007f5781" }, "geometry": { "type": "Polygon", "coordinates": [ [ [ 302257.771604372537695, 5720258.327068225480616 ], [ 302253.191229938645847, 5720253.76083280146122 ], [ 302273.053336046636105, 5720233.276102419011295 ], [ 302332.804866720107384, 5720171.923998554237187 ], [ 302337.477815393940546, 5720176.437120684422553 ], [ 302297.652837492409162, 5720217.316737641580403 ], [ 302257.771604372537695, 5720258.327068225480616 ] ] ] } },
{ "type": "Feature", "properties": { "name": "60ad4527-9039-e1fa-e053-0100007f5781" }, "geometry": { "type": "Polygon", "coordinates": [ [ [ 301908.37699108524248, 5720368.92664435505867 ], [ 301906.99733858788386, 5720356.51098118443042 ], [ 301911.933163767796941, 5720355.945725627243519 ], [ 301913.291709019395057, 5720368.436880473047495 ], [ 301908.37699108524248, 5720368.92664435505867 ] ] ] } },
{ "type": "Feature", "properties": { "name": "60ad4527-9031-e1fa-e053-0100007f5781" }, "geometry": { "type": "Polygon", "coordinates": [ [ [ 302090.429888921091333, 5720426.471097550354898 ], [ 302093.539034942979924, 5720426.259482796303928 ], [ 302093.826455522445031, 5720430.757285363040864 ], [ 302090.788686775253154, 5720430.933587271720171 ], [ 302090.429888921091333, 5720426.471097550354898 ] ] ] } },
{ "type": "Feature", "properties": { "name": "60ad4527-9033-e1fa-e053-0100007f5781" }, "geometry": { "type": "Polygon", "coordinates": [ [ [ 302337.740439988672733, 5720184.88463874347508 ], [ 302335.977295183110982, 5720183.166129991412163 ], [ 302338.209487702697515, 5720180.90899093542248 ], [ 302339.959770250949077, 5720182.628236650489271 ], [ 302337.740439988672733, 5720184.88463874347508 ] ] ] } },
{ "type": "Feature", "properties": { "name": "60ad4527-902f-e1fa-e053-0100007f5781" }, "geometry": { "type": "Polygon", "coordinates": [ [ [ 302033.183406593510881, 5720403.760800723917782 ], [ 302031.925854949746281, 5720386.389441246166825 ], [ 302042.461267258506268, 5720385.763435720466077 ], [ 302043.673804785008542, 5720403.399443528614938 ], [ 302039.669449595850892, 5720403.665194205008447 ], [ 302033.207268528989516, 5720404.019085885956883 ], [ 302033.183406593510881, 5720403.760800723917782 ] ] ] } },
{ "type": "Feature", "properties": { "name": "60ad4527-9030-e1fa-e053-0100007f5781" }, "geometry": { "type": "Polygon", "coordinates": [ [ [ 302128.903515148092993, 5720417.994481266476214 ], [ 302178.673183036735281, 5720414.350532454438508 ], [ 302179.596386530378368, 5720426.469428066164255 ], [ 302156.139839484472759, 5720428.167669026181102 ], [ 302156.15861487807706, 5720428.520479291677475 ], [ 302155.050510313769337, 5720429.763514781370759 ], [ 302153.365240767830983, 5720429.908999341540039 ], [ 302152.108955263043754, 5720428.816929625347257 ], [ 302152.072752647509333, 5720428.436226958408952 ], [ 302142.8285406146897, 5720429.108450693078339 ], [ 302142.86195843142923, 5720429.459868519566953 ], [ 302141.712711458269041, 5720430.736366050317883 ], [ 302140.140403963276185, 5720430.826784154400229 ], [ 302138.873653271002695, 5720429.780034063383937 ], [ 302138.834665825241245, 5720429.370046585798264 ], [ 302131.853739405807573, 5720429.915693828836083 ], [ 302131.860657215409447, 5720430.299181307666004 ], [ 302130.733733013446908, 5720431.499681965447962 ], [ 302129.120283106691204, 5720431.623562090098858 ], [ 302127.880032422486693, 5720430.544742356985807 ], [ 302127.768009878171142, 5720428.900615210644901 ], [ 302129.01000688248314, 5720427.511873959563673 ], [ 302129.551776030450128, 5720427.46035485342145 ], [ 302128.903515148092993, 5720417.994481266476214 ] ] ] } },
{ "type": "Feature", "properties": { "name": "60ad4527-902d-e1fa-e053-0100007f5781" }, "geometry": { "type": "Polygon", "coordinates": [ [ [ 302035.025794793269597, 5720421.775704188272357 ], [ 302034.747461892431602, 5720418.048165758140385 ], [ 302037.264569811348338, 5720415.15202150400728 ], [ 302041.060613774694502, 5720414.900379471480846 ], [ 302044.060020405100659, 5720417.462980446405709 ], [ 302044.115220194798894, 5720421.277172923088074 ], [ 302041.622786619525868, 5720424.082984727807343 ], [ 302037.812804440385662, 5720424.302894668653607 ], [ 302035.025794793269597, 5720421.775704188272357 ] ] ] } },
{ "type": "Feature", "properties": { "name": "60ad4527-902e-e1fa-e053-0100007f5781" }, "geometry": { "type": "Polygon", "coordinates": [ [ [ 302032.000697780051269, 5720408.628344437107444 ], [ 302031.632104853051715, 5720403.886753370985389 ], [ 302033.183406593510881, 5720403.760800723917782 ], [ 302033.207268528989516, 5720404.019085885956883 ], [ 302039.669449595850892, 5720403.665194205008447 ], [ 302039.951940420316532, 5720408.040204068645835 ], [ 302032.000697780051269, 5720408.628344437107444 ] ] ] } },
{ "type": "Feature", "properties": { "name": "60ad4527-902b-e1fa-e053-0100007f5781" }, "geometry": { "type": "Polygon", "coordinates": [ [ [ 302034.167846518917941, 5720424.67290229536593 ], [ 302033.3524479418993, 5720412.585200293920934 ], [ 302044.617750172270462, 5720411.763597319833934 ], [ 302045.489982939208858, 5720423.873442865908146 ], [ 302034.167846518917941, 5720424.67290229536593 ] ] ] } },
{ "type": "Feature", "properties": { "name": "60ad4527-902c-e1fa-e053-0100007f5781" }, "geometry": { "type": "Polygon", "coordinates": [ [ [ 302033.112829068151768, 5720424.224443534389138 ], [ 302032.000697780051269, 5720408.628344437107444 ], [ 302045.387175369076431, 5720407.638168689794838 ], [ 302046.084630946919788, 5720418.449238658882678 ], [ 302045.105886511621065, 5720418.540751001797616 ], [ 302044.617750172270462, 5720411.763597319833934 ], [ 302033.3524479418993, 5720412.585200293920934 ], [ 302034.132974792271852, 5720424.155953718349338 ], [ 302033.114800768031273, 5720424.245785398408771 ], [ 302033.112829068151768, 5720424.224443534389138 ] ] ] } },
{ "type": "Feature", "properties": { "name": "60ad4527-9029-e1fa-e053-0100007f5781" }, "geometry": { "type": "Polygon", "coordinates": [ [ [ 302019.764077527797781, 5720395.006854824721813 ], [ 302019.323667410120834, 5720389.106665541417897 ], [ 302022.281942159228493, 5720388.833362247794867 ], [ 302022.724749636952765, 5720394.759501285851002 ], [ 302019.764077527797781, 5720395.006854824721813 ] ] ] } },
{ "type": "Feature", "properties": { "name": "60ad4527-902a-e1fa-e053-0100007f5781" }, "geometry": { "type": "Polygon", "coordinates": [ [ [ 302018.154232746572234, 5720378.301777305081487 ], [ 302020.616827658261172, 5720378.172593623399734 ], [ 302020.954674556094687, 5720382.893789268098772 ], [ 302018.511330914567225, 5720383.053969674743712 ], [ 302018.154232746572234, 5720378.301777305081487 ] ] ] } },
{ "type": "Feature", "properties": { "name": "60ad4527-9110-e1fa-e053-0100007f5781" }, "geometry": { "type": "Polygon", "coordinates": [ [ [ 301368.302902657655068, 5720340.818440373986959 ], [ 301367.688884695759043, 5720325.883467596024275 ], [ 301376.222196824382991, 5720325.592023208737373 ], [ 301376.781967717572115, 5720340.477552999742329 ], [ 301368.302902657655068, 5720340.818440373986959 ] ] ] } },
{ "type": "Feature", "properties": { "name": "60ad4527-9111-e1fa-e053-0100007f5781" }, "geometry": { "type": "Polygon", "coordinates": [ [ [ 301362.780042201164179, 5720314.888815245591104 ], [ 301358.511711557279341, 5720305.186005648225546 ], [ 301372.492036422307137, 5720299.11654466856271 ], [ 301376.684351140575018, 5720308.705012284219265 ], [ 301362.780042201164179, 5720314.888815245591104 ] ] ] } },
{ "type": "Feature", "properties": { "name": "60ad4527-910c-e1fa-e053-0100007f5781" }, "geometry": { "type": "Polygon", "coordinates": [ [ [ 301489.47068236861378, 5720247.220321776345372 ], [ 301489.086291388084646, 5720241.871782717294991 ], [ 301493.874829609878361, 5720241.497139704413712 ], [ 301494.259610517474357, 5720246.868078813888133 ], [ 301489.47068236861378, 5720247.220321776345372 ] ] ] } },
{ "type": "Feature", "properties": { "name": "60ad4527-910d-e1fa-e053-0100007f5781" }, "geometry": { "type": "Polygon", "coordinates": [ [ [ 301498.894307904760353, 5720317.312211237847805 ], [ 301498.435673935106024, 5720310.500173288397491 ], [ 301505.417031107994262, 5720310.000807922333479 ], [ 301505.895208890782669, 5720316.850289713591337 ], [ 301498.894307904760353, 5720317.312211237847805 ] ] ] } },
{ "type": "Feature", "properties": { "name": "60ad4527-9054-e1fa-e053-0100007f5781" }, "geometry": { "type": "Polygon", "coordinates": [ [ [ 300445.646856704028323, 5720895.16541812941432 ], [ 300448.083146251854487, 5720894.954980940558016 ], [ 300448.31550251704175, 5720897.893284050747752 ], [ 300445.877701299148612, 5720898.069099583663046 ], [ 300445.646856704028323, 5720895.16541812941432 ] ] ] } },
{ "type": "Feature", "properties": { "name": "60ad4527-910b-e1fa-e053-0100007f5781" }, "geometry": { "type": "Polygon", "coordinates": [ [ [ 301414.702308710315265, 5720292.191833563148975 ], [ 301411.940203480422497, 5720254.554631825536489 ], [ 301413.120595866348594, 5720254.477430427446961 ], [ 301412.488283113925718, 5720245.963974673300982 ], [ 301412.076817852503154, 5720241.11873035132885 ], [ 301417.60733828926459, 5720240.714686358347535 ], [ 301417.861676294996869, 5720244.087555882520974 ], [ 301419.711744220985565, 5720243.981279252097011 ], [ 301419.822977792588063, 5720245.419374632649124 ], [ 301468.721113948675338, 5720241.795278578996658 ], [ 301468.275357347098179, 5720235.874456785619259 ], [ 301471.578058798448183, 5720235.628485604189336 ], [ 301472.023517207824625, 5720241.532177928835154 ], [ 301483.419680674560368, 5720240.695118337869644 ], [ 301483.966340406739619, 5720249.168872584588826 ], [ 301485.145482806954533, 5720249.049469668418169 ], [ 301487.990741047426127, 5720286.641969868913293 ], [ 301486.88558796379948, 5720286.674703602679074 ], [ 301487.320608384732623, 5720293.251030264422297 ], [ 301416.403610763722099, 5720298.560378617607057 ], [ 301415.920204098918475, 5720292.088441560976207 ], [ 301414.702308710315265, 5720292.191833563148975 ] ] ] } },
{ "type": "Feature", "properties": { "name": "60ad4527-904f-e1fa-e053-0100007f5781" }, "geometry": { "type": "Polygon", "coordinates": [ [ [ 301632.858899887360167, 5720081.805204398930073 ], [ 301639.625427872408181, 5720092.076712978072464 ], [ 301642.946310290019028, 5720097.042826710268855 ], [ 301646.195963455596939, 5720101.978596196509898 ], [ 301644.265236479695886, 5720103.310488261282444 ], [ 301640.981022771389689, 5720098.376826913096011 ], [ 301637.556458690902218, 5720093.417037612758577 ], [ 301630.861159951833542, 5720083.17587326746434 ], [ 301632.858899887360167, 5720081.805204398930073 ] ] ] } },
{ "type": "Feature", "properties": { "name": "60ad4527-9053-e1fa-e053-0100007f5781" }, "geometry": { "type": "Polygon", "coordinates": [ [ [ 300336.418768849223852, 5720764.650223494507372 ], [ 300336.166692556871567, 5720761.106070791371167 ], [ 300340.485375966876745, 5720760.772607756778598 ], [ 300340.797440494410694, 5720764.31451163534075 ], [ 300336.418768849223852, 5720764.650223494507372 ] ] ] } },
{ "type": "Feature", "properties": { "name": "60ad4527-904c-e1fa-e053-0100007f5781" }, "geometry": { "type": "Polygon", "coordinates": [ [ [ 301611.167755560192745, 5720104.656236720271409 ], [ 301609.027664950699545, 5720101.619428733363748 ], [ 301612.874109224183485, 5720098.959797758609056 ], [ 301614.967901045805775, 5720102.048919776454568 ], [ 301611.167755560192745, 5720104.656236720271409 ] ] ] } },
{ "type": "Feature", "properties": { "name": "60ad4527-904e-e1fa-e053-0100007f5781" }, "geometry": { "type": "Polygon", "coordinates": [ [ [ 301611.764060977846384, 5720090.272615817375481 ], [ 301614.987837748951279, 5720087.959931563585997 ], [ 301619.121559841325507, 5720085.210161188617349 ], [ 301622.991446404252201, 5720082.68461933452636 ], [ 301626.314688520738855, 5720080.296489506028593 ], [ 301628.887439826270565, 5720084.371631243266165 ], [ 301633.922674683853984, 5720081.046532511711121 ], [ 301634.891200383193791, 5720080.432427335530519 ], [ 301648.719714146689512, 5720101.269624345935881 ], [ 301642.927533204900101, 5720105.265300450846553 ], [ 301644.875638561090454, 5720108.199113706126809 ], [ 301641.684314229758456, 5720110.475129259750247 ], [ 301637.747414714132901, 5720113.039447984658182 ], [ 301633.749826677027158, 5720115.746225199662149 ], [ 301630.215004927944392, 5720118.077882792800665 ], [ 301611.764060977846384, 5720090.272615817375481 ] ] ] } },
{ "type": "Feature", "properties": { "name": "60ad4527-9045-e1fa-e053-0100007f5781" }, "geometry": { "type": "Polygon", "coordinates": [ [ [ 301879.629940391576383, 5720390.640836527571082 ], [ 301879.2968539489666, 5720387.601040366105735 ], [ 301883.430486709345132, 5720387.131328129209578 ], [ 301883.780984236858785, 5720390.170613830909133 ], [ 301879.629940391576383, 5720390.640836527571082 ] ] ] } },
{ "type": "Feature", "properties": { "name": "60ad4527-9046-e1fa-e053-0100007f5781" }, "geometry": { "type": "Polygon", "coordinates": [ [ [ 301883.006094964337535, 5720385.732259155251086 ], [ 301882.438152413989883, 5720380.62564661167562 ], [ 301885.47845902654808, 5720380.309971258044243 ], [ 301886.064323169004638, 5720385.433484436944127 ], [ 301883.006094964337535, 5720385.732259155251086 ] ] ] } },
{ "type": "Feature", "properties": { "name": "60ad4527-9043-e1fa-e053-0100007f5781" }, "geometry": { "type": "Polygon", "coordinates": [ [ [ 301879.621936085284688, 5720386.625761606730521 ], [ 301879.096413095481694, 5720381.567974777892232 ], [ 301879.895750408293679, 5720381.323400369845331 ], [ 301880.693903239676729, 5720381.482114597223699 ], [ 301881.201475578127429, 5720386.371321251615882 ], [ 301880.469028595311102, 5720386.6789754871279 ], [ 301879.621936085284688, 5720386.625761606730521 ] ] ] } },
{ "type": "Feature", "properties": { "name": "60ad4527-9044-e1fa-e053-0100007f5781" }, "geometry": { "type": "Polygon", "coordinates": [ [ [ 301880.3763647088781, 5720371.982437101192772 ], [ 301880.913475348497741, 5720371.667501563206315 ], [ 301881.547280863567721, 5720371.544853979721665 ], [ 301882.158902837545611, 5720371.552938680164516 ], [ 301882.854603722982574, 5720371.766689374111593 ], [ 301883.499303532764316, 5720377.783588238991797 ], [ 301883.014562040683813, 5720378.109996574930847 ], [ 301882.536720736476127, 5720378.228071570396423 ], [ 301881.873872782685794, 5720378.247505119070411 ], [ 301881.061960841179825, 5720378.063177919946611 ], [ 301880.3763647088781, 5720371.982437101192772 ] ] ] } },
{ "type": "Feature", "properties": { "name": "60ad4527-9041-e1fa-e053-0100007f5781" }, "geometry": { "type": "Polygon", "coordinates": [ [ [ 301824.598492580349557, 5720392.595518711954355 ], [ 301823.804161455249414, 5720391.905811020173132 ], [ 301823.368441561353393, 5720390.940762320533395 ], [ 301823.35299108189065, 5720389.71893625240773 ], [ 301823.907447630423121, 5720388.480401461012661 ], [ 301845.387488464824855, 5720385.996854274533689 ], [ 301845.937573674484156, 5720386.693722845055163 ], [ 301846.573783404775895, 5720388.243661754764616 ], [ 301846.344988018274307, 5720389.472648679278791 ], [ 301845.775016286817845, 5720390.181984066031873 ], [ 301824.598492580349557, 5720392.595518711954355 ] ] ] } },
{ "type": "Feature", "properties": { "name": "60ad4527-9042-e1fa-e053-0100007f5781" }, "geometry": { "type": "Polygon", "coordinates": [ [ [ 301853.633446627878584, 5720389.320077773183584 ], [ 301852.839115527574904, 5720388.630370086990297 ], [ 301852.403395631816238, 5720387.665321375243366 ], [ 301852.387945159105584, 5720386.443495289422572 ], [ 301852.942401698441245, 5720385.204960535280406 ], [ 301874.422442514915019, 5720382.721413327381015 ], [ 301874.972527743317187, 5720383.418281914666295 ], [ 301875.608737475704402, 5720384.968220809474587 ], [ 301875.379942090250552, 5720386.197207751683891 ], [ 301874.809970361297019, 5720386.906543134711683 ], [ 301853.633446627878584, 5720389.320077773183584 ] ] ] } },
{ "type": "Feature", "properties": { "name": "70166611-9a34-0e44-e053-0100007f50ba" }, "geometry": { "type": "Polygon", "coordinates": [ [ [ 302893.211999879276846, 5721019.803061345592141 ], [ 302870.98700003430713, 5721018.236061502248049 ], [ 302870.051682935503777, 5721018.01615094114095 ], [ 302869.233890825882554, 5721017.511775300838053 ], [ 302868.617541900428478, 5721016.774691356346011 ], [ 302868.265883165004198, 5721015.880535406060517 ], [ 302868.215000271447934, 5721014.921061768196523 ], [ 302870.902999880083371, 5720990.026061341166496 ], [ 302897.61499987822026, 5720992.007061346434057 ], [ 302896.419999877747614, 5721016.954061335884035 ], [ 302896.224480542587116, 5721017.885938111692667 ], [ 302895.746660567179788, 5721018.7095339987427 ], [ 302895.034720477531664, 5721019.341802497394383 ], [ 302894.160448105365504, 5721019.718989370390773 ], [ 302893.211999879276846, 5721019.803061345592141 ] ] ] } },
{ "type": "Feature", "properties": { "name": "70166611-9a35-0e44-e053-0100007f50ba" }, "geometry": { "type": "Polygon", "coordinates": [ [ [ 302860.2119998774142, 5721017.734061335213482 ], [ 302837.743000151240267, 5721016.31406176276505 ], [ 302836.809742359328084, 5721016.102752638980746 ], [ 302835.990526492299978, 5721015.608276132494211 ], [ 302835.36872999597108, 5721014.880958614870906 ], [ 302835.007637529401109, 5721013.994824378751218 ], [ 302834.944000037270598, 5721013.040061617270112 ], [ 302837.734999880020041, 5720987.565061337314546 ], [ 302864.459999881568365, 5720989.585061339661479 ], [ 302863.397999877866823, 5721014.863061333075166 ], [ 302863.208926424442325, 5721015.79573293402791 ], [ 302862.737160478136502, 5721016.622208563610911 ], [ 302862.030206886352971, 5721017.259265613742173 ], [ 302861.159252885961905, 5721017.642755134031177 ], [ 302860.2119998774142, 5721017.734061335213482 ] ] ] } },
{ "type": "Feature", "properties": { "name": "70166611-9a32-0e44-e053-0100007f50ba" }, "geometry": { "type": "Polygon", "coordinates": [ [ [ 302738.425999875646085, 5721195.190061322413385 ], [ 302727.216999878175557, 5721172.665061319246888 ], [ 302750.949999876203947, 5721160.195061316713691 ], [ 302763.859999877982773, 5721180.784061317332089 ], [ 302764.234146760776639, 5721181.67278566211462 ], [ 302764.307056239980739, 5721182.634295435622334 ], [ 302764.071197430952452, 5721183.569275364279747 ], [ 302763.550932418438606, 5721184.381150458008051 ], [ 302762.799999882292468, 5721184.986061323434114 ], [ 302742.593999882228673, 5721196.462061315774918 ], [ 302741.683056341251358, 5721196.798890629783273 ], [ 302740.712242225476075, 5721196.827034269459546 ], [ 302739.783315733307973, 5721196.543542308732867 ], [ 302738.993644524831325, 5721195.97812963090837 ], [ 302738.425999875646085, 5721195.190061322413385 ] ] ] } },
{ "type": "Feature", "properties": { "name": "70166611-9a33-0e44-e053-0100007f50ba" }, "geometry": { "type": "Polygon", "coordinates": [ [ [ 302833.811999877798371, 5721058.48406133800745 ], [ 302831.389999878127128, 5721056.430061327293515 ], [ 302830.579999874345958, 5721055.765061334706843 ], [ 302830.354999879607931, 5721053.299061334691942 ], [ 302831.407999876129907, 5721043.062061336822808 ], [ 302832.897999877051916, 5721028.564061335287988 ], [ 302859.646999879973009, 5721030.541061334311962 ], [ 302857.695999873685651, 5721057.825061336159706 ], [ 302838.93899987655459, 5721058.275061329826713 ], [ 302833.811999877798371, 5721058.48406133800745 ] ] ] } },
{ "type": "Feature", "properties": { "name": "70166611-9a2f-0e44-e053-0100007f50ba" }, "geometry": { "type": "Polygon", "coordinates": [ [ [ 302647.88799987710081, 5721299.793061298318207 ], [ 302633.955999879050069, 5721314.2470612982288 ], [ 302625.247999878716655, 5721314.674061297439039 ], [ 302614.565999880316667, 5721304.652061295695603 ], [ 302614.383999877609313, 5721295.882061298005283 ], [ 302628.473999876063317, 5721281.263061297126114 ], [ 302647.88799987710081, 5721299.793061298318207 ] ] ] } },
{ "type": "Feature", "properties": { "name": "70166611-9a31-0e44-e053-0100007f50ba" }, "geometry": { "type": "Polygon", "coordinates": [ [ [ 302775.665999579126947, 5721172.701061768457294 ], [ 302756.389999878476374, 5721155.894061322323978 ], [ 302774.417999879515264, 5721136.027061322703958 ], [ 302792.943999876384623, 5721152.767061327584088 ], [ 302793.526332177454606, 5721153.484976896084845 ], [ 302793.862354329088703, 5721154.346140515059233 ], [ 302793.920140340866055, 5721155.268731683492661 ], [ 302793.694199874997139, 5721156.165093540214002 ], [ 302793.205999880214222, 5721156.950061330571771 ], [ 302779.911000248044729, 5721172.397061724215746 ], [ 302779.191677916853223, 5721173.005755179561675 ], [ 302778.319024271972012, 5721173.361294149421155 ], [ 302777.379129702690989, 5721173.428603430278599 ], [ 302776.464718150789849, 5721173.201042759232223 ], [ 302775.665999579126947, 5721172.701061768457294 ] ] ] } },
{ "type": "Feature", "properties": { "name": "70166611-9a2d-0e44-e053-0100007f50ba" }, "geometry": { "type": "Polygon", "coordinates": [ [ [ 302707.933999882545322, 5721327.917061309330165 ], [ 302699.685999884502962, 5721349.49106131028384 ], [ 302691.721999880974181, 5721353.266061314381659 ], [ 302680.126999881933443, 5721348.716061309911311 ], [ 302675.834999882790726, 5721338.577061300165951 ], [ 302682.178999878349714, 5721320.308061314746737 ], [ 302707.933999882545322, 5721327.917061309330165 ] ] ] } },
{ "type": "Feature", "properties": { "name": "70166611-9a2e-0e44-e053-0100007f50ba" }, "geometry": { "type": "Polygon", "coordinates": [ [ [ 302676.22899987641722, 5721317.700061311013997 ], [ 302665.184999880904797, 5721335.131061309948564 ], [ 302656.318999879760668, 5721337.377061309292912 ], [ 302643.945999876887072, 5721327.76306129898876 ], [ 302643.293999880668707, 5721321.542061305604875 ], [ 302653.305999884847552, 5721303.750061303377151 ], [ 302676.22899987641722, 5721317.700061311013997 ] ] ] } },
{ "type": "Feature", "properties": { "name": "70166611-9a2b-0e44-e053-0100007f50ba" }, "geometry": { "type": "Polygon", "coordinates": [ [ [ 302773.480999876977876, 5721339.97906132414937 ], [ 302770.539999876345973, 5721360.824061317369342 ], [ 302763.900999880745076, 5721367.781061323359609 ], [ 302752.120999876991846, 5721366.889061317779124 ], [ 302745.836999879858922, 5721360.759061315096915 ], [ 302746.705999879282899, 5721338.213061315007508 ], [ 302773.480999876977876, 5721339.97906132414937 ] ] ] } },
{ "type": "Feature", "properties": { "name": "70166611-9a2c-0e44-e053-0100007f50ba" }, "geometry": { "type": "Polygon", "coordinates": [ [ [ 302740.054999879212119, 5721337.389061320573092 ], [ 302732.360999878379516, 5721362.613061318174005 ], [ 302714.697999880765565, 5721358.057061315514147 ], [ 302708.685999884502962, 5721350.613061311654747 ], [ 302714.33099988126196, 5721329.823061319068074 ], [ 302740.054999879212119, 5721337.389061320573092 ] ] ] } },
{ "type": "Feature", "properties": { "name": "70166611-9a29-0e44-e053-0100007f50ba" }, "geometry": { "type": "Polygon", "coordinates": [ [ [ 303379.974999877158552, 5720395.915061417967081 ], [ 303384.260999878577422, 5720414.451061423867941 ], [ 303379.760999873105902, 5720424.283061414025724 ], [ 303364.00299987627659, 5720427.064061414450407 ], [ 303355.869999879039824, 5720419.46106141526252 ], [ 303353.54099987592781, 5720400.559061414562166 ], [ 303379.974999877158552, 5720395.915061417967081 ] ] ] } },
{ "type": "Feature", "properties": { "name": "70166611-9a2a-0e44-e053-0100007f50ba" }, "geometry": { "type": "Polygon", "coordinates": [ [ [ 303412.931999876047485, 5720390.172061428427696 ], [ 303417.181999875814654, 5720408.709061427041888 ], [ 303412.682999870041385, 5720418.54206142667681 ], [ 303396.92399987380486, 5720421.323061421513557 ], [ 303388.79099987319205, 5720413.720061424188316 ], [ 303386.5029998710379, 5720394.793061419390142 ], [ 303412.931999876047485, 5720390.172061428427696 ] ] ] } },
{ "type": "Feature", "properties": { "name": "70166611-9a27-0e44-e053-0100007f50ba" }, "geometry": { "type": "Polygon", "coordinates": [ [ [ 301314.403999884845689, 5720362.137061079964042 ], [ 301296.189999888883904, 5720381.92606108263135 ], [ 301281.557999887561891, 5720369.820061078295112 ], [ 301279.165999887336511, 5720359.27606107480824 ], [ 301290.001999891363084, 5720347.501061078161001 ], [ 301301.080999889527448, 5720348.606061081402004 ], [ 301314.403999884845689, 5720362.137061079964042 ] ] ] } },
{ "type": "Feature", "properties": { "name": "70166611-9a28-0e44-e053-0100007f50ba" }, "geometry": { "type": "Polygon", "coordinates": [ [ [ 301327.739999888755847, 5720418.480061084963381 ], [ 301303.252999889664352, 5720429.429061084985733 ], [ 301294.590999884647317, 5720412.525061078369617 ], [ 301296.558999890345149, 5720401.893061076290905 ], [ 301311.163999886717647, 5720395.356061083264649 ], [ 301320.905999889597297, 5720400.747061090543866 ], [ 301327.739999888755847, 5720418.480061084963381 ] ] ] } },
{ "type": "Feature", "properties": { "name": "70166611-9a25-0e44-e053-0100007f50ba" }, "geometry": { "type": "Polygon", "coordinates": [ [ [ 301269.081999885034747, 5720411.390061072073877 ], [ 301250.934999886434525, 5720431.157061068341136 ], [ 301236.280999885813799, 5720419.033061073161662 ], [ 301233.888999884831719, 5720408.487061065621674 ], [ 301244.72499989165226, 5720396.713061067275703 ], [ 301255.80499989137752, 5720397.81806106865406 ], [ 301269.081999885034747, 5720411.390061072073877 ] ] ] } },
{ "type": "Feature", "properties": { "name": "70166611-9a26-0e44-e053-0100007f50ba" }, "geometry": { "type": "Polygon", "coordinates": [ [ [ 301291.7369998889626, 5720386.774061075411737 ], [ 301273.538999888347462, 5720406.473061080090702 ], [ 301258.897999884793535, 5720394.359061078168452 ], [ 301257.288116395822726, 5720382.829723253846169 ], [ 301267.341999888187274, 5720372.040061074309051 ], [ 301278.42099988553673, 5720373.145061078481376 ], [ 301291.7369998889626, 5720386.774061075411737 ] ] ] } },
{ "type": "Feature", "properties": { "name": "70166611-9a30-0e44-e053-0100007f50ba" }, "geometry": { "type": "Polygon", "coordinates": [ [ [ 302796.813999827252701, 5721147.746061372570693 ], [ 302778.758999876969028, 5721131.30606132466346 ], [ 302796.722999881836586, 5721111.433061331510544 ], [ 302814.863999879511539, 5721128.21706132683903 ], [ 302815.444624875788577, 5721128.954868378117681 ], [ 302815.768938524066471, 5721129.835950263775885 ], [ 302815.805217789020389, 5721130.774123196490109 ], [ 302815.549913986120373, 5721131.677618955262005 ], [ 302815.027999883750454, 5721132.458061332814395 ], [ 302801.034999130526558, 5721147.567061394453049 ], [ 302800.301544995047152, 5721148.144571276381612 ], [ 302799.426126504200511, 5721148.4687858838588 ], [ 302798.49343779211631, 5721148.508338424377143 ], [ 302797.593713697162457, 5721148.259402307681739 ], [ 302796.813999827252701, 5721147.746061372570693 ] ] ] } },
{ "type": "Feature", "properties": { "name": "70166611-9a3a-0e44-e053-0100007f50ba" }, "geometry": { "type": "Polygon", "coordinates": [ [ [ 302266.713999882689677, 5721031.378061235882342 ], [ 302239.265999884577468, 5721033.378061239607632 ], [ 302236.386999881768133, 5721012.251061231829226 ], [ 302242.375999879557639, 5721006.23506123572588 ], [ 302251.154999882448465, 5721004.542061235755682 ], [ 302260.462999884155579, 5721006.32106124330312 ], [ 302264.303999881551135, 5721011.327061236836016 ], [ 302266.713999882689677, 5721031.378061235882342 ] ] ] } },
{ "type": "Feature", "properties": { "name": "60ad4527-92f5-e1fa-e053-0100007f5781" }, "geometry": { "type": "Polygon", "coordinates": [ [ [ 303017.412519832199905, 5720756.051880024373531 ], [ 303017.180948634631932, 5720753.082237401045859 ], [ 303019.660683649941348, 5720752.90372140519321 ], [ 303019.89082622458227, 5720755.848167288117111 ], [ 303017.412519832199905, 5720756.051880024373531 ] ] ] } },
{ "type": "Feature", "properties": { "name": "70166611-9a38-0e44-e053-0100007f50ba" }, "geometry": { "type": "Polygon", "coordinates": [ [ [ 302380.597999886318576, 5721011.403061265125871 ], [ 302378.032999883114826, 5720995.233061265200377 ], [ 302381.320999877760187, 5720991.258061257191002 ], [ 302404.32599988457514, 5720989.589061263948679 ], [ 302405.56099988182541, 5721009.523061259649694 ], [ 302401.609999880893156, 5721009.851061263121665 ], [ 302401.555999885895289, 5721009.292061256244779 ], [ 302384.526999882538803, 5721010.552061260677874 ], [ 302384.553999883006327, 5721011.13106126524508 ], [ 302380.597999886318576, 5721011.403061265125871 ] ] ] } },
{ "type": "Feature", "properties": { "name": "70166611-9a39-0e44-e053-0100007f50ba" }, "geometry": { "type": "Polygon", "coordinates": [ [ [ 302308.179999882122502, 5721028.321061248891056 ], [ 302268.409999885130674, 5721031.275061237625778 ], [ 302266.985999886761419, 5721010.483061245642602 ], [ 302286.663999883399811, 5721007.687061246484518 ], [ 302306.948999884072691, 5721007.551061247475445 ], [ 302308.179999882122502, 5721028.321061248891056 ] ] ] } },
{ "type": "Feature", "properties": { "name": "70166611-9a36-0e44-e053-0100007f50ba" }, "geometry": { "type": "Polygon", "coordinates": [ [ [ 302437.869999880320393, 5721007.428061273880303 ], [ 302413.668999881250784, 5721009.220061260275543 ], [ 302411.967999880434945, 5720986.710061266086996 ], [ 302423.899999879766256, 5720978.246061268262565 ], [ 302435.892999881180003, 5720983.880061272531748 ], [ 302437.869999880320393, 5721007.428061273880303 ] ] ] } },
{ "type": "Feature", "properties": { "name": "70166611-9a37-0e44-e053-0100007f50ba" }, "geometry": { "type": "Polygon", "coordinates": [ [ [ 302372.566999885661062, 5721012.359061253257096 ], [ 302348.38099988369504, 5721014.225061253644526 ], [ 302345.807999883079901, 5720993.880061253905296 ], [ 302348.009999884641729, 5720987.849061255343258 ], [ 302357.983999883756042, 5720983.418061258271337 ], [ 302367.010999880847521, 5720985.526061262004077 ], [ 302371.273999879194889, 5720992.121061254292727 ], [ 302372.566999885661062, 5721012.359061253257096 ] ] ] } },
{ "type": "Feature", "properties": { "name": "60ad4527-92a7-e1fa-e053-0100007f5781" }, "geometry": { "type": "Polygon", "coordinates": [ [ [ 303505.205330460448749, 5720393.121120044961572 ], [ 303501.101754158211406, 5720395.864607833325863 ], [ 303498.554861610988155, 5720392.055089206434786 ], [ 303492.546066278475337, 5720396.072330662049353 ], [ 303478.379094401374459, 5720374.882059712894261 ], [ 303484.387889759149402, 5720370.864818249829113 ], [ 303482.45143966388423, 5720367.968369907699525 ], [ 303497.036196367524099, 5720358.217582002282143 ], [ 303515.686510652361903, 5720386.113820220343769 ], [ 303511.834385458612815, 5720388.689197783358395 ], [ 303514.161687246756628, 5720392.16852080821991 ], [ 303507.532632273039781, 5720396.600443090312183 ], [ 303505.205330460448749, 5720393.121120044961572 ] ] ] } },
{ "type": "Feature", "properties": { "name": "60ad4527-92a8-e1fa-e053-0100007f5781" }, "geometry": { "type": "Polygon", "coordinates": [ [ [ 303512.459565015393309, 5720374.20604829583317 ], [ 303516.330027122981846, 5720371.577840755693614 ], [ 303518.426806466304697, 5720374.664108628407121 ], [ 303514.556344336597249, 5720377.292316179722548 ], [ 303512.459565015393309, 5720374.20604829583317 ] ] ] } },
{ "type": "Feature", "properties": { "name": "60ad4527-929e-e1fa-e053-0100007f5781" }, "geometry": { "type": "Polygon", "coordinates": [ [ [ 303306.009990690159611, 5720189.316836304962635 ], [ 303312.087505550356582, 5720188.92206044215709 ], [ 303312.631262580631301, 5720197.293118094094098 ], [ 303306.553747723577544, 5720197.68789395224303 ], [ 303306.009990690159611, 5720189.316836304962635 ] ] ] } },
{ "type": "Feature", "properties": { "name": "60ad4527-929f-e1fa-e053-0100007f5781" }, "geometry": { "type": "Polygon", "coordinates": [ [ [ 303210.336971585755236, 5720316.796020243316889 ], [ 303209.950614950736053, 5720311.368350030854344 ], [ 303207.716849944670685, 5720311.527355647645891 ], [ 303207.321483419742435, 5720305.973317696712911 ], [ 303215.246027873537969, 5720305.409205582924187 ], [ 303215.069198890938424, 5720302.925915621221066 ], [ 303217.877818171982653, 5720302.72598285228014 ], [ 303217.658774157578591, 5720299.648892377503216 ], [ 303225.860688897548243, 5720299.065035560168326 ], [ 303226.256561873364262, 5720304.625415997579694 ], [ 303227.038299841573462, 5720315.607128988951445 ], [ 303210.336971585755236, 5720316.796020243316889 ] ] ] } },
{ "type": "Feature", "properties": { "name": "60ad4527-929c-e1fa-e053-0100007f5781" }, "geometry": { "type": "Polygon", "coordinates": [ [ [ 303323.30374681216199, 5720260.179211465641856 ], [ 303317.336011263250839, 5720260.743605657480657 ], [ 303316.811882467416581, 5720255.201624310575426 ], [ 303322.77961801784113, 5720254.63723012804985 ], [ 303323.30374681216199, 5720260.179211465641856 ] ] ] } },
{ "type": "Feature", "properties": { "name": "60ad4527-929d-e1fa-e053-0100007f5781" }, "geometry": { "type": "Polygon", "coordinates": [ [ [ 303351.913028141250834, 5720206.13166119530797 ], [ 303347.65290734503651, 5720202.468763085082173 ], [ 303352.391879268689081, 5720196.957118389196694 ], [ 303356.652000067173503, 5720200.620016505941749 ], [ 303360.350001687242184, 5720196.31906870007515 ], [ 303385.768386456009466, 5720218.174071837216616 ], [ 303374.407681721320841, 5720231.387099628336728 ], [ 303371.908162205247208, 5720229.23798558767885 ], [ 303367.169883674534503, 5720234.748823840171099 ], [ 303348.218495366862044, 5720218.454214419238269 ], [ 303352.956773896235973, 5720212.943376208655536 ], [ 303348.989296982821543, 5720209.532096483744681 ], [ 303351.913028141250834, 5720206.13166119530797 ] ] ] } },
{ "type": "Feature", "properties": { "name": "60ad4527-929a-e1fa-e053-0100007f5781" }, "geometry": { "type": "Polygon", "coordinates": [ [ [ 303173.924890129594132, 5720225.552400040440261 ], [ 303175.129867858951911, 5720225.463363211601973 ], [ 303174.477530235133599, 5720216.711302566342056 ], [ 303260.87231508991681, 5720210.327519848942757 ], [ 303261.52465273917187, 5720219.079580533318222 ], [ 303262.753311988606583, 5720218.988793877884746 ], [ 303265.516220585966948, 5720256.37732782587409 ], [ 303264.314150855701882, 5720256.466149771586061 ], [ 303264.819697708939202, 5720263.386431677266955 ], [ 303262.814360280521214, 5720263.534566464833915 ], [ 303262.969399069144856, 5720265.65451517701149 ], [ 303260.190052673453465, 5720265.859826211817563 ], [ 303260.035013885702938, 5720263.739877490326762 ], [ 303193.800510828383267, 5720268.632637122645974 ], [ 303191.058492274023592, 5720268.836708640679717 ], [ 303178.399004459031858, 5720269.772128764539957 ], [ 303177.893457599333487, 5720262.851846853271127 ], [ 303176.687798735743854, 5720262.940933984704316 ], [ 303173.924890129594132, 5720225.552400040440261 ] ] ] } },
{ "type": "Feature", "properties": { "name": "60ad4527-929b-e1fa-e053-0100007f5781" }, "geometry": { "type": "Polygon", "coordinates": [ [ [ 303288.865810317918658, 5720274.958604177460074 ], [ 303287.900968210306019, 5720259.93663109652698 ], [ 303298.353280134266242, 5720259.265292489901185 ], [ 303299.318122241296805, 5720274.287265573628247 ], [ 303288.865810317918658, 5720274.958604177460074 ] ] ] } },
{ "type": "Feature", "properties": { "name": "60ad4527-9298-e1fa-e053-0100007f5781" }, "geometry": { "type": "Polygon", "coordinates": [ [ [ 303213.660736032121349, 5720283.535745219327509 ], [ 303207.819011443061754, 5720284.010066356509924 ], [ 303207.585041992482729, 5720281.128498436883092 ], [ 303213.426766556163784, 5720280.654177286662161 ], [ 303213.660736032121349, 5720283.535745219327509 ] ] ] } },
{ "type": "Feature", "properties": { "name": "60ad4527-9299-e1fa-e053-0100007f5781" }, "geometry": { "type": "Polygon", "coordinates": [ [ [ 303193.981343335995916, 5720270.745278053916991 ], [ 303196.133206389495172, 5720270.591722914949059 ], [ 303197.131751412700396, 5720284.520649716258049 ], [ 303189.921538850758225, 5720285.035164332948625 ], [ 303188.922993823769502, 5720271.106237545609474 ], [ 303191.177173656295054, 5720270.9453811859712 ], [ 303191.058492274023592, 5720268.836708640679717 ], [ 303193.800510828383267, 5720268.632637122645974 ], [ 303193.981343335995916, 5720270.745278053916991 ] ] ] } },
{ "type": "Feature", "properties": { "name": "60ad4527-9296-e1fa-e053-0100007f5781" }, "geometry": { "type": "Polygon", "coordinates": [ [ [ 303226.654826493002474, 5720276.649750405922532 ], [ 303238.16793305426836, 5720275.791309309192002 ], [ 303238.6071374155581, 5720281.680057649500668 ], [ 303227.094030854699668, 5720282.538498711772263 ], [ 303226.654826493002474, 5720276.649750405922532 ] ] ] } },
{ "type": "Feature", "properties": { "name": "60ad4527-9297-e1fa-e053-0100007f5781" }, "geometry": { "type": "Polygon", "coordinates": [ [ [ 303251.714067022199742, 5720275.657563921995461 ], [ 303257.220727581647225, 5720275.227552064694464 ], [ 303257.608753221575171, 5720280.196543772704899 ], [ 303256.757019634358585, 5720280.263055133633316 ], [ 303256.94226333592087, 5720282.63525503128767 ], [ 303254.072841927525587, 5720282.859326468780637 ], [ 303253.887598224799149, 5720280.48712654504925 ], [ 303252.102092669694684, 5720280.626555643044412 ], [ 303251.714067022199742, 5720275.657563921995461 ] ] ] } },
{ "type": "Feature", "properties": { "name": "60ad4527-9293-e1fa-e053-0100007f5781" }, "geometry": { "type": "Polygon", "coordinates": [ [ [ 303116.897304289625026, 5720353.957748495042324 ], [ 303119.750827883195598, 5720350.23645481094718 ], [ 303122.728173013078049, 5720352.519197161309421 ], [ 303119.87464942492079, 5720356.240490823984146 ], [ 303116.897304289625026, 5720353.957748495042324 ] ] ] } },
{ "type": "Feature", "properties": { "name": "60ad4527-9295-e1fa-e053-0100007f5781" }, "geometry": { "type": "Polygon", "coordinates": [ [ [ 303149.104905648622662, 5720273.108091467060149 ], [ 303159.421212427318096, 5720272.362071333453059 ], [ 303160.334534858935513, 5720284.991910551674664 ], [ 303161.716671033354942, 5720284.891961849294603 ], [ 303161.959147803834639, 5720288.245041528716683 ], [ 303160.577011655841488, 5720288.34499024040997 ], [ 303161.03254019835731, 5720294.644242166541517 ], [ 303150.716234727064148, 5720295.390263022854924 ], [ 303149.104905648622662, 5720273.108091467060149 ] ] ] } },
{ "type": "Feature", "properties": { "name": "60ad4527-928d-e1fa-e053-0100007f5781" }, "geometry": { "type": "Polygon", "coordinates": [ [ [ 302988.887019346584566, 5720195.080762274563313 ], [ 302985.96007518528495, 5720192.796352204866707 ], [ 302988.802059862529859, 5720189.155293019488454 ], [ 302991.729004022083245, 5720191.439703093841672 ], [ 302988.887019346584566, 5720195.080762274563313 ] ] ] } },
{ "type": "Feature", "properties": { "name": "60ad4527-9292-e1fa-e053-0100007f5781" }, "geometry": { "type": "Polygon", "coordinates": [ [ [ 303104.92145531042479, 5720333.961085849441588 ], [ 303115.720924873021431, 5720319.839884952642024 ], [ 303118.508756539784372, 5720321.971934761852026 ], [ 303122.776605746767018, 5720316.391368443146348 ], [ 303142.779482834914234, 5720331.688967004418373 ], [ 303138.550955839047674, 5720337.218116307631135 ], [ 303142.474649904412217, 5720340.218839423730969 ], [ 303139.382992431987077, 5720344.261439599096775 ], [ 303142.382487887167372, 5720346.555394109338522 ], [ 303137.698402828071266, 5720352.6801180196926 ], [ 303134.698907369282097, 5720350.386163487099111 ], [ 303131.637819787254557, 5720354.390123378485441 ], [ 303104.92145531042479, 5720333.961085849441588 ] ] ] } },
{ "type": "Feature", "properties": { "name": "70166611-9a23-0e44-e053-0100007f50ba" }, "geometry": { "type": "Polygon", "coordinates": [ [ [ 301238.313999891921412, 5720364.184061077423394 ], [ 301217.070999885094352, 5720380.580061066895723 ], [ 301204.430999891425017, 5720365.346061065793037 ], [ 301205.013999888557009, 5720354.82806106749922 ], [ 301217.316999891656451, 5720345.158061064779758 ], [ 301227.547999889357015, 5720348.714061065576971 ], [ 301238.313999891921412, 5720364.184061077423394 ] ] ] } },
{ "type": "Feature", "properties": { "name": "70166611-9a24-0e44-e053-0100007f50ba" }, "geometry": { "type": "Polygon", "coordinates": [ [ [ 301265.122999891056679, 5720343.268061073496938 ], [ 301243.947999888681807, 5720359.803061071783304 ], [ 301231.477999892085791, 5720345.480061064474285 ], [ 301230.831999885151163, 5720334.687061067670584 ], [ 301243.43799989123363, 5720324.830061075277627 ], [ 301254.82667637639679, 5720327.999024893157184 ], [ 301265.122999891056679, 5720343.268061073496938 ] ] ] } },
{ "type": "Feature", "properties": { "name": "70166611-9a21-0e44-e053-0100007f50ba" }, "geometry": { "type": "Polygon", "coordinates": [ [ [ 301146.847999891266227, 5720233.482061053626239 ], [ 301140.895999891334213, 5720215.409061058424413 ], [ 301144.483999890740961, 5720205.208061050623655 ], [ 301159.923999892256688, 5720201.007061054930091 ], [ 301168.713999887637328, 5720207.84006105735898 ], [ 301172.737999889417551, 5720226.438061064109206 ], [ 301146.847999891266227, 5720233.482061053626239 ] ] ] } },
{ "type": "Feature", "properties": { "name": "70166611-9a22-0e44-e053-0100007f50ba" }, "geometry": { "type": "Polygon", "coordinates": [ [ [ 301190.665999892633408, 5720401.133061058819294 ], [ 301178.174999893351924, 5720386.782061064615846 ], [ 301177.528999885020312, 5720375.988061062060297 ], [ 301190.13499988662079, 5720366.133061058819294 ], [ 301200.886999887996353, 5720369.024061066098511 ], [ 301211.762999885948375, 5720384.614061070606112 ], [ 301190.665999892633408, 5720401.133061058819294 ] ] ] } },
{ "type": "Feature", "properties": { "name": "70166611-9a1f-0e44-e053-0100007f50ba" }, "geometry": { "type": "Polygon", "coordinates": [ [ [ 301022.349999888683669, 5720337.800061039626598 ], [ 301004.227999891503714, 5720357.609061032533646 ], [ 300989.546999889309518, 5720345.509061028249562 ], [ 300987.133999890647829, 5720334.968061028979719 ], [ 300997.945999886491336, 5720323.172061026096344 ], [ 301009.026999893016182, 5720324.255061026662588 ], [ 301022.349999888683669, 5720337.800061039626598 ] ] ] } },
{ "type": "Feature", "properties": { "name": "70166611-9a20-0e44-e053-0100007f50ba" }, "geometry": { "type": "Polygon", "coordinates": [ [ [ 301045.07499989005737, 5720313.080061034299433 ], [ 301026.913999894051813, 5720332.841061036102474 ], [ 301012.252999885124154, 5720320.77206103131175 ], [ 301009.841999892494641, 5720310.231061028316617 ], [ 301020.653999889153056, 5720298.435061033815145 ], [ 301031.734999890381005, 5720299.51906103361398 ], [ 301045.07499989005737, 5720313.080061034299433 ] ] ] } },
{ "type": "Feature", "properties": { "name": "60ad4527-9561-e1fa-e053-0100007f5781" }, "geometry": { "type": "Polygon", "coordinates": [ [ [ 303272.302145020919852, 5720203.848786665126681 ], [ 303278.305033106007613, 5720203.42841721046716 ], [ 303278.880743880057707, 5720210.647935215383768 ], [ 303272.862849563302007, 5720211.10442718397826 ], [ 303272.302145020919852, 5720203.848786665126681 ] ] ] } },
{ "type": "Feature", "properties": { "name": "60ad4527-9562-e1fa-e053-0100007f5781" }, "geometry": { "type": "Polygon", "coordinates": [ [ [ 301652.827100903377868, 5720019.075448325835168 ], [ 301648.734832598653156, 5720023.622576525434852 ], [ 301644.216057499172166, 5720019.604361534118652 ], [ 301648.235373098112177, 5720015.110637717880309 ], [ 301652.827100903377868, 5720019.075448325835168 ] ] ] } },
{ "type": "Feature", "properties": { "name": "60ad4527-955d-e1fa-e053-0100007f5781" }, "geometry": { "type": "Polygon", "coordinates": [ [ [ 301831.83833358582342, 5720421.377872443757951 ], [ 301830.215825967607088, 5720420.092979501932859 ], [ 301832.109274751914199, 5720417.678602833300829 ], [ 301833.765998294926248, 5720418.949922078289092 ], [ 301831.83833358582342, 5720421.377872443757951 ] ] ] } },
{ "type": "Feature", "properties": { "name": "60ad4527-955e-e1fa-e053-0100007f5781" }, "geometry": { "type": "Polygon", "coordinates": [ [ [ 301928.08580692007672, 5720176.231910238973796 ], [ 301924.545563698047772, 5720178.070462523028255 ], [ 301922.235507900710218, 5720173.622034238651395 ], [ 301925.775751117325854, 5720171.783481963910162 ], [ 301928.08580692007672, 5720176.231910238973796 ] ] ] } },
{ "type": "Feature", "properties": { "name": "60ad4527-92fc-e1fa-e053-0100007f5781" }, "geometry": { "type": "Polygon", "coordinates": [ [ [ 302589.97361562482547, 5720027.057763019576669 ], [ 302599.126006701553706, 5720026.4079754864797 ], [ 302607.791599202319048, 5720138.954590482637286 ], [ 302598.617127109202556, 5720139.656066358089447 ], [ 302595.093802550167311, 5720093.200538989156485 ], [ 302581.609606600133702, 5720094.261286420747638 ], [ 302579.954245613072999, 5720074.643210546113551 ], [ 302593.556372926570475, 5720073.449479104019701 ], [ 302589.97361562482547, 5720027.057763019576669 ] ] ] } },
{ "type": "Feature", "properties": { "name": "60ad4527-92fd-e1fa-e053-0100007f5781" }, "geometry": { "type": "Polygon", "coordinates": [ [ [ 302589.972110345319379, 5720027.03267146833241 ], [ 302589.701151417510118, 5720023.775287052616477 ], [ 302582.717879940755665, 5720024.295186685398221 ], [ 302582.756617474602535, 5720025.541128991171718 ], [ 302580.928246090013999, 5720025.674819715321064 ], [ 302580.793832421302795, 5720024.434617165476084 ], [ 302542.069372605648823, 5720027.337851826101542 ], [ 302543.296694993856363, 5720044.438240062445402 ], [ 302536.750813553691842, 5720044.881297049112618 ], [ 302534.619256925652735, 5720020.68351143039763 ], [ 302598.553982544341125, 5720015.880273998714983 ], [ 302599.126006701553706, 5720026.4079754864797 ], [ 302589.972110345319379, 5720027.03267146833241 ] ] ] } },
{ "type": "Feature", "properties": { "name": "60ad4527-92cf-e1fa-e053-0100007f5781" }, "geometry": { "type": "Polygon", "coordinates": [ [ [ 301656.344442515226547, 5720411.521233190782368 ], [ 301658.871112614462618, 5720408.730236114934087 ], [ 301662.272713806945831, 5720411.80969450995326 ], [ 301659.746043713646941, 5720414.600691590458155 ], [ 301656.344442515226547, 5720411.521233190782368 ] ] ] } },
{ "type": "Feature", "properties": { "name": "60ad4527-92d2-e1fa-e053-0100007f5781" }, "geometry": { "type": "Polygon", "coordinates": [ [ [ 300442.209706486319192, 5720897.747746128588915 ], [ 300442.179022969212383, 5720897.356921625323594 ], [ 300442.597298039647285, 5720897.324082959443331 ], [ 300442.62798156007193, 5720897.714907492510974 ], [ 300442.209706486319192, 5720897.747746128588915 ] ] ] } },
{ "type": "Feature", "properties": { "name": "60ad4527-92ad-e1fa-e053-0100007f5781" }, "geometry": { "type": "Polygon", "coordinates": [ [ [ 303583.915711302426644, 5720268.036154499277472 ], [ 303584.660138577630278, 5720263.43646518420428 ], [ 303588.358919926569797, 5720264.035086828283966 ], [ 303587.614492644905113, 5720268.634776166640222 ], [ 303583.915711302426644, 5720268.036154499277472 ] ] ] } },
{ "type": "Feature", "properties": { "name": "60ad4527-92af-e1fa-e053-0100007f5781" }, "geometry": { "type": "Polygon", "coordinates": [ [ [ 303563.726268262777012, 5720255.877713427878916 ], [ 303566.62693004088942, 5720238.461210547015071 ], [ 303570.05702659644885, 5720239.032482706941664 ], [ 303571.230618829838932, 5720231.985868318937719 ], [ 303596.394718566851225, 5720236.176873031072319 ], [ 303595.230267519655172, 5720243.168600428849459 ], [ 303599.687013287213631, 5720243.910857955925167 ], [ 303598.888063161168247, 5720248.708003747276962 ], [ 303602.876048101461492, 5720249.372190587222576 ], [ 303601.584048002958298, 5720257.129762094467878 ], [ 303597.698351236002054, 5720256.482611178420484 ], [ 303596.879790964419954, 5720261.397461507469416 ], [ 303563.726268262777012, 5720255.877713427878916 ] ] ] } },
{ "type": "Feature", "properties": { "name": "60ad4527-8d45-e1fa-e053-0100007f5781" }, "geometry": { "type": "Polygon", "coordinates": [ [ [ 303186.152564975200221, 5721188.813914342783391 ], [ 303187.458815281512216, 5721178.490664503537118 ], [ 303202.542652983567677, 5721180.383216119371355 ], [ 303201.294692152703647, 5721190.683322576805949 ], [ 303186.152564975200221, 5721188.813914342783391 ] ] ] } },
{ "type": "Feature", "properties": { "name": "60ad4527-8d46-e1fa-e053-0100007f5781" }, "geometry": { "type": "Polygon", "coordinates": [ [ [ 303003.510756469506305, 5721388.137423626147211 ], [ 303017.253761099011172, 5721387.074040762148798 ], [ 303018.685965392156504, 5721406.638321035541594 ], [ 303005.009606094157789, 5721407.576650116592646 ], [ 303003.510756469506305, 5721388.137423626147211 ] ] ] } },
{ "type": "Feature", "properties": { "name": "60ad4527-8d3b-e1fa-e053-0100007f5781" }, "geometry": { "type": "Polygon", "coordinates": [ [ [ 303238.496031781833153, 5721259.090899877250195 ], [ 303239.057728571002372, 5721254.351656158454716 ], [ 303233.198542827158235, 5721253.441256816498935 ], [ 303231.905176061554812, 5721253.235972934402525 ], [ 303235.287885639176238, 5721228.564109253697097 ], [ 303236.47059628914576, 5721228.701377294026315 ], [ 303242.768974371370859, 5721229.490356137044728 ], [ 303243.187701053102501, 5721225.818580750375986 ], [ 303246.661703605146613, 5721226.337107571773231 ], [ 303251.528318400727585, 5721227.025593195110559 ], [ 303256.15816228010226, 5721227.593558174557984 ], [ 303260.245850609615445, 5721228.175882089883089 ], [ 303255.929491279181093, 5721261.189699865877628 ], [ 303251.881072255084291, 5721260.760029130615294 ], [ 303247.097862048598472, 5721260.116189180873334 ], [ 303242.323165343375877, 5721259.546111042611301 ], [ 303238.496031781833153, 5721259.090899877250195 ] ] ] } },
{ "type": "Feature", "properties": { "name": "60ad4527-8d3c-e1fa-e053-0100007f5781" }, "geometry": { "type": "Polygon", "coordinates": [ [ [ 303259.45138375723036, 5721250.008351214230061 ], [ 303265.345016829785891, 5721250.850475222803652 ], [ 303264.948540273820981, 5721254.534088208340108 ], [ 303259.014721104409546, 5721253.707718640565872 ], [ 303259.45138375723036, 5721250.008351214230061 ] ] ] } },
{ "type": "Feature", "properties": { "name": "60ad4527-8d39-e1fa-e053-0100007f5781" }, "geometry": { "type": "Polygon", "coordinates": [ [ [ 303278.191317317076027, 5721093.033932484686375 ], [ 303281.908935017883778, 5721093.002614530734718 ], [ 303281.876319977105595, 5721087.042535539716482 ], [ 303281.835180942784064, 5721085.684450563974679 ], [ 303306.938382215448655, 5721085.505908645689487 ], [ 303306.952999181463383, 5721087.071346011944115 ], [ 303307.011102313175797, 5721093.3496766788885 ], [ 303311.791632912878413, 5721093.312812111340463 ], [ 303311.734099262801465, 5721096.824827735312283 ], [ 303311.691075035079848, 5721101.739713383838534 ], [ 303311.736413809703663, 5721106.404044312424958 ], [ 303311.858781955204904, 5721110.376886977814138 ], [ 303278.401538298232481, 5721110.592015461064875 ], [ 303278.2955058561638, 5721106.522240227088332 ], [ 303278.305231211183127, 5721101.695902572013438 ], [ 303278.242953056527767, 5721096.887697164900601 ], [ 303278.191317317076027, 5721093.033932484686375 ] ] ] } },
{ "type": "Feature", "properties": { "name": "60ad4527-8d3a-e1fa-e053-0100007f5781" }, "geometry": { "type": "Polygon", "coordinates": [ [ [ 303311.728119106264785, 5721097.507973995991051 ], [ 303315.67635819548741, 5721097.461513966321945 ], [ 303315.927242919104174, 5721105.383974933996797 ], [ 303311.727901049307548, 5721105.528275290504098 ], [ 303311.691075035079848, 5721101.739713383838534 ], [ 303311.728119106264785, 5721097.507973995991051 ] ] ] } },
{ "type": "Feature", "properties": { "name": "60ad4527-8d34-e1fa-e053-0100007f5781" }, "geometry": { "type": "Polygon", "coordinates": [ [ [ 303336.44251479342347, 5720968.379201957955956 ], [ 303340.085509512922727, 5720969.12099137250334 ], [ 303341.291955082677305, 5720963.284203358925879 ], [ 303341.533888452802785, 5720961.94720842409879 ], [ 303366.126355858985335, 5720966.988352847285569 ], [ 303365.815396826190408, 5720968.522664532065392 ], [ 303364.567758720018901, 5720974.676054740324616 ], [ 303369.251622698968276, 5720975.633264141157269 ], [ 303368.465639440342784, 5720979.056682634167373 ], [ 303367.402369179879315, 5720983.855370831675828 ], [ 303366.477592298586387, 5720988.427331707440317 ], [ 303365.7718369938666, 5720992.338899469934404 ], [ 303333.000036709010601, 5720985.597791207022965 ], [ 303333.741911289514974, 5720981.594800370745361 ], [ 303334.754211420658976, 5720976.875809167511761 ], [ 303335.69231194735039, 5720972.159594017080963 ], [ 303336.44251479342347, 5720968.379201957955956 ] ] ] } },
{ "type": "Feature", "properties": { "name": "60ad4527-8d38-e1fa-e053-0100007f5781" }, "geometry": { "type": "Polygon", "coordinates": [ [ [ 303278.36438176210504, 5721133.001536193303764 ], [ 303269.006795470195357, 5721121.447310553863645 ], [ 303275.717557976429816, 5721116.054475246928632 ], [ 303285.038256973028183, 5721127.691761982627213 ], [ 303278.36438176210504, 5721133.001536193303764 ] ] ] } },
{ "type": "Feature", "properties": { "name": "60ad4527-8d31-e1fa-e053-0100007f5781" }, "geometry": { "type": "Polygon", "coordinates": [ [ [ 303309.543168228119612, 5720887.777782862074673 ], [ 303309.298267644131556, 5720884.81563919596374 ], [ 303317.993766348517966, 5720884.17654341366142 ], [ 303318.216510481201112, 5720887.128855306655169 ], [ 303309.543168228119612, 5720887.777782862074673 ] ] ] } },
{ "type": "Feature", "properties": { "name": "60ad4527-8d33-e1fa-e053-0100007f5781" }, "geometry": { "type": "Polygon", "coordinates": [ [ [ 303341.83132433751598, 5720867.095985861495137 ], [ 303344.071028202073649, 5720868.170412513427436 ], [ 303342.751225511194207, 5720870.963085067458451 ], [ 303340.499264448648319, 5720869.918315075337887 ], [ 303341.83132433751598, 5720867.095985861495137 ] ] ] } },
{ "type": "Feature", "properties": { "name": "60ad4527-8d22-e1fa-e053-0100007f5781" }, "geometry": { "type": "Polygon", "coordinates": [ [ [ 303164.737317441147752, 5721293.880429714918137 ], [ 303168.492810986936092, 5721295.501283992081881 ], [ 303172.855535861046519, 5721297.447860166430473 ], [ 303177.049687333812471, 5721299.305769884027541 ], [ 303179.665120334422681, 5721300.434579116292298 ], [ 303178.123757743043825, 5721303.858430619351566 ], [ 303184.900728483800776, 5721306.846984528936446 ], [ 303185.904829309845809, 5721307.248528218828142 ], [ 303175.938978237274569, 5721330.154919926077127 ], [ 303174.635849112411961, 5721329.672049612738192 ], [ 303168.330150001565926, 5721326.918716205283999 ], [ 303166.600860209786333, 5721331.072914161719382 ], [ 303163.891255949332844, 5721330.014837206341326 ], [ 303159.434359786799178, 5721328.138993319123983 ], [ 303155.138697284739465, 5721326.221360982395709 ], [ 303151.41031262872275, 5721324.500830594450235 ], [ 303164.737317441147752, 5721293.880429714918137 ] ] ] } },
{ "type": "Feature", "properties": { "name": "60ad4527-8d23-e1fa-e053-0100007f5781" }, "geometry": { "type": "Polygon", "coordinates": [ [ [ 303146.595154686423484, 5721313.831662048585713 ], [ 303148.042234345339239, 5721310.393484821543097 ], [ 303152.32427146442933, 5721312.260004131123424 ], [ 303150.811462852172554, 5721315.651401874609292 ], [ 303146.595154686423484, 5721313.831662048585713 ] ] ] } },
{ "type": "Feature", "properties": { "name": "60ad4527-8d20-e1fa-e053-0100007f5781" }, "geometry": { "type": "Polygon", "coordinates": [ [ [ 303123.675879976944998, 5721390.93557633087039 ], [ 303122.057002734043635, 5721388.679273379966617 ], [ 303126.744684600154869, 5721385.081415973603725 ], [ 303128.446062109898776, 5721387.314054138958454 ], [ 303123.675879976944998, 5721390.93557633087039 ] ] ] } },
{ "type": "Feature", "properties": { "name": "60ad4527-8d21-e1fa-e053-0100007f5781" }, "geometry": { "type": "Polygon", "coordinates": [ [ [ 303144.393265413120389, 5721284.415404861792922 ], [ 303158.79113139770925, 5721280.736527483910322 ], [ 303160.90572695620358, 5721288.96318294480443 ], [ 303146.450088066281751, 5721292.645310790278018 ], [ 303144.393265413120389, 5721284.415404861792922 ] ] ] } },
{ "type": "Feature", "properties": { "name": "60ad4527-8d1e-e1fa-e053-0100007f5781" }, "geometry": { "type": "Polygon", "coordinates": [ [ [ 303097.965784453670494, 5721396.194555384106934 ], [ 303097.276182049477939, 5721390.756764341145754 ], [ 303102.200196574092843, 5721390.145849781110883 ], [ 303102.961883923853748, 5721395.543424777686596 ], [ 303097.965784453670494, 5721396.194555384106934 ] ] ] } },
{ "type": "Feature", "properties": { "name": "18b23b35-9375-461a-a467-4f0a9f717ef4" }, "geometry": { "type": "Polygon", "coordinates": [ [ [ 302383.295392021071166, 5720915.125362916849554 ], [ 302383.791063089331146, 5720921.724853043444455 ], [ 302465.757725440431386, 5720915.567843819968402 ], [ 302465.261512733239215, 5720908.969487177208066 ], [ 302383.295392021071166, 5720915.125362916849554 ] ] ] } },
{ "type": "Feature", "properties": { "name": "0ba5ed67-2adf-4b4b-9adb-6460205d3d73" }, "geometry": { "type": "Polygon", "coordinates": [ [ [ 302469.527735972078517, 5720913.419594819657505 ], [ 302473.349618679028936, 5720913.132266076281667 ], [ 302473.120870816404931, 5720910.080093112774193 ], [ 302469.298293453466613, 5720910.367449007928371 ], [ 302469.527735972078517, 5720913.419594819657505 ] ] ] } },
{ "type": "Feature", "properties": { "name": "60ad4527-8e46-e1fa-e053-0100007f5781" }, "geometry": { "type": "Polygon", "coordinates": [ [ [ 302748.510022250236943, 5720273.489519781433046 ], [ 302758.457852695486508, 5720283.53544176183641 ], [ 302758.182022363354918, 5720283.788944859988987 ], [ 302748.29374180699233, 5720273.758518096990883 ], [ 302748.510022250236943, 5720273.489519781433046 ] ] ] } },
{ "type": "Feature", "properties": { "name": "60ad4527-9007-e1fa-e053-0100007f5781" }, "geometry": { "type": "Polygon", "coordinates": [ [ [ 302464.813150204077829, 5719800.240898871794343 ], [ 302466.105704496614635, 5719801.86964528914541 ], [ 302470.692201991798356, 5719798.353341800160706 ], [ 302476.833612811169587, 5719805.460681593045592 ], [ 302472.218611598829739, 5719809.117283913306892 ], [ 302474.319447697722353, 5719811.65986739564687 ], [ 302454.33028924674727, 5719828.348146416246891 ], [ 302453.596066825906746, 5719827.537208231166005 ], [ 302452.254911449272186, 5719825.924838462844491 ], [ 302447.781322040536907, 5719829.756336716935039 ], [ 302441.714749369071797, 5719822.470170950517058 ], [ 302445.843011465156451, 5719818.33813398424536 ], [ 302444.794816784793511, 5719817.070658217184246 ], [ 302449.97313287074212, 5719812.619244914501905 ], [ 302464.813150204077829, 5719800.240898871794343 ] ] ] } },
{ "type": "Feature", "properties": { "name": "fcd65d7c-64af-413f-8592-cbdbf9443fc7" }, "geometry": { "type": "Polygon", "coordinates": [ [ [ 301888.252744781144429, 5720952.307133993133903 ], [ 301888.748371461522765, 5720958.906618653796613 ], [ 301960.493522374192253, 5720953.518105146475136 ], [ 301959.997989600640722, 5720946.918615772388875 ], [ 301888.252744781144429, 5720952.307133993133903 ] ] ] } },
{ "type": "Feature", "properties": { "name": "e2ef5dfb-4b47-4169-b670-e9eb40c41fad" }, "geometry": { "type": "Polygon", "coordinates": [ [ [ 302934.427335428772494, 5720873.731209204532206 ], [ 302934.922977491165511, 5720880.330708602443337 ], [ 303129.953178225550801, 5720865.682000389322639 ], [ 303129.457142351195216, 5720859.083626931533217 ], [ 302934.427335428772494, 5720873.731209204532206 ] ] ] } },
{ "type": "Feature", "properties": { "name": "ee26bd4f-82ef-45cc-8152-ca859552c0eb" }, "geometry": { "type": "Polygon", "coordinates": [ [ [ 302218.242689894512296, 5720927.522796986624599 ], [ 302218.737841180409305, 5720934.121191484853625 ], [ 302300.746591135393828, 5720927.962072391994298 ], [ 302300.250854829500895, 5720921.363699567504227 ], [ 302218.242689894512296, 5720927.522796986624599 ] ] ] } },
{ "type": "Feature", "properties": { "name": "c8fa75e2-7539-4c48-8c67-e5f20b7f05fd" }, "geometry": { "type": "Polygon", "coordinates": [ [ [ 301970.958924940205179, 5720946.095280160196126 ], [ 301971.454443367081694, 5720952.694770255126059 ], [ 302053.375872065662406, 5720946.541714521124959 ], [ 302052.880460865038913, 5720939.942219044081867 ], [ 301970.958924940205179, 5720946.095280160196126 ] ] ] } },
{ "type": "Feature", "properties": { "name": "cd8ef68a-788b-49bd-9804-b5d3f49d0019" }, "geometry": { "type": "Polygon", "coordinates": [ [ [ 301808.689014614676125, 5720261.69908176548779 ], [ 301808.225681113195606, 5720264.104666846804321 ], [ 301806.641829997184686, 5720266.426090534776449 ], [ 301804.083116783818696, 5720267.902666269801557 ], [ 301801.281343500944786, 5720268.113759620115161 ], [ 301798.966229757643305, 5720267.311395758762956 ], [ 301797.114198588184081, 5720265.708070646040142 ], [ 301795.895687441690825, 5720263.1757304482162 ], [ 301795.895763980282936, 5720260.221499759703875 ], [ 301797.114210421685129, 5720257.689452292397618 ], [ 301798.966085797525011, 5720256.084668486379087 ], [ 301801.28080159239471, 5720255.283547478727996 ], [ 301804.0831638550153, 5720255.49446398857981 ], [ 301806.641756974393502, 5720256.971007104963064 ], [ 301808.225819805287756, 5720259.293045932427049 ], [ 301808.689014614676125, 5720261.69908176548779 ] ] ] } },
{ "type": "Feature", "properties": { "name": "c1b403ff-a423-40d0-99b6-a52d4aba1c68" }, "geometry": { "type": "Polygon", "coordinates": [ [ [ 301534.159943721606396, 5720337.337329689413309 ], [ 301785.271705126040615, 5720293.223320792429149 ], [ 301771.464531874167733, 5720214.625935287214816 ], [ 301520.352307981462218, 5720258.739284994080663 ], [ 301534.159943721606396, 5720337.337329689413309 ] ] ] } },
{ "type": "Feature", "properties": { "name": "c427536c-3309-4f7a-8693-d95a313f76a1" }, "geometry": { "type": "Polygon", "coordinates": [ [ [ 302135.865408946818206, 5720933.709920635446906 ], [ 302136.361360376002267, 5720940.308282640762627 ], [ 302218.345849567675032, 5720934.15099505148828 ], [ 302217.850005427841097, 5720927.552627649158239 ], [ 302135.865408946818206, 5720933.709920635446906 ] ] ] } },
{ "type": "Feature", "properties": { "name": "b9a0faed-67ef-4956-901c-d6cf51d8fb0b" }, "geometry": { "type": "Polygon", "coordinates": [ [ [ 301801.494707738922443, 5720277.773174588568509 ], [ 301809.677488507761154, 5720276.310119126923382 ], [ 301808.418215353856795, 5720269.267300518229604 ], [ 301800.235423259495292, 5720270.730357731692493 ], [ 301801.494707738922443, 5720277.773174588568509 ] ] ] } },
{ "type": "Feature", "properties": { "name": "bacd4ee6-2006-4e0b-bbaa-66c59c5c6f79" }, "geometry": { "type": "Polygon", "coordinates": [ [ [ 303323.477266361645889, 5720851.147302935831249 ], [ 303322.981440500821918, 5720844.547804869711399 ], [ 303179.075046563171782, 5720855.356583759188652 ], [ 303179.570325160981156, 5720861.954987430013716 ], [ 303323.477266361645889, 5720851.147302935831249 ] ] ] } },
{ "type": "Feature", "properties": { "name": "b5b91e63-a9c2-4703-9f25-445b950c2973" }, "geometry": { "type": "Polygon", "coordinates": [ [ [ 302836.902205383288674, 5720881.056009983643889 ], [ 302837.397975090076216, 5720887.655502957291901 ], [ 302888.613450131611899, 5720883.808753744699061 ], [ 302888.117747457697988, 5720877.209257395938039 ], [ 302836.902205383288674, 5720881.056009983643889 ] ] ] } },
{ "type": "Feature", "properties": { "name": "b738103c-a3bc-40a0-a68e-0f7d193bc0a9" }, "geometry": { "type": "Polygon", "coordinates": [ [ [ 302053.380326341837645, 5720939.9048403929919 ], [ 302053.875736888148822, 5720946.50433590169996 ], [ 302135.947257953928784, 5720940.340071107260883 ], [ 302135.451954829855822, 5720933.740570206195116 ], [ 302053.380326341837645, 5720939.9048403929919 ] ] ] } },
{ "type": "Feature", "properties": { "name": "ac0dc949-c484-48d7-81c0-932fef546cd4" }, "geometry": { "type": "Polygon", "coordinates": [ [ [ 302558.72310768783791, 5720901.949757382273674 ], [ 302559.218549145502038, 5720908.549259048886597 ], [ 302641.273168874438852, 5720902.38611136097461 ], [ 302640.777142470818944, 5720895.786631310358644 ], [ 302558.72310768783791, 5720901.949757382273674 ] ] ] } },
{ "type": "Feature", "properties": { "name": "b525d0b7-cef0-4280-bc79-3495b970e4fd" }, "geometry": { "type": "Polygon", "coordinates": [ [ [ 301642.943282823718619, 5720237.203717910684645 ], [ 301684.487114450370427, 5720229.922743421979249 ], [ 301681.174768737400882, 5720211.023233283311129 ], [ 301639.63082629989367, 5720218.305342950858176 ], [ 301642.943282823718619, 5720237.203717910684645 ] ] ] } },
{ "type": "Feature", "properties": { "name": "a66555c1-977b-460f-836f-cc47fe65d02e" }, "geometry": { "type": "Polygon", "coordinates": [ [ [ 301813.080962285050191, 5720285.546134817413986 ], [ 301812.617630072927568, 5720287.951719569042325 ], [ 301811.033785602077842, 5720290.273142085410655 ], [ 301808.475127542100381, 5720291.750827741809189 ], [ 301805.672675062611233, 5720291.96194611210376 ], [ 301803.358265053364448, 5720291.159553374163806 ], [ 301801.506243291893043, 5720289.556226855143905 ], [ 301800.287738895451184, 5720287.02388571947813 ], [ 301800.287816553725861, 5720284.069655008614063 ], [ 301801.506214608205482, 5720281.536496600136161 ], [ 301803.358125350496266, 5720279.932826010510325 ], [ 301805.672830450697802, 5720279.131706737913191 ], [ 301808.475179317640141, 5720279.342625359073281 ], [ 301811.033759719925001, 5720280.819170413538814 ], [ 301812.617814143653959, 5720283.141210451722145 ], [ 301813.080962285050191, 5720285.546134817413986 ] ] ] } },
{ "type": "Feature", "properties": { "name": "a80d61ba-e3a8-4357-a8b8-3354fffaf5d5" }, "geometry": { "type": "Polygon", "coordinates": [ [ [ 302300.803253456833772, 5720921.32206516712904 ], [ 302301.29898903996218, 5720927.920438029803336 ], [ 302383.168132480583154, 5720921.771461059339345 ], [ 302382.672504035639577, 5720915.173082812689245 ], [ 302300.803253456833772, 5720921.32206516712904 ] ] ] } },
{ "type": "Feature", "properties": { "name": "9d9dcad4-95ad-46b1-99d1-31fe711b959c" }, "geometry": { "type": "Polygon", "coordinates": [ [ [ 302641.310202088672668, 5720895.746902436949313 ], [ 302641.805492070154287, 5720902.345297697000206 ], [ 302723.733010407479014, 5720896.192909652367234 ], [ 302723.23778427549405, 5720889.593397165648639 ], [ 302641.310202088672668, 5720895.746902436949313 ] ] ] } },
{ "type": "Feature", "properties": { "name": "a10945a9-4165-4d66-9c33-74c3445569cf" }, "geometry": { "type": "Polygon", "coordinates": [ [ [ 301723.336313805077225, 5720964.694327101111412 ], [ 301723.832112760283053, 5720971.292689087800682 ], [ 301805.821822548517957, 5720965.135148503817618 ], [ 301805.326087325694971, 5720958.535669292323291 ], [ 301723.336313805077225, 5720964.694327101111412 ] ] ] } },
{ "type": "Feature", "properties": { "name": "587e00f1-cf6b-4434-9e97-beb739d95d3d" }, "geometry": { "type": "Polygon", "coordinates": [ [ [ 302723.750117673771456, 5720889.555598920211196 ], [ 302724.245992115349509, 5720896.153972598724067 ], [ 302827.164284036494792, 5720888.424103442579508 ], [ 302826.668500935367774, 5720881.824611144140363 ], [ 302723.750117673771456, 5720889.555598920211196 ] ] ] } },
{ "type": "Feature", "properties": { "name": "8d638c9d-e179-4aba-9bd8-40f2073f3508" }, "geometry": { "type": "Polygon", "coordinates": [ [ [ 301475.990770537755452, 5720983.271315789781511 ], [ 301476.486244494677521, 5720989.870800526812673 ], [ 301558.499233941547573, 5720983.710538390092552 ], [ 301558.003910953528248, 5720977.112160108052194 ], [ 301475.990770537755452, 5720983.271315789781511 ] ] ] } },
{ "type": "Feature", "properties": { "name": "996ab7ce-a6e2-4774-a845-aa3f3090ae5d" }, "geometry": { "type": "Polygon", "coordinates": [ [ [ 301640.858475923945662, 5720970.889052269980311 ], [ 301641.353690480580553, 5720977.487435985356569 ], [ 301723.391012194566429, 5720971.325569878332317 ], [ 301722.895212661940604, 5720964.727207920514047 ], [ 301640.858475923945662, 5720970.889052269980311 ] ] ] } },
{ "type": "Feature", "properties": { "name": "35b5b5d6-db4c-47b2-9dd3-43f008570f7d" }, "geometry": { "type": "Polygon", "coordinates": [ [ [ 302476.205234404304065, 5720908.147925735451281 ], [ 302476.700740448432043, 5720914.746310134418309 ], [ 302558.730406430317089, 5720908.585016309283674 ], [ 302558.23500773368869, 5720901.986626513302326 ], [ 302476.205234404304065, 5720908.147925735451281 ] ] ] } },
{ "type": "Feature", "properties": { "name": "85125d29-28ad-4bf4-a485-3b62a09dc851" }, "geometry": { "type": "Polygon", "coordinates": [ [ [ 301805.763035058567766, 5720958.502958454191685 ], [ 301806.258726143627428, 5720965.101325855590403 ], [ 301888.232584280020092, 5720958.94463733304292 ], [ 301887.737000472319778, 5720952.346264542080462 ], [ 301805.763035058567766, 5720958.502958454191685 ] ] ] } },
{ "type": "Feature", "properties": { "name": "44321dd2-d230-4fce-84a1-e3dabc9fb19c" }, "geometry": { "type": "Polygon", "coordinates": [ [ [ 301520.352307981462218, 5720258.739284994080663 ], [ 301609.95041916082846, 5720242.999429262243211 ], [ 301597.871750146034174, 5720174.242886199615896 ], [ 301508.273812466242816, 5720189.982871250249445 ], [ 301520.352307981462218, 5720258.739284994080663 ] ] ] } },
{ "type": "Feature", "properties": { "name": "8ce23832-d620-4196-a7ba-fd2406a2200c" }, "geometry": { "type": "Polygon", "coordinates": [ [ [ 301627.723310754401609, 5720220.39131026994437 ], [ 301687.079641833726782, 5720209.988907603546977 ], [ 301683.668212594231591, 5720190.525372927077115 ], [ 301624.311697922530584, 5720200.928921777755022 ], [ 301627.723310754401609, 5720220.39131026994437 ] ] ] } },
{ "type": "Feature", "properties": { "name": "1344319a-a8a0-40dc-b870-6d6701cc3d4f" }, "geometry": { "type": "Polygon", "coordinates": [ [ [ 301558.424240769585595, 5720977.080079732462764 ], [ 301558.920255542849191, 5720983.678430879488587 ], [ 301640.933360613766126, 5720977.519509463571012 ], [ 301640.43740956770489, 5720970.920041088946164 ], [ 301558.424240769585595, 5720977.080079732462764 ] ] ] } },
{ "type": "Feature", "properties": { "name": "60ad4527-8d01-e1fa-e053-0100007f5781" }, "geometry": { "type": "Polygon", "coordinates": [ [ [ 303028.714042995416094, 5720925.941049107350409 ], [ 303027.659037107834592, 5720925.468797065317631 ], [ 303026.749826656596269, 5720927.476259171962738 ], [ 303044.517296881007496, 5720935.118020974099636 ], [ 303045.457579651032574, 5720933.035859729163349 ], [ 303028.77020612184424, 5720925.816374094225466 ], [ 303028.714042995416094, 5720925.941049107350409 ] ] ] } },
{ "type": "Feature", "properties": { "name": "60ad4527-8d06-e1fa-e053-0100007f5781" }, "geometry": { "type": "Polygon", "coordinates": [ [ [ 303004.448523578699678, 5720951.105258162133396 ], [ 303001.840838937554508, 5720948.046629818156362 ], [ 303007.740264522144571, 5720942.814904007129371 ], [ 303010.297149879857898, 5720945.957914693281054 ], [ 303007.520649086451158, 5720948.534736985340714 ], [ 303004.448523578699678, 5720951.105258162133396 ] ] ] } },
{ "type": "Feature", "properties": { "name": "60ad4527-8d0e-e1fa-e053-0100007f5781" }, "geometry": { "type": "Polygon", "coordinates": [ [ [ 302993.353576571098529, 5721082.516034250147641 ], [ 303026.70453773450572, 5721080.023404669947922 ], [ 303026.323958542314358, 5721076.001690533012152 ], [ 303025.9759880604106, 5721071.357358438894153 ], [ 303025.652896148036234, 5721066.657494680024683 ], [ 303025.429815395909827, 5721062.496023756451905 ], [ 302992.052084877388552, 5721065.016421724110842 ], [ 302992.325685615069233, 5721069.067912977188826 ], [ 302992.705970819224603, 5721073.846836372278631 ], [ 302993.055401664343663, 5721078.545674086548388 ], [ 302993.353576571098529, 5721082.516034250147641 ] ] ] } },
{ "type": "Feature", "properties": { "name": "60ad4527-8d35-e1fa-e053-0100007f5781" }, "geometry": { "type": "Polygon", "coordinates": [ [ [ 303366.66279364406364, 5720987.512756297364831 ], [ 303367.402571120648645, 5720983.855028614401817 ], [ 303368.325665750307962, 5720979.686862672679126 ], [ 303372.143732371390797, 5720980.60519012901932 ], [ 303370.686002615839243, 5720988.375225839205086 ], [ 303366.66279364406364, 5720987.512756297364831 ] ] ] } },
{ "type": "Feature", "properties": { "name": "60ad4527-8fee-e1fa-e053-0100007f5781" }, "geometry": { "type": "Polygon", "coordinates": [ [ [ 302598.617416336899623, 5720139.655661352910101 ], [ 302598.894844609312713, 5720143.122393808327615 ], [ 302551.221480235341005, 5720146.783256743103266 ], [ 302549.885226814134512, 5720129.727107712998986 ], [ 302543.256296737585217, 5720130.12500555999577 ], [ 302544.952212235075422, 5720154.334920498542488 ], [ 302608.482092880527489, 5720149.653344022110105 ], [ 302607.791449507931247, 5720138.954761603847146 ], [ 302598.617416336899623, 5720139.655661352910101 ] ] ] } }
]
}
